annee;mode;zone;type_voie;categorie_accident;accidents;accidents_sans_usager_du_mode_documente;accidents_avec_indemnes;part_avec_indemnes_pct;personnes_indemnes;accidents_avec_blesses_legers;part_avec_blesses_legers_pct;personnes_blesses_legers;accidents_avec_hospitalises;part_avec_hospitalises_pct;personnes_hospitalises;accidents_avec_tues;part_avec_tues_pct;personnes_tues;accidents_avec_gravite_inconnue;part_avec_gravite_inconnue_pct;personnes_gravite_inconnue
2019;CYCLO;Hors agglomération;Non apparié;Autre véhicule motorisé seulement;5;0;0;0.0;0;1;20.0;1;3;60.0;4;1;20.0;1;0;0.0;0
2019;CYCLO;Hors agglomération;cycleway;Autre véhicule motorisé seulement;6;0;0;0.0;0;2;33.33;2;2;33.33;3;2;33.33;2;0;0.0;0
2019;CYCLO;Hors agglomération;cycleway;Solo (sans piéton);1;0;0;0.0;0;0;0.0;0;1;100.0;1;0;0.0;0;0;0.0;0
2019;CYCLO;Hors agglomération;living_street;Autre véhicule du même catv seulement;1;0;1;100.0;1;0;0.0;0;1;100.0;1;0;0.0;0;0;0.0;0
2019;CYCLO;Hors agglomération;motorway;Autre véhicule du même catv seulement;1;0;1;100.0;1;1;100.0;1;0;0.0;0;0;0.0;0;0;0.0;0
2019;CYCLO;Hors agglomération;motorway;Autre véhicule motorisé seulement;6;0;0;0.0;0;3;50.0;3;3;50.0;3;0;0.0;0;0;0.0;0
2019;CYCLO;Hors agglomération;motorway;Solo (sans piéton);6;0;0;0.0;0;3;50.0;3;2;33.33;2;1;16.67;1;0;0.0;0
2019;CYCLO;Hors agglomération;primary;Autre véhicule motorisé seulement;132;0;3;2.27;3;54;40.91;62;66;50.0;72;18;13.64;19;0;0.0;0
2019;CYCLO;Hors agglomération;primary;Autre véhicule non motorisé seulement;1;0;1;100.0;1;0;0.0;0;0;0.0;0;0;0.0;0;0;0.0;0
2019;CYCLO;Hors agglomération;primary;Combinaison de tiers;1;0;1;100.0;2;0;0.0;0;0;0.0;0;1;100.0;1;0;0.0;0
2019;CYCLO;Hors agglomération;primary;Piéton seul;3;0;2;66.67;3;1;33.33;1;0;0.0;0;0;0.0;0;0;0.0;0
2019;CYCLO;Hors agglomération;primary;Solo (sans piéton);44;0;2;4.55;2;12;27.27;12;28;63.64;30;5;11.36;5;0;0.0;0
2019;CYCLO;Hors agglomération;primary;Véhicule indéterminé seulement;1;0;0;0.0;0;0;0.0;0;1;100.0;1;0;0.0;0;0;0.0;0
2019;CYCLO;Hors agglomération;residential;Autre véhicule du même catv seulement;2;0;1;50.0;1;1;50.0;1;2;100.0;2;0;0.0;0;0;0.0;0
2019;CYCLO;Hors agglomération;residential;Autre véhicule motorisé seulement;39;0;2;5.13;2;22;56.41;22;19;48.72;20;0;0.0;0;0;0.0;0
2019;CYCLO;Hors agglomération;residential;Piéton seul;1;0;0;0.0;0;0;0.0;0;1;100.0;1;0;0.0;0;0;0.0;0
2019;CYCLO;Hors agglomération;residential;Solo (sans piéton);16;0;2;12.5;2;2;12.5;2;14;87.5;14;0;0.0;0;0;0.0;0
2019;CYCLO;Hors agglomération;secondary;Autre véhicule du même catv seulement;3;0;1;33.33;1;1;33.33;2;3;100.0;3;1;33.33;1;0;0.0;0
2019;CYCLO;Hors agglomération;secondary;Autre véhicule motorisé seulement;122;0;5;4.1;5;48;39.34;58;69;56.56;76;9;7.38;9;0;0.0;0
2019;CYCLO;Hors agglomération;secondary;Autre véhicule non motorisé seulement;2;0;2;100.0;2;0;0.0;0;0;0.0;0;0;0.0;0;0;0.0;0
2019;CYCLO;Hors agglomération;secondary;Combinaison de tiers;1;0;0;0.0;0;0;0.0;0;1;100.0;2;0;0.0;0;0;0.0;0
2019;CYCLO;Hors agglomération;secondary;Piéton seul;1;0;1;100.0;1;0;0.0;0;0;0.0;0;0;0.0;0;0;0.0;0
2019;CYCLO;Hors agglomération;secondary;Solo (sans piéton);62;0;4;6.45;4;25;40.32;25;37;59.68;37;2;3.23;2;0;0.0;0
2019;CYCLO;Hors agglomération;service;Autre véhicule motorisé seulement;8;0;0;0.0;0;3;37.5;3;5;62.5;5;0;0.0;0;0;0.0;0
2019;CYCLO;Hors agglomération;service;Combinaison de tiers;1;0;0;0.0;0;0;0.0;0;1;100.0;1;0;0.0;0;0;0.0;0
2019;CYCLO;Hors agglomération;service;Solo (sans piéton);1;0;0;0.0;0;0;0.0;0;1;100.0;1;0;0.0;0;0;0.0;0
2019;CYCLO;Hors agglomération;tertiary;Autre véhicule du même catv seulement;3;0;1;33.33;1;1;33.33;2;3;100.0;4;0;0.0;0;0;0.0;0
2019;CYCLO;Hors agglomération;tertiary;Autre véhicule motorisé seulement;119;0;4;3.36;4;40;33.61;40;73;61.34;74;7;5.88;7;0;0.0;0
2019;CYCLO;Hors agglomération;tertiary;Autre véhicule non motorisé seulement;4;0;4;100.0;4;0;0.0;0;0;0.0;0;0;0.0;0;0;0.0;0
2019;CYCLO;Hors agglomération;tertiary;Piéton seul;1;0;0;0.0;0;0;0.0;0;1;100.0;1;0;0.0;0;0;0.0;0
2019;CYCLO;Hors agglomération;tertiary;Solo (sans piéton);83;0;5;6.02;5;26;31.33;26;57;68.67;58;2;2.41;2;0;0.0;0
2019;CYCLO;Hors agglomération;track;Autre véhicule motorisé seulement;7;0;0;0.0;0;1;14.29;1;5;71.43;5;1;14.29;1;0;0.0;0
2019;CYCLO;Hors agglomération;track;Solo (sans piéton);6;0;0;0.0;0;4;66.67;5;3;50.0;3;0;0.0;0;0;0.0;0
2019;CYCLO;Hors agglomération;trunk;Autre véhicule motorisé seulement;18;0;1;5.56;1;6;33.33;6;10;55.56;10;3;16.67;4;0;0.0;0
2019;CYCLO;Hors agglomération;trunk;Combinaison de tiers;1;1;0;0.0;0;0;0.0;0;0;0.0;0;0;0.0;0;0;0.0;0
2019;CYCLO;Hors agglomération;trunk;Solo (sans piéton);3;0;0;0.0;0;1;33.33;1;2;66.67;2;0;0.0;0;0;0.0;0
2019;CYCLO;Hors agglomération;unclassified;Autre véhicule du même catv seulement;2;0;1;50.0;1;1;50.0;1;2;100.0;2;0;0.0;0;0;0.0;0
2019;CYCLO;Hors agglomération;unclassified;Autre véhicule motorisé seulement;74;0;3;4.05;3;25;33.78;27;46;62.16;47;3;4.05;4;0;0.0;0
2019;CYCLO;Hors agglomération;unclassified;Solo (sans piéton);43;0;1;2.33;1;14;32.56;15;28;65.12;30;4;9.3;4;0;0.0;0
2019;EDPM;En agglomération;cycleway;Autre véhicule motorisé seulement;12;0;0;0.0;0;10;83.33;10;2;16.67;2;0;0.0;0;0;0.0;0
2019;EDPM;En agglomération;cycleway;Autre véhicule non motorisé seulement;2;0;2;100.0;2;0;0.0;0;0;0.0;0;0;0.0;0;0;0.0;0
2019;EDPM;En agglomération;cycleway;Piéton seul;3;0;3;100.0;3;0;0.0;0;0;0.0;0;0;0.0;0;0;0.0;0
2019;EDPM;En agglomération;cycleway;Solo (sans piéton);4;0;0;0.0;0;1;25.0;1;3;75.0;3;0;0.0;0;0;0.0;0
2019;EDPM;En agglomération;living_street;Autre véhicule motorisé seulement;6;0;1;16.67;1;5;83.33;5;1;16.67;1;0;0.0;0;0;0.0;0
2019;EDPM;En agglomération;living_street;Autre véhicule non motorisé seulement;1;0;0;0.0;0;0;0.0;0;1;100.0;1;0;0.0;0;0;0.0;0
2019;EDPM;En agglomération;living_street;Solo (sans piéton);1;0;0;0.0;0;1;100.0;1;0;0.0;0;0;0.0;0;0;0.0;0
2019;EDPM;En agglomération;primary;Autre véhicule motorisé seulement;78;0;4;5.13;4;65;83.33;65;9;11.54;9;0;0.0;0;0;0.0;0
2019;EDPM;En agglomération;primary;Autre véhicule non motorisé seulement;6;0;0;0.0;0;5;83.33;5;1;16.67;1;0;0.0;0;0;0.0;0
2019;EDPM;En agglomération;primary;Combinaison de tiers;5;2;1;20.0;1;2;40.0;3;0;0.0;0;0;0.0;0;0;0.0;0
2019;EDPM;En agglomération;primary;Piéton seul;18;5;12;66.67;13;1;5.56;1;0;0.0;0;0;0.0;0;0;0.0;0
2019;EDPM;En agglomération;primary;Solo (sans piéton);21;0;0;0.0;0;18;85.71;19;2;9.52;2;1;4.76;1;0;0.0;0
2019;EDPM;En agglomération;residential;Autre véhicule du même catv seulement;1;0;1;100.0;1;1;100.0;1;0;0.0;0;0;0.0;0;0;0.0;0
2019;EDPM;En agglomération;residential;Autre véhicule motorisé seulement;125;2;4;3.2;4;108;86.4;116;12;9.6;12;1;0.8;1;0;0.0;0
2019;EDPM;En agglomération;residential;Autre véhicule non motorisé seulement;4;0;1;25.0;1;1;25.0;1;2;50.0;2;0;0.0;0;0;0.0;0
2019;EDPM;En agglomération;residential;Combinaison de tiers;5;5;0;0.0;0;0;0.0;0;0;0.0;0;0;0.0;0;0;0.0;0
2019;EDPM;En agglomération;residential;Piéton seul;20;1;17;85.0;18;2;10.0;2;0;0.0;0;0;0.0;0;0;0.0;0
2019;EDPM;En agglomération;residential;Solo (sans piéton);33;0;1;3.03;1;22;66.67;23;8;24.24;8;3;9.09;3;0;0.0;0
2019;EDPM;En agglomération;residential;Véhicule indéterminé seulement;1;0;0;0.0;0;1;100.0;1;0;0.0;0;0;0.0;0;0;0.0;0
2019;EDPM;En agglomération;secondary;Autre véhicule motorisé seulement;94;0;8;8.51;8;77;81.91;82;13;13.83;14;1;1.06;1;0;0.0;0
2019;EDPM;En agglomération;secondary;Autre véhicule non motorisé seulement;3;0;1;33.33;1;2;66.67;2;0;0.0;0;0;0.0;0;0;0.0;0
2019;EDPM;En agglomération;secondary;Piéton seul;11;0;10;90.91;10;1;9.09;1;0;0.0;0;0;0.0;0;0;0.0;0
2019;EDPM;En agglomération;secondary;Solo (sans piéton);16;0;0;0.0;0;14;87.5;14;2;12.5;2;0;0.0;0;0;0.0;0
2019;EDPM;En agglomération;secondary;Véhicule indéterminé seulement;1;0;0;0.0;0;1;100.0;1;0;0.0;0;0;0.0;0;0;0.0;0
2019;EDPM;En agglomération;service;Autre véhicule motorisé seulement;16;0;0;0.0;0;13;81.25;13;3;18.75;3;0;0.0;0;0;0.0;0
2019;EDPM;En agglomération;service;Autre véhicule non motorisé seulement;2;0;1;50.0;1;1;50.0;1;0;0.0;0;0;0.0;0;0;0.0;0
2019;EDPM;En agglomération;service;Piéton seul;3;1;1;33.33;1;1;33.33;1;0;0.0;0;0;0.0;0;0;0.0;0
2019;EDPM;En agglomération;service;Solo (sans piéton);6;0;0;0.0;0;5;83.33;5;1;16.67;1;0;0.0;0;0;0.0;0
2019;EDPM;En agglomération;service;Véhicule indéterminé seulement;1;0;0;0.0;0;1;100.0;1;0;0.0;0;0;0.0;0;0;0.0;0
2019;EDPM;En agglomération;tertiary;Autre véhicule du même catv seulement;1;0;1;100.0;1;1;100.0;1;0;0.0;0;0;0.0;0;0;0.0;0
2019;EDPM;En agglomération;tertiary;Autre véhicule motorisé seulement;63;0;4;6.35;4;52;82.54;53;9;14.29;9;2;3.17;2;0;0.0;0
2019;EDPM;En agglomération;tertiary;Autre véhicule non motorisé seulement;3;0;1;33.33;1;2;66.67;2;0;0.0;0;0;0.0;0;0;0.0;0
2019;EDPM;En agglomération;tertiary;Combinaison de tiers;1;1;0;0.0;0;0;0.0;0;0;0.0;0;0;0.0;0;0;0.0;0
2019;EDPM;En agglomération;tertiary;Piéton seul;9;1;6;66.67;6;2;22.22;2;0;0.0;0;0;0.0;0;0;0.0;0
2019;EDPM;En agglomération;tertiary;Solo (sans piéton);10;0;1;10.0;1;5;50.0;5;5;50.0;6;0;0.0;0;0;0.0;0
2019;EDPM;En agglomération;tertiary;Véhicule indéterminé seulement;1;0;0;0.0;0;1;100.0;1;0;0.0;0;0;0.0;0;0;0.0;0
2019;EDPM;En agglomération;trunk;Combinaison de tiers;1;1;0;0.0;0;0;0.0;0;0;0.0;0;0;0.0;0;0;0.0;0
2019;EDPM;En agglomération;unclassified;Autre véhicule du même catv seulement;1;0;1;100.0;1;1;100.0;1;0;0.0;0;0;0.0;0;0;0.0;0
2019;EDPM;En agglomération;unclassified;Autre véhicule motorisé seulement;23;0;0;0.0;0;18;78.26;19;4;17.39;4;1;4.35;1;0;0.0;0
2019;EDPM;En agglomération;unclassified;Autre véhicule non motorisé seulement;1;0;1;100.0;1;0;0.0;0;0;0.0;0;0;0.0;0;0;0.0;0
2019;EDPM;En agglomération;unclassified;Piéton seul;2;0;2;100.0;2;0;0.0;0;0;0.0;0;0;0.0;0;0;0.0;0
2019;EDPM;En agglomération;unclassified;Solo (sans piéton);8;0;1;12.5;1;7;87.5;7;2;25.0;2;0;0.0;0;0;0.0;0
2019;EDPM;Hors agglomération;Non apparié;Autre véhicule motorisé seulement;1;0;0;0.0;0;0;0.0;0;1;100.0;1;0;0.0;0;0;0.0;0
2019;EDPM;Hors agglomération;cycleway;Autre véhicule non motorisé seulement;1;0;0;0.0;0;0;0.0;0;1;100.0;1;0;0.0;0;0;0.0;0
2019;EDPM;Hors agglomération;cycleway;Solo (sans piéton);1;0;0;0.0;0;0;0.0;0;1;100.0;1;0;0.0;0;0;0.0;0
2019;EDPM;Hors agglomération;primary;Autre véhicule motorisé seulement;1;0;0;0.0;0;1;100.0;1;0;0.0;0;0;0.0;0;0;0.0;0
2019;EDPM;Hors agglomération;secondary;Solo (sans piéton);1;0;0;0.0;0;1;100.0;1;0;0.0;0;0;0.0;0;0;0.0;0
2019;EDPM;Hors agglomération;tertiary;Autre véhicule motorisé seulement;1;0;0;0.0;0;0;0.0;0;1;100.0;1;0;0.0;0;0;0.0;0
2019;EDPM;Hors agglomération;tertiary;Solo (sans piéton);1;0;0;0.0;0;0;0.0;0;1;100.0;1;0;0.0;0;0;0.0;0
2019;EDPM;Hors agglomération;trunk;Autre véhicule motorisé seulement;1;0;0;0.0;0;0;0.0;0;0;0.0;0;1;100.0;1;0;0.0;0
2019;EDPM;Hors agglomération;unclassified;Autre véhicule motorisé seulement;1;0;0;0.0;0;0;0.0;0;1;100.0;1;0;0.0;0;0;0.0;0
2019;EDP_SANS_MOTEUR;En agglomération;cycleway;Autre véhicule motorisé seulement;5;0;0;0.0;0;4;80.0;4;1;20.0;1;0;0.0;0;0;0.0;0
2019;EDP_SANS_MOTEUR;En agglomération;primary;Autre véhicule motorisé seulement;17;0;1;5.88;1;13;76.47;13;3;17.65;3;0;0.0;0;0;0.0;0
2019;EDP_SANS_MOTEUR;En agglomération;primary;Combinaison de tiers;2;2;0;0.0;0;0;0.0;0;0;0.0;0;0;0.0;0;0;0.0;0
2019;EDP_SANS_MOTEUR;En agglomération;primary;Solo (sans piéton);2;0;0;0.0;0;2;100.0;2;0;0.0;0;0;0.0;0;0;0.0;0
2019;EDP_SANS_MOTEUR;En agglomération;residential;Autre véhicule motorisé seulement;37;0;2;5.41;2;32;86.49;32;4;10.81;4;0;0.0;0;0;0.0;0
2019;EDP_SANS_MOTEUR;En agglomération;residential;Autre véhicule non motorisé seulement;1;0;1;100.0;1;0;0.0;0;0;0.0;0;0;0.0;0;0;0.0;0
2019;EDP_SANS_MOTEUR;En agglomération;residential;Combinaison de tiers;6;6;0;0.0;0;0;0.0;0;0;0.0;0;0;0.0;0;0;0.0;0
2019;EDP_SANS_MOTEUR;En agglomération;residential;Piéton seul;3;1;2;66.67;2;0;0.0;0;0;0.0;0;0;0.0;0;0;0.0;0
2019;EDP_SANS_MOTEUR;En agglomération;residential;Solo (sans piéton);3;0;0;0.0;0;3;100.0;3;0;0.0;0;0;0.0;0;0;0.0;0
2019;EDP_SANS_MOTEUR;En agglomération;secondary;Autre véhicule motorisé seulement;19;0;1;5.26;1;16;84.21;16;2;10.53;2;0;0.0;0;0;0.0;0
2019;EDP_SANS_MOTEUR;En agglomération;secondary;Combinaison de tiers;4;4;0;0.0;0;0;0.0;0;0;0.0;0;0;0.0;0;0;0.0;0
2019;EDP_SANS_MOTEUR;En agglomération;secondary;Piéton seul;1;0;1;100.0;1;0;0.0;0;0;0.0;0;0;0.0;0;0;0.0;0
2019;EDP_SANS_MOTEUR;En agglomération;secondary;Solo (sans piéton);1;0;0;0.0;0;1;100.0;1;0;0.0;0;0;0.0;0;0;0.0;0
2019;EDP_SANS_MOTEUR;En agglomération;service;Autre véhicule motorisé seulement;5;1;0;0.0;0;3;60.0;3;1;20.0;1;0;0.0;0;0;0.0;0
2019;EDP_SANS_MOTEUR;En agglomération;tertiary;Autre véhicule motorisé seulement;14;0;0;0.0;0;10;71.43;10;4;28.57;4;0;0.0;0;0;0.0;0
2019;EDP_SANS_MOTEUR;En agglomération;tertiary;Combinaison de tiers;3;3;0;0.0;0;0;0.0;0;0;0.0;0;0;0.0;0;0;0.0;0
2019;EDP_SANS_MOTEUR;En agglomération;tertiary;Piéton seul;1;1;0;0.0;0;0;0.0;0;0;0.0;0;0;0.0;0;0;0.0;0
2019;EDP_SANS_MOTEUR;En agglomération;tertiary;Solo (sans piéton);1;0;0;0.0;0;1;100.0;1;0;0.0;0;0;0.0;0;0;0.0;0
2019;EDP_SANS_MOTEUR;En agglomération;tertiary;Véhicule indéterminé seulement;1;0;0;0.0;0;0;0.0;0;1;100.0;1;0;0.0;0;0;0.0;0
2019;EDP_SANS_MOTEUR;En agglomération;unclassified;Autre véhicule motorisé seulement;7;0;0;0.0;0;6;85.71;6;1;14.29;1;0;0.0;0;0;0.0;0
2019;EDP_SANS_MOTEUR;En agglomération;unclassified;Combinaison de tiers;1;1;0;0.0;0;0;0.0;0;0;0.0;0;0;0.0;0;0;0.0;0
2019;EDP_SANS_MOTEUR;Hors agglomération;primary;Autre véhicule motorisé seulement;2;0;0;0.0;0;1;50.0;1;0;0.0;0;1;50.0;1;0;0.0;0
2019;EDP_SANS_MOTEUR;Hors agglomération;residential;Autre véhicule motorisé seulement;1;0;0;0.0;0;1;100.0;1;0;0.0;0;0;0.0;0;0;0.0;0
2019;EDP_SANS_MOTEUR;Hors agglomération;residential;Combinaison de tiers;1;0;0;0.0;0;1;100.0;1;1;100.0;1;0;0.0;0;0;0.0;0
2019;EDP_SANS_MOTEUR;Hors agglomération;secondary;Autre véhicule motorisé seulement;1;0;0;0.0;0;0;0.0;0;1;100.0;1;0;0.0;0;0;0.0;0
2019;EDP_SANS_MOTEUR;Hors agglomération;tertiary;Autre véhicule motorisé seulement;1;0;0;0.0;0;0;0.0;0;1;100.0;1;0;0.0;0;0;0.0;0
2019;VAE;En agglomération;cycleway;Autre véhicule du même catv seulement;1;0;1;100.0;1;1;100.0;1;0;0.0;0;0;0.0;0;0;0.0;0
2019;VAE;En agglomération;cycleway;Autre véhicule motorisé seulement;8;0;0;0.0;0;7;87.5;7;1;12.5;1;0;0.0;0;0;0.0;0
2019;VAE;En agglomération;cycleway;Autre véhicule non motorisé seulement;3;0;2;66.67;2;1;33.33;1;0;0.0;0;0;0.0;0;0;0.0;0
2019;VAE;En agglomération;living_street;Autre véhicule motorisé seulement;2;0;1;50.0;1;1;50.0;1;1;50.0;1;0;0.0;0;0;0.0;0
2019;VAE;En agglomération;primary;Autre véhicule motorisé seulement;40;0;0;0.0;0;26;65.0;26;13;32.5;13;1;2.5;1;0;0.0;0
2019;VAE;En agglomération;primary;Autre véhicule non motorisé seulement;1;0;0;0.0;0;1;100.0;1;0;0.0;0;0;0.0;0;0;0.0;0
2019;VAE;En agglomération;primary;Piéton seul;1;0;0;0.0;0;0;0.0;0;1;100.0;1;0;0.0;0;0;0.0;0
2019;VAE;En agglomération;primary;Solo (sans piéton);9;0;0;0.0;0;7;77.78;7;2;22.22;2;0;0.0;0;0;0.0;0
2019;VAE;En agglomération;residential;Autre véhicule motorisé seulement;41;1;0;0.0;0;26;63.41;26;12;29.27;12;2;4.88;2;0;0.0;0
2019;VAE;En agglomération;residential;Autre véhicule non motorisé seulement;1;0;0;0.0;0;1;100.0;1;0;0.0;0;0;0.0;0;0;0.0;0
2019;VAE;En agglomération;residential;Piéton seul;3;0;3;100.0;3;0;0.0;0;0;0.0;0;0;0.0;0;0;0.0;0
2019;VAE;En agglomération;residential;Solo (sans piéton);8;0;0;0.0;0;2;25.0;2;5;62.5;5;1;12.5;1;0;0.0;0
2019;VAE;En agglomération;secondary;Autre véhicule motorisé seulement;30;0;0;0.0;0;24;80.0;24;6;20.0;6;0;0.0;0;0;0.0;0
2019;VAE;En agglomération;secondary;Piéton seul;1;0;1;100.0;1;0;0.0;0;0;0.0;0;0;0.0;0;0;0.0;0
2019;VAE;En agglomération;secondary;Solo (sans piéton);7;0;0;0.0;0;2;28.57;2;5;71.43;5;0;0.0;0;0;0.0;0
2019;VAE;En agglomération;service;Autre véhicule motorisé seulement;5;0;0;0.0;0;4;80.0;4;1;20.0;1;0;0.0;0;0;0.0;0
2019;VAE;En agglomération;service;Piéton seul;1;0;1;100.0;1;0;0.0;0;0;0.0;0;0;0.0;0;0;0.0;0
2019;VAE;En agglomération;service;Véhicule indéterminé seulement;1;0;0;0.0;0;1;100.0;2;0;0.0;0;0;0.0;0;0;0.0;0
2019;VAE;En agglomération;tertiary;Autre véhicule du même catv seulement;1;0;1;100.0;1;1;100.0;1;0;0.0;0;0;0.0;0;0;0.0;0
2019;VAE;En agglomération;tertiary;Autre véhicule motorisé seulement;23;0;0;0.0;0;17;73.91;17;4;17.39;4;2;8.7;2;0;0.0;0
2019;VAE;En agglomération;tertiary;Autre véhicule non motorisé seulement;1;0;0;0.0;0;1;100.0;1;0;0.0;0;0;0.0;0;0;0.0;0
2019;VAE;En agglomération;tertiary;Piéton seul;3;1;1;33.33;1;1;33.33;1;0;0.0;0;0;0.0;0;0;0.0;0
2019;VAE;En agglomération;tertiary;Solo (sans piéton);6;0;0;0.0;0;1;16.67;1;4;66.67;4;1;16.67;1;0;0.0;0
2019;VAE;En agglomération;unclassified;Autre véhicule motorisé seulement;19;0;0;0.0;0;13;68.42;13;5;26.32;5;1;5.26;1;0;0.0;0
2019;VAE;En agglomération;unclassified;Solo (sans piéton);1;0;0;0.0;0;0;0.0;0;1;100.0;1;0;0.0;0;0;0.0;0
2019;VAE;Hors agglomération;cycleway;Autre véhicule non motorisé seulement;1;0;1;100.0;1;0;0.0;0;0;0.0;0;0;0.0;0;0;0.0;0
2019;VAE;Hors agglomération;primary;Autre véhicule motorisé seulement;9;0;0;0.0;0;3;33.33;3;5;55.56;5;1;11.11;1;0;0.0;0
2019;VAE;Hors agglomération;residential;Autre véhicule motorisé seulement;2;0;0;0.0;0;1;50.0;1;1;50.0;1;0;0.0;0;0;0.0;0
2019;VAE;Hors agglomération;residential;Solo (sans piéton);1;0;0;0.0;0;0;0.0;0;1;100.0;1;0;0.0;0;0;0.0;0
2019;VAE;Hors agglomération;secondary;Autre véhicule motorisé seulement;6;0;0;0.0;0;3;50.0;3;0;0.0;0;3;50.0;3;0;0.0;0
2019;VAE;Hors agglomération;secondary;Solo (sans piéton);3;0;0;0.0;0;0;0.0;0;2;66.67;2;1;33.33;1;0;0.0;0
2019;VAE;Hors agglomération;service;Solo (sans piéton);1;0;0;0.0;0;0;0.0;0;1;100.0;1;0;0.0;0;0;0.0;0
2019;VAE;Hors agglomération;tertiary;Autre véhicule motorisé seulement;2;0;0;0.0;0;0;0.0;0;2;100.0;2;0;0.0;0;0;0.0;0
2019;VAE;Hors agglomération;tertiary;Solo (sans piéton);3;0;0;0.0;0;0;0.0;0;2;66.67;2;1;33.33;1;0;0.0;0
2019;VAE;Hors agglomération;track;Solo (sans piéton);1;0;0;0.0;0;0;0.0;0;1;100.0;1;0;0.0;0;0;0.0;0
2019;VAE;Hors agglomération;unclassified;Autre véhicule motorisé seulement;2;0;0;0.0;0;0;0.0;0;2;100.0;2;0;0.0;0;0;0.0;0
2019;VAE;Hors agglomération;unclassified;Solo (sans piéton);3;0;0;0.0;0;1;33.33;1;1;33.33;1;1;33.33;1;0;0.0;0
2019;VELO;En agglomération;Non apparié;Autre véhicule motorisé seulement;5;0;0;0.0;0;2;40.0;2;3;60.0;3;0;0.0;0;0;0.0;0
2019;VELO;En agglomération;Non apparié;Solo (sans piéton);1;0;0;0.0;0;1;100.0;1;0;0.0;0;0;0.0;0;0;0.0;0
2019;VELO;En agglomération;cycleway;Autre véhicule du même catv seulement;11;0;6;54.55;6;10;90.91;12;2;18.18;2;0;0.0;0;0;0.0;0
2019;VELO;En agglomération;cycleway;Autre véhicule motorisé seulement;122;0;2;1.64;2;105;86.07;105;14;11.48;14;1;0.82;1;0;0.0;0
2019;VELO;En agglomération;cycleway;Autre véhicule non motorisé seulement;3;0;0;0.0;0;3;100.0;3;0;0.0;0;0;0.0;0;0;0.0;0
2019;VELO;En agglomération;cycleway;Combinaison de tiers;4;1;1;25.0;1;3;75.0;4;0;0.0;0;0;0.0;0;0;0.0;0
2019;VELO;En agglomération;cycleway;Piéton seul;12;2;5;41.67;5;5;41.67;5;0;0.0;0;0;0.0;0;0;0.0;0
2019;VELO;En agglomération;cycleway;Solo (sans piéton);10;0;0;0.0;0;8;80.0;8;2;20.0;2;0;0.0;0;0;0.0;0
2019;VELO;En agglomération;living_street;Autre véhicule du même catv seulement;1;0;1;100.0;1;0;0.0;0;1;100.0;1;0;0.0;0;0;0.0;0
2019;VELO;En agglomération;living_street;Autre véhicule motorisé seulement;20;0;1;5.0;1;16;80.0;17;3;15.0;3;0;0.0;0;0;0.0;0
2019;VELO;En agglomération;living_street;Piéton seul;7;2;4;57.14;4;0;0.0;0;1;14.29;1;0;0.0;0;0;0.0;0
2019;VELO;En agglomération;living_street;Solo (sans piéton);4;0;0;0.0;0;2;50.0;2;2;50.0;2;0;0.0;0;0;0.0;0
2019;VELO;En agglomération;motorway;Autre véhicule motorisé seulement;1;0;0;0.0;0;1;100.0;1;0;0.0;0;0;0.0;0;0;0.0;0
2019;VELO;En agglomération;motorway;Solo (sans piéton);1;0;0;0.0;0;1;100.0;1;0;0.0;0;0;0.0;0;0;0.0;0
2019;VELO;En agglomération;primary;Autre véhicule du même catv seulement;16;0;9;56.25;9;15;93.75;18;2;12.5;2;0;0.0;0;0;0.0;0
2019;VELO;En agglomération;primary;Autre véhicule motorisé seulement;589;5;15;2.55;16;457;77.59;457;100;16.98;101;14;2.38;14;0;0.0;0
2019;VELO;En agglomération;primary;Autre véhicule non motorisé seulement;1;0;0;0.0;0;1;100.0;1;0;0.0;0;0;0.0;0;0;0.0;0
2019;VELO;En agglomération;primary;Combinaison de tiers;13;5;2;15.38;2;7;53.85;11;2;15.38;3;0;0.0;0;0;0.0;0
2019;VELO;En agglomération;primary;Piéton seul;42;7;29;69.05;29;6;14.29;6;0;0.0;0;0;0.0;0;0;0.0;0
2019;VELO;En agglomération;primary;Solo (sans piéton);45;0;0;0.0;0;36;80.0;36;7;15.56;7;2;4.44;2;0;0.0;0
2019;VELO;En agglomération;primary;Véhicule indéterminé seulement;1;0;0;0.0;0;1;100.0;1;0;0.0;0;0;0.0;0;0;0.0;0
2019;VELO;En agglomération;residential;Autre véhicule du même catv seulement;21;0;13;61.9;13;16;76.19;21;3;14.29;3;2;9.52;2;0;0.0;0
2019;VELO;En agglomération;residential;Autre véhicule motorisé seulement;903;2;15;1.66;15;708;78.41;711;175;19.38;176;7;0.78;7;0;0.0;0
2019;VELO;En agglomération;residential;Autre véhicule non motorisé seulement;2;0;0;0.0;0;1;50.0;1;1;50.0;1;0;0.0;0;0;0.0;0
2019;VELO;En agglomération;residential;Combinaison de tiers;12;5;0;0.0;0;6;50.0;8;1;8.33;1;0;0.0;0;0;0.0;0
2019;VELO;En agglomération;residential;Piéton seul;82;7;50;60.98;50;24;29.27;24;0;0.0;0;1;1.22;1;0;0.0;0
2019;VELO;En agglomération;residential;Solo (sans piéton);102;0;1;0.98;1;78;76.47;81;22;21.57;22;2;1.96;2;0;0.0;0
2019;VELO;En agglomération;residential;Véhicule indéterminé seulement;7;0;0;0.0;0;4;57.14;4;3;42.86;3;0;0.0;0;0;0.0;0
2019;VELO;En agglomération;secondary;Autre véhicule du même catv seulement;9;0;7;77.78;7;6;66.67;6;2;22.22;3;1;11.11;1;0;0.0;0
2019;VELO;En agglomération;secondary;Autre véhicule motorisé seulement;765;1;14;1.83;14;563;73.59;567;168;21.96;168;22;2.88;22;0;0.0;0
2019;VELO;En agglomération;secondary;Combinaison de tiers;16;6;4;25.0;4;7;43.75;7;3;18.75;4;1;6.25;1;0;0.0;0
2019;VELO;En agglomération;secondary;Piéton seul;56;6;38;67.86;38;10;17.86;10;2;3.57;2;0;0.0;0;0;0.0;0
2019;VELO;En agglomération;secondary;Solo (sans piéton);60;0;0;0.0;0;40;66.67;40;18;30.0;18;2;3.33;2;0;0.0;0
2019;VELO;En agglomération;secondary;Véhicule indéterminé seulement;4;0;0;0.0;0;3;75.0;3;1;25.0;1;0;0.0;0;0;0.0;0
2019;VELO;En agglomération;service;Autre véhicule du même catv seulement;4;0;3;75.0;3;4;100.0;4;0;0.0;0;0;0.0;0;0;0.0;0
2019;VELO;En agglomération;service;Autre véhicule motorisé seulement;133;0;4;3.01;4;103;77.44;103;26;19.55;26;1;0.75;1;0;0.0;0
2019;VELO;En agglomération;service;Combinaison de tiers;4;1;0;0.0;0;3;75.0;4;0;0.0;0;0;0.0;0;0;0.0;0
2019;VELO;En agglomération;service;Piéton seul;10;0;5;50.0;5;5;50.0;5;0;0.0;0;0;0.0;0;0;0.0;0
2019;VELO;En agglomération;service;Solo (sans piéton);11;0;0;0.0;0;8;72.73;8;1;9.09;1;2;18.18;2;0;0.0;0
2019;VELO;En agglomération;service;Véhicule indéterminé seulement;2;0;0;0.0;0;2;100.0;2;0;0.0;0;0;0.0;0;0;0.0;0
2019;VELO;En agglomération;tertiary;Autre véhicule du même catv seulement;8;0;4;50.0;4;5;62.5;8;3;37.5;5;0;0.0;0;0;0.0;0
2019;VELO;En agglomération;tertiary;Autre véhicule motorisé seulement;548;0;8;1.46;8;380;69.34;381;145;26.46;145;16;2.92;16;0;0.0;0
2019;VELO;En agglomération;tertiary;Autre véhicule non motorisé seulement;1;0;0;0.0;0;1;100.0;1;0;0.0;0;0;0.0;0;0;0.0;0
2019;VELO;En agglomération;tertiary;Combinaison de tiers;9;3;2;22.22;2;5;55.56;7;1;11.11;1;0;0.0;0;0;0.0;0
2019;VELO;En agglomération;tertiary;Piéton seul;36;3;27;75.0;27;5;13.89;5;1;2.78;1;0;0.0;0;0;0.0;0
2019;VELO;En agglomération;tertiary;Solo (sans piéton);47;0;0;0.0;0;28;59.57;29;14;29.79;14;5;10.64;5;0;0.0;0
2019;VELO;En agglomération;tertiary;Véhicule indéterminé seulement;5;0;1;20.0;1;4;80.0;4;1;20.0;1;0;0.0;0;0;0.0;0
2019;VELO;En agglomération;track;Autre véhicule du même catv seulement;2;0;1;50.0;1;2;100.0;4;0;0.0;0;0;0.0;0;0;0.0;0
2019;VELO;En agglomération;track;Autre véhicule motorisé seulement;6;0;0;0.0;0;4;66.67;4;2;33.33;2;0;0.0;0;0;0.0;0
2019;VELO;En agglomération;track;Solo (sans piéton);1;0;0;0.0;0;0;0.0;0;1;100.0;1;0;0.0;0;0;0.0;0
2019;VELO;En agglomération;trunk;Autre véhicule motorisé seulement;6;0;0;0.0;0;1;16.67;1;3;50.0;3;2;33.33;2;0;0.0;0
2019;VELO;En agglomération;unclassified;Autre véhicule du même catv seulement;6;0;3;50.0;3;4;66.67;6;1;16.67;1;1;16.67;1;0;0.0;0
2019;VELO;En agglomération;unclassified;Autre véhicule motorisé seulement;202;1;1;0.5;1;150;74.26;150;49;24.26;50;1;0.5;1;0;0.0;0
2019;VELO;En agglomération;unclassified;Combinaison de tiers;1;1;0;0.0;0;0;0.0;0;0;0.0;0;0;0.0;0;0;0.0;0
2019;VELO;En agglomération;unclassified;Piéton seul;16;2;11;68.75;11;2;12.5;2;1;6.25;1;0;0.0;0;0;0.0;0
2019;VELO;En agglomération;unclassified;Solo (sans piéton);27;0;0;0.0;0;11;40.74;11;13;48.15;13;3;11.11;3;0;0.0;0
2019;VELO;Hors agglomération;Non apparié;Autre véhicule motorisé seulement;1;0;0;0.0;0;0;0.0;0;1;100.0;1;0;0.0;0;0;0.0;0
2019;VELO;Hors agglomération;Non apparié;Solo (sans piéton);2;0;0;0.0;0;0;0.0;0;1;50.0;1;1;50.0;1;0;0.0;0
2019;VELO;Hors agglomération;cycleway;Autre véhicule du même catv seulement;3;0;2;66.67;2;2;66.67;4;1;33.33;1;0;0.0;0;0;0.0;0
2019;VELO;Hors agglomération;cycleway;Autre véhicule motorisé seulement;11;0;0;0.0;0;8;72.73;8;3;27.27;3;0;0.0;0;0;0.0;0
2019;VELO;Hors agglomération;cycleway;Autre véhicule non motorisé seulement;1;0;0;0.0;0;0;0.0;0;1;100.0;1;0;0.0;0;0;0.0;0
2019;VELO;Hors agglomération;cycleway;Solo (sans piéton);2;0;0;0.0;0;0;0.0;0;1;50.0;1;1;50.0;1;0;0.0;0
2019;VELO;Hors agglomération;motorway;Autre véhicule motorisé seulement;1;0;0;0.0;0;0;0.0;0;0;0.0;0;1;100.0;1;0;0.0;0
2019;VELO;Hors agglomération;primary;Autre véhicule du même catv seulement;1;0;0;0.0;0;1;100.0;1;1;100.0;1;0;0.0;0;0;0.0;0
2019;VELO;Hors agglomération;primary;Autre véhicule motorisé seulement;136;0;0;0.0;0;38;27.94;38;75;55.15;75;23;16.91;23;0;0.0;0
2019;VELO;Hors agglomération;primary;Combinaison de tiers;12;1;1;8.33;1;8;66.67;11;5;41.67;7;3;25.0;4;0;0.0;0
2019;VELO;Hors agglomération;primary;Solo (sans piéton);12;0;0;0.0;0;6;50.0;6;5;41.67;5;1;8.33;1;0;0.0;0
2019;VELO;Hors agglomération;primary;Véhicule indéterminé seulement;1;0;0;0.0;0;0;0.0;0;1;100.0;1;0;0.0;0;0;0.0;0
2019;VELO;Hors agglomération;residential;Autre véhicule du même catv seulement;2;0;1;50.0;1;1;50.0;2;1;50.0;1;0;0.0;0;0;0.0;0
2019;VELO;Hors agglomération;residential;Autre véhicule motorisé seulement;30;0;0;0.0;0;13;43.33;13;15;50.0;15;2;6.67;2;0;0.0;0
2019;VELO;Hors agglomération;residential;Combinaison de tiers;2;1;0;0.0;0;1;50.0;1;1;50.0;1;0;0.0;0;0;0.0;0
2019;VELO;Hors agglomération;residential;Piéton seul;2;0;1;50.0;1;1;50.0;1;0;0.0;0;0;0.0;0;0;0.0;0
2019;VELO;Hors agglomération;residential;Solo (sans piéton);5;0;0;0.0;0;3;60.0;3;1;20.0;1;1;20.0;1;0;0.0;0
2019;VELO;Hors agglomération;secondary;Autre véhicule du même catv seulement;11;0;5;45.45;5;6;54.55;9;7;63.64;8;1;9.09;1;0;0.0;0
2019;VELO;Hors agglomération;secondary;Autre véhicule motorisé seulement;201;0;2;1.0;2;54;26.87;54;121;60.2;121;24;11.94;24;0;0.0;0
2019;VELO;Hors agglomération;secondary;Combinaison de tiers;11;1;2;18.18;3;7;63.64;10;6;54.55;9;3;27.27;3;0;0.0;0
2019;VELO;Hors agglomération;secondary;Solo (sans piéton);31;0;0;0.0;0;4;12.9;5;21;67.74;21;6;19.35;6;0;0.0;0
2019;VELO;Hors agglomération;secondary;Véhicule indéterminé seulement;3;0;0;0.0;0;1;33.33;1;2;66.67;2;0;0.0;0;0;0.0;0
2019;VELO;Hors agglomération;service;Autre véhicule motorisé seulement;13;0;0;0.0;0;4;30.77;4;7;53.85;7;2;15.38;2;0;0.0;0
2019;VELO;Hors agglomération;service;Solo (sans piéton);3;0;0;0.0;0;2;66.67;2;1;33.33;1;0;0.0;0;0;0.0;0
2019;VELO;Hors agglomération;tertiary;Autre véhicule du même catv seulement;6;0;2;33.33;2;3;50.0;4;4;66.67;5;1;16.67;1;0;0.0;0
2019;VELO;Hors agglomération;tertiary;Autre véhicule motorisé seulement;139;0;1;0.72;1;59;42.45;59;73;52.52;73;6;4.32;6;0;0.0;0
2019;VELO;Hors agglomération;tertiary;Combinaison de tiers;7;1;2;28.57;2;5;71.43;5;5;71.43;5;0;0.0;0;0;0.0;0
2019;VELO;Hors agglomération;tertiary;Piéton seul;4;0;2;50.0;2;0;0.0;0;2;50.0;2;0;0.0;0;0;0.0;0
2019;VELO;Hors agglomération;tertiary;Solo (sans piéton);31;0;0;0.0;0;3;9.68;3;21;67.74;21;7;22.58;7;0;0.0;0
2019;VELO;Hors agglomération;tertiary;Véhicule indéterminé seulement;2;0;0;0.0;0;0;0.0;0;2;100.0;2;0;0.0;0;0;0.0;0
2019;VELO;Hors agglomération;track;Autre véhicule motorisé seulement;10;0;0;0.0;0;2;20.0;2;7;70.0;7;1;10.0;1;0;0.0;0
2019;VELO;Hors agglomération;track;Piéton seul;1;0;0;0.0;0;1;100.0;1;0;0.0;0;0;0.0;0;0;0.0;0
2019;VELO;Hors agglomération;track;Solo (sans piéton);3;0;0;0.0;0;2;66.67;2;0;0.0;0;1;33.33;1;0;0.0;0
2019;VELO;Hors agglomération;trunk;Autre véhicule motorisé seulement;7;0;0;0.0;0;3;42.86;3;3;42.86;3;1;14.29;1;0;0.0;0
2019;VELO;Hors agglomération;trunk;Combinaison de tiers;2;0;0;0.0;0;1;50.0;1;2;100.0;2;0;0.0;0;0;0.0;0
2019;VELO;Hors agglomération;unclassified;Autre véhicule motorisé seulement;59;0;1;1.69;1;20;33.9;20;36;61.02;36;4;6.78;4;0;0.0;0
2019;VELO;Hors agglomération;unclassified;Combinaison de tiers;3;0;0;0.0;0;2;66.67;2;3;100.0;4;0;0.0;0;0;0.0;0
2019;VELO;Hors agglomération;unclassified;Piéton seul;1;0;1;100.0;1;0;0.0;0;0;0.0;0;0;0.0;0;0;0.0;0
2019;VELO;Hors agglomération;unclassified;Solo (sans piéton);14;0;0;0.0;0;1;7.14;1;9;64.29;9;4;28.57;4;0;0.0;0
2020;CYCLO;Hors agglomération;Non apparié;Piéton seul;1;0;1;100.0;2;0;0.0;0;0;0.0;0;0;0.0;0;0;0.0;0
2020;CYCLO;Hors agglomération;Non apparié;Solo (sans piéton);3;0;1;33.33;1;1;33.33;1;2;66.67;2;0;0.0;0;0;0.0;0
2020;CYCLO;Hors agglomération;cycleway;Autre véhicule motorisé seulement;3;0;0;0.0;0;0;0.0;0;3;100.0;4;0;0.0;0;0;0.0;0
2020;CYCLO;Hors agglomération;cycleway;Solo (sans piéton);2;0;0;0.0;0;0;0.0;0;2;100.0;2;0;0.0;0;0;0.0;0
2020;CYCLO;Hors agglomération;cycleway;Véhicule indéterminé seulement;1;0;0;0.0;0;1;100.0;1;0;0.0;0;0;0.0;0;0;0.0;0
2020;CYCLO;Hors agglomération;motorway;Autre véhicule motorisé seulement;5;0;0;0.0;0;4;80.0;4;0;0.0;0;1;20.0;1;0;0.0;0
2020;CYCLO;Hors agglomération;motorway;Solo (sans piéton);3;0;0;0.0;0;2;66.67;2;1;33.33;1;0;0.0;0;0;0.0;0
2020;CYCLO;Hors agglomération;primary;Autre véhicule motorisé seulement;130;0;6;4.62;6;59;45.38;70;66;50.77;69;10;7.69;11;0;0.0;0
2020;CYCLO;Hors agglomération;primary;Autre véhicule non motorisé seulement;1;0;1;100.0;1;0;0.0;0;0;0.0;0;0;0.0;0;0;0.0;0
2020;CYCLO;Hors agglomération;primary;Combinaison de tiers;2;1;0;0.0;0;1;50.0;1;0;0.0;0;1;50.0;1;0;0.0;0
2020;CYCLO;Hors agglomération;primary;Piéton seul;1;0;1;100.0;1;0;0.0;0;0;0.0;0;0;0.0;0;0;0.0;0
2020;CYCLO;Hors agglomération;primary;Solo (sans piéton);41;0;2;4.88;2;13;31.71;15;24;58.54;24;5;12.2;5;0;0.0;0
2020;CYCLO;Hors agglomération;primary;Véhicule indéterminé seulement;1;0;0;0.0;0;1;100.0;1;0;0.0;0;0;0.0;0;0;0.0;0
2020;CYCLO;Hors agglomération;residential;Autre véhicule motorisé seulement;20;0;1;5.0;1;11;55.0;12;9;45.0;10;0;0.0;0;0;0.0;0
2020;CYCLO;Hors agglomération;residential;Autre véhicule non motorisé seulement;1;0;1;100.0;1;0;0.0;0;0;0.0;0;0;0.0;0;0;0.0;0
2020;CYCLO;Hors agglomération;residential;Combinaison de tiers;1;0;1;100.0;1;1;100.0;1;1;100.0;1;0;0.0;0;0;0.0;0
2020;CYCLO;Hors agglomération;residential;Piéton seul;1;0;0;0.0;0;1;100.0;2;0;0.0;0;0;0.0;0;0;0.0;0
2020;CYCLO;Hors agglomération;residential;Solo (sans piéton);5;0;0;0.0;0;2;40.0;2;3;60.0;3;0;0.0;0;0;0.0;0
2020;CYCLO;Hors agglomération;secondary;Autre véhicule du même catv seulement;6;0;4;66.67;7;3;50.0;4;4;66.67;4;0;0.0;0;0;0.0;0
2020;CYCLO;Hors agglomération;secondary;Autre véhicule motorisé seulement;111;0;5;4.5;5;40;36.04;41;63;56.76;64;8;7.21;8;0;0.0;0
2020;CYCLO;Hors agglomération;secondary;Autre véhicule non motorisé seulement;1;0;0;0.0;0;0;0.0;0;1;100.0;1;0;0.0;0;0;0.0;0
2020;CYCLO;Hors agglomération;secondary;Piéton seul;2;0;2;100.0;2;0;0.0;0;0;0.0;0;0;0.0;0;0;0.0;0
2020;CYCLO;Hors agglomération;secondary;Solo (sans piéton);59;0;1;1.69;1;22;37.29;25;35;59.32;35;2;3.39;2;0;0.0;0
2020;CYCLO;Hors agglomération;service;Autre véhicule motorisé seulement;7;0;1;14.29;1;4;57.14;4;3;42.86;3;0;0.0;0;0;0.0;0
2020;CYCLO;Hors agglomération;service;Solo (sans piéton);1;0;0;0.0;0;0;0.0;0;1;100.0;1;0;0.0;0;0;0.0;0
2020;CYCLO;Hors agglomération;tertiary;Autre véhicule du même catv seulement;2;0;2;100.0;2;0;0.0;0;2;100.0;2;0;0.0;0;0;0.0;0
2020;CYCLO;Hors agglomération;tertiary;Autre véhicule motorisé seulement;101;0;2;1.98;2;27;26.73;30;65;64.36;68;10;9.9;10;0;0.0;0
2020;CYCLO;Hors agglomération;tertiary;Combinaison de tiers;1;0;1;100.0;1;1;100.0;2;0;0.0;0;0;0.0;0;0;0.0;0
2020;CYCLO;Hors agglomération;tertiary;Piéton seul;1;0;0;0.0;0;1;100.0;1;0;0.0;0;0;0.0;0;0;0.0;0
2020;CYCLO;Hors agglomération;tertiary;Solo (sans piéton);69;0;2;2.9;2;21;30.43;23;49;71.01;49;3;4.35;3;0;0.0;0
2020;CYCLO;Hors agglomération;tertiary;Véhicule indéterminé seulement;1;0;0;0.0;0;0;0.0;0;1;100.0;1;0;0.0;0;0;0.0;0
2020;CYCLO;Hors agglomération;track;Autre véhicule du même catv seulement;1;0;1;100.0;1;0;0.0;0;1;100.0;1;0;0.0;0;0;0.0;0
2020;CYCLO;Hors agglomération;track;Autre véhicule motorisé seulement;4;0;1;25.0;1;2;50.0;2;2;50.0;3;0;0.0;0;0;0.0;0
2020;CYCLO;Hors agglomération;track;Solo (sans piéton);9;0;0;0.0;0;5;55.56;6;3;33.33;3;1;11.11;1;0;0.0;0
2020;CYCLO;Hors agglomération;trunk;Autre véhicule motorisé seulement;11;0;0;0.0;0;2;18.18;2;7;63.64;8;4;36.36;5;0;0.0;0
2020;CYCLO;Hors agglomération;trunk;Piéton seul;1;0;0;0.0;0;1;100.0;1;0;0.0;0;0;0.0;0;0;0.0;0
2020;CYCLO;Hors agglomération;trunk;Solo (sans piéton);4;0;0;0.0;0;0;0.0;0;3;75.0;3;1;25.0;1;0;0.0;0
2020;CYCLO;Hors agglomération;unclassified;Autre véhicule du même catv seulement;2;0;0;0.0;0;2;100.0;3;1;50.0;1;0;0.0;0;0;0.0;0
2020;CYCLO;Hors agglomération;unclassified;Autre véhicule motorisé seulement;80;0;2;2.5;2;15;18.75;15;62;77.5;67;5;6.25;5;0;0.0;0
2020;CYCLO;Hors agglomération;unclassified;Autre véhicule non motorisé seulement;2;0;0;0.0;0;0;0.0;0;2;100.0;2;0;0.0;0;0;0.0;0
2020;CYCLO;Hors agglomération;unclassified;Solo (sans piéton);46;0;3;6.52;3;17;36.96;18;27;58.7;27;2;4.35;2;0;0.0;0
2020;EDPM;En agglomération;cycleway;Autre véhicule motorisé seulement;12;0;0;0.0;0;12;100.0;12;0;0.0;0;0;0.0;0;0;0.0;0
2020;EDPM;En agglomération;cycleway;Autre véhicule non motorisé seulement;4;1;0;0.0;0;3;75.0;3;0;0.0;0;0;0.0;0;0;0.0;0
2020;EDPM;En agglomération;cycleway;Piéton seul;2;0;1;50.0;1;1;50.0;1;0;0.0;0;0;0.0;0;0;0.0;0
2020;EDPM;En agglomération;cycleway;Solo (sans piéton);4;0;0;0.0;0;2;50.0;2;1;25.0;1;1;25.0;1;0;0.0;0
2020;EDPM;En agglomération;living_street;Autre véhicule motorisé seulement;3;0;1;33.33;1;2;66.67;2;1;33.33;1;0;0.0;0;0;0.0;0
2020;EDPM;En agglomération;living_street;Piéton seul;2;0;2;100.0;2;0;0.0;0;0;0.0;0;0;0.0;0;0;0.0;0
2020;EDPM;En agglomération;living_street;Solo (sans piéton);3;0;0;0.0;0;3;100.0;3;0;0.0;0;0;0.0;0;0;0.0;0
2020;EDPM;En agglomération;primary;Autre véhicule du même catv seulement;1;0;1;100.0;1;1;100.0;1;0;0.0;0;0;0.0;0;0;0.0;0
2020;EDPM;En agglomération;primary;Autre véhicule motorisé seulement;121;0;8;6.61;8;106;87.6;109;11;9.09;11;1;0.83;1;0;0.0;0
2020;EDPM;En agglomération;primary;Autre véhicule non motorisé seulement;18;1;6;33.33;6;10;55.56;10;1;5.56;1;0;0.0;0;0;0.0;0
2020;EDPM;En agglomération;primary;Combinaison de tiers;1;1;0;0.0;0;0;0.0;0;0;0.0;0;0;0.0;0;0;0.0;0
2020;EDPM;En agglomération;primary;Piéton seul;24;9;11;45.83;11;4;16.67;4;0;0.0;0;0;0.0;0;0;0.0;0
2020;EDPM;En agglomération;primary;Solo (sans piéton);32;0;1;3.12;1;29;90.62;31;3;9.38;3;0;0.0;0;0;0.0;0
2020;EDPM;En agglomération;primary;Véhicule indéterminé seulement;1;0;0;0.0;0;1;100.0;1;0;0.0;0;0;0.0;0;0;0.0;0
2020;EDPM;En agglomération;residential;Autre véhicule motorisé seulement;174;1;6;3.45;6;148;85.06;152;22;12.64;22;1;0.57;1;0;0.0;0
2020;EDPM;En agglomération;residential;Autre véhicule non motorisé seulement;9;2;0;0.0;0;6;66.67;6;1;11.11;1;0;0.0;0;0;0.0;0
2020;EDPM;En agglomération;residential;Combinaison de tiers;2;0;1;50.0;1;1;50.0;1;0;0.0;0;0;0.0;0;0;0.0;0
2020;EDPM;En agglomération;residential;Piéton seul;23;0;20;86.96;21;3;13.04;3;0;0.0;0;0;0.0;0;0;0.0;0
2020;EDPM;En agglomération;residential;Solo (sans piéton);26;0;1;3.85;1;24;92.31;24;1;3.85;1;1;3.85;1;0;0.0;0
2020;EDPM;En agglomération;residential;Véhicule indéterminé seulement;2;0;0;0.0;0;1;50.0;1;1;50.0;1;0;0.0;0;0;0.0;0
2020;EDPM;En agglomération;secondary;Autre véhicule du même catv seulement;1;0;0;0.0;0;1;100.0;2;0;0.0;0;0;0.0;0;0;0.0;0
2020;EDPM;En agglomération;secondary;Autre véhicule motorisé seulement;142;0;7;4.93;7;116;81.69;117;22;15.49;23;1;0.7;1;0;0.0;0
2020;EDPM;En agglomération;secondary;Autre véhicule non motorisé seulement;12;1;5;41.67;5;6;50.0;6;0;0.0;0;0;0.0;0;0;0.0;0
2020;EDPM;En agglomération;secondary;Combinaison de tiers;2;1;0;0.0;0;1;50.0;1;0;0.0;0;0;0.0;0;0;0.0;0
2020;EDPM;En agglomération;secondary;Piéton seul;11;3;7;63.64;7;0;0.0;0;1;9.09;1;0;0.0;0;0;0.0;0
2020;EDPM;En agglomération;secondary;Solo (sans piéton);22;0;1;4.55;1;15;68.18;15;7;31.82;7;0;0.0;0;0;0.0;0
2020;EDPM;En agglomération;secondary;Véhicule indéterminé seulement;2;0;0;0.0;0;1;50.0;1;1;50.0;1;0;0.0;0;0;0.0;0
2020;EDPM;En agglomération;service;Autre véhicule motorisé seulement;28;0;1;3.57;1;23;82.14;23;4;14.29;4;0;0.0;0;0;0.0;0
2020;EDPM;En agglomération;service;Autre véhicule non motorisé seulement;2;1;0;0.0;0;1;50.0;1;0;0.0;0;0;0.0;0;0;0.0;0
2020;EDPM;En agglomération;service;Piéton seul;2;0;2;100.0;2;0;0.0;0;0;0.0;0;0;0.0;0;0;0.0;0
2020;EDPM;En agglomération;service;Solo (sans piéton);8;0;1;12.5;1;7;87.5;7;1;12.5;1;0;0.0;0;0;0.0;0
2020;EDPM;En agglomération;service;Véhicule indéterminé seulement;1;0;0;0.0;0;0;0.0;0;1;100.0;1;0;0.0;0;0;0.0;0
2020;EDPM;En agglomération;tertiary;Autre véhicule du même catv seulement;1;0;0;0.0;0;1;100.0;1;0;0.0;0;0;0.0;0;0;0.0;0
2020;EDPM;En agglomération;tertiary;Autre véhicule motorisé seulement;85;0;4;4.71;4;73;85.88;73;10;11.76;10;0;0.0;0;0;0.0;0
2020;EDPM;En agglomération;tertiary;Autre véhicule non motorisé seulement;3;0;1;33.33;1;2;66.67;2;0;0.0;0;0;0.0;0;0;0.0;0
2020;EDPM;En agglomération;tertiary;Combinaison de tiers;1;1;0;0.0;0;0;0.0;0;0;0.0;0;0;0.0;0;0;0.0;0
2020;EDPM;En agglomération;tertiary;Piéton seul;9;0;8;88.89;8;1;11.11;1;0;0.0;0;0;0.0;0;0;0.0;0
2020;EDPM;En agglomération;tertiary;Solo (sans piéton);19;0;0;0.0;0;13;68.42;14;6;31.58;6;0;0.0;0;0;0.0;0
2020;EDPM;En agglomération;tertiary;Véhicule indéterminé seulement;1;0;0;0.0;0;1;100.0;1;0;0.0;0;0;0.0;0;0;0.0;0
2020;EDPM;En agglomération;unclassified;Autre véhicule du même catv seulement;1;0;1;100.0;1;1;100.0;1;0;0.0;0;0;0.0;0;0;0.0;0
2020;EDPM;En agglomération;unclassified;Autre véhicule motorisé seulement;24;0;0;0.0;0;20;83.33;20;4;16.67;4;0;0.0;0;0;0.0;0
2020;EDPM;En agglomération;unclassified;Autre véhicule non motorisé seulement;3;1;0;0.0;0;2;66.67;2;0;0.0;0;0;0.0;0;0;0.0;0
2020;EDPM;En agglomération;unclassified;Piéton seul;5;2;3;60.0;3;0;0.0;0;0;0.0;0;0;0.0;0;0;0.0;0
2020;EDPM;En agglomération;unclassified;Solo (sans piéton);13;0;0;0.0;0;11;84.62;11;2;15.38;2;0;0.0;0;0;0.0;0
2020;EDPM;Hors agglomération;primary;Autre véhicule motorisé seulement;4;0;0;0.0;0;3;75.0;3;1;25.0;1;0;0.0;0;0;0.0;0
2020;EDPM;Hors agglomération;residential;Autre véhicule motorisé seulement;1;0;0;0.0;0;1;100.0;1;0;0.0;0;0;0.0;0;0;0.0;0
2020;EDPM;Hors agglomération;secondary;Autre véhicule motorisé seulement;3;0;0;0.0;0;2;66.67;2;0;0.0;0;1;33.33;1;0;0.0;0
2020;EDPM;Hors agglomération;secondary;Autre véhicule non motorisé seulement;1;0;1;100.0;1;0;0.0;0;0;0.0;0;0;0.0;0;0;0.0;0
2020;EDPM;Hors agglomération;secondary;Solo (sans piéton);1;0;0;0.0;0;0;0.0;0;1;100.0;1;0;0.0;0;0;0.0;0
2020;EDPM;Hors agglomération;service;Autre véhicule motorisé seulement;2;0;0;0.0;0;1;50.0;1;1;50.0;1;0;0.0;0;0;0.0;0
2020;EDPM;Hors agglomération;tertiary;Autre véhicule motorisé seulement;2;0;0;0.0;0;0;0.0;0;2;100.0;2;0;0.0;0;0;0.0;0
2020;EDPM;Hors agglomération;tertiary;Solo (sans piéton);1;0;0;0.0;0;1;100.0;1;0;0.0;0;0;0.0;0;0;0.0;0
2020;EDPM;Hors agglomération;unclassified;Autre véhicule motorisé seulement;1;0;0;0.0;0;0;0.0;0;1;100.0;1;0;0.0;0;0;0.0;0
2020;EDPM;Hors agglomération;unclassified;Solo (sans piéton);1;0;0;0.0;0;0;0.0;0;0;0.0;0;1;100.0;1;0;0.0;0
2020;EDP_SANS_MOTEUR;En agglomération;Non apparié;Autre véhicule motorisé seulement;1;0;0;0.0;0;0;0.0;0;1;100.0;1;0;0.0;0;0;0.0;0
2020;EDP_SANS_MOTEUR;En agglomération;cycleway;Solo (sans piéton);2;0;0;0.0;0;0;0.0;0;1;50.0;1;1;50.0;1;0;0.0;0
2020;EDP_SANS_MOTEUR;En agglomération;living_street;Autre véhicule motorisé seulement;1;0;0;0.0;0;1;100.0;1;0;0.0;0;0;0.0;0;0;0.0;0
2020;EDP_SANS_MOTEUR;En agglomération;living_street;Autre véhicule non motorisé seulement;1;0;0;0.0;0;1;100.0;1;0;0.0;0;0;0.0;0;0;0.0;0
2020;EDP_SANS_MOTEUR;En agglomération;primary;Autre véhicule motorisé seulement;23;0;2;8.7;2;17;73.91;17;5;21.74;5;0;0.0;0;0;0.0;0
2020;EDP_SANS_MOTEUR;En agglomération;primary;Autre véhicule non motorisé seulement;2;0;2;100.0;2;1;50.0;1;0;0.0;0;0;0.0;0;0;0.0;0
2020;EDP_SANS_MOTEUR;En agglomération;primary;Piéton seul;1;0;1;100.0;1;0;0.0;0;0;0.0;0;0;0.0;0;0;0.0;0
2020;EDP_SANS_MOTEUR;En agglomération;primary;Solo (sans piéton);4;0;0;0.0;0;4;100.0;4;0;0.0;0;0;0.0;0;0;0.0;0
2020;EDP_SANS_MOTEUR;En agglomération;primary;Véhicule indéterminé seulement;1;0;0;0.0;0;1;100.0;1;0;0.0;0;0;0.0;0;0;0.0;0
2020;EDP_SANS_MOTEUR;En agglomération;residential;Autre véhicule motorisé seulement;44;0;1;2.27;1;36;81.82;36;7;15.91;7;0;0.0;0;0;0.0;0
2020;EDP_SANS_MOTEUR;En agglomération;residential;Autre véhicule non motorisé seulement;1;0;0;0.0;0;1;100.0;1;0;0.0;0;0;0.0;0;0;0.0;0
2020;EDP_SANS_MOTEUR;En agglomération;residential;Piéton seul;5;0;4;80.0;4;1;20.0;1;0;0.0;0;0;0.0;0;0;0.0;0
2020;EDP_SANS_MOTEUR;En agglomération;residential;Solo (sans piéton);6;0;0;0.0;0;3;50.0;3;2;33.33;2;1;16.67;1;0;0.0;0
2020;EDP_SANS_MOTEUR;En agglomération;secondary;Autre véhicule motorisé seulement;27;1;2;7.41;2;21;77.78;21;3;11.11;3;0;0.0;0;0;0.0;0
2020;EDP_SANS_MOTEUR;En agglomération;secondary;Autre véhicule non motorisé seulement;1;0;0;0.0;0;1;100.0;1;0;0.0;0;0;0.0;0;0;0.0;0
2020;EDP_SANS_MOTEUR;En agglomération;secondary;Combinaison de tiers;1;1;0;0.0;0;0;0.0;0;0;0.0;0;0;0.0;0;0;0.0;0
2020;EDP_SANS_MOTEUR;En agglomération;secondary;Piéton seul;1;1;0;0.0;0;0;0.0;0;0;0.0;0;0;0.0;0;0;0.0;0
2020;EDP_SANS_MOTEUR;En agglomération;secondary;Solo (sans piéton);4;0;0;0.0;0;4;100.0;4;0;0.0;0;0;0.0;0;0;0.0;0
2020;EDP_SANS_MOTEUR;En agglomération;service;Autre véhicule motorisé seulement;9;0;0;0.0;0;8;88.89;8;1;11.11;1;0;0.0;0;0;0.0;0
2020;EDP_SANS_MOTEUR;En agglomération;service;Autre véhicule non motorisé seulement;1;0;1;100.0;1;0;0.0;0;0;0.0;0;0;0.0;0;0;0.0;0
2020;EDP_SANS_MOTEUR;En agglomération;service;Piéton seul;1;0;1;100.0;1;0;0.0;0;0;0.0;0;0;0.0;0;0;0.0;0
2020;EDP_SANS_MOTEUR;En agglomération;tertiary;Autre véhicule motorisé seulement;18;0;0;0.0;0;13;72.22;13;5;27.78;5;0;0.0;0;0;0.0;0
2020;EDP_SANS_MOTEUR;En agglomération;tertiary;Combinaison de tiers;1;1;0;0.0;0;0;0.0;0;0;0.0;0;0;0.0;0;0;0.0;0
2020;EDP_SANS_MOTEUR;En agglomération;tertiary;Piéton seul;1;0;1;100.0;1;0;0.0;0;0;0.0;0;0;0.0;0;0;0.0;0
2020;EDP_SANS_MOTEUR;En agglomération;tertiary;Solo (sans piéton);1;0;0;0.0;0;1;100.0;1;0;0.0;0;0;0.0;0;0;0.0;0
2020;EDP_SANS_MOTEUR;En agglomération;unclassified;Autre véhicule motorisé seulement;9;0;0;0.0;0;7;77.78;7;2;22.22;2;0;0.0;0;0;0.0;0
2020;EDP_SANS_MOTEUR;En agglomération;unclassified;Solo (sans piéton);2;0;0;0.0;0;0;0.0;0;2;100.0;2;0;0.0;0;0;0.0;0
2020;EDP_SANS_MOTEUR;Hors agglomération;primary;Autre véhicule motorisé seulement;2;0;0;0.0;0;1;50.0;1;1;50.0;1;0;0.0;0;0;0.0;0
2020;EDP_SANS_MOTEUR;Hors agglomération;residential;Autre véhicule motorisé seulement;1;0;0;0.0;0;1;100.0;1;0;0.0;0;0;0.0;0;0;0.0;0
2020;EDP_SANS_MOTEUR;Hors agglomération;tertiary;Autre véhicule motorisé seulement;3;0;0;0.0;0;2;66.67;2;1;33.33;1;0;0.0;0;0;0.0;0
2020;VAE;En agglomération;cycleway;Autre véhicule motorisé seulement;5;0;0;0.0;0;2;40.0;2;3;60.0;3;0;0.0;0;0;0.0;0
2020;VAE;En agglomération;cycleway;Autre véhicule non motorisé seulement;2;0;0;0.0;0;0;0.0;0;2;100.0;2;0;0.0;0;0;0.0;0
2020;VAE;En agglomération;cycleway;Solo (sans piéton);6;0;0;0.0;0;5;83.33;5;0;0.0;0;1;16.67;1;0;0.0;0
2020;VAE;En agglomération;cycleway;Véhicule indéterminé seulement;1;0;0;0.0;0;0;0.0;0;1;100.0;1;0;0.0;0;0;0.0;0
2020;VAE;En agglomération;living_street;Autre véhicule motorisé seulement;1;0;0;0.0;0;1;100.0;1;0;0.0;0;0;0.0;0;0;0.0;0
2020;VAE;En agglomération;primary;Autre véhicule du même catv seulement;1;0;1;100.0;1;1;100.0;1;0;0.0;0;0;0.0;0;0;0.0;0
2020;VAE;En agglomération;primary;Autre véhicule motorisé seulement;32;0;1;3.12;1;25;78.12;25;4;12.5;4;3;9.38;3;0;0.0;0
2020;VAE;En agglomération;primary;Autre véhicule non motorisé seulement;1;0;1;100.0;1;0;0.0;0;0;0.0;0;0;0.0;0;0;0.0;0
2020;VAE;En agglomération;primary;Piéton seul;3;0;3;100.0;3;0;0.0;0;0;0.0;0;0;0.0;0;0;0.0;0
2020;VAE;En agglomération;primary;Solo (sans piéton);17;0;0;0.0;0;14;82.35;14;3;17.65;3;0;0.0;0;0;0.0;0
2020;VAE;En agglomération;residential;Autre véhicule motorisé seulement;46;0;0;0.0;0;37;80.43;38;7;15.22;7;2;4.35;2;0;0.0;0
2020;VAE;En agglomération;residential;Autre véhicule non motorisé seulement;2;0;1;50.0;1;1;50.0;1;0;0.0;0;0;0.0;0;0;0.0;0
2020;VAE;En agglomération;residential;Piéton seul;4;0;3;75.0;3;1;25.0;1;0;0.0;0;0;0.0;0;0;0.0;0
2020;VAE;En agglomération;residential;Solo (sans piéton);11;0;0;0.0;0;7;63.64;7;3;27.27;3;1;9.09;1;0;0.0;0
2020;VAE;En agglomération;secondary;Autre véhicule motorisé seulement;44;0;1;2.27;1;32;72.73;33;10;22.73;10;1;2.27;1;0;0.0;0
2020;VAE;En agglomération;secondary;Autre véhicule non motorisé seulement;3;0;2;66.67;2;1;33.33;1;0;0.0;0;0;0.0;0;0;0.0;0
2020;VAE;En agglomération;secondary;Piéton seul;4;0;2;50.0;2;1;25.0;1;0;0.0;0;1;25.0;1;0;0.0;0
2020;VAE;En agglomération;secondary;Solo (sans piéton);19;0;0;0.0;0;15;78.95;15;4;21.05;4;0;0.0;0;0;0.0;0
2020;VAE;En agglomération;service;Autre véhicule motorisé seulement;8;0;0;0.0;0;6;75.0;6;2;25.0;2;0;0.0;0;0;0.0;0
2020;VAE;En agglomération;service;Piéton seul;1;0;1;100.0;1;0;0.0;0;0;0.0;0;0;0.0;0;0;0.0;0
2020;VAE;En agglomération;service;Solo (sans piéton);6;0;0;0.0;0;5;83.33;5;1;16.67;1;0;0.0;0;0;0.0;0
2020;VAE;En agglomération;tertiary;Autre véhicule motorisé seulement;28;0;1;3.57;1;19;67.86;20;8;28.57;8;0;0.0;0;0;0.0;0
2020;VAE;En agglomération;tertiary;Autre véhicule non motorisé seulement;3;0;2;66.67;2;1;33.33;1;0;0.0;0;0;0.0;0;0;0.0;0
2020;VAE;En agglomération;tertiary;Piéton seul;2;0;2;100.0;2;0;0.0;0;0;0.0;0;0;0.0;0;0;0.0;0
2020;VAE;En agglomération;tertiary;Solo (sans piéton);6;0;0;0.0;0;3;50.0;3;2;33.33;2;1;16.67;1;0;0.0;0
2020;VAE;En agglomération;tertiary;Véhicule indéterminé seulement;1;0;0;0.0;0;0;0.0;0;1;100.0;1;0;0.0;0;0;0.0;0
2020;VAE;En agglomération;unclassified;Autre véhicule motorisé seulement;9;0;0;0.0;0;8;88.89;8;1;11.11;1;0;0.0;0;0;0.0;0
2020;VAE;En agglomération;unclassified;Piéton seul;1;0;0;0.0;0;0;0.0;0;1;100.0;1;0;0.0;0;0;0.0;0
2020;VAE;En agglomération;unclassified;Solo (sans piéton);4;0;1;25.0;1;2;50.0;2;2;50.0;2;0;0.0;0;0;0.0;0
2020;VAE;Hors agglomération;cycleway;Autre véhicule motorisé seulement;2;0;0;0.0;0;0;0.0;0;1;50.0;1;1;50.0;1;0;0.0;0
2020;VAE;Hors agglomération;cycleway;Autre véhicule non motorisé seulement;1;0;0;0.0;0;0;0.0;0;1;100.0;1;0;0.0;0;0;0.0;0
2020;VAE;Hors agglomération;cycleway;Solo (sans piéton);2;0;0;0.0;0;2;100.0;2;0;0.0;0;0;0.0;0;0;0.0;0
2020;VAE;Hors agglomération;primary;Autre véhicule motorisé seulement;8;0;0;0.0;0;4;50.0;4;4;50.0;4;0;0.0;0;0;0.0;0
2020;VAE;Hors agglomération;primary;Solo (sans piéton);1;0;0;0.0;0;0;0.0;0;1;100.0;1;0;0.0;0;0;0.0;0
2020;VAE;Hors agglomération;residential;Autre véhicule motorisé seulement;1;0;0;0.0;0;1;100.0;1;0;0.0;0;0;0.0;0;0;0.0;0
2020;VAE;Hors agglomération;secondary;Autre véhicule motorisé seulement;11;0;0;0.0;0;2;18.18;2;7;63.64;7;2;18.18;2;0;0.0;0
2020;VAE;Hors agglomération;secondary;Solo (sans piéton);3;0;0;0.0;0;0;0.0;0;3;100.0;3;0;0.0;0;0;0.0;0
2020;VAE;Hors agglomération;tertiary;Autre véhicule motorisé seulement;8;0;0;0.0;0;1;12.5;1;5;62.5;5;2;25.0;2;0;0.0;0
2020;VAE;Hors agglomération;tertiary;Solo (sans piéton);9;0;0;0.0;0;0;0.0;0;9;100.0;9;0;0.0;0;0;0.0;0
2020;VAE;Hors agglomération;unclassified;Autre véhicule motorisé seulement;2;0;0;0.0;0;1;50.0;1;1;50.0;1;0;0.0;0;0;0.0;0
2020;VAE;Hors agglomération;unclassified;Piéton seul;1;0;0;0.0;0;0;0.0;0;1;100.0;1;0;0.0;0;0;0.0;0
2020;VAE;Hors agglomération;unclassified;Solo (sans piéton);3;0;0;0.0;0;1;33.33;1;1;33.33;1;1;33.33;1;0;0.0;0
2020;VELO;En agglomération;Non apparié;Autre véhicule motorisé seulement;2;0;0;0.0;0;2;100.0;2;0;0.0;0;0;0.0;0;0;0.0;0
2020;VELO;En agglomération;Non apparié;Solo (sans piéton);1;0;0;0.0;0;1;100.0;1;0;0.0;0;0;0.0;0;0;0.0;0
2020;VELO;En agglomération;cycleway;Autre véhicule du même catv seulement;9;0;3;33.33;3;8;88.89;11;3;33.33;3;0;0.0;0;0;0.0;0
2020;VELO;En agglomération;cycleway;Autre véhicule motorisé seulement;98;1;2;2.04;2;78;79.59;78;14;14.29;14;3;3.06;3;0;0.0;0
2020;VELO;En agglomération;cycleway;Autre véhicule non motorisé seulement;2;0;2;100.0;2;0;0.0;0;0;0.0;0;0;0.0;0;0;0.0;0
2020;VELO;En agglomération;cycleway;Piéton seul;21;4;10;47.62;10;5;23.81;5;2;9.52;2;0;0.0;0;0;0.0;0
2020;VELO;En agglomération;cycleway;Solo (sans piéton);18;0;0;0.0;0;15;83.33;15;1;5.56;1;2;11.11;2;0;0.0;0
2020;VELO;En agglomération;living_street;Autre véhicule du même catv seulement;2;0;1;50.0;1;2;100.0;2;0;0.0;0;0;0.0;0;0;0.0;0
2020;VELO;En agglomération;living_street;Autre véhicule motorisé seulement;25;0;0;0.0;0;24;96.0;24;1;4.0;1;0;0.0;0;0;0.0;0
2020;VELO;En agglomération;living_street;Autre véhicule non motorisé seulement;1;0;1;100.0;1;0;0.0;0;0;0.0;0;0;0.0;0;0;0.0;0
2020;VELO;En agglomération;living_street;Piéton seul;2;1;1;50.0;1;0;0.0;0;0;0.0;0;0;0.0;0;0;0.0;0
2020;VELO;En agglomération;living_street;Solo (sans piéton);2;0;0;0.0;0;2;100.0;2;0;0.0;0;0;0.0;0;0;0.0;0
2020;VELO;En agglomération;motorway;Autre véhicule motorisé seulement;1;0;0;0.0;0;1;100.0;1;0;0.0;0;0;0.0;0;0;0.0;0
2020;VELO;En agglomération;motorway;Véhicule indéterminé seulement;1;0;0;0.0;0;0;0.0;0;1;100.0;1;0;0.0;0;0;0.0;0
2020;VELO;En agglomération;primary;Autre véhicule du même catv seulement;28;0;16;57.14;16;28;100.0;39;0;0.0;0;0;0.0;0;0;0.0;0
2020;VELO;En agglomération;primary;Autre véhicule motorisé seulement;623;6;17;2.73;17;483;77.53;485;107;17.17;107;11;1.77;11;0;0.0;0
2020;VELO;En agglomération;primary;Autre véhicule non motorisé seulement;3;1;0;0.0;0;2;66.67;2;0;0.0;0;0;0.0;0;0;0.0;0
2020;VELO;En agglomération;primary;Combinaison de tiers;6;1;0;0.0;0;5;83.33;11;0;0.0;0;0;0.0;0;0;0.0;0
2020;VELO;En agglomération;primary;Piéton seul;53;7;36;67.92;36;10;18.87;10;0;0.0;0;0;0.0;0;0;0.0;0
2020;VELO;En agglomération;primary;Solo (sans piéton);81;0;0;0.0;0;66;81.48;66;14;17.28;14;1;1.23;1;0;0.0;0
2020;VELO;En agglomération;primary;Véhicule indéterminé seulement;6;0;0;0.0;0;6;100.0;6;0;0.0;0;0;0.0;0;0;0.0;0
2020;VELO;En agglomération;residential;Autre véhicule du même catv seulement;22;0;17;77.27;17;21;95.45;23;1;4.55;1;0;0.0;0;0;0.0;0
2020;VELO;En agglomération;residential;Autre véhicule motorisé seulement;851;4;14;1.65;14;675;79.32;678;156;18.33;157;7;0.82;7;0;0.0;0
2020;VELO;En agglomération;residential;Autre véhicule non motorisé seulement;3;1;0;0.0;0;1;33.33;1;0;0.0;0;1;33.33;1;0;0.0;0
2020;VELO;En agglomération;residential;Combinaison de tiers;10;2;2;20.0;2;4;40.0;5;4;40.0;4;0;0.0;0;0;0.0;0
2020;VELO;En agglomération;residential;Piéton seul;73;5;47;64.38;47;18;24.66;18;3;4.11;3;0;0.0;0;0;0.0;0
2020;VELO;En agglomération;residential;Solo (sans piéton);95;0;0;0.0;0;72;75.79;73;18;18.95;18;5;5.26;5;0;0.0;0
2020;VELO;En agglomération;residential;Véhicule indéterminé seulement;4;0;0;0.0;0;2;50.0;2;2;50.0;2;0;0.0;0;0;0.0;0
2020;VELO;En agglomération;secondary;Autre véhicule du même catv seulement;8;0;8;100.0;8;8;100.0;8;0;0.0;0;0;0.0;0;0;0.0;0
2020;VELO;En agglomération;secondary;Autre véhicule motorisé seulement;790;2;10;1.27;10;606;76.71;613;163;20.63;164;13;1.65;13;0;0.0;0
2020;VELO;En agglomération;secondary;Autre véhicule non motorisé seulement;4;0;0;0.0;0;2;50.0;2;1;25.0;1;1;25.0;1;0;0.0;0
2020;VELO;En agglomération;secondary;Combinaison de tiers;9;2;3;33.33;3;5;55.56;8;2;22.22;3;0;0.0;0;0;0.0;0
2020;VELO;En agglomération;secondary;Piéton seul;45;5;27;60.0;27;12;26.67;12;1;2.22;1;0;0.0;0;0;0.0;0
2020;VELO;En agglomération;secondary;Solo (sans piéton);85;0;0;0.0;0;54;63.53;55;23;27.06;23;8;9.41;8;0;0.0;0
2020;VELO;En agglomération;secondary;Véhicule indéterminé seulement;2;0;0;0.0;0;2;100.0;2;0;0.0;0;0;0.0;0;0;0.0;0
2020;VELO;En agglomération;service;Autre véhicule du même catv seulement;9;0;5;55.56;5;8;88.89;12;1;11.11;1;0;0.0;0;0;0.0;0
2020;VELO;En agglomération;service;Autre véhicule motorisé seulement;113;1;0;0.0;0;89;78.76;90;22;19.47;22;1;0.88;1;0;0.0;0
2020;VELO;En agglomération;service;Autre véhicule non motorisé seulement;1;0;0;0.0;0;1;100.0;1;0;0.0;0;0;0.0;0;0;0.0;0
2020;VELO;En agglomération;service;Combinaison de tiers;1;0;1;100.0;1;0;0.0;0;0;0.0;0;0;0.0;0;0;0.0;0
2020;VELO;En agglomération;service;Piéton seul;11;0;8;72.73;8;3;27.27;3;0;0.0;0;0;0.0;0;0;0.0;0
2020;VELO;En agglomération;service;Solo (sans piéton);24;0;0;0.0;0;22;91.67;22;2;8.33;2;0;0.0;0;0;0.0;0
2020;VELO;En agglomération;service;Véhicule indéterminé seulement;3;0;0;0.0;0;1;33.33;1;2;66.67;2;0;0.0;0;0;0.0;0
2020;VELO;En agglomération;tertiary;Autre véhicule du même catv seulement;9;0;2;22.22;2;7;77.78;10;3;33.33;3;0;0.0;0;0;0.0;0
2020;VELO;En agglomération;tertiary;Autre véhicule motorisé seulement;496;3;7;1.41;7;363;73.19;366;115;23.19;115;11;2.22;11;0;0.0;0
2020;VELO;En agglomération;tertiary;Autre véhicule non motorisé seulement;3;1;0;0.0;0;2;66.67;2;0;0.0;0;0;0.0;0;0;0.0;0
2020;VELO;En agglomération;tertiary;Combinaison de tiers;12;3;3;25.0;10;8;66.67;13;2;16.67;2;0;0.0;0;0;0.0;0
2020;VELO;En agglomération;tertiary;Piéton seul;33;6;18;54.55;18;7;21.21;7;2;6.06;2;0;0.0;0;0;0.0;0
2020;VELO;En agglomération;tertiary;Solo (sans piéton);64;0;0;0.0;0;40;62.5;41;20;31.25;20;4;6.25;4;0;0.0;0
2020;VELO;En agglomération;tertiary;Véhicule indéterminé seulement;4;0;0;0.0;0;3;75.0;3;1;25.0;1;0;0.0;0;0;0.0;0
2020;VELO;En agglomération;track;Autre véhicule du même catv seulement;2;0;1;50.0;1;2;100.0;2;0;0.0;0;0;0.0;0;0;0.0;0
2020;VELO;En agglomération;track;Autre véhicule motorisé seulement;4;0;0;0.0;0;4;100.0;4;0;0.0;0;0;0.0;0;0;0.0;0
2020;VELO;En agglomération;track;Piéton seul;1;0;1;100.0;1;0;0.0;0;0;0.0;0;0;0.0;0;0;0.0;0
2020;VELO;En agglomération;track;Solo (sans piéton);1;0;0;0.0;0;1;100.0;1;0;0.0;0;0;0.0;0;0;0.0;0
2020;VELO;En agglomération;trunk;Autre véhicule du même catv seulement;1;0;1;100.0;1;1;100.0;1;0;0.0;0;0;0.0;0;0;0.0;0
2020;VELO;En agglomération;trunk;Autre véhicule motorisé seulement;6;0;0;0.0;0;5;83.33;5;0;0.0;0;1;16.67;1;0;0.0;0
2020;VELO;En agglomération;unclassified;Autre véhicule du même catv seulement;14;0;8;57.14;8;11;78.57;17;3;21.43;4;0;0.0;0;0;0.0;0
2020;VELO;En agglomération;unclassified;Autre véhicule motorisé seulement;170;0;2;1.18;2;112;65.88;114;58;34.12;58;0;0.0;0;0;0.0;0
2020;VELO;En agglomération;unclassified;Combinaison de tiers;3;2;1;33.33;1;1;33.33;1;0;0.0;0;0;0.0;0;0;0.0;0
2020;VELO;En agglomération;unclassified;Piéton seul;8;0;6;75.0;7;2;25.0;2;0;0.0;0;0;0.0;0;0;0.0;0
2020;VELO;En agglomération;unclassified;Solo (sans piéton);22;0;0;0.0;0;9;40.91;9;10;45.45;10;3;13.64;3;0;0.0;0
2020;VELO;Hors agglomération;Non apparié;Autre véhicule motorisé seulement;2;0;0;0.0;0;1;50.0;1;1;50.0;1;0;0.0;0;0;0.0;0
2020;VELO;Hors agglomération;cycleway;Autre véhicule du même catv seulement;6;0;5;83.33;5;4;66.67;4;3;50.0;3;1;16.67;1;0;0.0;0
2020;VELO;Hors agglomération;cycleway;Autre véhicule motorisé seulement;10;0;0;0.0;0;4;40.0;4;6;60.0;6;0;0.0;0;0;0.0;0
2020;VELO;Hors agglomération;cycleway;Autre véhicule non motorisé seulement;1;0;0;0.0;0;1;100.0;1;0;0.0;0;0;0.0;0;0;0.0;0
2020;VELO;Hors agglomération;cycleway;Piéton seul;1;0;1;100.0;1;0;0.0;0;0;0.0;0;0;0.0;0;0;0.0;0
2020;VELO;Hors agglomération;cycleway;Solo (sans piéton);3;0;0;0.0;0;1;33.33;1;2;66.67;2;0;0.0;0;0;0.0;0
2020;VELO;Hors agglomération;motorway;Autre véhicule motorisé seulement;3;0;0;0.0;0;1;33.33;1;1;33.33;1;1;33.33;1;0;0.0;0
2020;VELO;Hors agglomération;primary;Autre véhicule du même catv seulement;1;0;0;0.0;0;1;100.0;1;1;100.0;1;0;0.0;0;0;0.0;0
2020;VELO;Hors agglomération;primary;Autre véhicule motorisé seulement;127;0;1;0.79;1;55;43.31;55;60;47.24;60;11;8.66;11;0;0.0;0
2020;VELO;Hors agglomération;primary;Combinaison de tiers;5;0;1;20.0;1;4;80.0;7;1;20.0;1;1;20.0;1;0;0.0;0
2020;VELO;Hors agglomération;primary;Piéton seul;1;0;0;0.0;0;0;0.0;0;1;100.0;1;0;0.0;0;0;0.0;0
2020;VELO;Hors agglomération;primary;Solo (sans piéton);10;0;0;0.0;0;4;40.0;4;5;50.0;5;1;10.0;1;0;0.0;0
2020;VELO;Hors agglomération;primary;Véhicule indéterminé seulement;4;0;0;0.0;0;1;25.0;1;3;75.0;3;0;0.0;0;0;0.0;0
2020;VELO;Hors agglomération;residential;Autre véhicule du même catv seulement;1;0;1;100.0;1;0;0.0;0;1;100.0;1;0;0.0;0;0;0.0;0
2020;VELO;Hors agglomération;residential;Autre véhicule motorisé seulement;25;0;0;0.0;0;13;52.0;13;11;44.0;11;1;4.0;1;0;0.0;0
2020;VELO;Hors agglomération;residential;Combinaison de tiers;2;0;0;0.0;0;1;50.0;1;2;100.0;3;0;0.0;0;0;0.0;0
2020;VELO;Hors agglomération;residential;Piéton seul;1;0;0;0.0;0;1;100.0;1;0;0.0;0;0;0.0;0;0;0.0;0
2020;VELO;Hors agglomération;residential;Solo (sans piéton);3;0;0;0.0;0;0;0.0;0;3;100.0;3;0;0.0;0;0;0.0;0
2020;VELO;Hors agglomération;secondary;Autre véhicule du même catv seulement;9;0;4;44.44;4;4;44.44;7;6;66.67;8;1;11.11;1;0;0.0;0
2020;VELO;Hors agglomération;secondary;Autre véhicule motorisé seulement;206;0;1;0.49;1;81;39.32;83;99;48.06;99;25;12.14;25;0;0.0;0
2020;VELO;Hors agglomération;secondary;Combinaison de tiers;13;1;4;30.77;4;7;53.85;8;9;69.23;11;4;30.77;6;0;0.0;0
2020;VELO;Hors agglomération;secondary;Piéton seul;3;0;2;66.67;2;0;0.0;0;1;33.33;1;0;0.0;0;0;0.0;0
2020;VELO;Hors agglomération;secondary;Solo (sans piéton);44;0;0;0.0;0;13;29.55;13;24;54.55;24;7;15.91;7;0;0.0;0
2020;VELO;Hors agglomération;secondary;Véhicule indéterminé seulement;6;0;0;0.0;0;3;50.0;3;1;16.67;1;2;33.33;2;0;0.0;0
2020;VELO;Hors agglomération;service;Autre véhicule du même catv seulement;1;0;0;0.0;0;0;0.0;0;1;100.0;1;1;100.0;1;0;0.0;0
2020;VELO;Hors agglomération;service;Autre véhicule motorisé seulement;14;0;0;0.0;0;12;85.71;12;2;14.29;2;0;0.0;0;0;0.0;0
2020;VELO;Hors agglomération;service;Solo (sans piéton);2;0;0;0.0;0;2;100.0;2;0;0.0;0;0;0.0;0;0;0.0;0
2020;VELO;Hors agglomération;tertiary;Autre véhicule du même catv seulement;5;0;3;60.0;3;3;60.0;5;3;60.0;3;0;0.0;0;0;0.0;0
2020;VELO;Hors agglomération;tertiary;Autre véhicule motorisé seulement;119;0;1;0.84;1;36;30.25;36;72;60.5;72;10;8.4;10;0;0.0;0
2020;VELO;Hors agglomération;tertiary;Combinaison de tiers;12;1;2;16.67;2;7;58.33;13;7;58.33;9;2;16.67;2;0;0.0;0
2020;VELO;Hors agglomération;tertiary;Piéton seul;1;0;0;0.0;0;1;100.0;1;0;0.0;0;0;0.0;0;0;0.0;0
2020;VELO;Hors agglomération;tertiary;Solo (sans piéton);44;0;0;0.0;0;11;25.0;11;19;43.18;19;14;31.82;14;0;0.0;0
2020;VELO;Hors agglomération;track;Autre véhicule du même catv seulement;2;0;2;100.0;2;0;0.0;0;2;100.0;2;0;0.0;0;0;0.0;0
2020;VELO;Hors agglomération;track;Autre véhicule motorisé seulement;3;0;0;0.0;0;0;0.0;0;2;66.67;2;1;33.33;1;0;0.0;0
2020;VELO;Hors agglomération;track;Combinaison de tiers;1;0;0;0.0;0;1;100.0;1;1;100.0;1;0;0.0;0;0;0.0;0
2020;VELO;Hors agglomération;track;Solo (sans piéton);3;0;0;0.0;0;0;0.0;0;2;66.67;2;1;33.33;1;0;0.0;0
2020;VELO;Hors agglomération;trunk;Autre véhicule motorisé seulement;5;0;0;0.0;0;5;100.0;5;0;0.0;0;0;0.0;0;0;0.0;0
2020;VELO;Hors agglomération;unclassified;Autre véhicule du même catv seulement;4;0;2;50.0;2;3;75.0;4;2;50.0;2;0;0.0;0;0;0.0;0
2020;VELO;Hors agglomération;unclassified;Autre véhicule motorisé seulement;49;0;0;0.0;0;14;28.57;14;33;67.35;33;2;4.08;2;0;0.0;0
2020;VELO;Hors agglomération;unclassified;Combinaison de tiers;3;0;1;33.33;1;2;66.67;2;2;66.67;2;1;33.33;1;0;0.0;0
2020;VELO;Hors agglomération;unclassified;Piéton seul;3;0;0;0.0;0;3;100.0;3;0;0.0;0;0;0.0;0;0;0.0;0
2020;VELO;Hors agglomération;unclassified;Solo (sans piéton);31;0;0;0.0;0;5;16.13;5;20;64.52;20;6;19.35;6;0;0.0;0
2021;CYCLO;Hors agglomération;Non apparié;Autre véhicule motorisé seulement;5;0;0;0.0;0;0;0.0;0;5;100.0;6;0;0.0;0;0;0.0;0
2021;CYCLO;Hors agglomération;Non apparié;Solo (sans piéton);4;0;1;25.0;1;0;0.0;0;4;100.0;4;0;0.0;0;0;0.0;0
2021;CYCLO;Hors agglomération;cycleway;Autre véhicule du même catv seulement;1;0;0;0.0;0;1;100.0;1;1;100.0;1;0;0.0;0;0;0.0;0
2021;CYCLO;Hors agglomération;cycleway;Autre véhicule motorisé seulement;2;0;0;0.0;0;2;100.0;3;0;0.0;0;0;0.0;0;0;0.0;0
2021;CYCLO;Hors agglomération;cycleway;Solo (sans piéton);2;0;0;0.0;0;0;0.0;0;2;100.0;2;0;0.0;0;0;0.0;0
2021;CYCLO;Hors agglomération;living_street;Solo (sans piéton);1;0;0;0.0;0;1;100.0;1;0;0.0;0;0;0.0;0;0;0.0;0
2021;CYCLO;Hors agglomération;motorway;Autre véhicule motorisé seulement;9;0;0;0.0;0;6;66.67;6;2;22.22;2;2;22.22;2;0;0.0;0
2021;CYCLO;Hors agglomération;motorway;Solo (sans piéton);1;0;0;0.0;0;0;0.0;0;1;100.0;1;0;0.0;0;0;0.0;0
2021;CYCLO;Hors agglomération;motorway;Véhicule indéterminé seulement;1;0;0;0.0;0;0;0.0;0;1;100.0;1;0;0.0;0;0;0.0;0
2021;CYCLO;Hors agglomération;primary;Autre véhicule du même catv seulement;2;0;1;50.0;2;1;50.0;3;1;50.0;1;0;0.0;0;0;0.0;0
2021;CYCLO;Hors agglomération;primary;Autre véhicule motorisé seulement;124;0;6;4.84;6;41;33.06;48;71;57.26;72;15;12.1;15;0;0.0;0
2021;CYCLO;Hors agglomération;primary;Autre véhicule non motorisé seulement;1;0;0;0.0;0;1;100.0;1;0;0.0;0;0;0.0;0;0;0.0;0
2021;CYCLO;Hors agglomération;primary;Combinaison de tiers;2;0;2;100.0;2;1;50.0;2;0;0.0;0;0;0.0;0;0;0.0;0
2021;CYCLO;Hors agglomération;primary;Piéton seul;1;0;1;100.0;1;0;0.0;0;0;0.0;0;0;0.0;0;0;0.0;0
2021;CYCLO;Hors agglomération;primary;Solo (sans piéton);33;0;1;3.03;1;12;36.36;12;21;63.64;22;0;0.0;0;0;0.0;0
2021;CYCLO;Hors agglomération;primary;Véhicule indéterminé seulement;2;0;0;0.0;0;2;100.0;2;0;0.0;0;0;0.0;0;0;0.0;0
2021;CYCLO;Hors agglomération;residential;Autre véhicule motorisé seulement;22;0;1;4.55;1;12;54.55;13;9;40.91;9;1;4.55;1;0;0.0;0
2021;CYCLO;Hors agglomération;residential;Piéton seul;1;0;0;0.0;0;1;100.0;1;0;0.0;0;0;0.0;0;0;0.0;0
2021;CYCLO;Hors agglomération;residential;Solo (sans piéton);8;0;0;0.0;0;6;75.0;7;3;37.5;3;0;0.0;0;0;0.0;0
2021;CYCLO;Hors agglomération;residential;Véhicule indéterminé seulement;1;0;0;0.0;0;1;100.0;2;0;0.0;0;0;0.0;0;0;0.0;0
2021;CYCLO;Hors agglomération;secondary;Autre véhicule du même catv seulement;2;0;1;50.0;1;2;100.0;2;1;50.0;1;0;0.0;0;0;0.0;0
2021;CYCLO;Hors agglomération;secondary;Autre véhicule motorisé seulement;133;0;0;0.0;0;40;30.08;44;89;66.92;90;9;6.77;9;0;0.0;0
2021;CYCLO;Hors agglomération;secondary;Autre véhicule non motorisé seulement;3;0;2;66.67;2;1;33.33;1;0;0.0;0;0;0.0;0;0;0.0;0
2021;CYCLO;Hors agglomération;secondary;Piéton seul;2;0;2;100.0;2;0;0.0;0;0;0.0;0;0;0.0;0;0;0.0;0
2021;CYCLO;Hors agglomération;secondary;Solo (sans piéton);67;0;2;2.99;2;30;44.78;31;39;58.21;41;3;4.48;3;0;0.0;0
2021;CYCLO;Hors agglomération;service;Autre véhicule motorisé seulement;12;0;0;0.0;0;7;58.33;8;5;41.67;5;0;0.0;0;0;0.0;0
2021;CYCLO;Hors agglomération;service;Piéton seul;1;0;0;0.0;0;1;100.0;1;0;0.0;0;0;0.0;0;0;0.0;0
2021;CYCLO;Hors agglomération;service;Solo (sans piéton);2;0;0;0.0;0;1;50.0;1;1;50.0;1;0;0.0;0;0;0.0;0
2021;CYCLO;Hors agglomération;tertiary;Autre véhicule du même catv seulement;7;0;4;57.14;6;3;42.86;5;5;71.43;5;1;14.29;1;0;0.0;0
2021;CYCLO;Hors agglomération;tertiary;Autre véhicule motorisé seulement;115;0;5;4.35;5;38;33.04;40;75;65.22;81;3;2.61;3;0;0.0;0
2021;CYCLO;Hors agglomération;tertiary;Autre véhicule non motorisé seulement;2;0;0;0.0;0;2;100.0;3;0;0.0;0;0;0.0;0;0;0.0;0
2021;CYCLO;Hors agglomération;tertiary;Combinaison de tiers;1;0;1;100.0;1;0;0.0;0;1;100.0;1;0;0.0;0;0;0.0;0
2021;CYCLO;Hors agglomération;tertiary;Piéton seul;2;0;1;50.0;1;1;50.0;1;0;0.0;0;0;0.0;0;0;0.0;0
2021;CYCLO;Hors agglomération;tertiary;Solo (sans piéton);83;0;6;7.23;6;36;43.37;37;43;51.81;43;7;8.43;7;0;0.0;0
2021;CYCLO;Hors agglomération;tertiary;Véhicule indéterminé seulement;1;0;0;0.0;0;1;100.0;2;0;0.0;0;0;0.0;0;0;0.0;0
2021;CYCLO;Hors agglomération;track;Autre véhicule du même catv seulement;1;0;1;100.0;1;1;100.0;1;1;100.0;3;0;0.0;0;0;0.0;0
2021;CYCLO;Hors agglomération;track;Autre véhicule motorisé seulement;9;0;0;0.0;0;2;22.22;2;7;77.78;7;1;11.11;1;0;0.0;0
2021;CYCLO;Hors agglomération;track;Solo (sans piéton);13;0;2;15.38;2;5;38.46;6;6;46.15;6;2;15.38;2;0;0.0;0
2021;CYCLO;Hors agglomération;trunk;Autre véhicule motorisé seulement;5;0;0;0.0;0;2;40.0;2;2;40.0;2;1;20.0;1;0;0.0;0
2021;CYCLO;Hors agglomération;trunk;Combinaison de tiers;1;0;1;100.0;1;0;0.0;0;1;100.0;1;0;0.0;0;0;0.0;0
2021;CYCLO;Hors agglomération;trunk;Solo (sans piéton);2;0;1;50.0;1;0;0.0;0;2;100.0;2;0;0.0;0;0;0.0;0
2021;CYCLO;Hors agglomération;unclassified;Autre véhicule du même catv seulement;3;0;1;33.33;2;2;66.67;3;2;66.67;3;0;0.0;0;0;0.0;0
2021;CYCLO;Hors agglomération;unclassified;Autre véhicule motorisé seulement;80;0;4;5.0;4;17;21.25;17;61;76.25;63;3;3.75;3;0;0.0;0
2021;CYCLO;Hors agglomération;unclassified;Autre véhicule non motorisé seulement;4;0;1;25.0;1;3;75.0;3;0;0.0;0;0;0.0;0;0;0.0;0
2021;CYCLO;Hors agglomération;unclassified;Combinaison de tiers;3;0;1;33.33;1;1;33.33;2;1;33.33;2;0;0.0;0;0;0.0;0
2021;CYCLO;Hors agglomération;unclassified;Piéton seul;1;0;0;0.0;0;1;100.0;1;0;0.0;0;0;0.0;0;0;0.0;0
2021;CYCLO;Hors agglomération;unclassified;Solo (sans piéton);49;0;6;12.24;6;14;28.57;15;35;71.43;36;2;4.08;2;0;0.0;0
2021;CYCLO;Hors agglomération;unclassified;Véhicule indéterminé seulement;1;0;0;0.0;0;0;0.0;0;1;100.0;1;0;0.0;0;0;0.0;0
2021;EDPM;En agglomération;cycleway;Autre véhicule motorisé seulement;28;0;0;0.0;0;25;89.29;26;2;7.14;2;1;3.57;1;0;0.0;0
2021;EDPM;En agglomération;cycleway;Autre véhicule non motorisé seulement;10;0;5;50.0;5;4;40.0;4;2;20.0;2;0;0.0;0;0;0.0;0
2021;EDPM;En agglomération;cycleway;Combinaison de tiers;1;0;0;0.0;0;1;100.0;2;0;0.0;0;0;0.0;0;0;0.0;0
2021;EDPM;En agglomération;cycleway;Piéton seul;8;0;7;87.5;7;1;12.5;1;0;0.0;0;0;0.0;0;0;0.0;0
2021;EDPM;En agglomération;cycleway;Solo (sans piéton);12;0;0;0.0;0;10;83.33;11;1;8.33;1;1;8.33;1;0;0.0;0
2021;EDPM;En agglomération;cycleway;Véhicule indéterminé seulement;1;0;0;0.0;0;1;100.0;1;0;0.0;0;0;0.0;0;0;0.0;0
2021;EDPM;En agglomération;living_street;Autre véhicule motorisé seulement;11;0;3;27.27;3;10;90.91;10;1;9.09;1;0;0.0;0;0;0.0;0
2021;EDPM;En agglomération;living_street;Autre véhicule non motorisé seulement;2;0;0;0.0;0;2;100.0;2;0;0.0;0;0;0.0;0;0;0.0;0
2021;EDPM;En agglomération;living_street;Piéton seul;3;0;2;66.67;2;1;33.33;1;0;0.0;0;0;0.0;0;0;0.0;0
2021;EDPM;En agglomération;living_street;Solo (sans piéton);2;0;0;0.0;0;1;50.0;2;1;50.0;1;0;0.0;0;0;0.0;0
2021;EDPM;En agglomération;motorway;Autre véhicule non motorisé seulement;1;0;0;0.0;0;0;0.0;0;1;100.0;1;0;0.0;0;0;0.0;0
2021;EDPM;En agglomération;motorway;Solo (sans piéton);1;0;0;0.0;0;1;100.0;1;0;0.0;0;0;0.0;0;0;0.0;0
2021;EDPM;En agglomération;primary;Autre véhicule du même catv seulement;5;0;5;100.0;5;5;100.0;5;0;0.0;0;0;0.0;0;0;0.0;0
2021;EDPM;En agglomération;primary;Autre véhicule motorisé seulement;183;0;4;2.19;4;157;85.79;161;24;13.11;24;3;1.64;3;0;0.0;0
2021;EDPM;En agglomération;primary;Autre véhicule non motorisé seulement;17;0;8;47.06;8;9;52.94;9;0;0.0;0;0;0.0;0;0;0.0;0
2021;EDPM;En agglomération;primary;Combinaison de tiers;4;0;1;25.0;1;3;75.0;5;0;0.0;0;1;25.0;1;0;0.0;0
2021;EDPM;En agglomération;primary;Piéton seul;28;0;25;89.29;26;3;10.71;3;0;0.0;0;0;0.0;0;0;0.0;0
2021;EDPM;En agglomération;primary;Solo (sans piéton);38;0;1;2.63;1;30;78.95;31;8;21.05;8;0;0.0;0;0;0.0;0
2021;EDPM;En agglomération;residential;Autre véhicule du même catv seulement;1;0;1;100.0;1;1;100.0;1;0;0.0;0;0;0.0;0;0;0.0;0
2021;EDPM;En agglomération;residential;Autre véhicule motorisé seulement;336;0;20;5.95;20;284;84.52;296;46;13.69;46;2;0.6;2;0;0.0;0
2021;EDPM;En agglomération;residential;Autre véhicule non motorisé seulement;7;0;3;42.86;3;4;57.14;4;0;0.0;0;0;0.0;0;0;0.0;0
2021;EDPM;En agglomération;residential;Combinaison de tiers;1;0;1;100.0;1;0;0.0;0;0;0.0;0;0;0.0;0;0;0.0;0
2021;EDPM;En agglomération;residential;Piéton seul;36;0;28;77.78;29;7;19.44;7;1;2.78;1;0;0.0;0;0;0.0;0
2021;EDPM;En agglomération;residential;Solo (sans piéton);46;0;3;6.52;3;31;67.39;32;11;23.91;11;4;8.7;4;0;0.0;0
2021;EDPM;En agglomération;secondary;Autre véhicule du même catv seulement;2;0;0;0.0;0;2;100.0;4;0;0.0;0;0;0.0;0;0;0.0;0
2021;EDPM;En agglomération;secondary;Autre véhicule motorisé seulement;222;0;5;2.25;5;183;82.43;188;36;16.22;37;4;1.8;4;0;0.0;0
2021;EDPM;En agglomération;secondary;Autre véhicule non motorisé seulement;11;0;4;36.36;4;7;63.64;7;0;0.0;0;0;0.0;0;0;0.0;0
2021;EDPM;En agglomération;secondary;Combinaison de tiers;3;0;0;0.0;0;3;100.0;3;0;0.0;0;0;0.0;0;0;0.0;0
2021;EDPM;En agglomération;secondary;Piéton seul;23;0;19;82.61;19;4;17.39;4;0;0.0;0;0;0.0;0;0;0.0;0
2021;EDPM;En agglomération;secondary;Solo (sans piéton);38;0;1;2.63;1;29;76.32;29;8;21.05;8;1;2.63;1;0;0.0;0
2021;EDPM;En agglomération;service;Autre véhicule motorisé seulement;58;0;3;5.17;3;45;77.59;46;11;18.97;12;0;0.0;0;0;0.0;0
2021;EDPM;En agglomération;service;Autre véhicule non motorisé seulement;2;0;1;50.0;1;1;50.0;1;0;0.0;0;0;0.0;0;0;0.0;0
2021;EDPM;En agglomération;service;Piéton seul;8;0;7;87.5;9;2;25.0;2;0;0.0;0;0;0.0;0;0;0.0;0
2021;EDPM;En agglomération;service;Solo (sans piéton);14;0;1;7.14;1;10;71.43;11;3;21.43;3;1;7.14;1;0;0.0;0
2021;EDPM;En agglomération;tertiary;Autre véhicule du même catv seulement;1;0;1;100.0;1;1;100.0;1;0;0.0;0;0;0.0;0;0;0.0;0
2021;EDPM;En agglomération;tertiary;Autre véhicule motorisé seulement;179;0;9;5.03;10;143;79.89;148;34;18.99;34;2;1.12;2;0;0.0;0
2021;EDPM;En agglomération;tertiary;Autre véhicule non motorisé seulement;5;0;5;100.0;5;1;20.0;1;0;0.0;0;0;0.0;0;0;0.0;0
2021;EDPM;En agglomération;tertiary;Combinaison de tiers;1;0;0;0.0;0;0;0.0;0;0;0.0;0;1;100.0;1;0;0.0;0
2021;EDPM;En agglomération;tertiary;Piéton seul;14;0;11;78.57;12;3;21.43;3;0;0.0;0;0;0.0;0;0;0.0;0
2021;EDPM;En agglomération;tertiary;Solo (sans piéton);30;0;3;10.0;3;20;66.67;20;10;33.33;10;0;0.0;0;0;0.0;0
2021;EDPM;En agglomération;trunk;Autre véhicule motorisé seulement;1;0;0;0.0;0;1;100.0;1;0;0.0;0;0;0.0;0;0;0.0;0
2021;EDPM;En agglomération;unclassified;Autre véhicule du même catv seulement;1;0;1;100.0;2;1;100.0;1;0;0.0;0;0;0.0;0;0;0.0;0
2021;EDPM;En agglomération;unclassified;Autre véhicule motorisé seulement;55;0;1;1.82;1;50;90.91;52;4;7.27;4;1;1.82;1;0;0.0;0
2021;EDPM;En agglomération;unclassified;Piéton seul;3;0;3;100.0;3;0;0.0;0;0;0.0;0;0;0.0;0;0;0.0;0
2021;EDPM;En agglomération;unclassified;Solo (sans piéton);6;0;0;0.0;0;4;66.67;4;2;33.33;2;0;0.0;0;0;0.0;0
2021;EDPM;En agglomération;unclassified;Véhicule indéterminé seulement;1;0;0;0.0;0;1;100.0;1;0;0.0;0;0;0.0;0;0;0.0;0
2021;EDPM;Hors agglomération;cycleway;Piéton seul;2;0;2;100.0;2;0;0.0;0;0;0.0;0;0;0.0;0;0;0.0;0
2021;EDPM;Hors agglomération;motorway;Autre véhicule motorisé seulement;1;0;1;100.0;1;0;0.0;0;0;0.0;0;0;0.0;0;0;0.0;0
2021;EDPM;Hors agglomération;motorway;Solo (sans piéton);1;0;0;0.0;0;1;100.0;1;0;0.0;0;0;0.0;0;0;0.0;0
2021;EDPM;Hors agglomération;primary;Autre véhicule motorisé seulement;9;0;0;0.0;0;5;55.56;5;3;33.33;3;1;11.11;1;0;0.0;0
2021;EDPM;Hors agglomération;primary;Solo (sans piéton);1;0;0;0.0;0;0;0.0;0;0;0.0;0;1;100.0;1;0;0.0;0
2021;EDPM;Hors agglomération;residential;Autre véhicule motorisé seulement;1;0;0;0.0;0;0;0.0;0;1;100.0;1;0;0.0;0;0;0.0;0
2021;EDPM;Hors agglomération;secondary;Autre véhicule motorisé seulement;4;0;0;0.0;0;1;25.0;1;3;75.0;3;0;0.0;0;0;0.0;0
2021;EDPM;Hors agglomération;secondary;Solo (sans piéton);2;0;0;0.0;0;1;50.0;1;1;50.0;1;0;0.0;0;0;0.0;0
2021;EDPM;Hors agglomération;service;Autre véhicule motorisé seulement;2;0;0;0.0;0;2;100.0;2;0;0.0;0;0;0.0;0;0;0.0;0
2021;EDPM;Hors agglomération;tertiary;Autre véhicule motorisé seulement;6;0;0;0.0;0;3;50.0;3;2;33.33;2;1;16.67;1;0;0.0;0
2021;EDPM;Hors agglomération;tertiary;Solo (sans piéton);2;0;0;0.0;0;0;0.0;0;2;100.0;2;0;0.0;0;0;0.0;0
2021;EDPM;Hors agglomération;unclassified;Autre véhicule motorisé seulement;3;0;1;33.33;1;2;66.67;2;0;0.0;0;0;0.0;0;0;0.0;0
2021;EDPM;Hors agglomération;unclassified;Combinaison de tiers;1;0;0;0.0;0;0;0.0;0;1;100.0;1;0;0.0;0;0;0.0;0
2021;EDPM;Hors agglomération;unclassified;Solo (sans piéton);1;0;0;0.0;0;1;100.0;1;0;0.0;0;0;0.0;0;0;0.0;0
2021;EDP_SANS_MOTEUR;En agglomération;cycleway;Autre véhicule motorisé seulement;4;0;0;0.0;0;4;100.0;4;0;0.0;0;0;0.0;0;0;0.0;0
2021;EDP_SANS_MOTEUR;En agglomération;cycleway;Piéton seul;1;0;1;100.0;1;0;0.0;0;0;0.0;0;0;0.0;0;0;0.0;0
2021;EDP_SANS_MOTEUR;En agglomération;cycleway;Solo (sans piéton);1;0;0;0.0;0;1;100.0;1;0;0.0;0;0;0.0;0;0;0.0;0
2021;EDP_SANS_MOTEUR;En agglomération;living_street;Autre véhicule du même catv seulement;1;0;1;100.0;1;1;100.0;1;0;0.0;0;0;0.0;0;0;0.0;0
2021;EDP_SANS_MOTEUR;En agglomération;motorway;Autre véhicule motorisé seulement;1;0;0;0.0;0;0;0.0;0;1;100.0;1;0;0.0;0;0;0.0;0
2021;EDP_SANS_MOTEUR;En agglomération;primary;Autre véhicule motorisé seulement;26;0;2;7.69;2;21;80.77;21;4;15.38;4;0;0.0;0;0;0.0;0
2021;EDP_SANS_MOTEUR;En agglomération;primary;Autre véhicule non motorisé seulement;3;0;1;33.33;1;2;66.67;2;0;0.0;0;0;0.0;0;0;0.0;0
2021;EDP_SANS_MOTEUR;En agglomération;primary;Solo (sans piéton);4;0;0;0.0;0;3;75.0;3;1;25.0;1;0;0.0;0;0;0.0;0
2021;EDP_SANS_MOTEUR;En agglomération;primary;Véhicule indéterminé seulement;1;0;0;0.0;0;0;0.0;0;1;100.0;1;0;0.0;0;0;0.0;0
2021;EDP_SANS_MOTEUR;En agglomération;residential;Autre véhicule motorisé seulement;69;0;2;2.9;2;58;84.06;59;9;13.04;9;2;2.9;2;0;0.0;0
2021;EDP_SANS_MOTEUR;En agglomération;residential;Autre véhicule non motorisé seulement;2;0;0;0.0;0;2;100.0;2;0;0.0;0;0;0.0;0;0;0.0;0
2021;EDP_SANS_MOTEUR;En agglomération;residential;Piéton seul;1;0;0;0.0;0;1;100.0;1;0;0.0;0;0;0.0;0;0;0.0;0
2021;EDP_SANS_MOTEUR;En agglomération;residential;Solo (sans piéton);7;0;0;0.0;0;5;71.43;5;2;28.57;2;0;0.0;0;0;0.0;0
2021;EDP_SANS_MOTEUR;En agglomération;residential;Véhicule indéterminé seulement;2;0;0;0.0;0;2;100.0;3;0;0.0;0;0;0.0;0;0;0.0;0
2021;EDP_SANS_MOTEUR;En agglomération;secondary;Autre véhicule motorisé seulement;35;0;3;8.57;3;28;80.0;29;5;14.29;5;1;2.86;1;0;0.0;0
2021;EDP_SANS_MOTEUR;En agglomération;secondary;Autre véhicule non motorisé seulement;2;0;0;0.0;0;2;100.0;2;0;0.0;0;0;0.0;0;0;0.0;0
2021;EDP_SANS_MOTEUR;En agglomération;secondary;Combinaison de tiers;2;0;0;0.0;0;2;100.0;2;0;0.0;0;0;0.0;0;0;0.0;0
2021;EDP_SANS_MOTEUR;En agglomération;secondary;Piéton seul;4;0;3;75.0;3;1;25.0;1;0;0.0;0;0;0.0;0;0;0.0;0
2021;EDP_SANS_MOTEUR;En agglomération;secondary;Solo (sans piéton);2;0;0;0.0;0;1;50.0;1;1;50.0;1;0;0.0;0;0;0.0;0
2021;EDP_SANS_MOTEUR;En agglomération;secondary;Véhicule indéterminé seulement;1;0;1;100.0;1;1;100.0;1;0;0.0;0;0;0.0;0;0;0.0;0
2021;EDP_SANS_MOTEUR;En agglomération;service;Autre véhicule du même catv seulement;1;0;0;0.0;0;1;100.0;1;1;100.0;1;0;0.0;0;0;0.0;0
2021;EDP_SANS_MOTEUR;En agglomération;service;Autre véhicule motorisé seulement;11;0;0;0.0;0;10;90.91;11;1;9.09;1;0;0.0;0;0;0.0;0
2021;EDP_SANS_MOTEUR;En agglomération;service;Autre véhicule non motorisé seulement;2;0;0;0.0;0;1;50.0;1;1;50.0;1;0;0.0;0;0;0.0;0
2021;EDP_SANS_MOTEUR;En agglomération;service;Solo (sans piéton);3;0;0;0.0;0;3;100.0;3;0;0.0;0;0;0.0;0;0;0.0;0
2021;EDP_SANS_MOTEUR;En agglomération;tertiary;Autre véhicule motorisé seulement;25;0;0;0.0;0;20;80.0;20;5;20.0;5;0;0.0;0;0;0.0;0
2021;EDP_SANS_MOTEUR;En agglomération;tertiary;Autre véhicule non motorisé seulement;2;0;0;0.0;0;2;100.0;2;0;0.0;0;0;0.0;0;0;0.0;0
2021;EDP_SANS_MOTEUR;En agglomération;tertiary;Combinaison de tiers;1;0;0;0.0;0;1;100.0;1;0;0.0;0;0;0.0;0;0;0.0;0
2021;EDP_SANS_MOTEUR;En agglomération;tertiary;Piéton seul;1;0;1;100.0;1;0;0.0;0;0;0.0;0;0;0.0;0;0;0.0;0
2021;EDP_SANS_MOTEUR;En agglomération;tertiary;Solo (sans piéton);4;0;0;0.0;0;4;100.0;4;0;0.0;0;0;0.0;0;0;0.0;0
2021;EDP_SANS_MOTEUR;En agglomération;unclassified;Autre véhicule motorisé seulement;8;0;0;0.0;0;7;87.5;7;1;12.5;1;0;0.0;0;0;0.0;0
2021;EDP_SANS_MOTEUR;En agglomération;unclassified;Solo (sans piéton);1;0;0;0.0;0;1;100.0;1;0;0.0;0;0;0.0;0;0;0.0;0
2021;EDP_SANS_MOTEUR;Hors agglomération;primary;Autre véhicule motorisé seulement;2;0;0;0.0;0;2;100.0;2;0;0.0;0;0;0.0;0;0;0.0;0
2021;EDP_SANS_MOTEUR;Hors agglomération;primary;Solo (sans piéton);1;0;0;0.0;0;0;0.0;0;1;100.0;1;0;0.0;0;0;0.0;0
2021;EDP_SANS_MOTEUR;Hors agglomération;secondary;Autre véhicule motorisé seulement;1;0;0;0.0;0;0;0.0;0;1;100.0;1;0;0.0;0;0;0.0;0
2021;EDP_SANS_MOTEUR;Hors agglomération;service;Autre véhicule motorisé seulement;1;0;0;0.0;0;1;100.0;1;0;0.0;0;0;0.0;0;0;0.0;0
2021;EDP_SANS_MOTEUR;Hors agglomération;unclassified;Solo (sans piéton);2;0;0;0.0;0;0;0.0;0;2;100.0;2;0;0.0;0;0;0.0;0
2021;VAE;En agglomération;cycleway;Autre véhicule motorisé seulement;8;0;2;25.0;2;5;62.5;5;2;25.0;2;0;0.0;0;0;0.0;0
2021;VAE;En agglomération;cycleway;Autre véhicule non motorisé seulement;2;0;1;50.0;1;0;0.0;0;1;50.0;1;0;0.0;0;0;0.0;0
2021;VAE;En agglomération;cycleway;Piéton seul;1;0;1;100.0;1;0;0.0;0;0;0.0;0;0;0.0;0;0;0.0;0
2021;VAE;En agglomération;cycleway;Solo (sans piéton);8;0;0;0.0;0;7;87.5;7;0;0.0;0;1;12.5;1;0;0.0;0
2021;VAE;En agglomération;living_street;Autre véhicule motorisé seulement;2;0;0;0.0;0;1;50.0;1;1;50.0;1;0;0.0;0;0;0.0;0
2021;VAE;En agglomération;living_street;Autre véhicule non motorisé seulement;1;0;1;100.0;1;0;0.0;0;0;0.0;0;0;0.0;0;0;0.0;0
2021;VAE;En agglomération;living_street;Solo (sans piéton);1;0;0;0.0;0;1;100.0;1;0;0.0;0;0;0.0;0;0;0.0;0
2021;VAE;En agglomération;primary;Autre véhicule du même catv seulement;2;0;1;50.0;1;2;100.0;4;1;50.0;1;0;0.0;0;0;0.0;0
2021;VAE;En agglomération;primary;Autre véhicule motorisé seulement;78;0;2;2.56;2;62;79.49;62;12;15.38;12;2;2.56;2;0;0.0;0
2021;VAE;En agglomération;primary;Autre véhicule non motorisé seulement;5;0;1;20.0;1;3;60.0;3;1;20.0;1;0;0.0;0;0;0.0;0
2021;VAE;En agglomération;primary;Combinaison de tiers;1;0;0;0.0;0;1;100.0;1;1;100.0;1;0;0.0;0;0;0.0;0
2021;VAE;En agglomération;primary;Piéton seul;9;0;5;55.56;6;4;44.44;4;0;0.0;0;0;0.0;0;0;0.0;0
2021;VAE;En agglomération;primary;Solo (sans piéton);6;0;0;0.0;0;6;100.0;6;0;0.0;0;0;0.0;0;0;0.0;0
2021;VAE;En agglomération;residential;Autre véhicule motorisé seulement;85;0;2;2.35;2;66;77.65;66;17;20.0;18;0;0.0;0;0;0.0;0
2021;VAE;En agglomération;residential;Autre véhicule non motorisé seulement;2;0;0;0.0;0;2;100.0;2;0;0.0;0;0;0.0;0;0;0.0;0
2021;VAE;En agglomération;residential;Piéton seul;12;0;11;91.67;11;1;8.33;1;0;0.0;0;0;0.0;0;0;0.0;0
2021;VAE;En agglomération;residential;Solo (sans piéton);17;0;0;0.0;0;12;70.59;12;3;17.65;3;2;11.76;2;0;0.0;0
2021;VAE;En agglomération;residential;Véhicule indéterminé seulement;1;0;0;0.0;0;0;0.0;0;1;100.0;1;0;0.0;0;0;0.0;0
2021;VAE;En agglomération;secondary;Autre véhicule motorisé seulement;80;0;1;1.25;1;56;70.0;56;18;22.5;18;5;6.25;5;0;0.0;0
2021;VAE;En agglomération;secondary;Autre véhicule non motorisé seulement;1;0;0;0.0;0;1;100.0;1;0;0.0;0;0;0.0;0;0;0.0;0
2021;VAE;En agglomération;secondary;Combinaison de tiers;1;0;1;100.0;2;0;0.0;0;0;0.0;0;0;0.0;0;0;0.0;0
2021;VAE;En agglomération;secondary;Piéton seul;9;0;7;77.78;7;1;11.11;1;1;11.11;1;0;0.0;0;0;0.0;0
2021;VAE;En agglomération;secondary;Solo (sans piéton);7;0;0;0.0;0;3;42.86;3;4;57.14;4;0;0.0;0;0;0.0;0
2021;VAE;En agglomération;service;Autre véhicule motorisé seulement;13;0;0;0.0;0;7;53.85;7;6;46.15;6;0;0.0;0;0;0.0;0
2021;VAE;En agglomération;service;Autre véhicule non motorisé seulement;3;0;2;66.67;2;1;33.33;1;0;0.0;0;0;0.0;0;0;0.0;0
2021;VAE;En agglomération;service;Piéton seul;1;0;1;100.0;1;0;0.0;0;0;0.0;0;0;0.0;0;0;0.0;0
2021;VAE;En agglomération;service;Solo (sans piéton);6;0;0;0.0;0;5;83.33;5;1;16.67;1;0;0.0;0;0;0.0;0
2021;VAE;En agglomération;tertiary;Autre véhicule du même catv seulement;1;0;1;100.0;1;1;100.0;1;0;0.0;0;0;0.0;0;0;0.0;0
2021;VAE;En agglomération;tertiary;Autre véhicule motorisé seulement;54;0;1;1.85;1;43;79.63;43;8;14.81;8;2;3.7;2;0;0.0;0
2021;VAE;En agglomération;tertiary;Autre véhicule non motorisé seulement;1;0;0;0.0;0;1;100.0;1;0;0.0;0;0;0.0;0;0;0.0;0
2021;VAE;En agglomération;tertiary;Piéton seul;8;0;7;87.5;8;1;12.5;1;0;0.0;0;0;0.0;0;0;0.0;0
2021;VAE;En agglomération;tertiary;Solo (sans piéton);12;0;0;0.0;0;10;83.33;10;2;16.67;2;0;0.0;0;0;0.0;0
2021;VAE;En agglomération;track;Autre véhicule motorisé seulement;1;0;0;0.0;0;0;0.0;0;1;100.0;1;0;0.0;0;0;0.0;0
2021;VAE;En agglomération;track;Solo (sans piéton);1;0;0;0.0;0;1;100.0;1;0;0.0;0;0;0.0;0;0;0.0;0
2021;VAE;En agglomération;unclassified;Autre véhicule du même catv seulement;1;0;1;100.0;1;0;0.0;0;1;100.0;1;0;0.0;0;0;0.0;0
2021;VAE;En agglomération;unclassified;Autre véhicule motorisé seulement;20;0;0;0.0;0;12;60.0;12;7;35.0;7;1;5.0;1;0;0.0;0
2021;VAE;En agglomération;unclassified;Solo (sans piéton);5;0;0;0.0;0;2;40.0;2;2;40.0;2;1;20.0;1;0;0.0;0
2021;VAE;Hors agglomération;motorway;Autre véhicule motorisé seulement;1;0;0;0.0;0;0;0.0;0;0;0.0;0;1;100.0;1;0;0.0;0
2021;VAE;Hors agglomération;primary;Autre véhicule motorisé seulement;10;0;0;0.0;0;3;30.0;3;4;40.0;4;3;30.0;3;0;0.0;0
2021;VAE;Hors agglomération;primary;Solo (sans piéton);2;0;0;0.0;0;0;0.0;0;1;50.0;1;1;50.0;1;0;0.0;0
2021;VAE;Hors agglomération;residential;Autre véhicule motorisé seulement;3;0;0;0.0;0;2;66.67;2;1;33.33;1;0;0.0;0;0;0.0;0
2021;VAE;Hors agglomération;secondary;Autre véhicule motorisé seulement;10;0;0;0.0;0;4;40.0;4;3;30.0;3;3;30.0;3;0;0.0;0
2021;VAE;Hors agglomération;secondary;Combinaison de tiers;1;0;1;100.0;1;0;0.0;0;1;100.0;1;0;0.0;0;0;0.0;0
2021;VAE;Hors agglomération;secondary;Solo (sans piéton);3;0;0;0.0;0;2;66.67;2;1;33.33;1;0;0.0;0;0;0.0;0
2021;VAE;Hors agglomération;service;Autre véhicule du même catv seulement;1;0;0;0.0;0;1;100.0;2;0;0.0;0;0;0.0;0;0;0.0;0
2021;VAE;Hors agglomération;service;Autre véhicule motorisé seulement;3;0;0;0.0;0;1;33.33;1;2;66.67;2;0;0.0;0;0;0.0;0
2021;VAE;Hors agglomération;tertiary;Autre véhicule motorisé seulement;7;0;0;0.0;0;1;14.29;1;5;71.43;5;1;14.29;1;0;0.0;0
2021;VAE;Hors agglomération;tertiary;Combinaison de tiers;2;0;0;0.0;0;2;100.0;2;0;0.0;0;0;0.0;0;0;0.0;0
2021;VAE;Hors agglomération;tertiary;Solo (sans piéton);6;0;0;0.0;0;2;33.33;2;1;16.67;1;3;50.0;3;0;0.0;0
2021;VAE;Hors agglomération;unclassified;Autre véhicule motorisé seulement;4;0;0;0.0;0;0;0.0;0;3;75.0;3;1;25.0;1;0;0.0;0
2021;VAE;Hors agglomération;unclassified;Autre véhicule non motorisé seulement;1;0;0;0.0;0;1;100.0;1;0;0.0;0;0;0.0;0;0;0.0;0
2021;VAE;Hors agglomération;unclassified;Piéton seul;1;0;0;0.0;0;1;100.0;1;0;0.0;0;0;0.0;0;0;0.0;0
2021;VAE;Hors agglomération;unclassified;Solo (sans piéton);4;0;0;0.0;0;1;25.0;1;2;50.0;2;1;25.0;1;0;0.0;0
2021;VELO;En agglomération;Non apparié;Autre véhicule du même catv seulement;1;0;0;0.0;0;1;100.0;2;0;0.0;0;0;0.0;0;0;0.0;0
2021;VELO;En agglomération;Non apparié;Autre véhicule motorisé seulement;2;0;0;0.0;0;1;50.0;1;0;0.0;0;1;50.0;1;0;0.0;0
2021;VELO;En agglomération;cycleway;Autre véhicule du même catv seulement;13;0;10;76.92;10;12;92.31;15;2;15.38;2;0;0.0;0;0;0.0;0
2021;VELO;En agglomération;cycleway;Autre véhicule motorisé seulement;131;0;5;3.82;5;100;76.34;101;22;16.79;22;4;3.05;4;0;0.0;0
2021;VELO;En agglomération;cycleway;Autre véhicule non motorisé seulement;2;0;1;50.0;1;1;50.0;1;0;0.0;0;0;0.0;0;0;0.0;0
2021;VELO;En agglomération;cycleway;Piéton seul;20;0;15;75.0;15;4;20.0;4;1;5.0;1;0;0.0;0;0;0.0;0
2021;VELO;En agglomération;cycleway;Solo (sans piéton);26;0;0;0.0;0;23;88.46;23;3;11.54;3;0;0.0;0;0;0.0;0
2021;VELO;En agglomération;living_street;Autre véhicule du même catv seulement;3;0;1;33.33;1;3;100.0;5;0;0.0;0;0;0.0;0;0;0.0;0
2021;VELO;En agglomération;living_street;Autre véhicule motorisé seulement;27;0;2;7.41;2;24;88.89;24;2;7.41;2;0;0.0;0;0;0.0;0
2021;VELO;En agglomération;living_street;Autre véhicule non motorisé seulement;1;0;0;0.0;0;1;100.0;1;0;0.0;0;0;0.0;0;0;0.0;0
2021;VELO;En agglomération;living_street;Piéton seul;7;0;6;85.71;6;1;14.29;1;0;0.0;0;0;0.0;0;0;0.0;0
2021;VELO;En agglomération;living_street;Solo (sans piéton);6;0;0;0.0;0;5;83.33;5;1;16.67;1;0;0.0;0;0;0.0;0
2021;VELO;En agglomération;motorway;Autre véhicule motorisé seulement;1;0;0;0.0;0;0;0.0;0;1;100.0;1;0;0.0;0;0;0.0;0
2021;VELO;En agglomération;primary;Autre véhicule du même catv seulement;31;0;25;80.65;25;31;100.0;37;0;0.0;0;0;0.0;0;0;0.0;0
2021;VELO;En agglomération;primary;Autre véhicule motorisé seulement;626;0;16;2.56;16;496;79.23;497;105;16.77;105;11;1.76;11;0;0.0;0
2021;VELO;En agglomération;primary;Autre véhicule non motorisé seulement;6;0;3;50.0;3;2;33.33;2;1;16.67;1;0;0.0;0;0;0.0;0
2021;VELO;En agglomération;primary;Combinaison de tiers;3;0;1;33.33;1;3;100.0;6;0;0.0;0;0;0.0;0;0;0.0;0
2021;VELO;En agglomération;primary;Piéton seul;52;0;38;73.08;38;14;26.92;14;0;0.0;0;0;0.0;0;0;0.0;0
2021;VELO;En agglomération;primary;Solo (sans piéton);81;0;0;0.0;0;67;82.72;67;12;14.81;12;2;2.47;2;0;0.0;0
2021;VELO;En agglomération;primary;Véhicule indéterminé seulement;2;0;0;0.0;0;1;50.0;1;1;50.0;1;0;0.0;0;0;0.0;0
2021;VELO;En agglomération;residential;Autre véhicule du même catv seulement;30;0;22;73.33;22;29;96.67;34;4;13.33;5;0;0.0;0;0;0.0;0
2021;VELO;En agglomération;residential;Autre véhicule motorisé seulement;939;0;26;2.77;26;740;78.81;744;171;18.21;172;10;1.06;10;0;0.0;0
2021;VELO;En agglomération;residential;Autre véhicule non motorisé seulement;4;0;4;100.0;4;0;0.0;0;0;0.0;0;0;0.0;0;0;0.0;0
2021;VELO;En agglomération;residential;Combinaison de tiers;8;0;2;25.0;2;7;87.5;11;3;37.5;3;1;12.5;1;0;0.0;0
2021;VELO;En agglomération;residential;Piéton seul;79;0;65;82.28;66;14;17.72;14;0;0.0;0;0;0.0;0;0;0.0;0
2021;VELO;En agglomération;residential;Solo (sans piéton);103;0;1;0.97;1;68;66.02;68;26;25.24;26;9;8.74;9;0;0.0;0
2021;VELO;En agglomération;residential;Véhicule indéterminé seulement;10;0;0;0.0;0;6;60.0;6;4;40.0;4;0;0.0;0;0;0.0;0
2021;VELO;En agglomération;secondary;Autre véhicule du même catv seulement;22;0;20;90.91;20;16;72.73;19;7;31.82;7;0;0.0;0;0;0.0;0
2021;VELO;En agglomération;secondary;Autre véhicule motorisé seulement;827;0;18;2.18;18;612;74.0;616;192;23.22;192;10;1.21;10;0;0.0;0
2021;VELO;En agglomération;secondary;Autre véhicule non motorisé seulement;3;0;3;100.0;3;0;0.0;0;0;0.0;0;0;0.0;0;0;0.0;0
2021;VELO;En agglomération;secondary;Combinaison de tiers;10;0;0;0.0;0;8;80.0;12;3;30.0;3;1;10.0;1;0;0.0;0
2021;VELO;En agglomération;secondary;Piéton seul;62;0;39;62.9;39;23;37.1;23;0;0.0;0;0;0.0;0;0;0.0;0
2021;VELO;En agglomération;secondary;Solo (sans piéton);71;0;2;2.82;2;54;76.06;54;16;22.54;16;1;1.41;1;0;0.0;0
2021;VELO;En agglomération;secondary;Véhicule indéterminé seulement;10;0;0;0.0;0;4;40.0;4;4;40.0;4;2;20.0;2;0;0.0;0
2021;VELO;En agglomération;service;Autre véhicule du même catv seulement;8;0;3;37.5;3;8;100.0;13;1;12.5;1;0;0.0;0;0;0.0;0
2021;VELO;En agglomération;service;Autre véhicule motorisé seulement;144;0;2;1.39;2;113;78.47;114;29;20.14;29;0;0.0;0;0;0.0;0
2021;VELO;En agglomération;service;Autre véhicule non motorisé seulement;3;0;1;33.33;1;2;66.67;2;0;0.0;0;0;0.0;0;0;0.0;0
2021;VELO;En agglomération;service;Piéton seul;11;0;8;72.73;8;3;27.27;3;0;0.0;0;0;0.0;0;0;0.0;0
2021;VELO;En agglomération;service;Solo (sans piéton);19;0;1;5.26;1;17;89.47;17;1;5.26;1;1;5.26;1;0;0.0;0
2021;VELO;En agglomération;service;Véhicule indéterminé seulement;1;0;0;0.0;0;1;100.0;1;0;0.0;0;0;0.0;0;0;0.0;0
2021;VELO;En agglomération;tertiary;Autre véhicule du même catv seulement;15;0;12;80.0;12;10;66.67;12;5;33.33;5;1;6.67;1;0;0.0;0
2021;VELO;En agglomération;tertiary;Autre véhicule motorisé seulement;624;0;15;2.4;15;466;74.68;470;138;22.12;138;8;1.28;8;0;0.0;0
2021;VELO;En agglomération;tertiary;Autre véhicule non motorisé seulement;3;0;2;66.67;2;1;33.33;1;0;0.0;0;0;0.0;0;0;0.0;0
2021;VELO;En agglomération;tertiary;Combinaison de tiers;6;0;2;33.33;2;4;66.67;5;2;33.33;2;2;33.33;2;0;0.0;0
2021;VELO;En agglomération;tertiary;Piéton seul;47;0;29;61.7;29;15;31.91;15;2;4.26;2;0;0.0;0;1;2.13;1
2021;VELO;En agglomération;tertiary;Solo (sans piéton);66;0;0;0.0;0;42;63.64;42;14;21.21;14;10;15.15;10;0;0.0;0
2021;VELO;En agglomération;tertiary;Véhicule indéterminé seulement;3;0;0;0.0;0;2;66.67;2;1;33.33;1;0;0.0;0;0;0.0;0
2021;VELO;En agglomération;track;Autre véhicule du même catv seulement;1;0;1;100.0;1;0;0.0;0;1;100.0;1;0;0.0;0;0;0.0;0
2021;VELO;En agglomération;track;Autre véhicule motorisé seulement;2;0;0;0.0;0;1;50.0;1;1;50.0;1;0;0.0;0;0;0.0;0
2021;VELO;En agglomération;track;Solo (sans piéton);4;0;0;0.0;0;2;50.0;2;1;25.0;1;1;25.0;1;0;0.0;0
2021;VELO;En agglomération;trunk;Autre véhicule motorisé seulement;7;0;0;0.0;0;5;71.43;5;1;14.29;1;1;14.29;1;0;0.0;0
2021;VELO;En agglomération;trunk;Solo (sans piéton);1;0;0;0.0;0;0;0.0;0;1;100.0;1;0;0.0;0;0;0.0;0
2021;VELO;En agglomération;unclassified;Autre véhicule du même catv seulement;4;0;2;50.0;2;4;100.0;6;0;0.0;0;0;0.0;0;0;0.0;0
2021;VELO;En agglomération;unclassified;Autre véhicule motorisé seulement;187;0;4;2.14;4;126;67.38;127;50;26.74;50;9;4.81;9;0;0.0;0
2021;VELO;En agglomération;unclassified;Combinaison de tiers;2;0;0;0.0;0;2;100.0;4;0;0.0;0;0;0.0;0;0;0.0;0
2021;VELO;En agglomération;unclassified;Piéton seul;10;0;9;90.0;9;1;10.0;1;0;0.0;0;0;0.0;0;0;0.0;0
2021;VELO;En agglomération;unclassified;Solo (sans piéton);26;0;0;0.0;0;14;53.85;14;8;30.77;8;4;15.38;4;0;0.0;0
2021;VELO;Hors agglomération;Non apparié;Autre véhicule motorisé seulement;1;0;0;0.0;0;0;0.0;0;1;100.0;1;0;0.0;0;0;0.0;0
2021;VELO;Hors agglomération;cycleway;Autre véhicule du même catv seulement;5;0;3;60.0;3;3;60.0;5;3;60.0;3;1;20.0;1;0;0.0;0
2021;VELO;Hors agglomération;cycleway;Autre véhicule motorisé seulement;14;0;0;0.0;0;6;42.86;6;6;42.86;6;2;14.29;2;0;0.0;0
2021;VELO;Hors agglomération;cycleway;Piéton seul;1;0;0;0.0;0;0;0.0;0;1;100.0;1;0;0.0;0;0;0.0;0
2021;VELO;Hors agglomération;cycleway;Solo (sans piéton);6;0;0;0.0;0;2;33.33;2;3;50.0;3;1;16.67;1;0;0.0;0
2021;VELO;Hors agglomération;motorway;Autre véhicule motorisé seulement;1;0;0;0.0;0;1;100.0;1;0;0.0;0;0;0.0;0;0;0.0;0
2021;VELO;Hors agglomération;motorway;Solo (sans piéton);1;0;0;0.0;0;0;0.0;0;1;100.0;1;0;0.0;0;0;0.0;0
2021;VELO;Hors agglomération;primary;Autre véhicule du même catv seulement;3;0;3;100.0;4;1;33.33;1;3;100.0;3;0;0.0;0;0;0.0;0
2021;VELO;Hors agglomération;primary;Autre véhicule motorisé seulement;160;0;1;0.62;1;60;37.5;60;85;53.12;85;14;8.75;14;0;0.0;0
2021;VELO;Hors agglomération;primary;Combinaison de tiers;4;0;2;50.0;4;1;25.0;2;3;75.0;7;2;50.0;2;0;0.0;0
2021;VELO;Hors agglomération;primary;Solo (sans piéton);22;0;0;0.0;0;9;40.91;9;9;40.91;9;4;18.18;4;0;0.0;0
2021;VELO;Hors agglomération;primary;Véhicule indéterminé seulement;2;0;0;0.0;0;1;50.0;1;0;0.0;0;1;50.0;1;0;0.0;0
2021;VELO;Hors agglomération;residential;Autre véhicule du même catv seulement;1;0;1;100.0;1;1;100.0;1;0;0.0;0;0;0.0;0;0;0.0;0
2021;VELO;Hors agglomération;residential;Autre véhicule motorisé seulement;25;0;0;0.0;0;13;52.0;13;11;44.0;11;1;4.0;1;0;0.0;0
2021;VELO;Hors agglomération;residential;Combinaison de tiers;1;0;0;0.0;0;0;0.0;0;1;100.0;2;0;0.0;0;0;0.0;0
2021;VELO;Hors agglomération;residential;Solo (sans piéton);2;0;0;0.0;0;1;50.0;1;1;50.0;1;0;0.0;0;0;0.0;0
2021;VELO;Hors agglomération;residential;Véhicule indéterminé seulement;1;0;0;0.0;0;1;100.0;1;0;0.0;0;0;0.0;0;0;0.0;0
2021;VELO;Hors agglomération;secondary;Autre véhicule du même catv seulement;13;0;7;53.85;7;6;46.15;11;10;76.92;11;2;15.38;2;0;0.0;0
2021;VELO;Hors agglomération;secondary;Autre véhicule motorisé seulement;197;0;1;0.51;1;71;36.04;71;100;50.76;100;25;12.69;25;0;0.0;0
2021;VELO;Hors agglomération;secondary;Combinaison de tiers;17;0;5;29.41;11;13;76.47;36;6;35.29;6;2;11.76;3;0;0.0;0
2021;VELO;Hors agglomération;secondary;Piéton seul;2;0;0;0.0;0;2;100.0;2;0;0.0;0;0;0.0;0;0;0.0;0
2021;VELO;Hors agglomération;secondary;Solo (sans piéton);41;0;0;0.0;0;13;31.71;13;20;48.78;20;8;19.51;8;0;0.0;0
2021;VELO;Hors agglomération;secondary;Véhicule indéterminé seulement;4;0;0;0.0;0;1;25.0;1;2;50.0;2;1;25.0;1;0;0.0;0
2021;VELO;Hors agglomération;service;Autre véhicule motorisé seulement;16;0;0;0.0;0;9;56.25;9;5;31.25;5;2;12.5;2;0;0.0;0
2021;VELO;Hors agglomération;service;Solo (sans piéton);1;0;0;0.0;0;0;0.0;0;1;100.0;1;0;0.0;0;0;0.0;0
2021;VELO;Hors agglomération;tertiary;Autre véhicule du même catv seulement;9;0;6;66.67;6;4;44.44;6;5;55.56;6;1;11.11;1;0;0.0;0
2021;VELO;Hors agglomération;tertiary;Autre véhicule motorisé seulement;166;0;1;0.6;3;58;34.94;58;87;52.41;87;20;12.05;20;0;0.0;0
2021;VELO;Hors agglomération;tertiary;Combinaison de tiers;10;0;0;0.0;0;7;70.0;13;3;30.0;6;2;20.0;2;0;0.0;0
2021;VELO;Hors agglomération;tertiary;Piéton seul;2;0;1;50.0;1;0;0.0;0;1;50.0;1;0;0.0;0;0;0.0;0
2021;VELO;Hors agglomération;tertiary;Solo (sans piéton);60;0;0;0.0;0;12;20.0;12;38;63.33;38;10;16.67;10;0;0.0;0
2021;VELO;Hors agglomération;tertiary;Véhicule indéterminé seulement;1;0;0;0.0;0;0;0.0;0;1;100.0;1;0;0.0;0;0;0.0;0
2021;VELO;Hors agglomération;track;Autre véhicule du même catv seulement;1;0;0;0.0;0;1;100.0;2;0;0.0;0;0;0.0;0;0;0.0;0
2021;VELO;Hors agglomération;track;Autre véhicule motorisé seulement;6;0;0;0.0;0;1;16.67;1;5;83.33;5;0;0.0;0;0;0.0;0
2021;VELO;Hors agglomération;track;Combinaison de tiers;2;0;0;0.0;0;1;50.0;1;1;50.0;1;1;50.0;2;0;0.0;0
2021;VELO;Hors agglomération;track;Solo (sans piéton);5;0;0;0.0;0;1;20.0;1;4;80.0;4;0;0.0;0;0;0.0;0
2021;VELO;Hors agglomération;trunk;Autre véhicule motorisé seulement;7;0;0;0.0;0;7;100.0;7;0;0.0;0;0;0.0;0;0;0.0;0
2021;VELO;Hors agglomération;trunk;Solo (sans piéton);1;0;0;0.0;0;0;0.0;0;0;0.0;0;1;100.0;1;0;0.0;0
2021;VELO;Hors agglomération;unclassified;Autre véhicule du même catv seulement;5;0;1;20.0;1;3;60.0;5;5;100.0;6;0;0.0;0;0;0.0;0
2021;VELO;Hors agglomération;unclassified;Autre véhicule motorisé seulement;75;0;0;0.0;0;25;33.33;25;41;54.67;41;9;12.0;9;0;0.0;0
2021;VELO;Hors agglomération;unclassified;Autre véhicule non motorisé seulement;1;0;1;100.0;1;0;0.0;0;0;0.0;0;0;0.0;0;0;0.0;0
2021;VELO;Hors agglomération;unclassified;Combinaison de tiers;4;0;3;75.0;4;3;75.0;4;2;50.0;2;0;0.0;0;0;0.0;0
2021;VELO;Hors agglomération;unclassified;Piéton seul;2;0;0;0.0;0;1;50.0;1;1;50.0;1;0;0.0;0;0;0.0;0
2021;VELO;Hors agglomération;unclassified;Solo (sans piéton);30;0;0;0.0;0;5;16.67;5;13;43.33;13;12;40.0;12;0;0.0;0
2022;CYCLO;Hors agglomération;Non apparié;Autre véhicule du même catv seulement;1;0;1;100.0;2;0;0.0;0;1;100.0;1;0;0.0;0;0;0.0;0
2022;CYCLO;Hors agglomération;Non apparié;Autre véhicule motorisé seulement;6;0;1;16.67;1;2;33.33;2;4;66.67;4;0;0.0;0;0;0.0;0
2022;CYCLO;Hors agglomération;Non apparié;Solo (sans piéton);3;0;0;0.0;0;0;0.0;0;2;66.67;2;1;33.33;1;0;0.0;0
2022;CYCLO;Hors agglomération;cycleway;Autre véhicule motorisé seulement;5;0;0;0.0;0;3;60.0;3;2;40.0;2;0;0.0;0;0;0.0;0
2022;CYCLO;Hors agglomération;cycleway;Autre véhicule non motorisé seulement;1;0;0;0.0;0;1;100.0;1;0;0.0;0;0;0.0;0;0;0.0;0
2022;CYCLO;Hors agglomération;cycleway;Solo (sans piéton);1;0;0;0.0;0;0;0.0;0;1;100.0;1;0;0.0;0;0;0.0;0
2022;CYCLO;Hors agglomération;motorway;Autre véhicule motorisé seulement;6;0;1;16.67;1;3;50.0;4;2;33.33;2;1;16.67;1;0;0.0;0
2022;CYCLO;Hors agglomération;motorway;Combinaison de tiers;1;0;0;0.0;0;0;0.0;0;1;100.0;4;0;0.0;0;0;0.0;0
2022;CYCLO;Hors agglomération;motorway;Solo (sans piéton);1;0;0;0.0;0;1;100.0;1;0;0.0;0;0;0.0;0;0;0.0;0
2022;CYCLO;Hors agglomération;primary;Autre véhicule du même catv seulement;1;0;0;0.0;0;1;100.0;2;0;0.0;0;0;0.0;0;0;0.0;0
2022;CYCLO;Hors agglomération;primary;Autre véhicule motorisé seulement;140;0;6;4.29;6;49;35.0;54;84;60.0;91;13;9.29;14;0;0.0;0
2022;CYCLO;Hors agglomération;primary;Autre véhicule non motorisé seulement;2;0;1;50.0;1;1;50.0;1;0;0.0;0;0;0.0;0;0;0.0;0
2022;CYCLO;Hors agglomération;primary;Combinaison de tiers;4;0;1;25.0;1;3;75.0;5;1;25.0;1;1;25.0;1;1;25.0;1
2022;CYCLO;Hors agglomération;primary;Piéton seul;2;0;0;0.0;0;1;50.0;1;1;50.0;1;0;0.0;0;0;0.0;0
2022;CYCLO;Hors agglomération;primary;Solo (sans piéton);46;0;2;4.35;2;17;36.96;18;22;47.83;23;7;15.22;7;0;0.0;0
2022;CYCLO;Hors agglomération;primary;Véhicule indéterminé seulement;2;0;0;0.0;0;2;100.0;3;0;0.0;0;0;0.0;0;0;0.0;0
2022;CYCLO;Hors agglomération;residential;Autre véhicule du même catv seulement;1;0;1;100.0;1;0;0.0;0;1;100.0;1;0;0.0;0;0;0.0;0
2022;CYCLO;Hors agglomération;residential;Autre véhicule motorisé seulement;19;0;1;5.26;1;9;47.37;9;10;52.63;11;0;0.0;0;0;0.0;0
2022;CYCLO;Hors agglomération;residential;Solo (sans piéton);10;0;0;0.0;0;5;50.0;5;5;50.0;5;1;10.0;1;0;0.0;0
2022;CYCLO;Hors agglomération;secondary;Autre véhicule du même catv seulement;5;0;3;60.0;4;3;60.0;4;3;60.0;3;0;0.0;0;0;0.0;0
2022;CYCLO;Hors agglomération;secondary;Autre véhicule motorisé seulement;134;0;5;3.73;5;43;32.09;46;81;60.45;87;13;9.7;13;0;0.0;0
2022;CYCLO;Hors agglomération;secondary;Autre véhicule non motorisé seulement;2;0;1;50.0;1;1;50.0;1;0;0.0;0;0;0.0;0;0;0.0;0
2022;CYCLO;Hors agglomération;secondary;Combinaison de tiers;2;0;1;50.0;1;1;50.0;2;1;50.0;1;0;0.0;0;0;0.0;0
2022;CYCLO;Hors agglomération;secondary;Solo (sans piéton);57;0;2;3.51;2;21;36.84;22;32;56.14;33;6;10.53;6;0;0.0;0
2022;CYCLO;Hors agglomération;service;Autre véhicule du même catv seulement;1;0;1;100.0;1;0;0.0;0;1;100.0;1;0;0.0;0;0;0.0;0
2022;CYCLO;Hors agglomération;service;Autre véhicule motorisé seulement;12;0;0;0.0;0;7;58.33;8;5;41.67;5;1;8.33;1;0;0.0;0
2022;CYCLO;Hors agglomération;service;Piéton seul;1;0;0;0.0;0;1;100.0;1;0;0.0;0;0;0.0;0;0;0.0;0
2022;CYCLO;Hors agglomération;service;Solo (sans piéton);3;0;0;0.0;0;3;100.0;3;0;0.0;0;0;0.0;0;0;0.0;0
2022;CYCLO;Hors agglomération;tertiary;Autre véhicule du même catv seulement;3;0;1;33.33;1;2;66.67;2;3;100.0;4;0;0.0;0;0;0.0;0
2022;CYCLO;Hors agglomération;tertiary;Autre véhicule motorisé seulement;131;0;3;2.29;3;43;32.82;45;87;66.41;90;10;7.63;10;0;0.0;0
2022;CYCLO;Hors agglomération;tertiary;Autre véhicule non motorisé seulement;3;0;2;66.67;2;0;0.0;0;1;33.33;1;0;0.0;0;0;0.0;0
2022;CYCLO;Hors agglomération;tertiary;Combinaison de tiers;1;0;0;0.0;0;0;0.0;0;1;100.0;2;0;0.0;0;0;0.0;0
2022;CYCLO;Hors agglomération;tertiary;Piéton seul;2;0;2;100.0;2;0;0.0;0;0;0.0;0;0;0.0;0;0;0.0;0
2022;CYCLO;Hors agglomération;tertiary;Solo (sans piéton);80;0;8;10.0;8;28;35.0;30;48;60.0;51;4;5.0;4;0;0.0;0
2022;CYCLO;Hors agglomération;track;Autre véhicule motorisé seulement;4;0;0;0.0;0;2;50.0;2;2;50.0;2;0;0.0;0;0;0.0;0
2022;CYCLO;Hors agglomération;track;Solo (sans piéton);8;0;1;12.5;1;5;62.5;5;3;37.5;3;0;0.0;0;0;0.0;0
2022;CYCLO;Hors agglomération;trunk;Autre véhicule motorisé seulement;9;0;0;0.0;0;2;22.22;2;6;66.67;8;2;22.22;2;0;0.0;0
2022;CYCLO;Hors agglomération;trunk;Solo (sans piéton);4;0;0;0.0;0;1;25.0;1;3;75.0;3;0;0.0;0;0;0.0;0
2022;CYCLO;Hors agglomération;unclassified;Autre véhicule du même catv seulement;3;0;1;33.33;1;2;66.67;4;2;66.67;2;0;0.0;0;0;0.0;0
2022;CYCLO;Hors agglomération;unclassified;Autre véhicule motorisé seulement;64;0;1;1.56;1;20;31.25;20;43;67.19;44;3;4.69;3;0;0.0;0
2022;CYCLO;Hors agglomération;unclassified;Combinaison de tiers;1;0;1;100.0;2;0;0.0;0;0;0.0;0;0;0.0;0;0;0.0;0
2022;CYCLO;Hors agglomération;unclassified;Piéton seul;1;0;0;0.0;0;0;0.0;0;1;100.0;1;0;0.0;0;0;0.0;0
2022;CYCLO;Hors agglomération;unclassified;Solo (sans piéton);57;0;4;7.02;4;20;35.09;21;33;57.89;34;4;7.02;4;0;0.0;0
2022;EDPM;En agglomération;Non apparié;Solo (sans piéton);1;0;0;0.0;0;1;100.0;2;0;0.0;0;0;0.0;0;0;0.0;0
2022;EDPM;En agglomération;cycleway;Autre véhicule du même catv seulement;1;0;1;100.0;1;1;100.0;1;0;0.0;0;0;0.0;0;0;0.0;0
2022;EDPM;En agglomération;cycleway;Autre véhicule motorisé seulement;45;0;2;4.44;2;38;84.44;38;7;15.56;7;0;0.0;0;0;0.0;0
2022;EDPM;En agglomération;cycleway;Autre véhicule non motorisé seulement;6;0;4;66.67;4;2;33.33;2;0;0.0;0;0;0.0;0;0;0.0;0
2022;EDPM;En agglomération;cycleway;Piéton seul;6;0;4;66.67;4;1;16.67;1;1;16.67;1;0;0.0;0;0;0.0;0
2022;EDPM;En agglomération;cycleway;Solo (sans piéton);13;0;0;0.0;0;12;92.31;12;1;7.69;1;0;0.0;0;0;0.0;0
2022;EDPM;En agglomération;cycleway;Véhicule indéterminé seulement;1;0;0;0.0;0;1;100.0;1;0;0.0;0;0;0.0;0;0;0.0;0
2022;EDPM;En agglomération;living_street;Autre véhicule motorisé seulement;10;0;0;0.0;0;6;60.0;6;4;40.0;4;0;0.0;0;0;0.0;0
2022;EDPM;En agglomération;living_street;Autre véhicule non motorisé seulement;1;0;1;100.0;1;0;0.0;0;0;0.0;0;0;0.0;0;0;0.0;0
2022;EDPM;En agglomération;living_street;Piéton seul;8;0;8;100.0;12;0;0.0;0;0;0.0;0;0;0.0;0;0;0.0;0
2022;EDPM;En agglomération;living_street;Solo (sans piéton);8;0;0;0.0;0;6;75.0;6;2;25.0;2;0;0.0;0;0;0.0;0
2022;EDPM;En agglomération;motorway;Autre véhicule motorisé seulement;1;0;0;0.0;0;0;0.0;0;0;0.0;0;1;100.0;1;0;0.0;0
2022;EDPM;En agglomération;primary;Autre véhicule du même catv seulement;2;0;1;50.0;1;2;100.0;2;1;50.0;1;0;0.0;0;0;0.0;0
2022;EDPM;En agglomération;primary;Autre véhicule motorisé seulement;277;0;12;4.33;12;227;81.95;236;40;14.44;42;7;2.53;8;0;0.0;0
2022;EDPM;En agglomération;primary;Autre véhicule non motorisé seulement;29;0;10;34.48;10;17;58.62;17;2;6.9;2;0;0.0;0;0;0.0;0
2022;EDPM;En agglomération;primary;Combinaison de tiers;1;0;0;0.0;0;1;100.0;1;0;0.0;0;0;0.0;0;0;0.0;0
2022;EDPM;En agglomération;primary;Piéton seul;39;0;30;76.92;31;9;23.08;9;0;0.0;0;0;0.0;0;0;0.0;0
2022;EDPM;En agglomération;primary;Solo (sans piéton);45;0;0;0.0;0;37;82.22;38;8;17.78;8;1;2.22;1;0;0.0;0
2022;EDPM;En agglomération;residential;Autre véhicule du même catv seulement;4;0;3;75.0;3;3;75.0;4;1;25.0;1;0;0.0;0;0;0.0;0
2022;EDPM;En agglomération;residential;Autre véhicule motorisé seulement;372;0;10;2.69;10;314;84.41;326;61;16.4;64;1;0.27;1;0;0.0;0
2022;EDPM;En agglomération;residential;Autre véhicule non motorisé seulement;25;0;12;48.0;12;11;44.0;11;2;8.0;2;0;0.0;0;0;0.0;0
2022;EDPM;En agglomération;residential;Piéton seul;37;0;32;86.49;32;4;10.81;4;0;0.0;0;0;0.0;0;1;2.7;1
2022;EDPM;En agglomération;residential;Solo (sans piéton);80;0;2;2.5;2;57;71.25;60;20;25.0;20;3;3.75;3;0;0.0;0
2022;EDPM;En agglomération;residential;Véhicule indéterminé seulement;3;0;0;0.0;0;3;100.0;3;0;0.0;0;0;0.0;0;0;0.0;0
2022;EDPM;En agglomération;secondary;Autre véhicule du même catv seulement;3;0;1;33.33;1;2;66.67;4;1;33.33;1;0;0.0;0;0;0.0;0
2022;EDPM;En agglomération;secondary;Autre véhicule motorisé seulement;331;0;9;2.72;9;274;82.78;284;49;14.8;50;5;1.51;5;0;0.0;0
2022;EDPM;En agglomération;secondary;Autre véhicule non motorisé seulement;16;0;8;50.0;8;7;43.75;7;1;6.25;1;0;0.0;0;0;0.0;0
2022;EDPM;En agglomération;secondary;Combinaison de tiers;2;0;1;50.0;1;1;50.0;1;0;0.0;0;0;0.0;0;0;0.0;0
2022;EDPM;En agglomération;secondary;Piéton seul;37;0;30;81.08;30;7;18.92;8;0;0.0;0;0;0.0;0;0;0.0;0
2022;EDPM;En agglomération;secondary;Solo (sans piéton);71;0;3;4.23;3;52;73.24;53;17;23.94;17;2;2.82;2;0;0.0;0
2022;EDPM;En agglomération;secondary;Véhicule indéterminé seulement;3;0;0;0.0;0;1;33.33;1;2;66.67;2;0;0.0;0;0;0.0;0
2022;EDPM;En agglomération;service;Autre véhicule du même catv seulement;1;0;0;0.0;0;1;100.0;2;0;0.0;0;0;0.0;0;0;0.0;0
2022;EDPM;En agglomération;service;Autre véhicule motorisé seulement;73;0;0;0.0;0;64;87.67;66;8;10.96;8;2;2.74;2;0;0.0;0
2022;EDPM;En agglomération;service;Autre véhicule non motorisé seulement;2;0;1;50.0;1;1;50.0;2;0;0.0;0;0;0.0;0;0;0.0;0
2022;EDPM;En agglomération;service;Piéton seul;9;0;7;77.78;7;2;22.22;2;0;0.0;0;0;0.0;0;0;0.0;0
2022;EDPM;En agglomération;service;Solo (sans piéton);14;0;0;0.0;0;12;85.71;12;2;14.29;2;0;0.0;0;0;0.0;0
2022;EDPM;En agglomération;service;Véhicule indéterminé seulement;1;0;0;0.0;0;1;100.0;1;0;0.0;0;0;0.0;0;0;0.0;0
2022;EDPM;En agglomération;tertiary;Autre véhicule motorisé seulement;247;0;9;3.64;10;202;81.78;208;40;16.19;40;3;1.21;3;0;0.0;0
2022;EDPM;En agglomération;tertiary;Autre véhicule non motorisé seulement;16;0;5;31.25;5;10;62.5;12;1;6.25;1;0;0.0;0;0;0.0;0
2022;EDPM;En agglomération;tertiary;Combinaison de tiers;1;0;1;100.0;1;0;0.0;0;0;0.0;0;0;0.0;0;0;0.0;0
2022;EDPM;En agglomération;tertiary;Piéton seul;29;0;25;86.21;25;4;13.79;4;0;0.0;0;0;0.0;0;0;0.0;0
2022;EDPM;En agglomération;tertiary;Solo (sans piéton);36;0;1;2.78;1;31;86.11;32;5;13.89;5;0;0.0;0;0;0.0;0
2022;EDPM;En agglomération;tertiary;Véhicule indéterminé seulement;3;0;0;0.0;0;3;100.0;3;0;0.0;0;0;0.0;0;0;0.0;0
2022;EDPM;En agglomération;track;Solo (sans piéton);1;0;0;0.0;0;1;100.0;1;0;0.0;0;0;0.0;0;0;0.0;0
2022;EDPM;En agglomération;trunk;Autre véhicule motorisé seulement;1;0;0;0.0;0;1;100.0;1;0;0.0;0;0;0.0;0;0;0.0;0
2022;EDPM;En agglomération;trunk;Autre véhicule non motorisé seulement;1;0;0;0.0;0;1;100.0;1;0;0.0;0;0;0.0;0;0;0.0;0
2022;EDPM;En agglomération;trunk;Solo (sans piéton);1;0;0;0.0;0;0;0.0;0;1;100.0;1;0;0.0;0;0;0.0;0
2022;EDPM;En agglomération;unclassified;Autre véhicule motorisé seulement;68;0;2;2.94;2;56;82.35;56;11;16.18;11;0;0.0;0;0;0.0;0
2022;EDPM;En agglomération;unclassified;Combinaison de tiers;2;0;0;0.0;0;2;100.0;2;0;0.0;0;0;0.0;0;0;0.0;0
2022;EDPM;En agglomération;unclassified;Piéton seul;4;0;4;100.0;4;0;0.0;0;0;0.0;0;0;0.0;0;0;0.0;0
2022;EDPM;En agglomération;unclassified;Solo (sans piéton);9;0;0;0.0;0;7;77.78;8;2;22.22;2;0;0.0;0;0;0.0;0
2022;EDPM;En agglomération;unclassified;Véhicule indéterminé seulement;1;0;0;0.0;0;1;100.0;1;0;0.0;0;0;0.0;0;0;0.0;0
2022;EDPM;Hors agglomération;cycleway;Autre véhicule motorisé seulement;1;0;0;0.0;0;0;0.0;0;1;100.0;1;0;0.0;0;0;0.0;0
2022;EDPM;Hors agglomération;cycleway;Autre véhicule non motorisé seulement;1;0;0;0.0;0;1;100.0;1;0;0.0;0;0;0.0;0;0;0.0;0
2022;EDPM;Hors agglomération;cycleway;Piéton seul;2;0;0;0.0;0;2;100.0;2;0;0.0;0;0;0.0;0;0;0.0;0
2022;EDPM;Hors agglomération;cycleway;Solo (sans piéton);1;0;0;0.0;0;0;0.0;0;1;100.0;1;0;0.0;0;0;0.0;0
2022;EDPM;Hors agglomération;primary;Autre véhicule motorisé seulement;12;0;0;0.0;0;5;41.67;5;4;33.33;4;3;25.0;3;0;0.0;0
2022;EDPM;Hors agglomération;primary;Solo (sans piéton);5;0;0;0.0;0;2;40.0;2;2;40.0;2;1;20.0;1;0;0.0;0
2022;EDPM;Hors agglomération;primary;Véhicule indéterminé seulement;2;0;0;0.0;0;0;0.0;0;0;0.0;0;2;100.0;2;0;0.0;0
2022;EDPM;Hors agglomération;residential;Autre véhicule motorisé seulement;4;0;0;0.0;0;3;75.0;3;1;25.0;1;0;0.0;0;0;0.0;0
2022;EDPM;Hors agglomération;residential;Solo (sans piéton);2;0;0;0.0;0;1;50.0;1;1;50.0;1;0;0.0;0;0;0.0;0
2022;EDPM;Hors agglomération;secondary;Autre véhicule motorisé seulement;17;0;0;0.0;0;10;58.82;10;5;29.41;5;2;11.76;3;0;0.0;0
2022;EDPM;Hors agglomération;secondary;Piéton seul;2;0;0;0.0;0;1;50.0;1;1;50.0;1;0;0.0;0;0;0.0;0
2022;EDPM;Hors agglomération;secondary;Solo (sans piéton);1;0;0;0.0;0;0;0.0;0;1;100.0;1;0;0.0;0;0;0.0;0
2022;EDPM;Hors agglomération;secondary;Véhicule indéterminé seulement;1;0;0;0.0;0;0;0.0;0;1;100.0;1;0;0.0;0;0;0.0;0
2022;EDPM;Hors agglomération;service;Autre véhicule motorisé seulement;3;0;0;0.0;0;3;100.0;3;0;0.0;0;0;0.0;0;0;0.0;0
2022;EDPM;Hors agglomération;service;Solo (sans piéton);1;0;0;0.0;0;1;100.0;1;0;0.0;0;0;0.0;0;0;0.0;0
2022;EDPM;Hors agglomération;tertiary;Autre véhicule motorisé seulement;8;0;0;0.0;0;4;50.0;4;4;50.0;4;0;0.0;0;0;0.0;0
2022;EDPM;Hors agglomération;tertiary;Solo (sans piéton);4;0;1;25.0;1;1;25.0;1;3;75.0;3;0;0.0;0;0;0.0;0
2022;EDPM;Hors agglomération;trunk;Autre véhicule motorisé seulement;2;0;0;0.0;0;0;0.0;0;2;100.0;2;0;0.0;0;0;0.0;0
2022;EDPM;Hors agglomération;unclassified;Autre véhicule motorisé seulement;4;0;0;0.0;0;2;50.0;2;2;50.0;2;0;0.0;0;0;0.0;0
2022;EDPM;Hors agglomération;unclassified;Solo (sans piéton);5;0;0;0.0;0;1;20.0;1;3;60.0;3;1;20.0;1;0;0.0;0
2022;EDP_SANS_MOTEUR;En agglomération;cycleway;Autre véhicule motorisé seulement;5;0;0;0.0;0;5;100.0;5;0;0.0;0;0;0.0;0;0;0.0;0
2022;EDP_SANS_MOTEUR;En agglomération;cycleway;Autre véhicule non motorisé seulement;1;0;0;0.0;0;1;100.0;1;0;0.0;0;0;0.0;0;0;0.0;0
2022;EDP_SANS_MOTEUR;En agglomération;cycleway;Piéton seul;1;0;0;0.0;0;1;100.0;1;0;0.0;0;0;0.0;0;0;0.0;0
2022;EDP_SANS_MOTEUR;En agglomération;living_street;Autre véhicule motorisé seulement;2;0;0;0.0;0;1;50.0;1;1;50.0;1;0;0.0;0;0;0.0;0
2022;EDP_SANS_MOTEUR;En agglomération;primary;Autre véhicule motorisé seulement;26;0;3;11.54;3;22;84.62;23;3;11.54;3;0;0.0;0;0;0.0;0
2022;EDP_SANS_MOTEUR;En agglomération;primary;Autre véhicule non motorisé seulement;2;0;0;0.0;0;2;100.0;2;0;0.0;0;0;0.0;0;0;0.0;0
2022;EDP_SANS_MOTEUR;En agglomération;primary;Piéton seul;2;0;2;100.0;2;0;0.0;0;0;0.0;0;0;0.0;0;0;0.0;0
2022;EDP_SANS_MOTEUR;En agglomération;primary;Solo (sans piéton);2;0;0;0.0;0;2;100.0;2;0;0.0;0;0;0.0;0;0;0.0;0
2022;EDP_SANS_MOTEUR;En agglomération;primary;Véhicule indéterminé seulement;1;0;0;0.0;0;1;100.0;1;0;0.0;0;0;0.0;0;0;0.0;0
2022;EDP_SANS_MOTEUR;En agglomération;residential;Autre véhicule motorisé seulement;60;0;1;1.67;1;48;80.0;50;11;18.33;11;0;0.0;0;0;0.0;0
2022;EDP_SANS_MOTEUR;En agglomération;residential;Autre véhicule non motorisé seulement;3;0;2;66.67;2;1;33.33;1;0;0.0;0;0;0.0;0;0;0.0;0
2022;EDP_SANS_MOTEUR;En agglomération;residential;Solo (sans piéton);5;0;0;0.0;0;5;100.0;5;0;0.0;0;0;0.0;0;0;0.0;0
2022;EDP_SANS_MOTEUR;En agglomération;secondary;Autre véhicule motorisé seulement;36;0;2;5.56;2;31;86.11;33;4;11.11;4;0;0.0;0;0;0.0;0
2022;EDP_SANS_MOTEUR;En agglomération;secondary;Autre véhicule non motorisé seulement;1;0;0;0.0;0;0;0.0;0;1;100.0;1;0;0.0;0;0;0.0;0
2022;EDP_SANS_MOTEUR;En agglomération;secondary;Combinaison de tiers;3;0;0;0.0;0;2;66.67;3;0;0.0;0;0;0.0;0;1;33.33;1
2022;EDP_SANS_MOTEUR;En agglomération;secondary;Piéton seul;2;0;1;50.0;1;0;0.0;0;1;50.0;1;0;0.0;0;0;0.0;0
2022;EDP_SANS_MOTEUR;En agglomération;secondary;Solo (sans piéton);2;0;0;0.0;0;2;100.0;2;0;0.0;0;0;0.0;0;0;0.0;0
2022;EDP_SANS_MOTEUR;En agglomération;service;Autre véhicule motorisé seulement;13;0;0;0.0;0;10;76.92;10;3;23.08;3;0;0.0;0;0;0.0;0
2022;EDP_SANS_MOTEUR;En agglomération;service;Piéton seul;1;0;1;100.0;1;0;0.0;0;0;0.0;0;0;0.0;0;0;0.0;0
2022;EDP_SANS_MOTEUR;En agglomération;service;Solo (sans piéton);1;0;0;0.0;0;1;100.0;1;0;0.0;0;0;0.0;0;0;0.0;0
2022;EDP_SANS_MOTEUR;En agglomération;tertiary;Autre véhicule motorisé seulement;15;0;0;0.0;0;10;66.67;11;5;33.33;5;0;0.0;0;0;0.0;0
2022;EDP_SANS_MOTEUR;En agglomération;tertiary;Piéton seul;1;0;1;100.0;1;0;0.0;0;0;0.0;0;0;0.0;0;0;0.0;0
2022;EDP_SANS_MOTEUR;En agglomération;tertiary;Solo (sans piéton);2;0;0;0.0;0;0;0.0;0;2;100.0;2;0;0.0;0;0;0.0;0
2022;EDP_SANS_MOTEUR;En agglomération;unclassified;Autre véhicule motorisé seulement;3;0;0;0.0;0;1;33.33;1;2;66.67;2;0;0.0;0;0;0.0;0
2022;EDP_SANS_MOTEUR;En agglomération;unclassified;Solo (sans piéton);3;0;0;0.0;0;2;66.67;2;1;33.33;1;0;0.0;0;0;0.0;0
2022;EDP_SANS_MOTEUR;Hors agglomération;primary;Autre véhicule motorisé seulement;1;0;0;0.0;0;0;0.0;0;1;100.0;1;0;0.0;0;0;0.0;0
2022;EDP_SANS_MOTEUR;Hors agglomération;primary;Autre véhicule non motorisé seulement;1;0;0;0.0;0;1;100.0;1;0;0.0;0;0;0.0;0;0;0.0;0
2022;EDP_SANS_MOTEUR;Hors agglomération;secondary;Autre véhicule motorisé seulement;1;0;0;0.0;0;1;100.0;1;0;0.0;0;0;0.0;0;0;0.0;0
2022;EDP_SANS_MOTEUR;Hors agglomération;secondary;Véhicule indéterminé seulement;1;0;0;0.0;0;1;100.0;1;0;0.0;0;0;0.0;0;0;0.0;0
2022;EDP_SANS_MOTEUR;Hors agglomération;service;Autre véhicule motorisé seulement;1;0;0;0.0;0;0;0.0;0;1;100.0;1;0;0.0;0;0;0.0;0
2022;EDP_SANS_MOTEUR;Hors agglomération;tertiary;Autre véhicule motorisé seulement;1;0;0;0.0;0;1;100.0;1;0;0.0;0;0;0.0;0;0;0.0;0
2022;EDP_SANS_MOTEUR;Hors agglomération;unclassified;Autre véhicule motorisé seulement;2;0;0;0.0;0;1;50.0;1;1;50.0;1;0;0.0;0;0;0.0;0
2022;VAE;En agglomération;Non apparié;Autre véhicule du même catv seulement;1;0;1;100.0;1;0;0.0;0;0;0.0;0;1;100.0;1;0;0.0;0
2022;VAE;En agglomération;Non apparié;Solo (sans piéton);1;0;1;100.0;1;0;0.0;0;1;100.0;1;0;0.0;0;0;0.0;0
2022;VAE;En agglomération;cycleway;Autre véhicule motorisé seulement;14;0;0;0.0;0;12;85.71;12;2;14.29;2;0;0.0;0;0;0.0;0
2022;VAE;En agglomération;cycleway;Autre véhicule non motorisé seulement;2;0;1;50.0;1;1;50.0;1;0;0.0;0;0;0.0;0;0;0.0;0
2022;VAE;En agglomération;cycleway;Piéton seul;3;0;1;33.33;1;2;66.67;2;0;0.0;0;0;0.0;0;0;0.0;0
2022;VAE;En agglomération;cycleway;Solo (sans piéton);3;0;0;0.0;0;2;66.67;2;1;33.33;1;0;0.0;0;0;0.0;0
2022;VAE;En agglomération;living_street;Autre véhicule motorisé seulement;6;0;0;0.0;0;5;83.33;5;1;16.67;1;0;0.0;0;0;0.0;0
2022;VAE;En agglomération;living_street;Autre véhicule non motorisé seulement;1;0;0;0.0;0;0;0.0;0;1;100.0;1;0;0.0;0;0;0.0;0
2022;VAE;En agglomération;living_street;Piéton seul;2;0;2;100.0;2;0;0.0;0;0;0.0;0;0;0.0;0;0;0.0;0
2022;VAE;En agglomération;living_street;Solo (sans piéton);1;0;0;0.0;0;1;100.0;1;0;0.0;0;0;0.0;0;0;0.0;0
2022;VAE;En agglomération;primary;Autre véhicule du même catv seulement;1;0;1;100.0;1;1;100.0;1;0;0.0;0;0;0.0;0;0;0.0;0
2022;VAE;En agglomération;primary;Autre véhicule motorisé seulement;90;0;3;3.33;3;68;75.56;68;18;20.0;18;4;4.44;4;0;0.0;0
2022;VAE;En agglomération;primary;Autre véhicule non motorisé seulement;8;0;5;62.5;5;4;50.0;4;0;0.0;0;0;0.0;0;0;0.0;0
2022;VAE;En agglomération;primary;Piéton seul;13;0;7;53.85;8;6;46.15;7;0;0.0;0;0;0.0;0;0;0.0;0
2022;VAE;En agglomération;primary;Solo (sans piéton);17;0;0;0.0;0;13;76.47;14;3;17.65;3;1;5.88;1;0;0.0;0
2022;VAE;En agglomération;residential;Autre véhicule du même catv seulement;3;0;2;66.67;2;2;66.67;3;1;33.33;1;0;0.0;0;0;0.0;0
2022;VAE;En agglomération;residential;Autre véhicule motorisé seulement;114;0;2;1.75;2;88;77.19;90;20;17.54;20;4;3.51;4;0;0.0;0
2022;VAE;En agglomération;residential;Autre véhicule non motorisé seulement;6;0;2;33.33;2;4;66.67;4;1;16.67;1;0;0.0;0;0;0.0;0
2022;VAE;En agglomération;residential;Piéton seul;17;0;11;64.71;11;5;29.41;5;1;5.88;1;0;0.0;0;0;0.0;0
2022;VAE;En agglomération;residential;Solo (sans piéton);10;0;1;10.0;1;8;80.0;8;2;20.0;2;0;0.0;0;0;0.0;0
2022;VAE;En agglomération;secondary;Autre véhicule du même catv seulement;3;0;3;100.0;3;3;100.0;3;0;0.0;0;0;0.0;0;0;0.0;0
2022;VAE;En agglomération;secondary;Autre véhicule motorisé seulement;97;0;4;4.12;4;74;76.29;75;14;14.43;15;6;6.19;6;0;0.0;0
2022;VAE;En agglomération;secondary;Autre véhicule non motorisé seulement;1;0;1;100.0;1;0;0.0;0;0;0.0;0;0;0.0;0;0;0.0;0
2022;VAE;En agglomération;secondary;Piéton seul;8;0;5;62.5;5;2;25.0;2;0;0.0;0;0;0.0;0;1;12.5;1
2022;VAE;En agglomération;secondary;Solo (sans piéton);11;0;0;0.0;0;8;72.73;8;3;27.27;3;0;0.0;0;0;0.0;0
2022;VAE;En agglomération;service;Autre véhicule motorisé seulement;18;0;1;5.56;1;11;61.11;11;5;27.78;5;1;5.56;1;0;0.0;0
2022;VAE;En agglomération;service;Piéton seul;2;0;1;50.0;1;1;50.0;1;0;0.0;0;0;0.0;0;0;0.0;0
2022;VAE;En agglomération;service;Solo (sans piéton);2;0;0;0.0;0;2;100.0;2;0;0.0;0;0;0.0;0;0;0.0;0
2022;VAE;En agglomération;tertiary;Autre véhicule motorisé seulement;77;0;4;5.19;5;53;68.83;54;18;23.38;18;2;2.6;2;0;0.0;0
2022;VAE;En agglomération;tertiary;Autre véhicule non motorisé seulement;4;0;0;0.0;0;4;100.0;4;0;0.0;0;0;0.0;0;0;0.0;0
2022;VAE;En agglomération;tertiary;Piéton seul;7;0;4;57.14;4;2;28.57;2;1;14.29;1;0;0.0;0;0;0.0;0
2022;VAE;En agglomération;tertiary;Solo (sans piéton);13;0;0;0.0;0;7;53.85;7;4;30.77;4;2;15.38;2;0;0.0;0
2022;VAE;En agglomération;tertiary;Véhicule indéterminé seulement;1;0;0;0.0;0;1;100.0;1;0;0.0;0;0;0.0;0;0;0.0;0
2022;VAE;En agglomération;track;Autre véhicule motorisé seulement;1;0;0;0.0;0;1;100.0;2;0;0.0;0;0;0.0;0;0;0.0;0
2022;VAE;En agglomération;trunk;Autre véhicule motorisé seulement;1;0;0;0.0;0;1;100.0;1;0;0.0;0;0;0.0;0;0;0.0;0
2022;VAE;En agglomération;unclassified;Autre véhicule motorisé seulement;16;0;0;0.0;0;11;68.75;11;4;25.0;4;1;6.25;1;0;0.0;0
2022;VAE;En agglomération;unclassified;Autre véhicule non motorisé seulement;1;0;0;0.0;0;1;100.0;1;0;0.0;0;0;0.0;0;0;0.0;0
2022;VAE;En agglomération;unclassified;Solo (sans piéton);3;0;0;0.0;0;2;66.67;2;1;33.33;1;0;0.0;0;0;0.0;0
2022;VAE;En agglomération;unclassified;Véhicule indéterminé seulement;1;0;0;0.0;0;1;100.0;1;0;0.0;0;0;0.0;0;0;0.0;0
2022;VAE;Hors agglomération;Non apparié;Piéton seul;1;0;1;100.0;1;0;0.0;0;1;100.0;2;0;0.0;0;0;0.0;0
2022;VAE;Hors agglomération;cycleway;Autre véhicule motorisé seulement;1;0;0;0.0;0;1;100.0;1;0;0.0;0;0;0.0;0;0;0.0;0
2022;VAE;Hors agglomération;cycleway;Solo (sans piéton);1;0;0;0.0;0;1;100.0;1;0;0.0;0;0;0.0;0;0;0.0;0
2022;VAE;Hors agglomération;primary;Autre véhicule motorisé seulement;21;0;0;0.0;0;8;38.1;8;10;47.62;10;3;14.29;3;0;0.0;0
2022;VAE;Hors agglomération;primary;Combinaison de tiers;1;0;0;0.0;0;1;100.0;1;0;0.0;0;0;0.0;0;0;0.0;0
2022;VAE;Hors agglomération;primary;Solo (sans piéton);1;0;0;0.0;0;0;0.0;0;0;0.0;0;1;100.0;1;0;0.0;0
2022;VAE;Hors agglomération;residential;Autre véhicule motorisé seulement;1;0;0;0.0;0;0;0.0;0;1;100.0;1;0;0.0;0;0;0.0;0
2022;VAE;Hors agglomération;residential;Solo (sans piéton);2;0;0;0.0;0;1;50.0;1;1;50.0;1;0;0.0;0;0;0.0;0
2022;VAE;Hors agglomération;secondary;Autre véhicule motorisé seulement;21;0;1;4.76;1;9;42.86;9;7;33.33;7;5;23.81;5;0;0.0;0
2022;VAE;Hors agglomération;secondary;Combinaison de tiers;1;0;1;100.0;1;1;100.0;1;0;0.0;0;0;0.0;0;0;0.0;0
2022;VAE;Hors agglomération;secondary;Solo (sans piéton);3;0;0;0.0;0;0;0.0;0;1;33.33;1;2;66.67;2;0;0.0;0
2022;VAE;Hors agglomération;service;Solo (sans piéton);1;0;0;0.0;0;0;0.0;0;0;0.0;0;1;100.0;1;0;0.0;0
2022;VAE;Hors agglomération;tertiary;Autre véhicule motorisé seulement;15;0;0;0.0;0;4;26.67;4;5;33.33;5;6;40.0;6;0;0.0;0
2022;VAE;Hors agglomération;tertiary;Combinaison de tiers;2;0;1;50.0;1;1;50.0;1;1;50.0;1;0;0.0;0;0;0.0;0
2022;VAE;Hors agglomération;tertiary;Solo (sans piéton);6;0;0;0.0;0;2;33.33;2;2;33.33;2;2;33.33;2;0;0.0;0
2022;VAE;Hors agglomération;track;Autre véhicule motorisé seulement;1;0;0;0.0;0;0;0.0;0;1;100.0;1;0;0.0;0;0;0.0;0
2022;VAE;Hors agglomération;unclassified;Autre véhicule motorisé seulement;5;0;0;0.0;0;1;20.0;1;3;60.0;4;1;20.0;1;0;0.0;0
2022;VAE;Hors agglomération;unclassified;Solo (sans piéton);6;0;0;0.0;0;0;0.0;0;5;83.33;5;1;16.67;1;0;0.0;0
2022;VELO;En agglomération;Non apparié;Autre véhicule motorisé seulement;6;0;0;0.0;0;2;33.33;2;3;50.0;3;1;16.67;1;0;0.0;0
2022;VELO;En agglomération;Non apparié;Piéton seul;1;0;1;100.0;1;0;0.0;0;0;0.0;0;0;0.0;0;0;0.0;0
2022;VELO;En agglomération;cycleway;Autre véhicule du même catv seulement;12;0;10;83.33;10;9;75.0;9;3;25.0;3;1;8.33;1;1;8.33;1
2022;VELO;En agglomération;cycleway;Autre véhicule motorisé seulement;109;0;3;2.75;3;89;81.65;90;16;14.68;16;1;0.92;1;0;0.0;0
2022;VELO;En agglomération;cycleway;Autre véhicule non motorisé seulement;3;0;1;33.33;1;2;66.67;2;0;0.0;0;0;0.0;0;0;0.0;0
2022;VELO;En agglomération;cycleway;Combinaison de tiers;2;0;2;100.0;2;2;100.0;2;0;0.0;0;0;0.0;0;0;0.0;0
2022;VELO;En agglomération;cycleway;Piéton seul;12;0;6;50.0;6;5;41.67;5;0;0.0;0;1;8.33;1;0;0.0;0
2022;VELO;En agglomération;cycleway;Solo (sans piéton);28;0;1;3.57;1;19;67.86;19;7;25.0;7;2;7.14;2;0;0.0;0
2022;VELO;En agglomération;living_street;Autre véhicule du même catv seulement;1;0;1;100.0;1;1;100.0;1;0;0.0;0;0;0.0;0;0;0.0;0
2022;VELO;En agglomération;living_street;Autre véhicule motorisé seulement;30;0;1;3.33;1;26;86.67;27;3;10.0;3;0;0.0;0;0;0.0;0
2022;VELO;En agglomération;living_street;Autre véhicule non motorisé seulement;1;0;0;0.0;0;1;100.0;1;0;0.0;0;0;0.0;0;0;0.0;0
2022;VELO;En agglomération;living_street;Piéton seul;9;0;9;100.0;9;0;0.0;0;0;0.0;0;0;0.0;0;0;0.0;0
2022;VELO;En agglomération;living_street;Solo (sans piéton);6;0;0;0.0;0;4;66.67;4;1;16.67;1;1;16.67;1;0;0.0;0
2022;VELO;En agglomération;motorway;Autre véhicule motorisé seulement;4;0;0;0.0;0;4;100.0;5;0;0.0;0;0;0.0;0;0;0.0;0
2022;VELO;En agglomération;primary;Autre véhicule du même catv seulement;21;0;17;80.95;17;20;95.24;24;1;4.76;1;0;0.0;0;0;0.0;0
2022;VELO;En agglomération;primary;Autre véhicule motorisé seulement;658;0;26;3.95;26;500;75.99;506;120;18.24;120;15;2.28;15;1;0.15;1
2022;VELO;En agglomération;primary;Autre véhicule non motorisé seulement;10;0;5;50.0;5;5;50.0;5;0;0.0;0;0;0.0;0;0;0.0;0
2022;VELO;En agglomération;primary;Combinaison de tiers;2;0;0;0.0;0;2;100.0;4;0;0.0;0;0;0.0;0;0;0.0;0
2022;VELO;En agglomération;primary;Piéton seul;57;0;49;85.96;49;7;12.28;7;1;1.75;1;0;0.0;0;0;0.0;0
2022;VELO;En agglomération;primary;Solo (sans piéton);60;0;1;1.67;1;53;88.33;55;5;8.33;5;2;3.33;2;0;0.0;0
2022;VELO;En agglomération;primary;Véhicule indéterminé seulement;8;0;1;12.5;1;6;75.0;7;1;12.5;1;0;0.0;0;0;0.0;0
2022;VELO;En agglomération;residential;Autre véhicule du même catv seulement;12;0;8;66.67;8;10;83.33;14;2;16.67;2;0;0.0;0;0;0.0;0
2022;VELO;En agglomération;residential;Autre véhicule motorisé seulement;916;0;28;3.06;28;727;79.37;732;164;17.9;164;6;0.66;6;0;0.0;0
2022;VELO;En agglomération;residential;Autre véhicule non motorisé seulement;7;0;2;28.57;2;4;57.14;4;1;14.29;1;0;0.0;0;0;0.0;0
2022;VELO;En agglomération;residential;Combinaison de tiers;15;0;5;33.33;7;8;53.33;13;4;26.67;8;0;0.0;0;1;6.67;1
2022;VELO;En agglomération;residential;Piéton seul;82;0;68;82.93;71;12;14.63;12;1;1.22;1;0;0.0;0;1;1.22;1
2022;VELO;En agglomération;residential;Solo (sans piéton);101;0;0;0.0;0;69;68.32;72;26;25.74;26;6;5.94;6;0;0.0;0
2022;VELO;En agglomération;residential;Véhicule indéterminé seulement;8;0;0;0.0;0;7;87.5;7;1;12.5;1;0;0.0;0;0;0.0;0
2022;VELO;En agglomération;secondary;Autre véhicule du même catv seulement;19;0;17;89.47;18;18;94.74;21;1;5.26;1;0;0.0;0;0;0.0;0
2022;VELO;En agglomération;secondary;Autre véhicule motorisé seulement;791;0;19;2.4;19;579;73.2;581;181;22.88;181;15;1.9;15;0;0.0;0
2022;VELO;En agglomération;secondary;Autre véhicule non motorisé seulement;2;0;1;50.0;1;0;0.0;0;1;50.0;1;0;0.0;0;0;0.0;0
2022;VELO;En agglomération;secondary;Combinaison de tiers;6;0;2;33.33;2;3;50.0;4;2;33.33;4;0;0.0;0;0;0.0;0
2022;VELO;En agglomération;secondary;Piéton seul;37;0;29;78.38;30;8;21.62;8;0;0.0;0;0;0.0;0;0;0.0;0
2022;VELO;En agglomération;secondary;Solo (sans piéton);87;0;2;2.3;2;62;71.26;62;19;21.84;19;6;6.9;6;0;0.0;0
2022;VELO;En agglomération;secondary;Véhicule indéterminé seulement;8;0;0;0.0;0;6;75.0;6;2;25.0;2;0;0.0;0;0;0.0;0
2022;VELO;En agglomération;service;Autre véhicule du même catv seulement;7;0;4;57.14;4;6;85.71;9;1;14.29;1;0;0.0;0;0;0.0;0
2022;VELO;En agglomération;service;Autre véhicule motorisé seulement;141;0;1;0.71;1;115;81.56;115;21;14.89;21;4;2.84;4;0;0.0;0
2022;VELO;En agglomération;service;Combinaison de tiers;1;0;1;100.0;2;0;0.0;0;0;0.0;0;0;0.0;0;0;0.0;0
2022;VELO;En agglomération;service;Piéton seul;14;0;10;71.43;10;4;28.57;4;0;0.0;0;0;0.0;0;0;0.0;0
2022;VELO;En agglomération;service;Solo (sans piéton);21;0;0;0.0;0;16;76.19;16;4;19.05;4;1;4.76;1;0;0.0;0
2022;VELO;En agglomération;service;Véhicule indéterminé seulement;2;0;0;0.0;0;1;50.0;1;1;50.0;1;0;0.0;0;0;0.0;0
2022;VELO;En agglomération;tertiary;Autre véhicule du même catv seulement;14;0;11;78.57;11;12;85.71;14;3;21.43;3;0;0.0;0;0;0.0;0
2022;VELO;En agglomération;tertiary;Autre véhicule motorisé seulement;560;0;15;2.68;15;406;72.5;411;130;23.21;130;12;2.14;12;0;0.0;0
2022;VELO;En agglomération;tertiary;Autre véhicule non motorisé seulement;4;0;1;25.0;1;3;75.0;3;0;0.0;0;0;0.0;0;0;0.0;0
2022;VELO;En agglomération;tertiary;Combinaison de tiers;10;0;3;30.0;3;7;70.0;10;3;30.0;3;1;10.0;1;0;0.0;0
2022;VELO;En agglomération;tertiary;Piéton seul;34;0;25;73.53;25;8;23.53;8;0;0.0;0;0;0.0;0;1;2.94;1
2022;VELO;En agglomération;tertiary;Solo (sans piéton);79;0;0;0.0;0;37;46.84;38;31;39.24;31;11;13.92;11;0;0.0;0
2022;VELO;En agglomération;tertiary;Véhicule indéterminé seulement;7;0;1;14.29;1;4;57.14;4;2;28.57;2;0;0.0;0;0;0.0;0
2022;VELO;En agglomération;track;Autre véhicule motorisé seulement;1;0;0;0.0;0;0;0.0;0;1;100.0;1;0;0.0;0;0;0.0;0
2022;VELO;En agglomération;track;Combinaison de tiers;1;0;1;100.0;2;1;100.0;1;0;0.0;0;0;0.0;0;0;0.0;0
2022;VELO;En agglomération;track;Solo (sans piéton);2;0;0;0.0;0;0;0.0;0;0;0.0;0;2;100.0;2;0;0.0;0
2022;VELO;En agglomération;trunk;Autre véhicule motorisé seulement;5;0;1;20.0;1;1;20.0;1;2;40.0;2;1;20.0;1;0;0.0;0
2022;VELO;En agglomération;trunk;Combinaison de tiers;1;0;0;0.0;0;1;100.0;2;0;0.0;0;0;0.0;0;0;0.0;0
2022;VELO;En agglomération;unclassified;Autre véhicule du même catv seulement;7;0;6;85.71;6;4;57.14;6;3;42.86;3;0;0.0;0;0;0.0;0
2022;VELO;En agglomération;unclassified;Autre véhicule motorisé seulement;166;0;4;2.41;5;124;74.7;124;38;22.89;38;2;1.2;2;0;0.0;0
2022;VELO;En agglomération;unclassified;Autre véhicule non motorisé seulement;1;0;1;100.0;1;0;0.0;0;0;0.0;0;0;0.0;0;0;0.0;0
2022;VELO;En agglomération;unclassified;Combinaison de tiers;2;0;1;50.0;1;1;50.0;2;0;0.0;0;0;0.0;0;0;0.0;0
2022;VELO;En agglomération;unclassified;Piéton seul;11;0;8;72.73;8;2;18.18;2;1;9.09;1;0;0.0;0;0;0.0;0
2022;VELO;En agglomération;unclassified;Solo (sans piéton);17;0;0;0.0;0;11;64.71;11;4;23.53;4;2;11.76;2;0;0.0;0
2022;VELO;En agglomération;unclassified;Véhicule indéterminé seulement;3;0;0;0.0;0;2;66.67;2;1;33.33;1;0;0.0;0;0;0.0;0
2022;VELO;Hors agglomération;Non apparié;Autre véhicule du même catv seulement;1;0;0;0.0;0;0;0.0;0;1;100.0;2;0;0.0;0;0;0.0;0
2022;VELO;Hors agglomération;Non apparié;Autre véhicule motorisé seulement;7;0;0;0.0;0;0;0.0;0;7;100.0;7;0;0.0;0;0;0.0;0
2022;VELO;Hors agglomération;Non apparié;Solo (sans piéton);2;0;0;0.0;0;0;0.0;0;1;50.0;1;1;50.0;1;0;0.0;0
2022;VELO;Hors agglomération;cycleway;Autre véhicule du même catv seulement;2;0;0;0.0;0;2;100.0;2;2;100.0;2;0;0.0;0;0;0.0;0
2022;VELO;Hors agglomération;cycleway;Autre véhicule motorisé seulement;7;0;0;0.0;0;6;85.71;6;1;14.29;1;0;0.0;0;0;0.0;0
2022;VELO;Hors agglomération;cycleway;Combinaison de tiers;1;0;0;0.0;0;1;100.0;2;0;0.0;0;0;0.0;0;0;0.0;0
2022;VELO;Hors agglomération;cycleway;Piéton seul;2;0;2;100.0;2;0;0.0;0;0;0.0;0;0;0.0;0;0;0.0;0
2022;VELO;Hors agglomération;cycleway;Solo (sans piéton);3;0;0;0.0;0;1;33.33;1;2;66.67;2;0;0.0;0;0;0.0;0
2022;VELO;Hors agglomération;motorway;Autre véhicule motorisé seulement;2;0;0;0.0;0;1;50.0;1;1;50.0;1;0;0.0;0;0;0.0;0
2022;VELO;Hors agglomération;motorway;Solo (sans piéton);2;0;0;0.0;0;2;100.0;2;0;0.0;0;0;0.0;0;0;0.0;0
2022;VELO;Hors agglomération;primary;Autre véhicule motorisé seulement;171;0;0;0.0;0;65;38.01;65;89;52.05;89;17;9.94;17;0;0.0;0
2022;VELO;Hors agglomération;primary;Autre véhicule non motorisé seulement;1;0;0;0.0;0;0;0.0;0;1;100.0;1;0;0.0;0;0;0.0;0
2022;VELO;Hors agglomération;primary;Combinaison de tiers;6;0;0;0.0;0;4;66.67;5;4;66.67;6;0;0.0;0;0;0.0;0
2022;VELO;Hors agglomération;primary;Piéton seul;1;0;0;0.0;0;1;100.0;1;0;0.0;0;0;0.0;0;0;0.0;0
2022;VELO;Hors agglomération;primary;Solo (sans piéton);16;0;0;0.0;0;3;18.75;3;8;50.0;8;6;37.5;6;0;0.0;0
2022;VELO;Hors agglomération;primary;Véhicule indéterminé seulement;1;0;0;0.0;0;0;0.0;0;1;100.0;1;0;0.0;0;0;0.0;0
2022;VELO;Hors agglomération;residential;Autre véhicule motorisé seulement;21;0;0;0.0;0;10;47.62;10;9;42.86;9;2;9.52;2;0;0.0;0
2022;VELO;Hors agglomération;residential;Solo (sans piéton);8;0;0;0.0;0;3;37.5;3;3;37.5;3;2;25.0;2;0;0.0;0
2022;VELO;Hors agglomération;secondary;Autre véhicule du même catv seulement;4;0;0;0.0;0;4;100.0;6;1;25.0;1;1;25.0;1;0;0.0;0
2022;VELO;Hors agglomération;secondary;Autre véhicule motorisé seulement;213;0;0;0.0;0;72;33.8;72;116;54.46;116;25;11.74;25;0;0.0;0
2022;VELO;Hors agglomération;secondary;Combinaison de tiers;6;0;0;0.0;0;3;50.0;3;4;66.67;5;3;50.0;4;0;0.0;0
2022;VELO;Hors agglomération;secondary;Piéton seul;1;0;1;100.0;1;0;0.0;0;0;0.0;0;0;0.0;0;0;0.0;0
2022;VELO;Hors agglomération;secondary;Solo (sans piéton);36;0;0;0.0;0;10;27.78;10;19;52.78;19;7;19.44;7;0;0.0;0
2022;VELO;Hors agglomération;secondary;Véhicule indéterminé seulement;4;0;0;0.0;0;3;75.0;3;1;25.0;1;0;0.0;0;0;0.0;0
2022;VELO;Hors agglomération;service;Autre véhicule du même catv seulement;1;0;1;100.0;1;0;0.0;0;1;100.0;1;0;0.0;0;0;0.0;0
2022;VELO;Hors agglomération;service;Autre véhicule motorisé seulement;9;0;0;0.0;0;7;77.78;7;2;22.22;2;0;0.0;0;0;0.0;0
2022;VELO;Hors agglomération;service;Solo (sans piéton);1;0;0;0.0;0;0;0.0;0;1;100.0;1;0;0.0;0;0;0.0;0
2022;VELO;Hors agglomération;tertiary;Autre véhicule du même catv seulement;9;0;6;66.67;8;6;66.67;8;6;66.67;6;0;0.0;0;0;0.0;0
2022;VELO;Hors agglomération;tertiary;Autre véhicule motorisé seulement;163;0;1;0.61;1;51;31.29;51;97;59.51;97;14;8.59;14;0;0.0;0
2022;VELO;Hors agglomération;tertiary;Combinaison de tiers;9;0;2;22.22;2;6;66.67;11;6;66.67;8;2;22.22;2;0;0.0;0
2022;VELO;Hors agglomération;tertiary;Piéton seul;1;0;0;0.0;0;1;100.0;1;0;0.0;0;0;0.0;0;0;0.0;0
2022;VELO;Hors agglomération;tertiary;Solo (sans piéton);42;0;0;0.0;0;3;7.14;3;22;52.38;22;17;40.48;17;0;0.0;0
2022;VELO;Hors agglomération;tertiary;Véhicule indéterminé seulement;4;0;0;0.0;0;1;25.0;1;2;50.0;2;1;25.0;1;0;0.0;0
2022;VELO;Hors agglomération;track;Autre véhicule du même catv seulement;1;0;1;100.0;1;0;0.0;0;0;0.0;0;1;100.0;1;0;0.0;0
2022;VELO;Hors agglomération;track;Autre véhicule motorisé seulement;15;0;0;0.0;0;7;46.67;7;8;53.33;8;0;0.0;0;0;0.0;0
2022;VELO;Hors agglomération;track;Combinaison de tiers;2;0;0;0.0;0;1;50.0;3;0;0.0;0;1;50.0;1;0;0.0;0
2022;VELO;Hors agglomération;track;Solo (sans piéton);11;0;0;0.0;0;2;18.18;2;5;45.45;5;5;45.45;5;0;0.0;0
2022;VELO;Hors agglomération;trunk;Autre véhicule du même catv seulement;1;0;0;0.0;0;1;100.0;1;1;100.0;1;0;0.0;0;0;0.0;0
2022;VELO;Hors agglomération;trunk;Autre véhicule motorisé seulement;8;0;0;0.0;0;3;37.5;3;4;50.0;4;1;12.5;1;0;0.0;0
2022;VELO;Hors agglomération;trunk;Combinaison de tiers;1;0;0;0.0;0;0;0.0;0;1;100.0;1;1;100.0;1;0;0.0;0
2022;VELO;Hors agglomération;trunk;Véhicule indéterminé seulement;1;0;0;0.0;0;0;0.0;0;0;0.0;0;1;100.0;1;0;0.0;0
2022;VELO;Hors agglomération;unclassified;Autre véhicule du même catv seulement;2;0;0;0.0;0;1;50.0;1;2;100.0;3;0;0.0;0;0;0.0;0
2022;VELO;Hors agglomération;unclassified;Autre véhicule motorisé seulement;64;0;1;1.56;1;21;32.81;22;37;57.81;37;5;7.81;5;0;0.0;0
2022;VELO;Hors agglomération;unclassified;Combinaison de tiers;4;0;1;25.0;1;3;75.0;4;2;50.0;2;1;25.0;1;0;0.0;0
2022;VELO;Hors agglomération;unclassified;Solo (sans piéton);23;0;0;0.0;0;4;17.39;4;13;56.52;13;6;26.09;6;0;0.0;0
2022;VELO;Hors agglomération;unclassified;Véhicule indéterminé seulement;2;0;0;0.0;0;1;50.0;1;1;50.0;1;0;0.0;0;0;0.0;0
2023;CYCLO;Hors agglomération;Non apparié;Autre véhicule motorisé seulement;10;0;1;10.0;2;4;40.0;5;6;60.0;7;1;10.0;1;0;0.0;0
2023;CYCLO;Hors agglomération;Non apparié;Solo (sans piéton);9;0;1;11.11;1;0;0.0;0;6;66.67;6;3;33.33;3;0;0.0;0
2023;CYCLO;Hors agglomération;cycleway;Autre véhicule du même catv seulement;1;0;1;100.0;1;0;0.0;0;1;100.0;1;0;0.0;0;0;0.0;0
2023;CYCLO;Hors agglomération;cycleway;Autre véhicule motorisé seulement;1;0;0;0.0;0;0;0.0;0;1;100.0;1;0;0.0;0;0;0.0;0
2023;CYCLO;Hors agglomération;motorway;Autre véhicule motorisé seulement;8;0;0;0.0;0;2;25.0;2;5;62.5;5;1;12.5;1;0;0.0;0
2023;CYCLO;Hors agglomération;motorway;Solo (sans piéton);1;0;0;0.0;0;0;0.0;0;1;100.0;1;0;0.0;0;0;0.0;0
2023;CYCLO;Hors agglomération;primary;Autre véhicule du même catv seulement;3;0;2;66.67;3;2;66.67;4;2;66.67;2;0;0.0;0;0;0.0;0
2023;CYCLO;Hors agglomération;primary;Autre véhicule motorisé seulement;127;0;8;6.3;8;44;34.65;51;72;56.69;75;13;10.24;13;0;0.0;0
2023;CYCLO;Hors agglomération;primary;Autre véhicule non motorisé seulement;1;0;1;100.0;1;0;0.0;0;0;0.0;0;0;0.0;0;0;0.0;0
2023;CYCLO;Hors agglomération;primary;Combinaison de tiers;1;0;0;0.0;0;0;0.0;0;0;0.0;0;1;100.0;1;0;0.0;0
2023;CYCLO;Hors agglomération;primary;Piéton seul;2;0;1;50.0;1;1;50.0;1;0;0.0;0;0;0.0;0;0;0.0;0
2023;CYCLO;Hors agglomération;primary;Solo (sans piéton);39;0;3;7.69;3;12;30.77;13;26;66.67;28;1;2.56;1;0;0.0;0
2023;CYCLO;Hors agglomération;primary;Véhicule indéterminé seulement;4;0;0;0.0;0;2;50.0;2;2;50.0;2;0;0.0;0;0;0.0;0
2023;CYCLO;Hors agglomération;residential;Autre véhicule du même catv seulement;2;0;1;50.0;2;0;0.0;0;2;100.0;3;0;0.0;0;0;0.0;0
2023;CYCLO;Hors agglomération;residential;Autre véhicule motorisé seulement;21;0;1;4.76;1;13;61.9;15;10;47.62;10;0;0.0;0;0;0.0;0
2023;CYCLO;Hors agglomération;residential;Piéton seul;1;0;1;100.0;1;0;0.0;0;0;0.0;0;0;0.0;0;0;0.0;0
2023;CYCLO;Hors agglomération;residential;Solo (sans piéton);18;0;1;5.56;1;9;50.0;11;8;44.44;8;1;5.56;1;0;0.0;0
2023;CYCLO;Hors agglomération;secondary;Autre véhicule du même catv seulement;5;0;3;60.0;3;3;60.0;4;4;80.0;4;0;0.0;0;0;0.0;0
2023;CYCLO;Hors agglomération;secondary;Autre véhicule motorisé seulement;141;0;2;1.42;2;47;33.33;50;88;62.41;95;13;9.22;13;0;0.0;0
2023;CYCLO;Hors agglomération;secondary;Autre véhicule non motorisé seulement;1;0;0;0.0;0;1;100.0;1;0;0.0;0;0;0.0;0;0;0.0;0
2023;CYCLO;Hors agglomération;secondary;Combinaison de tiers;1;0;0;0.0;0;1;100.0;1;1;100.0;1;0;0.0;0;0;0.0;0
2023;CYCLO;Hors agglomération;secondary;Piéton seul;2;0;2;100.0;2;0;0.0;0;1;50.0;1;0;0.0;0;0;0.0;0
2023;CYCLO;Hors agglomération;secondary;Solo (sans piéton);58;0;0;0.0;0;22;37.93;23;36;62.07;39;4;6.9;4;0;0.0;0
2023;CYCLO;Hors agglomération;secondary;Véhicule indéterminé seulement;3;0;0;0.0;0;3;100.0;3;1;33.33;1;0;0.0;0;0;0.0;0
2023;CYCLO;Hors agglomération;service;Autre véhicule du même catv seulement;2;0;0;0.0;0;2;100.0;4;1;50.0;2;0;0.0;0;0;0.0;0
2023;CYCLO;Hors agglomération;service;Autre véhicule motorisé seulement;14;0;1;7.14;1;8;57.14;10;4;28.57;4;2;14.29;2;0;0.0;0
2023;CYCLO;Hors agglomération;service;Solo (sans piéton);5;0;0;0.0;0;2;40.0;2;1;20.0;1;2;40.0;2;0;0.0;0
2023;CYCLO;Hors agglomération;tertiary;Autre véhicule du même catv seulement;7;0;4;57.14;4;5;71.43;6;4;57.14;4;0;0.0;0;0;0.0;0
2023;CYCLO;Hors agglomération;tertiary;Autre véhicule motorisé seulement;122;0;4;3.28;4;41;33.61;43;77;63.11;80;7;5.74;7;0;0.0;0
2023;CYCLO;Hors agglomération;tertiary;Autre véhicule non motorisé seulement;3;0;1;33.33;1;1;33.33;2;1;33.33;1;0;0.0;0;0;0.0;0
2023;CYCLO;Hors agglomération;tertiary;Combinaison de tiers;3;0;2;66.67;2;1;33.33;1;2;66.67;2;0;0.0;0;0;0.0;0
2023;CYCLO;Hors agglomération;tertiary;Solo (sans piéton);81;0;4;4.94;4;34;41.98;38;46;56.79;46;2;2.47;2;0;0.0;0
2023;CYCLO;Hors agglomération;tertiary;Véhicule indéterminé seulement;3;0;0;0.0;0;1;33.33;1;2;66.67;2;0;0.0;0;0;0.0;0
2023;CYCLO;Hors agglomération;track;Autre véhicule du même catv seulement;2;0;2;100.0;2;0;0.0;0;2;100.0;2;0;0.0;0;0;0.0;0
2023;CYCLO;Hors agglomération;track;Autre véhicule motorisé seulement;11;0;2;18.18;2;2;18.18;2;9;81.82;10;0;0.0;0;0;0.0;0
2023;CYCLO;Hors agglomération;track;Autre véhicule non motorisé seulement;1;0;1;100.0;1;0;0.0;0;0;0.0;0;0;0.0;0;0;0.0;0
2023;CYCLO;Hors agglomération;track;Solo (sans piéton);8;0;0;0.0;0;3;37.5;3;6;75.0;6;0;0.0;0;0;0.0;0
2023;CYCLO;Hors agglomération;trunk;Autre véhicule motorisé seulement;10;0;0;0.0;0;4;40.0;4;6;60.0;7;0;0.0;0;0;0.0;0
2023;CYCLO;Hors agglomération;trunk;Combinaison de tiers;1;0;1;100.0;2;1;100.0;1;0;0.0;0;0;0.0;0;0;0.0;0
2023;CYCLO;Hors agglomération;trunk;Piéton seul;1;0;1;100.0;1;0;0.0;0;0;0.0;0;0;0.0;0;0;0.0;0
2023;CYCLO;Hors agglomération;trunk;Solo (sans piéton);5;0;1;20.0;1;2;40.0;2;3;60.0;3;0;0.0;0;0;0.0;0
2023;CYCLO;Hors agglomération;unclassified;Autre véhicule du même catv seulement;1;0;0;0.0;0;1;100.0;1;1;100.0;1;0;0.0;0;0;0.0;0
2023;CYCLO;Hors agglomération;unclassified;Autre véhicule motorisé seulement;85;0;2;2.35;2;24;28.24;25;63;74.12;64;0;0.0;0;0;0.0;0
2023;CYCLO;Hors agglomération;unclassified;Autre véhicule non motorisé seulement;1;0;1;100.0;1;0;0.0;0;0;0.0;0;0;0.0;0;0;0.0;0
2023;CYCLO;Hors agglomération;unclassified;Piéton seul;1;0;1;100.0;1;0;0.0;0;0;0.0;0;0;0.0;0;0;0.0;0
2023;CYCLO;Hors agglomération;unclassified;Solo (sans piéton);42;0;3;7.14;3;18;42.86;18;24;57.14;24;2;4.76;2;0;0.0;0
2023;CYCLO;Hors agglomération;unclassified;Véhicule indéterminé seulement;1;0;0;0.0;0;1;100.0;1;0;0.0;0;0;0.0;0;0;0.0;0
2023;EDPM;En agglomération;cycleway;Autre véhicule du même catv seulement;3;0;0;0.0;0;3;100.0;4;2;66.67;2;0;0.0;0;0;0.0;0
2023;EDPM;En agglomération;cycleway;Autre véhicule motorisé seulement;51;0;4;7.84;4;41;80.39;42;8;15.69;8;0;0.0;0;0;0.0;0
2023;EDPM;En agglomération;cycleway;Autre véhicule non motorisé seulement;12;0;4;33.33;4;8;66.67;8;0;0.0;0;0;0.0;0;0;0.0;0
2023;EDPM;En agglomération;cycleway;Piéton seul;10;0;8;80.0;9;1;10.0;1;1;10.0;1;0;0.0;0;0;0.0;0
2023;EDPM;En agglomération;cycleway;Solo (sans piéton);17;0;0;0.0;0;11;64.71;11;5;29.41;5;1;5.88;1;0;0.0;0
2023;EDPM;En agglomération;cycleway;Véhicule indéterminé seulement;1;0;1;100.0;1;0;0.0;0;0;0.0;0;0;0.0;0;0;0.0;0
2023;EDPM;En agglomération;living_street;Autre véhicule motorisé seulement;23;0;2;8.7;2;19;82.61;19;3;13.04;3;0;0.0;0;0;0.0;0
2023;EDPM;En agglomération;living_street;Autre véhicule non motorisé seulement;2;0;1;50.0;1;1;50.0;1;0;0.0;0;0;0.0;0;0;0.0;0
2023;EDPM;En agglomération;living_street;Piéton seul;5;0;4;80.0;4;1;20.0;1;0;0.0;0;0;0.0;0;0;0.0;0
2023;EDPM;En agglomération;living_street;Solo (sans piéton);5;0;0;0.0;0;3;60.0;3;2;40.0;2;0;0.0;0;0;0.0;0
2023;EDPM;En agglomération;motorway;Autre véhicule motorisé seulement;1;0;0;0.0;0;1;100.0;1;0;0.0;0;0;0.0;0;0;0.0;0
2023;EDPM;En agglomération;primary;Autre véhicule du même catv seulement;5;0;3;60.0;3;5;100.0;7;0;0.0;0;0;0.0;0;0;0.0;0
2023;EDPM;En agglomération;primary;Autre véhicule motorisé seulement;294;0;14;4.76;14;235;79.93;246;53;18.03;54;4;1.36;4;0;0.0;0
2023;EDPM;En agglomération;primary;Autre véhicule non motorisé seulement;25;0;14;56.0;14;9;36.0;9;3;12.0;3;0;0.0;0;0;0.0;0
2023;EDPM;En agglomération;primary;Combinaison de tiers;1;0;0;0.0;0;1;100.0;2;0;0.0;0;0;0.0;0;0;0.0;0
2023;EDPM;En agglomération;primary;Piéton seul;43;0;29;67.44;30;11;25.58;12;2;4.65;2;1;2.33;1;0;0.0;0
2023;EDPM;En agglomération;primary;Solo (sans piéton);49;0;2;4.08;2;35;71.43;38;11;22.45;11;3;6.12;3;0;0.0;0
2023;EDPM;En agglomération;primary;Véhicule indéterminé seulement;2;0;0;0.0;0;1;50.0;1;1;50.0;1;0;0.0;0;0;0.0;0
2023;EDPM;En agglomération;residential;Autre véhicule du même catv seulement;6;0;6;100.0;6;6;100.0;6;0;0.0;0;0;0.0;0;0;0.0;0
2023;EDPM;En agglomération;residential;Autre véhicule motorisé seulement;481;1;24;4.99;24;404;83.99;417;68;14.14;76;3;0.62;3;0;0.0;0
2023;EDPM;En agglomération;residential;Autre véhicule non motorisé seulement;19;0;9;47.37;10;10;52.63;10;0;0.0;0;0;0.0;0;0;0.0;0
2023;EDPM;En agglomération;residential;Combinaison de tiers;3;0;0;0.0;0;3;100.0;3;0;0.0;0;0;0.0;0;0;0.0;0
2023;EDPM;En agglomération;residential;Piéton seul;81;0;69;85.19;72;9;11.11;9;1;1.23;1;0;0.0;0;2;2.47;2
2023;EDPM;En agglomération;residential;Solo (sans piéton);94;0;3;3.19;3;69;73.4;72;23;24.47;23;2;2.13;2;0;0.0;0
2023;EDPM;En agglomération;residential;Véhicule indéterminé seulement;5;0;0;0.0;0;4;80.0;4;1;20.0;1;0;0.0;0;0;0.0;0
2023;EDPM;En agglomération;secondary;Autre véhicule du même catv seulement;1;0;0;0.0;0;1;100.0;2;0;0.0;0;0;0.0;0;0;0.0;0
2023;EDPM;En agglomération;secondary;Autre véhicule motorisé seulement;366;0;12;3.28;12;287;78.42;298;66;18.03;68;10;2.73;10;0;0.0;0
2023;EDPM;En agglomération;secondary;Autre véhicule non motorisé seulement;12;0;7;58.33;8;4;33.33;4;1;8.33;1;0;0.0;0;0;0.0;0
2023;EDPM;En agglomération;secondary;Combinaison de tiers;1;0;1;100.0;1;0;0.0;0;0;0.0;0;0;0.0;0;0;0.0;0
2023;EDPM;En agglomération;secondary;Piéton seul;38;0;30;78.95;33;8;21.05;8;0;0.0;0;0;0.0;0;0;0.0;0
2023;EDPM;En agglomération;secondary;Solo (sans piéton);54;0;1;1.85;1;38;70.37;38;14;25.93;14;2;3.7;2;0;0.0;0
2023;EDPM;En agglomération;secondary;Véhicule indéterminé seulement;4;0;0;0.0;0;4;100.0;4;0;0.0;0;0;0.0;0;0;0.0;0
2023;EDPM;En agglomération;service;Autre véhicule motorisé seulement;95;0;4;4.21;4;75;78.95;77;18;18.95;19;0;0.0;0;0;0.0;0
2023;EDPM;En agglomération;service;Autre véhicule non motorisé seulement;6;0;3;50.0;3;3;50.0;3;0;0.0;0;0;0.0;0;0;0.0;0
2023;EDPM;En agglomération;service;Piéton seul;17;0;15;88.24;15;1;5.88;1;0;0.0;0;0;0.0;0;1;5.88;1
2023;EDPM;En agglomération;service;Solo (sans piéton);15;0;1;6.67;1;11;73.33;11;4;26.67;4;0;0.0;0;0;0.0;0
2023;EDPM;En agglomération;service;Véhicule indéterminé seulement;2;0;0;0.0;0;2;100.0;2;0;0.0;0;0;0.0;0;0;0.0;0
2023;EDPM;En agglomération;tertiary;Autre véhicule du même catv seulement;3;0;2;66.67;2;2;66.67;3;1;33.33;2;0;0.0;0;0;0.0;0
2023;EDPM;En agglomération;tertiary;Autre véhicule motorisé seulement;253;0;12;4.74;13;206;81.42;214;43;17.0;43;2;0.79;2;0;0.0;0
2023;EDPM;En agglomération;tertiary;Autre véhicule non motorisé seulement;5;0;3;60.0;4;2;40.0;2;0;0.0;0;0;0.0;0;0;0.0;0
2023;EDPM;En agglomération;tertiary;Combinaison de tiers;2;0;1;50.0;1;0;0.0;0;1;50.0;1;0;0.0;0;0;0.0;0
2023;EDPM;En agglomération;tertiary;Piéton seul;31;0;25;80.65;25;6;19.35;6;0;0.0;0;0;0.0;0;0;0.0;0
2023;EDPM;En agglomération;tertiary;Solo (sans piéton);56;0;6;10.71;6;36;64.29;36;17;30.36;17;3;5.36;3;0;0.0;0
2023;EDPM;En agglomération;tertiary;Véhicule indéterminé seulement;2;0;0;0.0;0;1;50.0;1;0;0.0;0;1;50.0;1;0;0.0;0
2023;EDPM;En agglomération;track;Autre véhicule motorisé seulement;1;0;0;0.0;0;1;100.0;1;0;0.0;0;0;0.0;0;0;0.0;0
2023;EDPM;En agglomération;trunk;Autre véhicule motorisé seulement;2;0;0;0.0;0;2;100.0;2;0;0.0;0;0;0.0;0;0;0.0;0
2023;EDPM;En agglomération;unclassified;Autre véhicule du même catv seulement;1;0;1;100.0;3;1;100.0;1;0;0.0;0;0;0.0;0;0;0.0;0
2023;EDPM;En agglomération;unclassified;Autre véhicule motorisé seulement;66;0;3;4.55;4;45;68.18;47;21;31.82;22;0;0.0;0;0;0.0;0
2023;EDPM;En agglomération;unclassified;Autre véhicule non motorisé seulement;3;0;2;66.67;2;1;33.33;1;0;0.0;0;0;0.0;0;0;0.0;0
2023;EDPM;En agglomération;unclassified;Combinaison de tiers;1;0;0;0.0;0;1;100.0;2;0;0.0;0;0;0.0;0;0;0.0;0
2023;EDPM;En agglomération;unclassified;Piéton seul;2;0;1;50.0;1;1;50.0;1;0;0.0;0;0;0.0;0;0;0.0;0
2023;EDPM;En agglomération;unclassified;Solo (sans piéton);13;0;0;0.0;0;7;53.85;7;5;38.46;5;1;7.69;1;0;0.0;0
2023;EDPM;Hors agglomération;Non apparié;Autre véhicule motorisé seulement;2;0;0;0.0;0;1;50.0;1;1;50.0;1;0;0.0;0;0;0.0;0
2023;EDPM;Hors agglomération;Non apparié;Autre véhicule non motorisé seulement;1;0;1;100.0;1;0;0.0;0;0;0.0;0;0;0.0;0;0;0.0;0
2023;EDPM;Hors agglomération;cycleway;Autre véhicule motorisé seulement;1;0;0;0.0;0;1;100.0;1;0;0.0;0;0;0.0;0;0;0.0;0
2023;EDPM;Hors agglomération;cycleway;Piéton seul;1;0;0;0.0;0;0;0.0;0;1;100.0;1;0;0.0;0;0;0.0;0
2023;EDPM;Hors agglomération;primary;Autre véhicule motorisé seulement;18;0;0;0.0;0;9;50.0;9;5;27.78;5;4;22.22;4;0;0.0;0
2023;EDPM;Hors agglomération;primary;Autre véhicule non motorisé seulement;1;0;0;0.0;0;1;100.0;1;0;0.0;0;0;0.0;0;0;0.0;0
2023;EDPM;Hors agglomération;primary;Solo (sans piéton);1;0;0;0.0;0;0;0.0;0;1;100.0;1;0;0.0;0;0;0.0;0
2023;EDPM;Hors agglomération;primary;Véhicule indéterminé seulement;1;0;0;0.0;0;1;100.0;1;0;0.0;0;0;0.0;0;0;0.0;0
2023;EDPM;Hors agglomération;residential;Autre véhicule motorisé seulement;2;0;0;0.0;0;1;50.0;1;1;50.0;1;0;0.0;0;0;0.0;0
2023;EDPM;Hors agglomération;secondary;Autre véhicule motorisé seulement;23;0;0;0.0;0;13;56.52;13;7;30.43;7;3;13.04;3;0;0.0;0
2023;EDPM;Hors agglomération;secondary;Solo (sans piéton);4;0;0;0.0;0;0;0.0;0;4;100.0;4;0;0.0;0;0;0.0;0
2023;EDPM;Hors agglomération;service;Autre véhicule motorisé seulement;1;0;0;0.0;0;0;0.0;0;1;100.0;1;0;0.0;0;0;0.0;0
2023;EDPM;Hors agglomération;tertiary;Autre véhicule du même catv seulement;1;0;1;100.0;1;0;0.0;0;1;100.0;1;0;0.0;0;0;0.0;0
2023;EDPM;Hors agglomération;tertiary;Autre véhicule motorisé seulement;11;0;0;0.0;0;3;27.27;3;6;54.55;6;3;27.27;3;0;0.0;0
2023;EDPM;Hors agglomération;tertiary;Piéton seul;1;0;1;100.0;1;0;0.0;0;0;0.0;0;0;0.0;0;0;0.0;0
2023;EDPM;Hors agglomération;tertiary;Solo (sans piéton);4;0;0;0.0;0;1;25.0;1;2;50.0;2;1;25.0;1;0;0.0;0
2023;EDPM;Hors agglomération;track;Autre véhicule motorisé seulement;1;0;0;0.0;0;0;0.0;0;1;100.0;1;0;0.0;0;0;0.0;0
2023;EDPM;Hors agglomération;track;Solo (sans piéton);1;0;0;0.0;0;0;0.0;0;1;100.0;1;0;0.0;0;0;0.0;0
2023;EDPM;Hors agglomération;trunk;Autre véhicule motorisé seulement;2;0;0;0.0;0;1;50.0;1;1;50.0;1;0;0.0;0;0;0.0;0
2023;EDPM;Hors agglomération;trunk;Solo (sans piéton);1;0;0;0.0;0;1;100.0;1;0;0.0;0;0;0.0;0;0;0.0;0
2023;EDPM;Hors agglomération;unclassified;Autre véhicule motorisé seulement;4;0;0;0.0;0;3;75.0;3;0;0.0;0;1;25.0;1;0;0.0;0
2023;EDPM;Hors agglomération;unclassified;Combinaison de tiers;1;1;0;0.0;0;0;0.0;0;0;0.0;0;0;0.0;0;0;0.0;0
2023;EDP_SANS_MOTEUR;En agglomération;cycleway;Autre véhicule motorisé seulement;5;0;0;0.0;0;5;100.0;5;0;0.0;0;0;0.0;0;0;0.0;0
2023;EDP_SANS_MOTEUR;En agglomération;cycleway;Solo (sans piéton);2;0;0;0.0;0;2;100.0;2;0;0.0;0;0;0.0;0;0;0.0;0
2023;EDP_SANS_MOTEUR;En agglomération;living_street;Autre véhicule motorisé seulement;1;0;0;0.0;0;1;100.0;1;0;0.0;0;0;0.0;0;0;0.0;0
2023;EDP_SANS_MOTEUR;En agglomération;living_street;Piéton seul;1;0;1;100.0;1;0;0.0;0;0;0.0;0;0;0.0;0;0;0.0;0
2023;EDP_SANS_MOTEUR;En agglomération;living_street;Solo (sans piéton);1;0;0;0.0;0;1;100.0;1;0;0.0;0;0;0.0;0;0;0.0;0
2023;EDP_SANS_MOTEUR;En agglomération;primary;Autre véhicule motorisé seulement;25;0;0;0.0;0;20;80.0;20;5;20.0;5;0;0.0;0;0;0.0;0
2023;EDP_SANS_MOTEUR;En agglomération;primary;Autre véhicule non motorisé seulement;3;0;0;0.0;0;3;100.0;3;0;0.0;0;0;0.0;0;0;0.0;0
2023;EDP_SANS_MOTEUR;En agglomération;primary;Piéton seul;1;0;1;100.0;1;0;0.0;0;0;0.0;0;0;0.0;0;0;0.0;0
2023;EDP_SANS_MOTEUR;En agglomération;primary;Solo (sans piéton);4;0;0;0.0;0;4;100.0;4;0;0.0;0;0;0.0;0;0;0.0;0
2023;EDP_SANS_MOTEUR;En agglomération;primary;Véhicule indéterminé seulement;1;0;0;0.0;0;1;100.0;1;0;0.0;0;0;0.0;0;0;0.0;0
2023;EDP_SANS_MOTEUR;En agglomération;residential;Autre véhicule motorisé seulement;74;0;2;2.7;2;59;79.73;60;14;18.92;15;0;0.0;0;0;0.0;0
2023;EDP_SANS_MOTEUR;En agglomération;residential;Autre véhicule non motorisé seulement;3;0;1;33.33;1;2;66.67;2;0;0.0;0;0;0.0;0;0;0.0;0
2023;EDP_SANS_MOTEUR;En agglomération;residential;Piéton seul;1;0;1;100.0;1;0;0.0;0;0;0.0;0;0;0.0;0;0;0.0;0
2023;EDP_SANS_MOTEUR;En agglomération;residential;Solo (sans piéton);9;0;0;0.0;0;8;88.89;8;0;0.0;0;1;11.11;1;0;0.0;0
2023;EDP_SANS_MOTEUR;En agglomération;secondary;Autre véhicule motorisé seulement;36;0;1;2.78;1;29;80.56;30;6;16.67;6;0;0.0;0;0;0.0;0
2023;EDP_SANS_MOTEUR;En agglomération;secondary;Autre véhicule non motorisé seulement;2;0;0;0.0;0;1;50.0;1;1;50.0;1;0;0.0;0;0;0.0;0
2023;EDP_SANS_MOTEUR;En agglomération;secondary;Combinaison de tiers;2;0;1;50.0;1;0;0.0;0;0;0.0;0;1;50.0;1;0;0.0;0
2023;EDP_SANS_MOTEUR;En agglomération;secondary;Piéton seul;2;0;2;100.0;2;0;0.0;0;0;0.0;0;0;0.0;0;0;0.0;0
2023;EDP_SANS_MOTEUR;En agglomération;secondary;Solo (sans piéton);9;0;1;11.11;1;8;88.89;8;2;22.22;2;0;0.0;0;0;0.0;0
2023;EDP_SANS_MOTEUR;En agglomération;service;Autre véhicule motorisé seulement;11;0;0;0.0;0;10;90.91;10;0;0.0;0;1;9.09;1;0;0.0;0
2023;EDP_SANS_MOTEUR;En agglomération;service;Autre véhicule non motorisé seulement;2;0;0;0.0;0;1;50.0;1;1;50.0;1;0;0.0;0;0;0.0;0
2023;EDP_SANS_MOTEUR;En agglomération;tertiary;Autre véhicule motorisé seulement;25;0;0;0.0;0;23;92.0;23;2;8.0;2;0;0.0;0;0;0.0;0
2023;EDP_SANS_MOTEUR;En agglomération;tertiary;Autre véhicule non motorisé seulement;1;0;0;0.0;0;0;0.0;0;1;100.0;1;0;0.0;0;0;0.0;0
2023;EDP_SANS_MOTEUR;En agglomération;tertiary;Piéton seul;1;0;1;100.0;1;0;0.0;0;0;0.0;0;0;0.0;0;0;0.0;0
2023;EDP_SANS_MOTEUR;En agglomération;tertiary;Solo (sans piéton);5;0;0;0.0;0;3;60.0;3;2;40.0;2;0;0.0;0;0;0.0;0
2023;EDP_SANS_MOTEUR;En agglomération;track;Autre véhicule motorisé seulement;1;0;0;0.0;0;0;0.0;0;1;100.0;1;0;0.0;0;0;0.0;0
2023;EDP_SANS_MOTEUR;En agglomération;unclassified;Autre véhicule motorisé seulement;11;0;0;0.0;0;11;100.0;11;0;0.0;0;0;0.0;0;0;0.0;0
2023;EDP_SANS_MOTEUR;En agglomération;unclassified;Solo (sans piéton);3;0;0;0.0;0;2;66.67;2;1;33.33;1;0;0.0;0;0;0.0;0
2023;EDP_SANS_MOTEUR;En agglomération;unclassified;Véhicule indéterminé seulement;1;0;0;0.0;0;1;100.0;1;0;0.0;0;0;0.0;0;0;0.0;0
2023;EDP_SANS_MOTEUR;Hors agglomération;residential;Autre véhicule motorisé seulement;1;0;0;0.0;0;1;100.0;1;0;0.0;0;0;0.0;0;0;0.0;0
2023;EDP_SANS_MOTEUR;Hors agglomération;secondary;Autre véhicule motorisé seulement;1;0;0;0.0;0;0;0.0;0;1;100.0;1;0;0.0;0;0;0.0;0
2023;EDP_SANS_MOTEUR;Hors agglomération;secondary;Combinaison de tiers;1;0;0;0.0;0;0;0.0;0;0;0.0;0;1;100.0;1;0;0.0;0
2023;EDP_SANS_MOTEUR;Hors agglomération;service;Autre véhicule motorisé seulement;1;0;0;0.0;0;1;100.0;2;0;0.0;0;0;0.0;0;0;0.0;0
2023;EDP_SANS_MOTEUR;Hors agglomération;tertiary;Autre véhicule motorisé seulement;2;0;0;0.0;0;1;50.0;1;1;50.0;1;0;0.0;0;0;0.0;0
2023;EDP_SANS_MOTEUR;Hors agglomération;trunk;Autre véhicule motorisé seulement;1;0;0;0.0;0;1;100.0;1;0;0.0;0;0;0.0;0;0;0.0;0
2023;VAE;En agglomération;Non apparié;Autre véhicule non motorisé seulement;1;0;0;0.0;0;1;100.0;1;0;0.0;0;0;0.0;0;0;0.0;0
2023;VAE;En agglomération;Non apparié;Solo (sans piéton);1;0;0;0.0;0;0;0.0;0;0;0.0;0;1;100.0;1;0;0.0;0
2023;VAE;En agglomération;cycleway;Autre véhicule du même catv seulement;2;0;2;100.0;2;2;100.0;2;0;0.0;0;0;0.0;0;0;0.0;0
2023;VAE;En agglomération;cycleway;Autre véhicule motorisé seulement;27;0;1;3.7;1;17;62.96;19;8;29.63;8;1;3.7;1;0;0.0;0
2023;VAE;En agglomération;cycleway;Autre véhicule non motorisé seulement;2;0;2;100.0;2;0;0.0;0;0;0.0;0;0;0.0;0;0;0.0;0
2023;VAE;En agglomération;cycleway;Piéton seul;5;0;3;60.0;3;2;40.0;2;0;0.0;0;0;0.0;0;0;0.0;0
2023;VAE;En agglomération;cycleway;Solo (sans piéton);7;0;0;0.0;0;6;85.71;6;1;14.29;1;0;0.0;0;0;0.0;0
2023;VAE;En agglomération;living_street;Autre véhicule motorisé seulement;6;0;1;16.67;1;2;33.33;2;2;33.33;2;1;16.67;1;0;0.0;0
2023;VAE;En agglomération;living_street;Autre véhicule non motorisé seulement;1;0;0;0.0;0;1;100.0;1;0;0.0;0;0;0.0;0;0;0.0;0
2023;VAE;En agglomération;living_street;Solo (sans piéton);3;0;0;0.0;0;3;100.0;3;0;0.0;0;0;0.0;0;0;0.0;0
2023;VAE;En agglomération;primary;Autre véhicule du même catv seulement;2;0;0;0.0;0;1;50.0;2;1;50.0;2;0;0.0;0;0;0.0;0
2023;VAE;En agglomération;primary;Autre véhicule motorisé seulement;109;0;3;2.75;3;83;76.15;83;22;20.18;22;2;1.83;2;0;0.0;0
2023;VAE;En agglomération;primary;Autre véhicule non motorisé seulement;5;0;2;40.0;2;3;60.0;3;0;0.0;0;0;0.0;0;0;0.0;0
2023;VAE;En agglomération;primary;Piéton seul;14;0;8;57.14;8;6;42.86;6;0;0.0;0;0;0.0;0;0;0.0;0
2023;VAE;En agglomération;primary;Solo (sans piéton);16;0;0;0.0;0;13;81.25;13;2;12.5;2;1;6.25;1;0;0.0;0
2023;VAE;En agglomération;primary;Véhicule indéterminé seulement;3;0;0;0.0;0;3;100.0;3;0;0.0;0;0;0.0;0;0;0.0;0
2023;VAE;En agglomération;residential;Autre véhicule du même catv seulement;3;0;2;66.67;2;3;100.0;4;0;0.0;0;0;0.0;0;0;0.0;0
2023;VAE;En agglomération;residential;Autre véhicule motorisé seulement;120;0;6;5.0;6;91;75.83;93;25;20.83;25;2;1.67;2;0;0.0;0
2023;VAE;En agglomération;residential;Autre véhicule non motorisé seulement;4;0;1;25.0;1;3;75.0;4;0;0.0;0;0;0.0;0;0;0.0;0
2023;VAE;En agglomération;residential;Piéton seul;18;0;15;83.33;15;3;16.67;3;0;0.0;0;0;0.0;0;0;0.0;0
2023;VAE;En agglomération;residential;Solo (sans piéton);20;0;0;0.0;0;13;65.0;13;7;35.0;7;0;0.0;0;0;0.0;0
2023;VAE;En agglomération;residential;Véhicule indéterminé seulement;1;0;0;0.0;0;1;100.0;1;0;0.0;0;0;0.0;0;0;0.0;0
2023;VAE;En agglomération;secondary;Autre véhicule du même catv seulement;1;0;0;0.0;0;1;100.0;2;0;0.0;0;0;0.0;0;0;0.0;0
2023;VAE;En agglomération;secondary;Autre véhicule motorisé seulement;118;0;3;2.54;3;96;81.36;98;21;17.8;21;0;0.0;0;0;0.0;0
2023;VAE;En agglomération;secondary;Autre véhicule non motorisé seulement;4;0;0;0.0;0;4;100.0;4;0;0.0;0;0;0.0;0;0;0.0;0
2023;VAE;En agglomération;secondary;Piéton seul;13;0;8;61.54;8;5;38.46;5;0;0.0;0;0;0.0;0;0;0.0;0
2023;VAE;En agglomération;secondary;Solo (sans piéton);9;0;0;0.0;0;6;66.67;6;2;22.22;2;1;11.11;1;0;0.0;0
2023;VAE;En agglomération;service;Autre véhicule du même catv seulement;1;0;1;100.0;1;1;100.0;1;0;0.0;0;0;0.0;0;0;0.0;0
2023;VAE;En agglomération;service;Autre véhicule motorisé seulement;13;0;1;7.69;1;10;76.92;10;3;23.08;3;0;0.0;0;0;0.0;0
2023;VAE;En agglomération;service;Autre véhicule non motorisé seulement;4;0;2;50.0;2;2;50.0;2;0;0.0;0;0;0.0;0;0;0.0;0
2023;VAE;En agglomération;service;Piéton seul;5;0;3;60.0;3;2;40.0;2;0;0.0;0;0;0.0;0;0;0.0;0
2023;VAE;En agglomération;service;Solo (sans piéton);3;0;0;0.0;0;3;100.0;3;0;0.0;0;0;0.0;0;0;0.0;0
2023;VAE;En agglomération;tertiary;Autre véhicule du même catv seulement;3;0;1;33.33;1;3;100.0;4;1;33.33;1;0;0.0;0;0;0.0;0
2023;VAE;En agglomération;tertiary;Autre véhicule motorisé seulement;58;0;1;1.72;1;41;70.69;42;16;27.59;16;1;1.72;1;0;0.0;0
2023;VAE;En agglomération;tertiary;Autre véhicule non motorisé seulement;5;0;2;40.0;2;2;40.0;2;1;20.0;1;0;0.0;0;0;0.0;0
2023;VAE;En agglomération;tertiary;Piéton seul;6;0;4;66.67;4;2;33.33;2;0;0.0;0;0;0.0;0;0;0.0;0
2023;VAE;En agglomération;tertiary;Solo (sans piéton);16;0;0;0.0;0;7;43.75;7;9;56.25;10;1;6.25;1;0;0.0;0
2023;VAE;En agglomération;tertiary;Véhicule indéterminé seulement;1;0;0;0.0;0;1;100.0;1;0;0.0;0;0;0.0;0;0;0.0;0
2023;VAE;En agglomération;track;Autre véhicule motorisé seulement;1;0;0;0.0;0;1;100.0;1;0;0.0;0;0;0.0;0;0;0.0;0
2023;VAE;En agglomération;unclassified;Autre véhicule motorisé seulement;18;0;0;0.0;0;12;66.67;12;4;22.22;4;2;11.11;2;0;0.0;0
2023;VAE;En agglomération;unclassified;Piéton seul;4;0;3;75.0;3;1;25.0;1;0;0.0;0;0;0.0;0;0;0.0;0
2023;VAE;En agglomération;unclassified;Solo (sans piéton);5;0;0;0.0;0;2;40.0;2;3;60.0;3;0;0.0;0;0;0.0;0
2023;VAE;Hors agglomération;Non apparié;Autre véhicule motorisé seulement;1;0;1;100.0;2;0;0.0;0;1;100.0;1;0;0.0;0;0;0.0;0
2023;VAE;Hors agglomération;cycleway;Autre véhicule motorisé seulement;2;0;0;0.0;0;1;50.0;1;1;50.0;1;0;0.0;0;0;0.0;0
2023;VAE;Hors agglomération;primary;Autre véhicule motorisé seulement;16;0;0;0.0;0;6;37.5;6;8;50.0;8;2;12.5;2;0;0.0;0
2023;VAE;Hors agglomération;primary;Combinaison de tiers;1;0;0;0.0;0;1;100.0;1;1;100.0;1;0;0.0;0;0;0.0;0
2023;VAE;Hors agglomération;primary;Solo (sans piéton);4;0;0;0.0;0;0;0.0;0;3;75.0;3;1;25.0;1;0;0.0;0
2023;VAE;Hors agglomération;residential;Autre véhicule motorisé seulement;3;0;1;33.33;1;2;66.67;2;0;0.0;0;0;0.0;0;0;0.0;0
2023;VAE;Hors agglomération;residential;Solo (sans piéton);1;0;0;0.0;0;0;0.0;0;0;0.0;0;1;100.0;1;0;0.0;0
2023;VAE;Hors agglomération;secondary;Autre véhicule motorisé seulement;20;0;0;0.0;0;5;25.0;5;12;60.0;12;3;15.0;3;0;0.0;0
2023;VAE;Hors agglomération;secondary;Solo (sans piéton);5;0;0;0.0;0;1;20.0;1;4;80.0;4;0;0.0;0;0;0.0;0
2023;VAE;Hors agglomération;service;Autre véhicule motorisé seulement;2;0;0;0.0;0;0;0.0;0;2;100.0;2;0;0.0;0;0;0.0;0
2023;VAE;Hors agglomération;tertiary;Autre véhicule motorisé seulement;16;0;0;0.0;0;7;43.75;7;5;31.25;5;4;25.0;4;0;0.0;0
2023;VAE;Hors agglomération;tertiary;Solo (sans piéton);8;0;0;0.0;0;2;25.0;2;3;37.5;3;3;37.5;3;0;0.0;0
2023;VAE;Hors agglomération;track;Autre véhicule motorisé seulement;1;0;0;0.0;0;0;0.0;0;1;100.0;1;0;0.0;0;0;0.0;0
2023;VAE;Hors agglomération;track;Solo (sans piéton);1;0;0;0.0;0;1;100.0;1;0;0.0;0;0;0.0;0;0;0.0;0
2023;VAE;Hors agglomération;trunk;Autre véhicule motorisé seulement;2;0;0;0.0;0;0;0.0;0;0;0.0;0;2;100.0;2;0;0.0;0
2023;VAE;Hors agglomération;unclassified;Autre véhicule motorisé seulement;6;0;0;0.0;0;1;16.67;1;5;83.33;5;0;0.0;0;0;0.0;0
2023;VAE;Hors agglomération;unclassified;Solo (sans piéton);2;0;0;0.0;0;0;0.0;0;1;50.0;1;1;50.0;1;0;0.0;0
2023;VELO;En agglomération;Non apparié;Autre véhicule motorisé seulement;3;0;0;0.0;0;1;33.33;1;1;33.33;1;1;33.33;1;0;0.0;0
2023;VELO;En agglomération;Non apparié;Autre véhicule non motorisé seulement;1;0;0;0.0;0;0;0.0;0;1;100.0;1;0;0.0;0;0;0.0;0
2023;VELO;En agglomération;Non apparié;Piéton seul;2;0;1;50.0;1;1;50.0;1;0;0.0;0;0;0.0;0;0;0.0;0
2023;VELO;En agglomération;Non apparié;Solo (sans piéton);1;0;0;0.0;0;0;0.0;0;1;100.0;1;0;0.0;0;0;0.0;0
2023;VELO;En agglomération;cycleway;Autre véhicule du même catv seulement;13;0;10;76.92;10;12;92.31;15;1;7.69;1;0;0.0;0;0;0.0;0
2023;VELO;En agglomération;cycleway;Autre véhicule motorisé seulement;128;0;5;3.91;5;101;78.91;102;22;17.19;22;1;0.78;1;0;0.0;0
2023;VELO;En agglomération;cycleway;Autre véhicule non motorisé seulement;2;0;0;0.0;0;2;100.0;2;0;0.0;0;0;0.0;0;0;0.0;0
2023;VELO;En agglomération;cycleway;Combinaison de tiers;2;0;2;100.0;3;0;0.0;0;0;0.0;0;0;0.0;0;0;0.0;0
2023;VELO;En agglomération;cycleway;Piéton seul;19;0;15;78.95;15;4;21.05;4;0;0.0;0;0;0.0;0;0;0.0;0
2023;VELO;En agglomération;cycleway;Solo (sans piéton);20;0;1;5.0;1;18;90.0;18;2;10.0;2;0;0.0;0;0;0.0;0
2023;VELO;En agglomération;cycleway;Véhicule indéterminé seulement;1;0;0;0.0;0;1;100.0;1;0;0.0;0;0;0.0;0;0;0.0;0
2023;VELO;En agglomération;living_street;Autre véhicule du même catv seulement;4;0;3;75.0;3;4;100.0;5;0;0.0;0;0;0.0;0;0;0.0;0
2023;VELO;En agglomération;living_street;Autre véhicule motorisé seulement;42;0;1;2.38;1;36;85.71;36;5;11.9;5;0;0.0;0;0;0.0;0
2023;VELO;En agglomération;living_street;Autre véhicule non motorisé seulement;1;0;0;0.0;0;1;100.0;1;0;0.0;0;0;0.0;0;0;0.0;0
2023;VELO;En agglomération;living_street;Combinaison de tiers;1;0;0;0.0;0;1;100.0;2;0;0.0;0;0;0.0;0;0;0.0;0
2023;VELO;En agglomération;living_street;Piéton seul;12;0;7;58.33;7;5;41.67;5;0;0.0;0;0;0.0;0;0;0.0;0
2023;VELO;En agglomération;living_street;Solo (sans piéton);6;0;1;16.67;1;3;50.0;3;1;16.67;1;2;33.33;2;0;0.0;0
2023;VELO;En agglomération;motorway;Autre véhicule motorisé seulement;1;0;0;0.0;0;1;100.0;1;0;0.0;0;0;0.0;0;0;0.0;0
2023;VELO;En agglomération;motorway;Piéton seul;1;0;1;100.0;1;0;0.0;0;0;0.0;0;0;0.0;0;0;0.0;0
2023;VELO;En agglomération;primary;Autre véhicule du même catv seulement;39;0;28;71.79;29;36;92.31;47;4;10.26;4;0;0.0;0;0;0.0;0
2023;VELO;En agglomération;primary;Autre véhicule motorisé seulement;600;0;24;4.0;24;457;76.17;458;105;17.5;105;15;2.5;15;1;0.17;1
2023;VELO;En agglomération;primary;Autre véhicule non motorisé seulement;8;0;3;37.5;3;4;50.0;4;1;12.5;1;0;0.0;0;0;0.0;0
2023;VELO;En agglomération;primary;Combinaison de tiers;6;0;1;16.67;1;6;100.0;10;2;33.33;2;0;0.0;0;0;0.0;0
2023;VELO;En agglomération;primary;Piéton seul;47;0;34;72.34;34;13;27.66;13;0;0.0;0;0;0.0;0;0;0.0;0
2023;VELO;En agglomération;primary;Solo (sans piéton);74;0;0;0.0;0;66;89.19;66;6;8.11;6;2;2.7;2;0;0.0;0
2023;VELO;En agglomération;primary;Véhicule indéterminé seulement;5;0;0;0.0;0;3;60.0;3;2;40.0;2;0;0.0;0;0;0.0;0
2023;VELO;En agglomération;residential;Autre véhicule du même catv seulement;22;0;19;86.36;19;20;90.91;23;2;9.09;2;0;0.0;0;0;0.0;0
2023;VELO;En agglomération;residential;Autre véhicule motorisé seulement;888;0;24;2.7;26;717;80.74;721;148;16.67;148;7;0.79;7;1;0.11;1
2023;VELO;En agglomération;residential;Autre véhicule non motorisé seulement;7;0;2;28.57;2;5;71.43;5;0;0.0;0;0;0.0;0;0;0.0;0
2023;VELO;En agglomération;residential;Combinaison de tiers;5;0;1;20.0;2;4;80.0;6;1;20.0;1;0;0.0;0;0;0.0;0
2023;VELO;En agglomération;residential;Piéton seul;78;0;60;76.92;60;15;19.23;15;3;3.85;3;0;0.0;0;0;0.0;0
2023;VELO;En agglomération;residential;Solo (sans piéton);98;0;2;2.04;2;68;69.39;72;22;22.45;22;8;8.16;8;0;0.0;0
2023;VELO;En agglomération;residential;Véhicule indéterminé seulement;9;0;0;0.0;0;7;77.78;7;2;22.22;2;0;0.0;0;0;0.0;0
2023;VELO;En agglomération;secondary;Autre véhicule du même catv seulement;17;0;10;58.82;10;15;88.24;20;3;17.65;4;0;0.0;0;0;0.0;0
2023;VELO;En agglomération;secondary;Autre véhicule motorisé seulement;704;0;16;2.27;17;518;73.58;523;157;22.3;157;16;2.27;16;0;0.0;0
2023;VELO;En agglomération;secondary;Autre véhicule non motorisé seulement;6;0;5;83.33;5;0;0.0;0;1;16.67;1;0;0.0;0;0;0.0;0
2023;VELO;En agglomération;secondary;Combinaison de tiers;5;0;1;20.0;1;4;80.0;6;2;40.0;2;0;0.0;0;0;0.0;0
2023;VELO;En agglomération;secondary;Piéton seul;61;0;47;77.05;47;12;19.67;12;1;1.64;1;0;0.0;0;1;1.64;1
2023;VELO;En agglomération;secondary;Solo (sans piéton);57;0;0;0.0;0;40;70.18;41;13;22.81;13;4;7.02;4;0;0.0;0
2023;VELO;En agglomération;secondary;Véhicule indéterminé seulement;7;0;1;14.29;1;2;28.57;2;4;57.14;4;0;0.0;0;0;0.0;0
2023;VELO;En agglomération;service;Autre véhicule du même catv seulement;15;0;9;60.0;10;15;100.0;20;1;6.67;1;0;0.0;0;0;0.0;0
2023;VELO;En agglomération;service;Autre véhicule motorisé seulement;144;0;1;0.69;1;117;81.25;118;28;19.44;28;0;0.0;0;0;0.0;0
2023;VELO;En agglomération;service;Autre véhicule non motorisé seulement;4;0;1;25.0;1;3;75.0;3;0;0.0;0;0;0.0;0;0;0.0;0
2023;VELO;En agglomération;service;Combinaison de tiers;1;0;0;0.0;0;1;100.0;2;0;0.0;0;0;0.0;0;0;0.0;0
2023;VELO;En agglomération;service;Piéton seul;18;0;14;77.78;14;3;16.67;3;0;0.0;0;0;0.0;0;1;5.56;1
2023;VELO;En agglomération;service;Solo (sans piéton);16;0;0;0.0;0;13;81.25;13;4;25.0;4;0;0.0;0;0;0.0;0
2023;VELO;En agglomération;tertiary;Autre véhicule du même catv seulement;8;0;7;87.5;7;5;62.5;5;4;50.0;4;0;0.0;0;0;0.0;0
2023;VELO;En agglomération;tertiary;Autre véhicule motorisé seulement;538;0;6;1.12;6;415;77.14;417;103;19.14;103;16;2.97;16;0;0.0;0
2023;VELO;En agglomération;tertiary;Autre véhicule non motorisé seulement;6;0;3;50.0;3;3;50.0;3;0;0.0;0;0;0.0;0;0;0.0;0
2023;VELO;En agglomération;tertiary;Combinaison de tiers;3;0;0;0.0;0;2;66.67;3;3;100.0;5;0;0.0;0;0;0.0;0
2023;VELO;En agglomération;tertiary;Piéton seul;38;0;27;71.05;27;11;28.95;11;1;2.63;1;0;0.0;0;0;0.0;0
2023;VELO;En agglomération;tertiary;Solo (sans piéton);68;0;1;1.47;1;34;50.0;36;23;33.82;23;12;17.65;12;0;0.0;0
2023;VELO;En agglomération;tertiary;Véhicule indéterminé seulement;10;0;0;0.0;0;7;70.0;7;3;30.0;3;0;0.0;0;0;0.0;0
2023;VELO;En agglomération;track;Autre véhicule motorisé seulement;6;0;0;0.0;0;2;33.33;2;3;50.0;3;1;16.67;1;0;0.0;0
2023;VELO;En agglomération;track;Solo (sans piéton);1;0;0;0.0;0;1;100.0;1;0;0.0;0;0;0.0;0;0;0.0;0
2023;VELO;En agglomération;trunk;Autre véhicule motorisé seulement;4;0;0;0.0;0;3;75.0;3;1;25.0;1;0;0.0;0;0;0.0;0
2023;VELO;En agglomération;trunk;Solo (sans piéton);1;0;0;0.0;0;1;100.0;1;0;0.0;0;0;0.0;0;0;0.0;0
2023;VELO;En agglomération;unclassified;Autre véhicule du même catv seulement;9;0;5;55.56;5;8;88.89;12;1;11.11;1;0;0.0;0;0;0.0;0
2023;VELO;En agglomération;unclassified;Autre véhicule motorisé seulement;144;0;1;0.69;1;102;70.83;105;41;28.47;41;0;0.0;0;0;0.0;0
2023;VELO;En agglomération;unclassified;Combinaison de tiers;3;0;0;0.0;0;3;100.0;7;0;0.0;0;0;0.0;0;0;0.0;0
2023;VELO;En agglomération;unclassified;Piéton seul;4;0;4;100.0;4;0;0.0;0;0;0.0;0;0;0.0;0;0;0.0;0
2023;VELO;En agglomération;unclassified;Solo (sans piéton);21;0;0;0.0;0;7;33.33;7;8;38.1;8;6;28.57;6;0;0.0;0
2023;VELO;Hors agglomération;Non apparié;Autre véhicule motorisé seulement;6;0;0;0.0;0;2;33.33;2;4;66.67;4;0;0.0;0;0;0.0;0
2023;VELO;Hors agglomération;Non apparié;Véhicule indéterminé seulement;1;0;0;0.0;0;0;0.0;0;0;0.0;0;1;100.0;1;0;0.0;0
2023;VELO;Hors agglomération;cycleway;Autre véhicule du même catv seulement;2;0;2;100.0;2;0;0.0;0;2;100.0;2;0;0.0;0;0;0.0;0
2023;VELO;Hors agglomération;cycleway;Autre véhicule motorisé seulement;5;0;0;0.0;0;2;40.0;2;3;60.0;3;0;0.0;0;0;0.0;0
2023;VELO;Hors agglomération;cycleway;Solo (sans piéton);3;0;0;0.0;0;2;66.67;2;1;33.33;1;0;0.0;0;0;0.0;0
2023;VELO;Hors agglomération;living_street;Solo (sans piéton);1;0;0;0.0;0;1;100.0;1;0;0.0;0;0;0.0;0;0;0.0;0
2023;VELO;Hors agglomération;motorway;Autre véhicule motorisé seulement;1;0;0;0.0;0;1;100.0;1;0;0.0;0;0;0.0;0;0;0.0;0
2023;VELO;Hors agglomération;motorway;Combinaison de tiers;1;0;0;0.0;0;0;0.0;0;1;100.0;1;1;100.0;1;0;0.0;0
2023;VELO;Hors agglomération;primary;Autre véhicule du même catv seulement;2;0;0;0.0;0;2;100.0;3;1;50.0;1;0;0.0;0;0;0.0;0
2023;VELO;Hors agglomération;primary;Autre véhicule motorisé seulement;147;0;4;2.72;5;58;39.46;58;71;48.3;71;15;10.2;15;0;0.0;0
2023;VELO;Hors agglomération;primary;Combinaison de tiers;1;0;0;0.0;0;1;100.0;1;1;100.0;1;0;0.0;0;0;0.0;0
2023;VELO;Hors agglomération;primary;Solo (sans piéton);10;0;0;0.0;0;2;20.0;2;5;50.0;5;3;30.0;3;0;0.0;0
2023;VELO;Hors agglomération;residential;Autre véhicule motorisé seulement;14;0;0;0.0;0;5;35.71;5;9;64.29;9;0;0.0;0;0;0.0;0
2023;VELO;Hors agglomération;residential;Piéton seul;1;0;0;0.0;0;1;100.0;1;0;0.0;0;0;0.0;0;0;0.0;0
2023;VELO;Hors agglomération;residential;Solo (sans piéton);6;0;0;0.0;0;1;16.67;1;2;33.33;2;3;50.0;3;0;0.0;0
2023;VELO;Hors agglomération;residential;Véhicule indéterminé seulement;1;0;0;0.0;0;1;100.0;1;0;0.0;0;0;0.0;0;0;0.0;0
2023;VELO;Hors agglomération;secondary;Autre véhicule du même catv seulement;10;0;9;90.0;9;2;20.0;2;8;80.0;8;1;10.0;1;0;0.0;0
2023;VELO;Hors agglomération;secondary;Autre véhicule motorisé seulement;193;0;2;1.04;2;64;33.16;64;112;58.03;112;17;8.81;17;0;0.0;0
2023;VELO;Hors agglomération;secondary;Combinaison de tiers;9;0;2;22.22;2;7;77.78;11;3;33.33;6;0;0.0;0;0;0.0;0
2023;VELO;Hors agglomération;secondary;Solo (sans piéton);53;0;0;0.0;0;15;28.3;15;25;47.17;25;13;24.53;13;0;0.0;0
2023;VELO;Hors agglomération;secondary;Véhicule indéterminé seulement;2;0;0;0.0;0;1;50.0;1;1;50.0;1;0;0.0;0;0;0.0;0
2023;VELO;Hors agglomération;service;Autre véhicule du même catv seulement;1;0;1;100.0;1;0;0.0;0;1;100.0;1;0;0.0;0;0;0.0;0
2023;VELO;Hors agglomération;service;Autre véhicule motorisé seulement;15;0;0;0.0;0;3;20.0;3;10;66.67;10;2;13.33;2;0;0.0;0
2023;VELO;Hors agglomération;service;Solo (sans piéton);4;0;0;0.0;0;1;25.0;1;2;50.0;2;1;25.0;1;0;0.0;0
2023;VELO;Hors agglomération;tertiary;Autre véhicule du même catv seulement;7;0;3;42.86;3;3;42.86;6;6;85.71;7;1;14.29;1;0;0.0;0
2023;VELO;Hors agglomération;tertiary;Autre véhicule motorisé seulement;143;0;0;0.0;0;38;26.57;38;87;60.84;87;18;12.59;18;0;0.0;0
2023;VELO;Hors agglomération;tertiary;Combinaison de tiers;7;0;0;0.0;0;4;57.14;12;6;85.71;11;3;42.86;3;0;0.0;0
2023;VELO;Hors agglomération;tertiary;Piéton seul;3;0;2;66.67;2;1;33.33;1;0;0.0;0;0;0.0;0;0;0.0;0
2023;VELO;Hors agglomération;tertiary;Solo (sans piéton);51;0;0;0.0;0;10;19.61;10;24;47.06;24;17;33.33;17;0;0.0;0
2023;VELO;Hors agglomération;tertiary;Véhicule indéterminé seulement;3;0;0;0.0;0;1;33.33;1;2;66.67;2;0;0.0;0;0;0.0;0
2023;VELO;Hors agglomération;track;Autre véhicule du même catv seulement;2;0;1;50.0;1;1;50.0;2;1;50.0;1;0;0.0;0;0;0.0;0
2023;VELO;Hors agglomération;track;Autre véhicule motorisé seulement;10;0;0;0.0;0;2;20.0;2;7;70.0;7;1;10.0;1;0;0.0;0
2023;VELO;Hors agglomération;track;Combinaison de tiers;1;0;0;0.0;0;1;100.0;1;1;100.0;1;0;0.0;0;0;0.0;0
2023;VELO;Hors agglomération;track;Solo (sans piéton);5;0;0;0.0;0;0;0.0;0;3;60.0;3;2;40.0;2;0;0.0;0
2023;VELO;Hors agglomération;trunk;Autre véhicule motorisé seulement;7;0;0;0.0;0;6;85.71;6;1;14.29;1;0;0.0;0;0;0.0;0
2023;VELO;Hors agglomération;trunk;Solo (sans piéton);1;0;0;0.0;0;0;0.0;0;0;0.0;0;1;100.0;1;0;0.0;0
2023;VELO;Hors agglomération;trunk;Véhicule indéterminé seulement;1;0;0;0.0;0;1;100.0;1;0;0.0;0;0;0.0;0;0;0.0;0
2023;VELO;Hors agglomération;unclassified;Autre véhicule du même catv seulement;5;0;3;60.0;3;3;60.0;3;4;80.0;4;0;0.0;0;0;0.0;0
2023;VELO;Hors agglomération;unclassified;Autre véhicule motorisé seulement;58;0;0;0.0;0;20;34.48;20;32;55.17;32;6;10.34;6;0;0.0;0
2023;VELO;Hors agglomération;unclassified;Combinaison de tiers;2;0;0;0.0;0;2;100.0;3;0;0.0;0;1;50.0;1;0;0.0;0
2023;VELO;Hors agglomération;unclassified;Solo (sans piéton);32;0;0;0.0;0;7;21.88;7;17;53.12;17;8;25.0;8;0;0.0;0
2023;VELO;Hors agglomération;unclassified;Véhicule indéterminé seulement;2;0;0;0.0;0;0;0.0;0;2;100.0;2;0;0.0;0;0;0.0;0
2024;CYCLO;Hors agglomération;Non apparié;Autre véhicule motorisé seulement;8;0;0;0.0;0;2;25.0;2;4;50.0;4;2;25.0;3;0;0.0;0
2024;CYCLO;Hors agglomération;Non apparié;Solo (sans piéton);2;0;0;0.0;0;0;0.0;0;2;100.0;2;0;0.0;0;0;0.0;0
2024;CYCLO;Hors agglomération;cycleway;Autre véhicule du même catv seulement;1;0;0;0.0;0;0;0.0;0;1;100.0;2;0;0.0;0;0;0.0;0
2024;CYCLO;Hors agglomération;cycleway;Autre véhicule motorisé seulement;2;0;0;0.0;0;2;100.0;2;0;0.0;0;0;0.0;0;0;0.0;0
2024;CYCLO;Hors agglomération;cycleway;Piéton seul;1;0;0;0.0;0;1;100.0;1;0;0.0;0;0;0.0;0;0;0.0;0
2024;CYCLO;Hors agglomération;motorway;Autre véhicule motorisé seulement;3;0;0;0.0;0;1;33.33;1;1;33.33;1;1;33.33;1;0;0.0;0
2024;CYCLO;Hors agglomération;motorway;Solo (sans piéton);4;0;0;0.0;0;3;75.0;4;0;0.0;0;1;25.0;1;0;0.0;0
2024;CYCLO;Hors agglomération;primary;Autre véhicule motorisé seulement;144;0;3;2.08;3;51;35.42;58;77;53.47;83;18;12.5;21;0;0.0;0
2024;CYCLO;Hors agglomération;primary;Combinaison de tiers;1;0;0;0.0;0;1;100.0;2;0;0.0;0;0;0.0;0;0;0.0;0
2024;CYCLO;Hors agglomération;primary;Solo (sans piéton);41;0;3;7.32;3;19;46.34;21;20;48.78;21;2;4.88;2;0;0.0;0
2024;CYCLO;Hors agglomération;primary;Véhicule indéterminé seulement;3;0;0;0.0;0;1;33.33;1;2;66.67;2;0;0.0;0;0;0.0;0
2024;CYCLO;Hors agglomération;residential;Autre véhicule du même catv seulement;2;0;0;0.0;0;2;100.0;3;1;50.0;1;0;0.0;0;0;0.0;0
2024;CYCLO;Hors agglomération;residential;Autre véhicule motorisé seulement;23;0;1;4.35;1;11;47.83;12;13;56.52;13;1;4.35;1;0;0.0;0
2024;CYCLO;Hors agglomération;residential;Autre véhicule non motorisé seulement;1;0;1;100.0;1;0;0.0;0;0;0.0;0;0;0.0;0;0;0.0;0
2024;CYCLO;Hors agglomération;residential;Solo (sans piéton);10;0;1;10.0;1;5;50.0;5;3;30.0;3;2;20.0;2;0;0.0;0
2024;CYCLO;Hors agglomération;residential;Véhicule indéterminé seulement;2;0;0;0.0;0;1;50.0;1;1;50.0;2;0;0.0;0;0;0.0;0
2024;CYCLO;Hors agglomération;secondary;Autre véhicule du même catv seulement;2;0;2;100.0;2;1;50.0;1;1;50.0;1;0;0.0;0;0;0.0;0
2024;CYCLO;Hors agglomération;secondary;Autre véhicule motorisé seulement;118;0;2;1.69;2;32;27.12;34;73;61.86;77;15;12.71;16;0;0.0;0
2024;CYCLO;Hors agglomération;secondary;Autre véhicule non motorisé seulement;1;0;1;100.0;1;0;0.0;0;0;0.0;0;0;0.0;0;0;0.0;0
2024;CYCLO;Hors agglomération;secondary;Combinaison de tiers;2;0;0;0.0;0;2;100.0;6;0;0.0;0;0;0.0;0;0;0.0;0
2024;CYCLO;Hors agglomération;secondary;Solo (sans piéton);71;0;3;4.23;3;32;45.07;33;42;59.15;42;1;1.41;1;0;0.0;0
2024;CYCLO;Hors agglomération;secondary;Véhicule indéterminé seulement;2;0;0;0.0;0;2;100.0;2;0;0.0;0;0;0.0;0;0;0.0;0
2024;CYCLO;Hors agglomération;service;Autre véhicule du même catv seulement;1;0;0;0.0;0;1;100.0;4;0;0.0;0;0;0.0;0;0;0.0;0
2024;CYCLO;Hors agglomération;service;Autre véhicule motorisé seulement;13;0;0;0.0;0;7;53.85;7;4;30.77;4;2;15.38;2;0;0.0;0
2024;CYCLO;Hors agglomération;service;Solo (sans piéton);6;0;0;0.0;0;2;33.33;2;3;50.0;3;1;16.67;1;0;0.0;0
2024;CYCLO;Hors agglomération;tertiary;Autre véhicule du même catv seulement;4;0;2;50.0;2;4;100.0;5;3;75.0;3;0;0.0;0;0;0.0;0
2024;CYCLO;Hors agglomération;tertiary;Autre véhicule motorisé seulement;105;0;0;0.0;0;34;32.38;36;64;60.95;65;11;10.48;11;0;0.0;0
2024;CYCLO;Hors agglomération;tertiary;Autre véhicule non motorisé seulement;1;0;1;100.0;1;0;0.0;0;0;0.0;0;0;0.0;0;0;0.0;0
2024;CYCLO;Hors agglomération;tertiary;Combinaison de tiers;3;0;2;66.67;3;1;33.33;2;2;66.67;2;1;33.33;1;0;0.0;0
2024;CYCLO;Hors agglomération;tertiary;Piéton seul;1;0;1;100.0;1;0;0.0;0;0;0.0;0;0;0.0;0;0;0.0;0
2024;CYCLO;Hors agglomération;tertiary;Solo (sans piéton);74;0;4;5.41;4;33;44.59;33;39;52.7;40;6;8.11;6;0;0.0;0
2024;CYCLO;Hors agglomération;tertiary;Véhicule indéterminé seulement;1;0;0;0.0;0;1;100.0;1;0;0.0;0;0;0.0;0;0;0.0;0
2024;CYCLO;Hors agglomération;track;Autre véhicule motorisé seulement;6;0;0;0.0;0;0;0.0;0;6;100.0;7;0;0.0;0;0;0.0;0
2024;CYCLO;Hors agglomération;track;Autre véhicule non motorisé seulement;1;0;1;100.0;1;0;0.0;0;0;0.0;0;0;0.0;0;0;0.0;0
2024;CYCLO;Hors agglomération;track;Solo (sans piéton);8;0;0;0.0;0;5;62.5;5;3;37.5;3;0;0.0;0;0;0.0;0
2024;CYCLO;Hors agglomération;trunk;Autre véhicule du même catv seulement;1;0;0;0.0;0;0;0.0;0;1;100.0;2;0;0.0;0;0;0.0;0
2024;CYCLO;Hors agglomération;trunk;Autre véhicule motorisé seulement;10;0;0;0.0;0;5;50.0;7;2;20.0;2;3;30.0;3;0;0.0;0
2024;CYCLO;Hors agglomération;trunk;Combinaison de tiers;1;0;1;100.0;1;0;0.0;0;0;0.0;0;0;0.0;0;0;0.0;0
2024;CYCLO;Hors agglomération;trunk;Solo (sans piéton);4;0;0;0.0;0;2;50.0;2;1;25.0;1;1;25.0;1;0;0.0;0
2024;CYCLO;Hors agglomération;unclassified;Autre véhicule du même catv seulement;1;0;1;100.0;1;0;0.0;0;1;100.0;1;0;0.0;0;0;0.0;0
2024;CYCLO;Hors agglomération;unclassified;Autre véhicule motorisé seulement;75;0;3;4.0;3;18;24.0;18;58;77.33;61;3;4.0;3;0;0.0;0
2024;CYCLO;Hors agglomération;unclassified;Autre véhicule non motorisé seulement;3;0;3;100.0;3;0;0.0;0;0;0.0;0;0;0.0;0;0;0.0;0
2024;CYCLO;Hors agglomération;unclassified;Piéton seul;1;0;1;100.0;1;0;0.0;0;0;0.0;0;0;0.0;0;0;0.0;0
2024;CYCLO;Hors agglomération;unclassified;Solo (sans piéton);39;0;0;0.0;0;15;38.46;17;21;53.85;21;3;7.69;3;0;0.0;0
2024;EDPM;En agglomération;cycleway;Autre véhicule du même catv seulement;2;0;0;0.0;0;2;100.0;3;1;50.0;1;0;0.0;0;0;0.0;0
2024;EDPM;En agglomération;cycleway;Autre véhicule motorisé seulement;76;0;5;6.58;5;59;77.63;62;15;19.74;15;1;1.32;1;0;0.0;0
2024;EDPM;En agglomération;cycleway;Autre véhicule non motorisé seulement;24;0;11;45.83;12;11;45.83;11;2;8.33;2;0;0.0;0;0;0.0;0
2024;EDPM;En agglomération;cycleway;Piéton seul;15;0;14;93.33;16;1;6.67;1;0;0.0;0;0;0.0;0;0;0.0;0
2024;EDPM;En agglomération;cycleway;Solo (sans piéton);27;0;0;0.0;0;17;62.96;18;9;33.33;9;1;3.7;1;0;0.0;0
2024;EDPM;En agglomération;cycleway;Véhicule indéterminé seulement;1;0;1;100.0;1;0;0.0;0;0;0.0;0;0;0.0;0;0;0.0;0
2024;EDPM;En agglomération;living_street;Autre véhicule du même catv seulement;1;0;0;0.0;0;1;100.0;2;0;0.0;0;0;0.0;0;0;0.0;0
2024;EDPM;En agglomération;living_street;Autre véhicule motorisé seulement;18;0;1;5.56;1;17;94.44;17;1;5.56;1;0;0.0;0;0;0.0;0
2024;EDPM;En agglomération;living_street;Autre véhicule non motorisé seulement;1;0;0;0.0;0;1;100.0;1;0;0.0;0;0;0.0;0;0;0.0;0
2024;EDPM;En agglomération;living_street;Piéton seul;12;0;8;66.67;8;4;33.33;4;0;0.0;0;0;0.0;0;0;0.0;0
2024;EDPM;En agglomération;living_street;Solo (sans piéton);5;0;0;0.0;0;4;80.0;4;0;0.0;0;1;20.0;1;0;0.0;0
2024;EDPM;En agglomération;motorway;Autre véhicule du même catv seulement;1;0;0;0.0;0;1;100.0;2;0;0.0;0;0;0.0;0;0;0.0;0
2024;EDPM;En agglomération;motorway;Autre véhicule motorisé seulement;1;0;0;0.0;0;1;100.0;1;0;0.0;0;0;0.0;0;0;0.0;0
2024;EDPM;En agglomération;motorway;Piéton seul;1;0;0;0.0;0;1;100.0;1;0;0.0;0;0;0.0;0;0;0.0;0
2024;EDPM;En agglomération;primary;Autre véhicule du même catv seulement;7;0;4;57.14;4;6;85.71;8;1;14.29;2;0;0.0;0;0;0.0;0
2024;EDPM;En agglomération;primary;Autre véhicule motorisé seulement;313;0;7;2.24;7;250;79.87;254;58;18.53;60;4;1.28;4;0;0.0;0
2024;EDPM;En agglomération;primary;Autre véhicule non motorisé seulement;26;0;11;42.31;11;13;50.0;13;3;11.54;3;0;0.0;0;0;0.0;0
2024;EDPM;En agglomération;primary;Combinaison de tiers;4;0;1;25.0;2;3;75.0;3;1;25.0;1;0;0.0;0;0;0.0;0
2024;EDPM;En agglomération;primary;Piéton seul;37;0;32;86.49;35;5;13.51;5;0;0.0;0;0;0.0;0;0;0.0;0
2024;EDPM;En agglomération;primary;Solo (sans piéton);54;0;5;9.26;5;39;72.22;39;15;27.78;15;0;0.0;0;0;0.0;0
2024;EDPM;En agglomération;primary;Véhicule indéterminé seulement;2;0;0;0.0;0;2;100.0;2;0;0.0;0;0;0.0;0;0;0.0;0
2024;EDPM;En agglomération;residential;Autre véhicule du même catv seulement;1;0;0;0.0;0;1;100.0;1;1;100.0;1;0;0.0;0;0;0.0;0
2024;EDPM;En agglomération;residential;Autre véhicule motorisé seulement;604;0;15;2.48;15;501;82.95;519;102;16.89;103;2;0.33;2;0;0.0;0
2024;EDPM;En agglomération;residential;Autre véhicule non motorisé seulement;16;0;7;43.75;7;7;43.75;7;2;12.5;2;0;0.0;0;0;0.0;0
2024;EDPM;En agglomération;residential;Combinaison de tiers;4;0;2;50.0;2;2;50.0;2;2;50.0;2;0;0.0;0;0;0.0;0
2024;EDPM;En agglomération;residential;Piéton seul;68;0;58;85.29;60;8;11.76;8;2;2.94;2;0;0.0;0;0;0.0;0
2024;EDPM;En agglomération;residential;Solo (sans piéton);114;0;3;2.63;3;82;71.93;85;25;21.93;25;8;7.02;8;0;0.0;0
2024;EDPM;En agglomération;residential;Véhicule indéterminé seulement;4;0;0;0.0;0;4;100.0;4;0;0.0;0;0;0.0;0;0;0.0;0
2024;EDPM;En agglomération;secondary;Autre véhicule du même catv seulement;5;0;2;40.0;2;5;100.0;9;0;0.0;0;0;0.0;0;0;0.0;0
2024;EDPM;En agglomération;secondary;Autre véhicule motorisé seulement;447;0;15;3.36;15;367;82.1;378;70;15.66;71;5;1.12;5;0;0.0;0
2024;EDPM;En agglomération;secondary;Autre véhicule non motorisé seulement;13;0;4;30.77;4;6;46.15;6;3;23.08;3;0;0.0;0;0;0.0;0
2024;EDPM;En agglomération;secondary;Combinaison de tiers;4;0;1;25.0;1;2;50.0;2;1;25.0;1;0;0.0;0;0;0.0;0
2024;EDPM;En agglomération;secondary;Piéton seul;56;0;49;87.5;50;7;12.5;7;0;0.0;0;0;0.0;0;0;0.0;0
2024;EDPM;En agglomération;secondary;Solo (sans piéton);62;0;0;0.0;0;43;69.35;45;17;27.42;17;3;4.84;3;0;0.0;0
2024;EDPM;En agglomération;secondary;Véhicule indéterminé seulement;3;0;0;0.0;0;3;100.0;3;0;0.0;0;0;0.0;0;0;0.0;0
2024;EDPM;En agglomération;service;Autre véhicule du même catv seulement;1;0;1;100.0;1;1;100.0;1;0;0.0;0;0;0.0;0;0;0.0;0
2024;EDPM;En agglomération;service;Autre véhicule motorisé seulement;94;0;2;2.13;2;76;80.85;79;18;19.15;18;0;0.0;0;0;0.0;0
2024;EDPM;En agglomération;service;Autre véhicule non motorisé seulement;10;0;6;60.0;7;3;30.0;3;1;10.0;1;0;0.0;0;0;0.0;0
2024;EDPM;En agglomération;service;Piéton seul;10;0;9;90.0;10;1;10.0;1;0;0.0;0;0;0.0;0;0;0.0;0
2024;EDPM;En agglomération;service;Solo (sans piéton);20;0;1;5.0;1;10;50.0;11;10;50.0;10;0;0.0;0;0;0.0;0
2024;EDPM;En agglomération;service;Véhicule indéterminé seulement;1;0;0;0.0;0;1;100.0;1;0;0.0;0;0;0.0;0;0;0.0;0
2024;EDPM;En agglomération;tertiary;Autre véhicule du même catv seulement;1;0;1;100.0;1;1;100.0;1;0;0.0;0;0;0.0;0;0;0.0;0
2024;EDPM;En agglomération;tertiary;Autre véhicule motorisé seulement;304;0;16;5.26;16;235;77.3;246;62;20.39;64;3;0.99;3;0;0.0;0
2024;EDPM;En agglomération;tertiary;Autre véhicule non motorisé seulement;8;0;5;62.5;5;2;25.0;2;1;12.5;1;0;0.0;0;0;0.0;0
2024;EDPM;En agglomération;tertiary;Combinaison de tiers;3;0;1;33.33;1;2;66.67;2;0;0.0;0;0;0.0;0;0;0.0;0
2024;EDPM;En agglomération;tertiary;Piéton seul;40;0;33;82.5;33;7;17.5;7;1;2.5;1;0;0.0;0;0;0.0;0
2024;EDPM;En agglomération;tertiary;Solo (sans piéton);62;0;5;8.06;5;41;66.13;41;20;32.26;20;2;3.23;2;0;0.0;0
2024;EDPM;En agglomération;tertiary;Véhicule indéterminé seulement;5;0;0;0.0;0;5;100.0;6;0;0.0;0;0;0.0;0;0;0.0;0
2024;EDPM;En agglomération;track;Autre véhicule motorisé seulement;1;0;0;0.0;0;0;0.0;0;1;100.0;1;0;0.0;0;0;0.0;0
2024;EDPM;En agglomération;track;Solo (sans piéton);2;0;0;0.0;0;0;0.0;0;2;100.0;2;0;0.0;0;0;0.0;0
2024;EDPM;En agglomération;trunk;Autre véhicule du même catv seulement;1;0;1;100.0;1;1;100.0;1;0;0.0;0;0;0.0;0;0;0.0;0
2024;EDPM;En agglomération;trunk;Autre véhicule motorisé seulement;1;0;0;0.0;0;1;100.0;1;0;0.0;0;0;0.0;0;0;0.0;0
2024;EDPM;En agglomération;trunk;Solo (sans piéton);1;0;0;0.0;0;1;100.0;1;0;0.0;0;0;0.0;0;0;0.0;0
2024;EDPM;En agglomération;unclassified;Autre véhicule motorisé seulement;95;0;5;5.26;5;76;80.0;79;22;23.16;23;0;0.0;0;0;0.0;0
2024;EDPM;En agglomération;unclassified;Autre véhicule non motorisé seulement;3;0;2;66.67;2;1;33.33;1;0;0.0;0;0;0.0;0;0;0.0;0
2024;EDPM;En agglomération;unclassified;Piéton seul;2;0;1;50.0;1;1;50.0;1;0;0.0;0;0;0.0;0;0;0.0;0
2024;EDPM;En agglomération;unclassified;Solo (sans piéton);26;0;1;3.85;1;15;57.69;15;10;38.46;10;1;3.85;1;0;0.0;0
2024;EDPM;En agglomération;unclassified;Véhicule indéterminé seulement;2;0;0;0.0;0;2;100.0;2;0;0.0;0;0;0.0;0;0;0.0;0
2024;EDPM;Hors agglomération;cycleway;Autre véhicule motorisé seulement;2;0;0;0.0;0;1;50.0;1;1;50.0;1;0;0.0;0;0;0.0;0
2024;EDPM;Hors agglomération;cycleway;Solo (sans piéton);3;0;0;0.0;0;0;0.0;0;2;66.67;2;1;33.33;1;0;0.0;0
2024;EDPM;Hors agglomération;motorway;Autre véhicule motorisé seulement;2;0;1;50.0;1;0;0.0;0;0;0.0;0;1;50.0;1;0;0.0;0
2024;EDPM;Hors agglomération;primary;Autre véhicule motorisé seulement;27;0;2;7.41;2;9;33.33;9;11;40.74;11;7;25.93;7;0;0.0;0
2024;EDPM;Hors agglomération;primary;Solo (sans piéton);3;0;0;0.0;0;3;100.0;3;0;0.0;0;0;0.0;0;0;0.0;0
2024;EDPM;Hors agglomération;residential;Autre véhicule motorisé seulement;8;0;0;0.0;0;3;37.5;3;6;75.0;6;0;0.0;0;0;0.0;0
2024;EDPM;Hors agglomération;residential;Piéton seul;1;0;0;0.0;0;1;100.0;1;0;0.0;0;0;0.0;0;0;0.0;0
2024;EDPM;Hors agglomération;residential;Solo (sans piéton);1;0;0;0.0;0;1;100.0;1;1;100.0;1;0;0.0;0;0;0.0;0
2024;EDPM;Hors agglomération;secondary;Autre véhicule motorisé seulement;20;0;0;0.0;0;8;40.0;8;7;35.0;7;5;25.0;5;0;0.0;0
2024;EDPM;Hors agglomération;secondary;Autre véhicule non motorisé seulement;2;0;1;50.0;1;1;50.0;1;0;0.0;0;0;0.0;0;0;0.0;0
2024;EDPM;Hors agglomération;secondary;Piéton seul;1;0;0;0.0;0;1;100.0;1;0;0.0;0;0;0.0;0;0;0.0;0
2024;EDPM;Hors agglomération;secondary;Solo (sans piéton);6;0;0;0.0;0;0;0.0;0;5;83.33;5;1;16.67;1;0;0.0;0
2024;EDPM;Hors agglomération;secondary;Véhicule indéterminé seulement;1;0;0;0.0;0;1;100.0;1;0;0.0;0;0;0.0;0;0;0.0;0
2024;EDPM;Hors agglomération;service;Autre véhicule motorisé seulement;3;0;0;0.0;0;2;66.67;2;1;33.33;1;0;0.0;0;0;0.0;0
2024;EDPM;Hors agglomération;service;Piéton seul;1;0;1;100.0;1;0;0.0;0;0;0.0;0;0;0.0;0;0;0.0;0
2024;EDPM;Hors agglomération;service;Solo (sans piéton);1;0;0;0.0;0;0;0.0;0;1;100.0;1;0;0.0;0;0;0.0;0
2024;EDPM;Hors agglomération;tertiary;Autre véhicule motorisé seulement;8;0;0;0.0;0;4;50.0;4;4;50.0;4;0;0.0;0;0;0.0;0
2024;EDPM;Hors agglomération;tertiary;Solo (sans piéton);9;0;0;0.0;0;7;77.78;8;2;22.22;2;0;0.0;0;0;0.0;0
2024;EDPM;Hors agglomération;track;Autre véhicule motorisé seulement;1;0;0;0.0;0;1;100.0;1;0;0.0;0;0;0.0;0;0;0.0;0
2024;EDPM;Hors agglomération;track;Solo (sans piéton);2;0;0;0.0;0;2;100.0;2;0;0.0;0;0;0.0;0;0;0.0;0
2024;EDPM;Hors agglomération;trunk;Autre véhicule du même catv seulement;1;0;1;100.0;1;1;100.0;1;1;100.0;1;0;0.0;0;0;0.0;0
2024;EDPM;Hors agglomération;trunk;Autre véhicule motorisé seulement;2;0;0;0.0;0;1;50.0;1;1;50.0;1;0;0.0;0;0;0.0;0
2024;EDPM;Hors agglomération;unclassified;Autre véhicule motorisé seulement;8;0;0;0.0;0;4;50.0;4;5;62.5;5;0;0.0;0;0;0.0;0
2024;EDPM;Hors agglomération;unclassified;Autre véhicule non motorisé seulement;2;0;2;100.0;2;0;0.0;0;0;0.0;0;0;0.0;0;0;0.0;0
2024;EDPM;Hors agglomération;unclassified;Piéton seul;1;0;1;100.0;1;0;0.0;0;0;0.0;0;0;0.0;0;0;0.0;0
2024;EDPM;Hors agglomération;unclassified;Solo (sans piéton);4;0;0;0.0;0;3;75.0;3;1;25.0;1;0;0.0;0;0;0.0;0
2024;EDP_SANS_MOTEUR;En agglomération;cycleway;Autre véhicule motorisé seulement;6;0;0;0.0;0;4;66.67;4;2;33.33;2;0;0.0;0;0;0.0;0
2024;EDP_SANS_MOTEUR;En agglomération;cycleway;Autre véhicule non motorisé seulement;2;0;0;0.0;0;2;100.0;2;0;0.0;0;0;0.0;0;0;0.0;0
2024;EDP_SANS_MOTEUR;En agglomération;cycleway;Solo (sans piéton);2;0;0;0.0;0;2;100.0;2;0;0.0;0;0;0.0;0;0;0.0;0
2024;EDP_SANS_MOTEUR;En agglomération;living_street;Autre véhicule motorisé seulement;5;0;0;0.0;0;5;100.0;5;0;0.0;0;0;0.0;0;0;0.0;0
2024;EDP_SANS_MOTEUR;En agglomération;primary;Autre véhicule motorisé seulement;25;0;0;0.0;0;23;92.0;23;1;4.0;1;1;4.0;1;0;0.0;0
2024;EDP_SANS_MOTEUR;En agglomération;primary;Autre véhicule non motorisé seulement;1;0;0;0.0;0;1;100.0;1;0;0.0;0;0;0.0;0;0;0.0;0
2024;EDP_SANS_MOTEUR;En agglomération;primary;Solo (sans piéton);5;0;0;0.0;0;5;100.0;5;0;0.0;0;0;0.0;0;0;0.0;0
2024;EDP_SANS_MOTEUR;En agglomération;residential;Autre véhicule du même catv seulement;1;0;1;100.0;1;1;100.0;1;0;0.0;0;0;0.0;0;0;0.0;0
2024;EDP_SANS_MOTEUR;En agglomération;residential;Autre véhicule motorisé seulement;64;0;0;0.0;0;58;90.62;61;6;9.38;6;0;0.0;0;0;0.0;0
2024;EDP_SANS_MOTEUR;En agglomération;residential;Autre véhicule non motorisé seulement;2;0;1;50.0;1;1;50.0;1;0;0.0;0;0;0.0;0;0;0.0;0
2024;EDP_SANS_MOTEUR;En agglomération;residential;Combinaison de tiers;2;0;2;100.0;2;1;50.0;1;0;0.0;0;0;0.0;0;0;0.0;0
2024;EDP_SANS_MOTEUR;En agglomération;residential;Piéton seul;1;0;1;100.0;1;0;0.0;0;0;0.0;0;0;0.0;0;0;0.0;0
2024;EDP_SANS_MOTEUR;En agglomération;residential;Solo (sans piéton);8;0;0;0.0;0;7;87.5;7;1;12.5;1;0;0.0;0;0;0.0;0
2024;EDP_SANS_MOTEUR;En agglomération;residential;Véhicule indéterminé seulement;1;0;0;0.0;0;1;100.0;1;0;0.0;0;0;0.0;0;0;0.0;0
2024;EDP_SANS_MOTEUR;En agglomération;secondary;Autre véhicule motorisé seulement;39;0;0;0.0;0;33;84.62;34;5;12.82;5;1;2.56;1;0;0.0;0
2024;EDP_SANS_MOTEUR;En agglomération;secondary;Autre véhicule non motorisé seulement;2;0;0;0.0;0;2;100.0;2;0;0.0;0;0;0.0;0;0;0.0;0
2024;EDP_SANS_MOTEUR;En agglomération;secondary;Piéton seul;1;0;1;100.0;1;0;0.0;0;0;0.0;0;0;0.0;0;0;0.0;0
2024;EDP_SANS_MOTEUR;En agglomération;secondary;Solo (sans piéton);8;0;0;0.0;0;8;100.0;8;0;0.0;0;0;0.0;0;0;0.0;0
2024;EDP_SANS_MOTEUR;En agglomération;secondary;Véhicule indéterminé seulement;1;0;0;0.0;0;1;100.0;1;0;0.0;0;0;0.0;0;0;0.0;0
2024;EDP_SANS_MOTEUR;En agglomération;service;Autre véhicule motorisé seulement;8;0;1;12.5;1;8;100.0;8;0;0.0;0;0;0.0;0;0;0.0;0
2024;EDP_SANS_MOTEUR;En agglomération;service;Solo (sans piéton);4;0;0;0.0;0;3;75.0;3;1;25.0;1;0;0.0;0;0;0.0;0
2024;EDP_SANS_MOTEUR;En agglomération;tertiary;Autre véhicule du même catv seulement;1;0;1;100.0;2;1;100.0;1;0;0.0;0;0;0.0;0;0;0.0;0
2024;EDP_SANS_MOTEUR;En agglomération;tertiary;Autre véhicule motorisé seulement;34;0;1;2.94;1;27;79.41;27;6;17.65;6;0;0.0;0;0;0.0;0
2024;EDP_SANS_MOTEUR;En agglomération;tertiary;Piéton seul;3;0;3;100.0;4;0;0.0;0;0;0.0;0;0;0.0;0;0;0.0;0
2024;EDP_SANS_MOTEUR;En agglomération;tertiary;Solo (sans piéton);6;0;0;0.0;0;6;100.0;6;0;0.0;0;0;0.0;0;0;0.0;0
2024;EDP_SANS_MOTEUR;En agglomération;unclassified;Autre véhicule motorisé seulement;10;0;1;10.0;1;7;70.0;7;2;20.0;2;0;0.0;0;0;0.0;0
2024;EDP_SANS_MOTEUR;En agglomération;unclassified;Solo (sans piéton);2;0;0;0.0;0;1;50.0;1;1;50.0;1;0;0.0;0;0;0.0;0
2024;EDP_SANS_MOTEUR;Hors agglomération;living_street;Autre véhicule motorisé seulement;1;0;0;0.0;0;1;100.0;1;0;0.0;0;0;0.0;0;0;0.0;0
2024;EDP_SANS_MOTEUR;Hors agglomération;primary;Autre véhicule motorisé seulement;1;0;0;0.0;0;0;0.0;0;0;0.0;0;1;100.0;1;0;0.0;0
2024;EDP_SANS_MOTEUR;Hors agglomération;primary;Solo (sans piéton);2;0;0;0.0;0;2;100.0;2;0;0.0;0;0;0.0;0;0;0.0;0
2024;EDP_SANS_MOTEUR;Hors agglomération;residential;Autre véhicule motorisé seulement;1;0;0;0.0;0;1;100.0;1;0;0.0;0;0;0.0;0;0;0.0;0
2024;EDP_SANS_MOTEUR;Hors agglomération;secondary;Autre véhicule motorisé seulement;2;0;0;0.0;0;0;0.0;0;2;100.0;2;0;0.0;0;0;0.0;0
2024;EDP_SANS_MOTEUR;Hors agglomération;tertiary;Autre véhicule motorisé seulement;1;0;0;0.0;0;0;0.0;0;1;100.0;1;0;0.0;0;0;0.0;0
2024;VAE;En agglomération;cycleway;Autre véhicule du même catv seulement;2;0;1;50.0;1;1;50.0;2;1;50.0;1;0;0.0;0;0;0.0;0
2024;VAE;En agglomération;cycleway;Autre véhicule motorisé seulement;25;0;1;4.0;1;18;72.0;18;5;20.0;5;1;4.0;1;0;0.0;0
2024;VAE;En agglomération;cycleway;Autre véhicule non motorisé seulement;9;0;2;22.22;2;7;77.78;7;0;0.0;0;0;0.0;0;0;0.0;0
2024;VAE;En agglomération;cycleway;Piéton seul;8;0;3;37.5;3;5;62.5;5;0;0.0;0;0;0.0;0;0;0.0;0
2024;VAE;En agglomération;cycleway;Solo (sans piéton);5;0;0;0.0;0;5;100.0;5;0;0.0;0;0;0.0;0;0;0.0;0
2024;VAE;En agglomération;living_street;Autre véhicule motorisé seulement;5;0;1;20.0;1;4;80.0;4;0;0.0;0;0;0.0;0;0;0.0;0
2024;VAE;En agglomération;living_street;Piéton seul;3;0;2;66.67;2;1;33.33;1;0;0.0;0;0;0.0;0;0;0.0;0
2024;VAE;En agglomération;living_street;Solo (sans piéton);3;0;0;0.0;0;2;66.67;2;1;33.33;1;0;0.0;0;0;0.0;0
2024;VAE;En agglomération;motorway;Autre véhicule motorisé seulement;1;0;0;0.0;0;1;100.0;1;0;0.0;0;0;0.0;0;0;0.0;0
2024;VAE;En agglomération;primary;Autre véhicule du même catv seulement;5;0;5;100.0;5;5;100.0;5;0;0.0;0;0;0.0;0;0;0.0;0
2024;VAE;En agglomération;primary;Autre véhicule motorisé seulement;84;0;4;4.76;4;59;70.24;60;15;17.86;15;7;8.33;7;0;0.0;0
2024;VAE;En agglomération;primary;Autre véhicule non motorisé seulement;3;0;1;33.33;1;2;66.67;2;0;0.0;0;0;0.0;0;0;0.0;0
2024;VAE;En agglomération;primary;Combinaison de tiers;1;0;0;0.0;0;0;0.0;0;1;100.0;1;1;100.0;1;0;0.0;0
2024;VAE;En agglomération;primary;Piéton seul;8;0;7;87.5;7;1;12.5;1;0;0.0;0;0;0.0;0;0;0.0;0
2024;VAE;En agglomération;primary;Solo (sans piéton);19;0;0;0.0;0;17;89.47;19;2;10.53;2;0;0.0;0;0;0.0;0
2024;VAE;En agglomération;primary;Véhicule indéterminé seulement;2;0;0;0.0;0;0;0.0;0;2;100.0;2;0;0.0;0;0;0.0;0
2024;VAE;En agglomération;residential;Autre véhicule du même catv seulement;3;0;2;66.67;2;2;66.67;3;1;33.33;1;0;0.0;0;0;0.0;0
2024;VAE;En agglomération;residential;Autre véhicule motorisé seulement;139;0;6;4.32;6;118;84.89;121;15;10.79;15;1;0.72;1;0;0.0;0
2024;VAE;En agglomération;residential;Autre véhicule non motorisé seulement;4;0;2;50.0;2;2;50.0;2;0;0.0;0;0;0.0;0;0;0.0;0
2024;VAE;En agglomération;residential;Combinaison de tiers;3;0;1;33.33;1;3;100.0;4;0;0.0;0;0;0.0;0;0;0.0;0
2024;VAE;En agglomération;residential;Piéton seul;18;0;13;72.22;13;5;27.78;5;0;0.0;0;0;0.0;0;0;0.0;0
2024;VAE;En agglomération;residential;Solo (sans piéton);24;0;1;4.17;1;13;54.17;13;10;41.67;10;1;4.17;1;0;0.0;0
2024;VAE;En agglomération;secondary;Autre véhicule du même catv seulement;2;0;2;100.0;2;2;100.0;2;0;0.0;0;0;0.0;0;0;0.0;0
2024;VAE;En agglomération;secondary;Autre véhicule motorisé seulement;100;0;5;5.0;5;70;70.0;70;23;23.0;23;5;5.0;5;0;0.0;0
2024;VAE;En agglomération;secondary;Autre véhicule non motorisé seulement;2;0;1;50.0;1;0;0.0;0;1;50.0;1;0;0.0;0;0;0.0;0
2024;VAE;En agglomération;secondary;Combinaison de tiers;1;0;0;0.0;0;1;100.0;1;0;0.0;0;0;0.0;0;0;0.0;0
2024;VAE;En agglomération;secondary;Piéton seul;8;0;3;37.5;3;5;62.5;5;0;0.0;0;0;0.0;0;0;0.0;0
2024;VAE;En agglomération;secondary;Solo (sans piéton);18;0;1;5.56;1;16;88.89;16;2;11.11;2;0;0.0;0;0;0.0;0
2024;VAE;En agglomération;service;Autre véhicule motorisé seulement;26;0;2;7.69;3;19;73.08;19;5;19.23;5;1;3.85;1;0;0.0;0
2024;VAE;En agglomération;service;Combinaison de tiers;1;0;0;0.0;0;1;100.0;1;0;0.0;0;0;0.0;0;0;0.0;0
2024;VAE;En agglomération;service;Piéton seul;7;0;4;57.14;4;3;42.86;3;0;0.0;0;0;0.0;0;0;0.0;0
2024;VAE;En agglomération;service;Solo (sans piéton);7;0;0;0.0;0;4;57.14;4;3;42.86;3;0;0.0;0;0;0.0;0
2024;VAE;En agglomération;tertiary;Autre véhicule motorisé seulement;84;0;4;4.76;4;61;72.62;61;19;22.62;20;1;1.19;1;0;0.0;0
2024;VAE;En agglomération;tertiary;Autre véhicule non motorisé seulement;5;0;1;20.0;1;3;60.0;3;1;20.0;1;0;0.0;0;0;0.0;0
2024;VAE;En agglomération;tertiary;Piéton seul;6;0;4;66.67;4;2;33.33;2;0;0.0;0;0;0.0;0;0;0.0;0
2024;VAE;En agglomération;tertiary;Solo (sans piéton);14;0;0;0.0;0;7;50.0;7;6;42.86;6;1;7.14;1;0;0.0;0
2024;VAE;En agglomération;tertiary;Véhicule indéterminé seulement;1;0;0;0.0;0;1;100.0;1;0;0.0;0;0;0.0;0;0;0.0;0
2024;VAE;En agglomération;track;Solo (sans piéton);2;0;0;0.0;0;0;0.0;0;2;100.0;2;0;0.0;0;0;0.0;0
2024;VAE;En agglomération;unclassified;Autre véhicule motorisé seulement;15;0;0;0.0;0;9;60.0;9;5;33.33;5;1;6.67;1;0;0.0;0
2024;VAE;En agglomération;unclassified;Autre véhicule non motorisé seulement;1;0;1;100.0;1;0;0.0;0;0;0.0;0;0;0.0;0;0;0.0;0
2024;VAE;En agglomération;unclassified;Piéton seul;1;0;1;100.0;1;0;0.0;0;0;0.0;0;0;0.0;0;0;0.0;0
2024;VAE;En agglomération;unclassified;Solo (sans piéton);8;0;0;0.0;0;5;62.5;5;2;25.0;2;1;12.5;1;0;0.0;0
2024;VAE;Hors agglomération;cycleway;Autre véhicule motorisé seulement;1;0;0;0.0;0;0;0.0;0;1;100.0;1;0;0.0;0;0;0.0;0
2024;VAE;Hors agglomération;cycleway;Autre véhicule non motorisé seulement;1;0;0;0.0;0;0;0.0;0;1;100.0;1;0;0.0;0;0;0.0;0
2024;VAE;Hors agglomération;cycleway;Piéton seul;1;0;1;100.0;1;0;0.0;0;0;0.0;0;0;0.0;0;0;0.0;0
2024;VAE;Hors agglomération;primary;Autre véhicule motorisé seulement;8;0;0;0.0;0;3;37.5;3;4;50.0;4;1;12.5;1;0;0.0;0
2024;VAE;Hors agglomération;primary;Autre véhicule non motorisé seulement;1;0;0;0.0;0;0;0.0;0;0;0.0;0;1;100.0;1;0;0.0;0
2024;VAE;Hors agglomération;primary;Solo (sans piéton);4;0;0;0.0;0;2;50.0;2;3;75.0;3;0;0.0;0;0;0.0;0
2024;VAE;Hors agglomération;residential;Autre véhicule motorisé seulement;1;0;0;0.0;0;1;100.0;1;0;0.0;0;0;0.0;0;0;0.0;0
2024;VAE;Hors agglomération;residential;Solo (sans piéton);1;0;0;0.0;0;0;0.0;0;1;100.0;1;0;0.0;0;0;0.0;0
2024;VAE;Hors agglomération;secondary;Autre véhicule motorisé seulement;17;0;0;0.0;0;6;35.29;6;11;64.71;11;0;0.0;0;0;0.0;0
2024;VAE;Hors agglomération;secondary;Piéton seul;1;0;0;0.0;0;0;0.0;0;1;100.0;1;0;0.0;0;0;0.0;0
2024;VAE;Hors agglomération;secondary;Solo (sans piéton);5;0;0;0.0;0;0;0.0;0;4;80.0;4;1;20.0;1;0;0.0;0
2024;VAE;Hors agglomération;secondary;Véhicule indéterminé seulement;1;0;0;0.0;0;1;100.0;1;0;0.0;0;0;0.0;0;0;0.0;0
2024;VAE;Hors agglomération;service;Solo (sans piéton);1;0;0;0.0;0;0;0.0;0;1;100.0;1;0;0.0;0;0;0.0;0
2024;VAE;Hors agglomération;tertiary;Autre véhicule motorisé seulement;12;0;0;0.0;0;2;16.67;2;9;75.0;9;1;8.33;1;0;0.0;0
2024;VAE;Hors agglomération;tertiary;Piéton seul;1;0;0;0.0;0;0;0.0;0;0;0.0;0;1;100.0;1;0;0.0;0
2024;VAE;Hors agglomération;tertiary;Solo (sans piéton);5;0;0;0.0;0;1;20.0;1;3;60.0;3;1;20.0;1;0;0.0;0
2024;VAE;Hors agglomération;tertiary;Véhicule indéterminé seulement;1;0;0;0.0;0;0;0.0;0;1;100.0;1;0;0.0;0;0;0.0;0
2024;VAE;Hors agglomération;track;Autre véhicule motorisé seulement;1;0;0;0.0;0;1;100.0;1;0;0.0;0;0;0.0;0;0;0.0;0
2024;VAE;Hors agglomération;track;Solo (sans piéton);1;0;0;0.0;0;0;0.0;0;0;0.0;0;1;100.0;1;0;0.0;0
2024;VAE;Hors agglomération;trunk;Autre véhicule motorisé seulement;1;0;0;0.0;0;0;0.0;0;1;100.0;1;0;0.0;0;0;0.0;0
2024;VAE;Hors agglomération;unclassified;Autre véhicule du même catv seulement;1;0;0;0.0;0;1;100.0;1;1;100.0;1;0;0.0;0;0;0.0;0
2024;VAE;Hors agglomération;unclassified;Autre véhicule motorisé seulement;10;0;0;0.0;0;3;30.0;3;5;50.0;5;2;20.0;2;0;0.0;0
2024;VAE;Hors agglomération;unclassified;Autre véhicule non motorisé seulement;1;0;0;0.0;0;1;100.0;1;0;0.0;0;0;0.0;0;0;0.0;0
2024;VAE;Hors agglomération;unclassified;Solo (sans piéton);5;0;0;0.0;0;1;20.0;1;2;40.0;2;2;40.0;2;0;0.0;0
2024;VELO;En agglomération;Non apparié;Autre véhicule motorisé seulement;3;0;0;0.0;0;2;66.67;2;1;33.33;1;0;0.0;0;0;0.0;0
2024;VELO;En agglomération;Non apparié;Piéton seul;1;0;1;100.0;1;0;0.0;0;0;0.0;0;0;0.0;0;0;0.0;0
2024;VELO;En agglomération;cycleway;Autre véhicule du même catv seulement;16;0;12;75.0;12;16;100.0;19;1;6.25;1;0;0.0;0;0;0.0;0
2024;VELO;En agglomération;cycleway;Autre véhicule motorisé seulement;130;0;7;5.38;7;100;76.92;100;23;17.69;23;1;0.77;1;0;0.0;0
2024;VELO;En agglomération;cycleway;Autre véhicule non motorisé seulement;9;0;2;22.22;2;7;77.78;7;0;0.0;0;0;0.0;0;0;0.0;0
2024;VELO;En agglomération;cycleway;Combinaison de tiers;2;0;1;50.0;2;2;100.0;2;1;50.0;1;0;0.0;0;0;0.0;0
2024;VELO;En agglomération;cycleway;Piéton seul;18;0;14;77.78;14;4;22.22;4;0;0.0;0;0;0.0;0;0;0.0;0
2024;VELO;En agglomération;cycleway;Solo (sans piéton);26;0;0;0.0;0;20;76.92;20;3;11.54;3;3;11.54;3;0;0.0;0
2024;VELO;En agglomération;cycleway;Véhicule indéterminé seulement;1;0;0;0.0;0;0;0.0;0;1;100.0;1;0;0.0;0;0;0.0;0
2024;VELO;En agglomération;living_street;Autre véhicule du même catv seulement;3;0;2;66.67;2;2;66.67;3;1;33.33;1;0;0.0;0;0;0.0;0
2024;VELO;En agglomération;living_street;Autre véhicule motorisé seulement;30;0;0;0.0;0;25;83.33;25;5;16.67;5;0;0.0;0;0;0.0;0
2024;VELO;En agglomération;living_street;Piéton seul;13;0;7;53.85;7;6;46.15;6;0;0.0;0;0;0.0;0;0;0.0;0
2024;VELO;En agglomération;living_street;Solo (sans piéton);6;0;0;0.0;0;3;50.0;3;3;50.0;3;0;0.0;0;0;0.0;0
2024;VELO;En agglomération;motorway;Autre véhicule motorisé seulement;1;0;0;0.0;0;1;100.0;1;0;0.0;0;0;0.0;0;0;0.0;0
2024;VELO;En agglomération;motorway;Piéton seul;1;0;0;0.0;0;1;100.0;1;0;0.0;0;0;0.0;0;0;0.0;0
2024;VELO;En agglomération;primary;Autre véhicule du même catv seulement;27;0;18;66.67;19;27;100.0;35;1;3.7;1;0;0.0;0;0;0.0;0
2024;VELO;En agglomération;primary;Autre véhicule motorisé seulement;554;0;14;2.53;14;437;78.88;440;95;17.15;96;9;1.62;9;0;0.0;0
2024;VELO;En agglomération;primary;Autre véhicule non motorisé seulement;4;0;3;75.0;3;1;25.0;1;0;0.0;0;0;0.0;0;0;0.0;0
2024;VELO;En agglomération;primary;Combinaison de tiers;9;0;3;33.33;3;9;100.0;10;3;33.33;3;1;11.11;1;0;0.0;0
2024;VELO;En agglomération;primary;Piéton seul;52;0;38;73.08;38;13;25.0;13;1;1.92;1;0;0.0;0;0;0.0;0
2024;VELO;En agglomération;primary;Solo (sans piéton);63;0;2;3.17;2;48;76.19;48;13;20.63;13;2;3.17;2;0;0.0;0
2024;VELO;En agglomération;primary;Véhicule indéterminé seulement;5;0;1;20.0;1;4;80.0;4;1;20.0;1;0;0.0;0;0;0.0;0
2024;VELO;En agglomération;residential;Autre véhicule du même catv seulement;35;0;31;88.57;32;33;94.29;35;4;11.43;4;0;0.0;0;0;0.0;0
2024;VELO;En agglomération;residential;Autre véhicule motorisé seulement;820;0;14;1.71;14;663;80.85;669;141;17.2;142;6;0.73;6;0;0.0;0
2024;VELO;En agglomération;residential;Autre véhicule non motorisé seulement;6;0;2;33.33;2;4;66.67;4;0;0.0;0;0;0.0;0;0;0.0;0
2024;VELO;En agglomération;residential;Combinaison de tiers;12;0;3;25.0;4;7;58.33;8;6;50.0;8;0;0.0;0;0;0.0;0
2024;VELO;En agglomération;residential;Piéton seul;82;0;62;75.61;62;20;24.39;20;0;0.0;0;0;0.0;0;0;0.0;0
2024;VELO;En agglomération;residential;Solo (sans piéton);107;0;2;1.87;2;79;73.83;80;21;19.63;21;8;7.48;8;0;0.0;0
2024;VELO;En agglomération;residential;Véhicule indéterminé seulement;6;0;1;16.67;1;4;66.67;4;1;16.67;1;0;0.0;0;0;0.0;0
2024;VELO;En agglomération;secondary;Autre véhicule du même catv seulement;20;0;15;75.0;15;15;75.0;20;5;25.0;5;0;0.0;0;0;0.0;0
2024;VELO;En agglomération;secondary;Autre véhicule motorisé seulement;724;0;19;2.62;19;532;73.48;535;158;21.82;160;16;2.21;16;0;0.0;0
2024;VELO;En agglomération;secondary;Autre véhicule non motorisé seulement;4;0;1;25.0;1;3;75.0;3;0;0.0;0;0;0.0;0;0;0.0;0
2024;VELO;En agglomération;secondary;Combinaison de tiers;5;0;2;40.0;5;4;80.0;4;2;40.0;3;0;0.0;0;0;0.0;0
2024;VELO;En agglomération;secondary;Piéton seul;42;0;28;66.67;28;11;26.19;12;3;7.14;3;0;0.0;0;0;0.0;0
2024;VELO;En agglomération;secondary;Solo (sans piéton);79;0;1;1.27;1;54;68.35;55;19;24.05;19;6;7.59;6;0;0.0;0
2024;VELO;En agglomération;secondary;Véhicule indéterminé seulement;5;0;0;0.0;0;3;60.0;3;1;20.0;1;1;20.0;1;0;0.0;0
2024;VELO;En agglomération;service;Autre véhicule du même catv seulement;7;0;5;71.43;6;7;100.0;12;1;14.29;1;0;0.0;0;0;0.0;0
2024;VELO;En agglomération;service;Autre véhicule motorisé seulement;155;0;4;2.58;4;120;77.42;121;29;18.71;29;2;1.29;2;0;0.0;0
2024;VELO;En agglomération;service;Combinaison de tiers;4;0;2;50.0;2;3;75.0;3;1;25.0;1;0;0.0;0;0;0.0;0
2024;VELO;En agglomération;service;Piéton seul;16;0;12;75.0;12;4;25.0;4;0;0.0;0;0;0.0;0;0;0.0;0
2024;VELO;En agglomération;service;Solo (sans piéton);31;0;0;0.0;0;24;77.42;24;6;19.35;6;2;6.45;2;0;0.0;0
2024;VELO;En agglomération;service;Véhicule indéterminé seulement;1;0;0;0.0;0;1;100.0;1;0;0.0;0;0;0.0;0;0;0.0;0
2024;VELO;En agglomération;tertiary;Autre véhicule du même catv seulement;11;0;8;72.73;8;10;90.91;12;1;9.09;1;1;9.09;1;0;0.0;0
2024;VELO;En agglomération;tertiary;Autre véhicule motorisé seulement;522;0;12;2.3;12;393;75.29;396;107;20.5;108;15;2.87;15;0;0.0;0
2024;VELO;En agglomération;tertiary;Autre véhicule non motorisé seulement;5;0;2;40.0;2;2;40.0;2;1;20.0;1;0;0.0;0;0;0.0;0
2024;VELO;En agglomération;tertiary;Combinaison de tiers;6;0;2;33.33;2;4;66.67;7;3;50.0;8;1;16.67;1;0;0.0;0
2024;VELO;En agglomération;tertiary;Piéton seul;36;0;29;80.56;29;4;11.11;4;3;8.33;3;0;0.0;0;0;0.0;0
2024;VELO;En agglomération;tertiary;Solo (sans piéton);60;0;1;1.67;1;38;63.33;38;14;23.33;14;8;13.33;8;0;0.0;0
2024;VELO;En agglomération;tertiary;Véhicule indéterminé seulement;4;0;0;0.0;0;3;75.0;3;1;25.0;1;0;0.0;0;0;0.0;0
2024;VELO;En agglomération;track;Autre véhicule motorisé seulement;2;0;0;0.0;0;0;0.0;0;2;100.0;2;0;0.0;0;0;0.0;0
2024;VELO;En agglomération;track;Piéton seul;1;0;1;100.0;1;0;0.0;0;0;0.0;0;0;0.0;0;0;0.0;0
2024;VELO;En agglomération;track;Solo (sans piéton);3;0;0;0.0;0;0;0.0;0;2;66.67;2;1;33.33;1;0;0.0;0
2024;VELO;En agglomération;trunk;Autre véhicule motorisé seulement;7;0;0;0.0;0;6;85.71;6;0;0.0;0;1;14.29;1;0;0.0;0
2024;VELO;En agglomération;unclassified;Autre véhicule du même catv seulement;7;0;2;28.57;2;5;71.43;9;3;42.86;4;0;0.0;0;0;0.0;0
2024;VELO;En agglomération;unclassified;Autre véhicule motorisé seulement;120;0;1;0.83;1;77;64.17;78;40;33.33;40;2;1.67;2;0;0.0;0
2024;VELO;En agglomération;unclassified;Autre véhicule non motorisé seulement;1;0;0;0.0;0;1;100.0;1;0;0.0;0;0;0.0;0;0;0.0;0
2024;VELO;En agglomération;unclassified;Combinaison de tiers;1;0;0;0.0;0;1;100.0;1;1;100.0;1;0;0.0;0;0;0.0;0
2024;VELO;En agglomération;unclassified;Piéton seul;8;0;5;62.5;5;2;25.0;2;1;12.5;1;0;0.0;0;0;0.0;0
2024;VELO;En agglomération;unclassified;Solo (sans piéton);24;0;0;0.0;0;15;62.5;15;6;25.0;6;3;12.5;3;0;0.0;0
2024;VELO;En agglomération;unclassified;Véhicule indéterminé seulement;1;0;0;0.0;0;0;0.0;0;1;100.0;1;0;0.0;0;0;0.0;0
2024;VELO;Hors agglomération;Non apparié;Autre véhicule motorisé seulement;2;0;0;0.0;0;2;100.0;2;0;0.0;0;0;0.0;0;0;0.0;0
2024;VELO;Hors agglomération;Non apparié;Piéton seul;1;0;0;0.0;0;0;0.0;0;1;100.0;1;0;0.0;0;0;0.0;0
2024;VELO;Hors agglomération;Non apparié;Solo (sans piéton);1;0;0;0.0;0;0;0.0;0;1;100.0;1;0;0.0;0;0;0.0;0
2024;VELO;Hors agglomération;cycleway;Autre véhicule motorisé seulement;5;0;0;0.0;0;2;40.0;2;2;40.0;2;1;20.0;1;0;0.0;0
2024;VELO;Hors agglomération;cycleway;Autre véhicule non motorisé seulement;1;0;0;0.0;0;1;100.0;1;0;0.0;0;0;0.0;0;0;0.0;0
2024;VELO;Hors agglomération;cycleway;Piéton seul;1;0;0;0.0;0;1;100.0;1;0;0.0;0;0;0.0;0;0;0.0;0
2024;VELO;Hors agglomération;cycleway;Solo (sans piéton);2;0;0;0.0;0;0;0.0;0;1;50.0;1;1;50.0;1;0;0.0;0
2024;VELO;Hors agglomération;primary;Autre véhicule du même catv seulement;5;0;3;60.0;3;4;80.0;8;3;60.0;5;0;0.0;0;0;0.0;0
2024;VELO;Hors agglomération;primary;Autre véhicule motorisé seulement;151;0;0;0.0;0;61;40.4;61;79;52.32;80;11;7.28;11;0;0.0;0
2024;VELO;Hors agglomération;primary;Autre véhicule non motorisé seulement;1;0;1;100.0;1;0;0.0;0;0;0.0;0;0;0.0;0;0;0.0;0
2024;VELO;Hors agglomération;primary;Combinaison de tiers;6;0;2;33.33;2;3;50.0;3;4;66.67;5;1;16.67;2;0;0.0;0
2024;VELO;Hors agglomération;primary;Solo (sans piéton);9;0;0;0.0;0;3;33.33;3;4;44.44;4;2;22.22;2;0;0.0;0
2024;VELO;Hors agglomération;primary;Véhicule indéterminé seulement;5;0;0;0.0;0;3;60.0;3;2;40.0;2;0;0.0;0;0;0.0;0
2024;VELO;Hors agglomération;residential;Autre véhicule du même catv seulement;3;0;2;66.67;2;2;66.67;2;2;66.67;2;0;0.0;0;0;0.0;0
2024;VELO;Hors agglomération;residential;Autre véhicule motorisé seulement;14;0;0;0.0;0;7;50.0;7;6;42.86;6;1;7.14;1;0;0.0;0
2024;VELO;Hors agglomération;residential;Combinaison de tiers;2;0;0;0.0;0;2;100.0;3;0;0.0;0;0;0.0;0;0;0.0;0
2024;VELO;Hors agglomération;residential;Piéton seul;2;0;1;50.0;1;0;0.0;0;1;50.0;1;0;0.0;0;0;0.0;0
2024;VELO;Hors agglomération;residential;Solo (sans piéton);6;0;0;0.0;0;5;83.33;5;0;0.0;0;1;16.67;1;0;0.0;0
2024;VELO;Hors agglomération;residential;Véhicule indéterminé seulement;1;0;0;0.0;0;0;0.0;0;1;100.0;1;0;0.0;0;0;0.0;0
2024;VELO;Hors agglomération;secondary;Autre véhicule du même catv seulement;7;0;6;85.71;6;4;57.14;7;3;42.86;3;0;0.0;0;0;0.0;0
2024;VELO;Hors agglomération;secondary;Autre véhicule motorisé seulement;183;0;0;0.0;0;65;35.52;65;95;51.91;95;23;12.57;23;0;0.0;0
2024;VELO;Hors agglomération;secondary;Combinaison de tiers;18;0;3;16.67;4;14;77.78;24;12;66.67;15;2;11.11;2;0;0.0;0
2024;VELO;Hors agglomération;secondary;Solo (sans piéton);49;0;0;0.0;0;7;14.29;7;28;57.14;28;14;28.57;14;0;0.0;0
2024;VELO;Hors agglomération;secondary;Véhicule indéterminé seulement;3;0;0;0.0;0;1;33.33;1;2;66.67;2;0;0.0;0;0;0.0;0
2024;VELO;Hors agglomération;service;Autre véhicule du même catv seulement;3;0;1;33.33;1;3;100.0;4;1;33.33;1;0;0.0;0;0;0.0;0
2024;VELO;Hors agglomération;service;Autre véhicule motorisé seulement;11;0;0;0.0;0;4;36.36;4;6;54.55;6;1;9.09;1;0;0.0;0
2024;VELO;Hors agglomération;service;Piéton seul;1;0;1;100.0;1;0;0.0;0;0;0.0;0;0;0.0;0;0;0.0;0
2024;VELO;Hors agglomération;service;Solo (sans piéton);4;0;0;0.0;0;1;25.0;1;2;50.0;2;1;25.0;1;0;0.0;0
2024;VELO;Hors agglomération;tertiary;Autre véhicule du même catv seulement;6;0;4;66.67;4;2;33.33;3;4;66.67;6;1;16.67;1;0;0.0;0
2024;VELO;Hors agglomération;tertiary;Autre véhicule motorisé seulement;141;0;3;2.13;3;49;34.75;49;80;56.74;80;10;7.09;10;0;0.0;0
2024;VELO;Hors agglomération;tertiary;Combinaison de tiers;10;0;2;20.0;2;5;50.0;9;5;50.0;8;3;30.0;3;0;0.0;0
2024;VELO;Hors agglomération;tertiary;Piéton seul;1;0;0;0.0;0;0;0.0;0;1;100.0;1;0;0.0;0;0;0.0;0
2024;VELO;Hors agglomération;tertiary;Solo (sans piéton);50;0;0;0.0;0;12;24.0;12;24;48.0;24;14;28.0;14;0;0.0;0
2024;VELO;Hors agglomération;tertiary;Véhicule indéterminé seulement;1;0;0;0.0;0;0;0.0;0;1;100.0;1;0;0.0;0;0;0.0;0
2024;VELO;Hors agglomération;track;Autre véhicule du même catv seulement;1;0;0;0.0;0;1;100.0;1;1;100.0;1;0;0.0;0;0;0.0;0
2024;VELO;Hors agglomération;track;Autre véhicule motorisé seulement;5;0;0;0.0;0;1;20.0;1;3;60.0;3;1;20.0;1;0;0.0;0
2024;VELO;Hors agglomération;track;Solo (sans piéton);2;0;0;0.0;0;1;50.0;1;1;50.0;1;0;0.0;0;0;0.0;0
2024;VELO;Hors agglomération;trunk;Autre véhicule motorisé seulement;14;0;0;0.0;0;5;35.71;5;6;42.86;6;3;21.43;3;0;0.0;0
2024;VELO;Hors agglomération;trunk;Solo (sans piéton);2;0;0;0.0;0;2;100.0;2;0;0.0;0;0;0.0;0;0;0.0;0
2024;VELO;Hors agglomération;unclassified;Autre véhicule du même catv seulement;2;0;0;0.0;0;1;50.0;1;2;100.0;3;0;0.0;0;0;0.0;0
2024;VELO;Hors agglomération;unclassified;Autre véhicule motorisé seulement;64;0;0;0.0;0;20;31.25;20;36;56.25;36;8;12.5;8;0;0.0;0
2024;VELO;Hors agglomération;unclassified;Autre véhicule non motorisé seulement;1;0;0;0.0;0;1;100.0;1;0;0.0;0;0;0.0;0;0;0.0;0
2024;VELO;Hors agglomération;unclassified;Combinaison de tiers;2;0;0;0.0;0;2;100.0;2;1;50.0;1;1;50.0;1;0;0.0;0
2024;VELO;Hors agglomération;unclassified;Solo (sans piéton);33;0;0;0.0;0;5;15.15;5;17;51.52;17;11;33.33;11;0;0.0;0
2024;VELO;Hors agglomération;unclassified;Véhicule indéterminé seulement;1;0;0;0.0;0;0;0.0;0;1;100.0;1;0;0.0;0;0;0.0;0
