annee,zone,vma_classe,situation_classe,surface_classe,accidents_mode_edpm,support_compatible_edpm,sans_collision_baac_edpm,obs_fixe_edpm,obs_bordure_edpm,sortie_chaussee_edpm,surface_adverse_edpm,manoeuvre_evitement_edpm,obs_mobile_vehicule_edpm,accidents_mode_velo,support_compatible_velo,sans_collision_baac_velo,obs_fixe_velo,obs_bordure_velo,sortie_chaussee_velo,surface_adverse_velo,manoeuvre_evitement_velo,obs_mobile_vehicule_velo,part_support_compatible_edpm,part_support_compatible_velo,difference_points_support_compatible,rr_support_compatible,part_sans_collision_baac_edpm,part_sans_collision_baac_velo,difference_points_sans_collision_baac,rr_sans_collision_baac,part_obs_fixe_edpm,part_obs_fixe_velo,difference_points_obs_fixe,rr_obs_fixe,part_obs_bordure_edpm,part_obs_bordure_velo,difference_points_obs_bordure,rr_obs_bordure,part_sortie_chaussee_edpm,part_sortie_chaussee_velo,difference_points_sortie_chaussee,rr_sortie_chaussee,part_surface_adverse_edpm,part_surface_adverse_velo,difference_points_surface_adverse,rr_surface_adverse,part_manoeuvre_evitement_edpm,part_manoeuvre_evitement_velo,difference_points_manoeuvre_evitement,rr_manoeuvre_evitement,part_obs_mobile_vehicule_edpm,part_obs_mobile_vehicule_velo,difference_points_obs_mobile_vehicule,rr_obs_mobile_vehicule
2019,En agglomération,21_30,1,1,73,6,7,6,1,0,0,1,53,403,29,31,34,6,2,0,5,295,0.0821917808219178,0.07196029776674938,1.0231483055168424,1.1421823334907888,0.0958904109589041,0.07692307692307693,1.8967334035827177,1.2465753424657533,0.0821917808219178,0.08436724565756824,-0.21754648356504397,0.9742143432715551,0.0136986301369863,0.01488833746898263,-0.11897073319963297,0.9200913242009132,0.0,0.004962779156327543,-0.49627791563275436,0.0,0.0,0.0,0.0,,0.0136986301369863,0.01240694789081886,0.12916822461674413,1.1041095890410957,0.726027397260274,0.7320099255583127,-0.5982528298038692,0.9918272579521709
2019,En agglomération,21_30,1,2,8,1,0,0,0,0,8,0,7,75,19,6,6,1,0,75,1,56,0.125,0.25333333333333335,-12.833333333333336,0.4934210526315789,0.0,0.08,-8.0,0.0,0.0,0.08,-8.0,0.0,0.0,0.013333333333333334,-1.3333333333333335,0.0,0.0,0.0,0.0,,1.0,1.0,0.0,1.0,0.0,0.013333333333333334,-1.3333333333333335,0.0,0.875,0.7466666666666667,12.83333333333333,1.171875
2019,En agglomération,21_30,3,1,1,0,0,0,0,0,0,0,1,2,0,0,0,0,0,0,0,2,0.0,0.0,0.0,,0.0,0.0,0.0,,0.0,0.0,0.0,,0.0,0.0,0.0,,0.0,0.0,0.0,,0.0,0.0,0.0,,0.0,0.0,0.0,,1.0,1.0,0.0,1.0
2019,En agglomération,21_30,4,1,6,0,0,0,0,0,0,0,3,8,1,1,1,0,0,0,0,2,0.0,0.125,-12.5,0.0,0.0,0.125,-12.5,0.0,0.0,0.125,-12.5,0.0,0.0,0.0,0.0,,0.0,0.0,0.0,,0.0,0.0,0.0,,0.0,0.0,0.0,,0.5,0.25,25.0,2.0
2019,En agglomération,21_30,5,1,5,0,0,0,0,0,0,0,4,55,1,1,0,0,0,0,1,41,0.0,0.01818181818181818,-1.8181818181818181,0.0,0.0,0.01818181818181818,-1.8181818181818181,0.0,0.0,0.0,0.0,,0.0,0.0,0.0,,0.0,0.0,0.0,,0.0,0.0,0.0,,0.0,0.01818181818181818,-1.8181818181818181,0.0,0.8,0.7454545454545455,5.454545454545457,1.0731707317073171
2019,En agglomération,21_30,5,2,6,4,4,0,0,0,6,1,2,10,5,1,0,0,0,10,1,5,0.6666666666666666,0.5,16.666666666666664,1.3333333333333333,0.6666666666666666,0.1,56.666666666666664,6.666666666666666,0.0,0.0,0.0,,0.0,0.0,0.0,,0.0,0.0,0.0,,1.0,1.0,0.0,1.0,0.16666666666666666,0.1,6.666666666666665,1.6666666666666665,0.3333333333333333,0.5,-16.666666666666668,0.6666666666666666
2019,En agglomération,41_50,1,1,354,27,33,28,12,0,0,5,267,2614,149,111,166,28,5,0,31,2148,0.07627118644067797,0.057000765110941085,1.9270421329736886,1.3380730292344445,0.09322033898305085,0.04246365723029839,5.075668175275245,2.195296991907161,0.07909604519774012,0.06350420811017597,1.5591837087564149,1.2455244707644137,0.03389830508474576,0.010711553175210406,2.3186751909535355,3.164648910411622,0.0,0.0019127773527161439,-0.1912777352716144,0.0,0.0,0.0,0.0,,0.014124293785310734,0.011859219586840091,0.22650741984706432,1.1909969017678148,0.7542372881355932,0.8217291507268554,-6.749186259126216,0.9178660480383802
2019,En agglomération,41_50,1,2,57,17,4,4,0,0,57,0,40,362,62,19,22,2,1,362,2,300,0.2982456140350877,0.1712707182320442,12.69748958030435,1.7413695529145443,0.07017543859649122,0.052486187845303865,1.768925075118736,1.3370267774699907,0.07017543859649122,0.06077348066298342,0.9401957933507801,1.1547049441786283,0.0,0.0055248618784530384,-0.5524861878453038,0.0,0.0,0.0027624309392265192,-0.2762430939226519,0.0,1.0,1.0,0.0,1.0,0.0,0.0055248618784530384,-0.5524861878453038,0.0,0.7017543859649122,0.8287292817679558,-12.697489580304355,0.8467836257309941
2019,En agglomération,41_50,1,3,1,0,0,0,0,0,1,0,1,2,0,0,0,0,0,2,0,2,0.0,0.0,0.0,,0.0,0.0,0.0,,0.0,0.0,0.0,,0.0,0.0,0.0,,0.0,0.0,0.0,,1.0,1.0,0.0,1.0,0.0,0.0,0.0,,1.0,1.0,0.0,1.0
2019,En agglomération,41_50,1,7,1,0,0,0,0,0,1,0,1,4,3,3,0,0,0,4,0,1,0.0,0.75,-75.0,0.0,0.0,0.75,-75.0,0.0,0.0,0.0,0.0,,0.0,0.0,0.0,,0.0,0.0,0.0,,1.0,1.0,0.0,1.0,0.0,0.0,0.0,,1.0,0.25,75.0,4.0
2019,En agglomération,41_50,1,9,1,1,1,0,0,0,1,0,0,7,3,1,1,1,0,7,0,4,1.0,0.42857142857142855,57.14285714285714,2.3333333333333335,1.0,0.14285714285714285,85.71428571428572,7.0,0.0,0.14285714285714285,-14.285714285714285,0.0,0.0,0.14285714285714285,-14.285714285714285,0.0,0.0,0.0,0.0,,1.0,1.0,0.0,1.0,0.0,0.0,0.0,,0.0,0.5714285714285714,-57.14285714285714,0.0
2019,En agglomération,41_50,2,1,2,0,0,0,0,0,0,0,2,33,4,2,7,0,0,0,0,25,0.0,0.12121212121212122,-12.121212121212121,0.0,0.0,0.06060606060606061,-6.0606060606060606,0.0,0.0,0.21212121212121213,-21.21212121212121,0.0,0.0,0.0,0.0,,0.0,0.0,0.0,,0.0,0.0,0.0,,0.0,0.0,0.0,,1.0,0.7575757575757576,24.242424242424242,1.32
2019,En agglomération,41_50,3,1,3,1,1,1,0,0,0,0,1,43,10,8,12,1,0,0,1,28,0.3333333333333333,0.23255813953488372,10.07751937984496,1.4333333333333333,0.3333333333333333,0.18604651162790697,14.728682170542633,1.7916666666666665,0.3333333333333333,0.27906976744186046,5.426356589147286,1.1944444444444444,0.0,0.023255813953488372,-2.3255813953488373,0.0,0.0,0.0,0.0,,0.0,0.0,0.0,,0.0,0.023255813953488372,-2.3255813953488373,0.0,0.3333333333333333,0.6511627906976745,-31.782945736434115,0.5119047619047619
2019,En agglomération,41_50,4,1,12,1,3,1,0,0,0,1,3,31,9,5,9,4,0,0,1,8,0.08333333333333333,0.2903225806451613,-20.6989247311828,0.287037037037037,0.25,0.16129032258064516,8.870967741935484,1.55,0.08333333333333333,0.2903225806451613,-20.6989247311828,0.287037037037037,0.0,0.12903225806451613,-12.903225806451612,0.0,0.0,0.0,0.0,,0.0,0.0,0.0,,0.08333333333333333,0.03225806451612903,5.10752688172043,2.5833333333333335,0.25,0.25806451612903225,-0.8064516129032251,0.96875
2019,En agglomération,41_50,4,2,3,3,2,1,0,0,3,0,0,4,2,0,0,0,0,4,0,2,1.0,0.5,50.0,2.0,0.6666666666666666,0.0,66.66666666666666,,0.3333333333333333,0.0,33.33333333333333,,0.0,0.0,0.0,,0.0,0.0,0.0,,1.0,1.0,0.0,1.0,0.0,0.0,0.0,,0.0,0.5,-50.0,0.0
2019,En agglomération,41_50,5,1,31,2,2,3,2,0,0,1,21,191,11,8,11,5,0,0,2,140,0.06451612903225806,0.05759162303664921,0.692450599560885,1.1202346041055717,0.06451612903225806,0.041884816753926704,2.263131227833136,1.5403225806451613,0.0967741935483871,0.05759162303664921,3.918257051173788,1.6803519061583578,0.06451612903225806,0.02617801047120419,3.8338118561053873,2.464516129032258,0.0,0.0,0.0,,0.0,0.0,0.0,,0.03225806451612903,0.010471204188481676,2.1786860327647357,3.0806451612903225,0.6774193548387096,0.7329842931937173,-5.556493835500764,0.9241935483870967
2019,En agglomération,41_50,5,2,9,5,1,1,0,0,9,0,4,40,12,4,2,0,0,40,1,28,0.5555555555555556,0.3,25.55555555555556,1.851851851851852,0.1111111111111111,0.1,1.1111111111111098,1.111111111111111,0.1111111111111111,0.05,6.11111111111111,2.222222222222222,0.0,0.0,0.0,,0.0,0.0,0.0,,1.0,1.0,0.0,1.0,0.0,0.025,-2.5,0.0,0.4444444444444444,0.7,-25.555555555555554,0.6349206349206349
2019,En agglomération,41_50,6,1,18,0,2,0,0,0,0,0,15,65,1,5,0,0,0,0,2,45,0.0,0.015384615384615385,-1.5384615384615385,0.0,0.1111111111111111,0.07692307692307693,3.4188034188034178,1.4444444444444442,0.0,0.0,0.0,,0.0,0.0,0.0,,0.0,0.0,0.0,,0.0,0.0,0.0,,0.0,0.03076923076923077,-3.076923076923077,0.0,0.8333333333333334,0.6923076923076923,14.102564102564108,1.2037037037037037
2019,En agglomération,41_50,6,2,6,4,2,0,0,0,6,0,2,7,1,0,0,0,0,7,0,6,0.6666666666666666,0.14285714285714285,52.38095238095237,4.666666666666667,0.3333333333333333,0.0,33.33333333333333,,0.0,0.0,0.0,,0.0,0.0,0.0,,0.0,0.0,0.0,,1.0,1.0,0.0,1.0,0.0,0.0,0.0,,0.3333333333333333,0.8571428571428571,-52.38095238095237,0.3888888888888889
2019,En agglomération,41_50,situation_non_renseignee,1,2,0,0,0,0,0,0,0,2,6,0,0,0,0,0,0,0,6,0.0,0.0,0.0,,0.0,0.0,0.0,,0.0,0.0,0.0,,0.0,0.0,0.0,,0.0,0.0,0.0,,0.0,0.0,0.0,,0.0,0.0,0.0,,1.0,1.0,0.0,1.0
2019,En agglomération,51_70,1,1,1,0,0,0,0,0,0,0,1,63,2,4,2,0,0,0,0,56,0.0,0.031746031746031744,-3.1746031746031744,0.0,0.0,0.06349206349206349,-6.349206349206349,0.0,0.0,0.031746031746031744,-3.1746031746031744,0.0,0.0,0.0,0.0,,0.0,0.0,0.0,,0.0,0.0,0.0,,0.0,0.0,0.0,,1.0,0.8888888888888888,11.111111111111116,1.125
2019,En agglomération,<=20,1,1,9,2,1,2,0,0,0,0,1,45,4,4,3,0,0,0,2,20,0.2222222222222222,0.08888888888888889,13.33333333333333,2.4999999999999996,0.1111111111111111,0.08888888888888889,2.2222222222222214,1.2499999999999998,0.2222222222222222,0.06666666666666667,15.555555555555555,3.333333333333333,0.0,0.0,0.0,,0.0,0.0,0.0,,0.0,0.0,0.0,,0.0,0.044444444444444446,-4.444444444444445,0.0,0.1111111111111111,0.4444444444444444,-33.33333333333333,0.25
2019,En agglomération,<=20,1,9,1,1,1,0,0,0,1,0,0,2,1,0,0,0,0,2,0,1,1.0,0.5,50.0,2.0,1.0,0.0,100.0,,0.0,0.0,0.0,,0.0,0.0,0.0,,0.0,0.0,0.0,,1.0,1.0,0.0,1.0,0.0,0.0,0.0,,0.0,0.5,-50.0,0.0
2019,En agglomération,<=20,2,1,1,0,0,0,0,0,0,0,0,2,0,0,0,0,0,0,0,1,0.0,0.0,0.0,,0.0,0.0,0.0,,0.0,0.0,0.0,,0.0,0.0,0.0,,0.0,0.0,0.0,,0.0,0.0,0.0,,0.0,0.0,0.0,,0.0,0.5,-50.0,0.0
2019,En agglomération,<=20,4,1,2,1,0,1,0,0,0,0,0,1,1,1,1,0,0,0,0,0,0.5,1.0,-50.0,0.5,0.0,1.0,-100.0,0.0,0.5,1.0,-50.0,0.5,0.0,0.0,0.0,,0.0,0.0,0.0,,0.0,0.0,0.0,,0.0,0.0,0.0,,0.0,0.0,0.0,
2019,En agglomération,<=20,5,1,3,1,1,1,0,0,0,0,1,10,0,0,2,0,0,0,1,6,0.3333333333333333,0.0,33.33333333333333,,0.3333333333333333,0.0,33.33333333333333,,0.3333333333333333,0.2,13.33333333333333,1.6666666666666665,0.0,0.0,0.0,,0.0,0.0,0.0,,0.0,0.0,0.0,,0.0,0.1,-10.0,0.0,0.3333333333333333,0.6,-26.666666666666668,0.5555555555555556
2019,En agglomération,<=20,6,1,1,0,0,0,0,0,0,0,1,1,0,0,0,0,0,0,0,1,0.0,0.0,0.0,,0.0,0.0,0.0,,0.0,0.0,0.0,,0.0,0.0,0.0,,0.0,0.0,0.0,,0.0,0.0,0.0,,0.0,0.0,0.0,,1.0,1.0,0.0,1.0
2019,En agglomération,vma_non_renseignee_ou_invalide,1,1,1,0,0,0,0,0,0,0,1,40,3,6,3,0,0,0,0,22,0.0,0.075,-7.5,0.0,0.0,0.15,-15.0,0.0,0.0,0.075,-7.5,0.0,0.0,0.0,0.0,,0.0,0.0,0.0,,0.0,0.0,0.0,,0.0,0.0,0.0,,1.0,0.55,44.99999999999999,1.8181818181818181
2019,En agglomération,vma_non_renseignee_ou_invalide,5,1,1,0,0,0,0,0,0,0,1,3,1,0,1,0,0,0,0,2,0.0,0.3333333333333333,-33.33333333333333,0.0,0.0,0.0,0.0,,0.0,0.3333333333333333,-33.33333333333333,0.0,0.0,0.0,0.0,,0.0,0.0,0.0,,0.0,0.0,0.0,,0.0,0.0,0.0,,1.0,0.6666666666666666,33.333333333333336,1.5
2019,Hors agglomération,41_50,1,1,1,0,0,0,0,0,0,0,1,86,3,12,4,1,0,0,1,68,0.0,0.03488372093023256,-3.488372093023256,0.0,0.0,0.13953488372093023,-13.953488372093023,0.0,0.0,0.046511627906976744,-4.651162790697675,0.0,0.0,0.011627906976744186,-1.1627906976744187,0.0,0.0,0.0,0.0,,0.0,0.0,0.0,,0.0,0.011627906976744186,-1.1627906976744187,0.0,1.0,0.7906976744186046,20.93023255813954,1.2647058823529413
2019,Hors agglomération,41_50,1,2,1,1,1,0,0,0,1,0,0,7,0,0,0,0,0,7,0,7,1.0,0.0,100.0,,1.0,0.0,100.0,,0.0,0.0,0.0,,0.0,0.0,0.0,,0.0,0.0,0.0,,1.0,1.0,0.0,1.0,0.0,0.0,0.0,,0.0,1.0,-100.0,0.0
2019,Hors agglomération,51_70,1,1,1,0,0,0,0,0,0,0,1,92,4,5,4,1,0,0,1,68,0.0,0.043478260869565216,-4.3478260869565215,0.0,0.0,0.05434782608695652,-5.434782608695652,0.0,0.0,0.043478260869565216,-4.3478260869565215,0.0,0.0,0.010869565217391304,-1.0869565217391304,0.0,0.0,0.0,0.0,,0.0,0.0,0.0,,0.0,0.010869565217391304,-1.0869565217391304,0.0,1.0,0.7391304347826086,26.086956521739136,1.3529411764705883
2019,Hors agglomération,51_70,1,2,1,0,0,0,0,0,1,0,1,13,2,0,0,0,0,13,0,11,0.0,0.15384615384615385,-15.384615384615385,0.0,0.0,0.0,0.0,,0.0,0.0,0.0,,0.0,0.0,0.0,,0.0,0.0,0.0,,1.0,1.0,0.0,1.0,0.0,0.0,0.0,,1.0,0.8461538461538461,15.384615384615385,1.1818181818181819
2019,Hors agglomération,71_80,1,2,2,1,0,0,0,0,2,0,1,55,17,4,4,0,0,55,0,38,0.5,0.3090909090909091,19.090909090909093,1.6176470588235294,0.0,0.07272727272727272,-7.2727272727272725,0.0,0.0,0.07272727272727272,-7.2727272727272725,0.0,0.0,0.0,0.0,,0.0,0.0,0.0,,1.0,1.0,0.0,1.0,0.0,0.0,0.0,,0.5,0.6909090909090909,-19.090909090909093,0.7236842105263158
2019,Hors agglomération,81_90,1,1,1,0,0,0,0,0,0,0,1,19,0,0,0,0,0,0,0,15,0.0,0.0,0.0,,0.0,0.0,0.0,,0.0,0.0,0.0,,0.0,0.0,0.0,,0.0,0.0,0.0,,0.0,0.0,0.0,,0.0,0.0,0.0,,1.0,0.7894736842105263,21.052631578947366,1.2666666666666666
2019,Hors agglomération,<=20,1,1,1,0,0,0,0,0,0,0,1,3,0,0,0,0,0,0,0,2,0.0,0.0,0.0,,0.0,0.0,0.0,,0.0,0.0,0.0,,0.0,0.0,0.0,,0.0,0.0,0.0,,0.0,0.0,0.0,,0.0,0.0,0.0,,1.0,0.6666666666666666,33.333333333333336,1.5
2019,Hors agglomération,vma_non_renseignee_ou_invalide,5,1,1,0,0,0,0,0,0,0,0,7,0,1,0,0,0,0,0,3,0.0,0.0,0.0,,0.0,0.14285714285714285,-14.285714285714285,0.0,0.0,0.0,0.0,,0.0,0.0,0.0,,0.0,0.0,0.0,,0.0,0.0,0.0,,0.0,0.0,0.0,,0.0,0.42857142857142855,-42.857142857142854,0.0
2020,En agglomération,21_30,1,1,84,9,12,9,5,0,0,0,55,375,32,29,31,5,0,0,7,266,0.10714285714285714,0.08533333333333333,2.1809523809523808,1.2555803571428572,0.14285714285714285,0.07733333333333334,6.552380952380951,1.8472906403940885,0.10714285714285714,0.08266666666666667,2.447619047619047,1.2960829493087558,0.05952380952380952,0.013333333333333334,4.619047619047619,4.4642857142857135,0.0,0.0,0.0,,0.0,0.0,0.0,,0.0,0.018666666666666668,-1.866666666666667,0.0,0.6547619047619048,0.7093333333333334,-5.457142857142861,0.9230665950590762
2020,En agglomération,21_30,1,2,12,6,5,2,1,0,12,0,6,73,16,6,2,1,0,73,1,57,0.5,0.2191780821917808,28.08219178082192,2.28125,0.4166666666666667,0.0821917808219178,33.44748858447489,5.069444444444445,0.16666666666666666,0.0273972602739726,13.926940639269406,6.083333333333333,0.08333333333333333,0.0136986301369863,6.963470319634703,6.083333333333333,0.0,0.0,0.0,,1.0,1.0,0.0,1.0,0.0,0.0136986301369863,-1.36986301369863,0.0,0.5,0.7808219178082192,-28.08219178082192,0.6403508771929824
2020,En agglomération,21_30,3,1,1,0,0,0,0,0,0,0,1,5,3,0,4,1,0,0,0,2,0.0,0.6,-60.0,0.0,0.0,0.0,0.0,,0.0,0.8,-80.0,0.0,0.0,0.2,-20.0,0.0,0.0,0.0,0.0,,0.0,0.0,0.0,,0.0,0.0,0.0,,1.0,0.4,60.0,2.5
2020,En agglomération,21_30,4,1,5,0,3,0,0,0,0,0,0,19,3,5,3,1,0,0,0,6,0.0,0.15789473684210525,-15.789473684210526,0.0,0.6,0.2631578947368421,33.68421052631579,2.2800000000000002,0.0,0.15789473684210525,-15.789473684210526,0.0,0.0,0.05263157894736842,-5.263157894736842,0.0,0.0,0.0,0.0,,0.0,0.0,0.0,,0.0,0.0,0.0,,0.0,0.3157894736842105,-31.57894736842105,0.0
2020,En agglomération,21_30,4,2,4,4,1,1,0,0,4,0,0,1,1,0,1,1,0,1,0,0,1.0,1.0,0.0,1.0,0.25,0.0,25.0,,0.25,1.0,-75.0,0.25,0.0,1.0,-100.0,0.0,0.0,0.0,0.0,,1.0,1.0,0.0,1.0,0.0,0.0,0.0,,0.0,0.0,0.0,
2020,En agglomération,21_30,4,9,1,1,1,0,0,0,1,0,0,1,0,0,0,0,0,1,0,1,1.0,0.0,100.0,,1.0,0.0,100.0,,0.0,0.0,0.0,,0.0,0.0,0.0,,0.0,0.0,0.0,,1.0,1.0,0.0,1.0,0.0,0.0,0.0,,0.0,1.0,-100.0,0.0
2020,En agglomération,21_30,5,1,30,5,5,5,3,0,0,1,13,135,15,19,11,1,0,0,8,82,0.16666666666666666,0.1111111111111111,5.555555555555555,1.5,0.16666666666666666,0.14074074074074075,2.592592592592591,1.1842105263157894,0.16666666666666666,0.08148148148148149,8.518518518518517,2.045454545454545,0.1,0.007407407407407408,9.25925925925926,13.5,0.0,0.0,0.0,,0.0,0.0,0.0,,0.03333333333333333,0.05925925925925926,-2.592592592592593,0.5625,0.43333333333333335,0.6074074074074074,-17.407407407407405,0.7134146341463415
2020,En agglomération,21_30,5,2,1,0,0,0,0,0,1,0,1,18,7,1,1,1,0,18,0,11,0.0,0.3888888888888889,-38.88888888888889,0.0,0.0,0.05555555555555555,-5.555555555555555,0.0,0.0,0.05555555555555555,-5.555555555555555,0.0,0.0,0.05555555555555555,-5.555555555555555,0.0,0.0,0.0,0.0,,1.0,1.0,0.0,1.0,0.0,0.0,0.0,,1.0,0.6111111111111112,38.888888888888886,1.6363636363636362
2020,En agglomération,21_30,6,1,3,0,1,0,0,0,0,0,1,17,3,4,2,0,0,0,1,10,0.0,0.17647058823529413,-17.647058823529413,0.0,0.3333333333333333,0.23529411764705882,9.80392156862745,1.4166666666666665,0.0,0.11764705882352941,-11.76470588235294,0.0,0.0,0.0,0.0,,0.0,0.0,0.0,,0.0,0.0,0.0,,0.0,0.058823529411764705,-5.88235294117647,0.0,0.3333333333333333,0.5882352941176471,-25.490196078431378,0.5666666666666667
2020,En agglomération,21_30,6,2,3,2,1,1,1,0,3,0,1,3,1,0,0,0,0,3,0,2,0.6666666666666666,0.3333333333333333,33.33333333333333,2.0,0.3333333333333333,0.0,33.33333333333333,,0.3333333333333333,0.0,33.33333333333333,,0.3333333333333333,0.0,33.33333333333333,,0.0,0.0,0.0,,1.0,1.0,0.0,1.0,0.0,0.0,0.0,,0.3333333333333333,0.6666666666666666,-33.33333333333333,0.5
2020,En agglomération,21_30,8,1,2,0,1,0,0,0,0,0,1,15,1,1,1,0,0,0,1,11,0.0,0.06666666666666667,-6.666666666666667,0.0,0.5,0.06666666666666667,43.333333333333336,7.5,0.0,0.06666666666666667,-6.666666666666667,0.0,0.0,0.0,0.0,,0.0,0.0,0.0,,0.0,0.0,0.0,,0.0,0.06666666666666667,-6.666666666666667,0.0,0.5,0.7333333333333333,-23.33333333333333,0.6818181818181819
2020,En agglomération,41_50,1,1,386,28,29,27,8,1,0,8,300,2193,117,124,146,18,4,0,22,1820,0.07253886010362694,0.0533515731874145,1.9187286916212436,1.359638634250033,0.07512953367875648,0.056543547651618786,1.8585986027137693,1.3287021561089756,0.06994818652849741,0.06657546739626083,0.3372719132236579,1.0506600894314713,0.02072538860103627,0.008207934336525308,1.2517454264510963,2.5250431778929188,0.0025906735751295338,0.001823985408116735,0.07666881670127987,1.420336787564767,0.0,0.0,0.0,,0.02072538860103627,0.010031919744642043,1.0693468856394228,2.0659444182760245,0.7772020725388601,0.8299133606931145,-5.271128815425441,0.9364857939987473
2020,En agglomération,41_50,1,2,71,13,7,4,1,0,71,0,58,358,77,31,25,6,1,358,4,281,0.18309859154929578,0.21508379888268156,-3.1985207333385777,0.8512895555149077,0.09859154929577464,0.08659217877094973,1.1999370524824915,1.1385733757383005,0.056338028169014086,0.06983240223463687,-1.349437406562278,0.8067605633802818,0.014084507042253521,0.01675977653631285,-0.26752694940593275,0.8403755868544601,0.0,0.002793296089385475,-0.27932960893854747,0.0,1.0,1.0,0.0,1.0,0.0,0.0111731843575419,-1.1173184357541899,0.0,0.8169014084507042,0.7849162011173184,3.1985207333385834,1.0407498371008972
2020,En agglomération,41_50,1,8,1,1,1,0,0,0,1,0,0,4,3,2,0,0,0,4,0,1,1.0,0.75,25.0,1.3333333333333333,1.0,0.5,50.0,2.0,0.0,0.0,0.0,,0.0,0.0,0.0,,0.0,0.0,0.0,,1.0,1.0,0.0,1.0,0.0,0.0,0.0,,0.0,0.25,-25.0,0.0
2020,En agglomération,41_50,1,9,2,1,0,1,0,0,2,0,1,7,5,3,1,0,0,7,0,2,0.5,0.7142857142857143,-21.42857142857143,0.7,0.0,0.42857142857142855,-42.857142857142854,0.0,0.5,0.14285714285714285,35.714285714285715,3.5,0.0,0.0,0.0,,0.0,0.0,0.0,,1.0,1.0,0.0,1.0,0.0,0.0,0.0,,0.5,0.2857142857142857,21.42857142857143,1.75
2020,En agglomération,41_50,3,1,3,0,0,0,0,0,0,0,2,16,7,1,7,0,0,0,0,9,0.0,0.4375,-43.75,0.0,0.0,0.0625,-6.25,0.0,0.0,0.4375,-43.75,0.0,0.0,0.0,0.0,,0.0,0.0,0.0,,0.0,0.0,0.0,,0.0,0.0,0.0,,0.6666666666666666,0.5625,10.416666666666663,1.1851851851851851
2020,En agglomération,41_50,3,2,1,0,0,0,0,0,1,0,1,2,0,0,0,0,0,2,0,2,0.0,0.0,0.0,,0.0,0.0,0.0,,0.0,0.0,0.0,,0.0,0.0,0.0,,0.0,0.0,0.0,,1.0,1.0,0.0,1.0,0.0,0.0,0.0,,1.0,1.0,0.0,1.0
2020,En agglomération,41_50,4,1,30,7,1,7,4,0,0,0,11,56,14,10,13,4,0,0,1,26,0.23333333333333334,0.25,-1.6666666666666663,0.9333333333333333,0.03333333333333333,0.17857142857142858,-14.523809523809526,0.18666666666666665,0.23333333333333334,0.23214285714285715,0.11904761904761862,1.005128205128205,0.13333333333333333,0.07142857142857142,6.190476190476191,1.8666666666666667,0.0,0.0,0.0,,0.0,0.0,0.0,,0.0,0.017857142857142856,-1.7857142857142856,0.0,0.36666666666666664,0.4642857142857143,-9.761904761904766,0.7897435897435897
2020,En agglomération,41_50,4,2,1,1,1,1,0,0,1,0,0,13,9,4,3,0,0,13,0,4,1.0,0.6923076923076923,30.76923076923077,1.4444444444444444,1.0,0.3076923076923077,69.23076923076923,3.25,1.0,0.23076923076923078,76.92307692307692,4.333333333333333,0.0,0.0,0.0,,0.0,0.0,0.0,,1.0,1.0,0.0,1.0,0.0,0.0,0.0,,0.0,0.3076923076923077,-30.76923076923077,0.0
2020,En agglomération,41_50,5,1,118,9,8,7,1,0,0,4,95,480,50,35,47,15,0,0,14,341,0.07627118644067797,0.10416666666666667,-2.7895480225988702,0.7322033898305085,0.06779661016949153,0.07291666666666667,-0.5120056497175146,0.9297820823244551,0.059322033898305086,0.09791666666666667,-3.859463276836158,0.6058420483231158,0.00847457627118644,0.03125,-2.277542372881356,0.2711864406779661,0.0,0.0,0.0,,0.0,0.0,0.0,,0.03389830508474576,0.029166666666666667,0.47316384180790955,1.162227602905569,0.8050847457627118,0.7104166666666667,9.466807909604514,1.1332571201351955
2020,En agglomération,41_50,5,2,28,9,3,2,1,0,28,1,19,85,30,12,8,1,0,85,4,55,0.32142857142857145,0.35294117647058826,-3.1512605042016806,0.9107142857142857,0.10714285714285714,0.1411764705882353,-3.4033613445378155,0.7589285714285714,0.07142857142857142,0.09411764705882353,-2.2689075630252105,0.7589285714285714,0.03571428571428571,0.011764705882352941,2.3949579831932772,3.0357142857142856,0.0,0.0,0.0,,1.0,1.0,0.0,1.0,0.03571428571428571,0.047058823529411764,-1.1344537815126052,0.7589285714285714,0.6785714285714286,0.6470588235294118,3.1512605042016806,1.0487012987012987
2020,En agglomération,41_50,5,9,1,1,1,1,0,0,1,0,0,2,2,2,2,1,0,2,0,0,1.0,1.0,0.0,1.0,1.0,1.0,0.0,1.0,1.0,1.0,0.0,1.0,0.0,0.5,-50.0,0.0,0.0,0.0,0.0,,1.0,1.0,0.0,1.0,0.0,0.0,0.0,,0.0,0.0,0.0,
2020,En agglomération,41_50,6,1,21,2,2,2,0,0,0,0,14,86,3,4,3,0,1,0,1,66,0.09523809523809523,0.03488372093023256,6.035437430786268,2.7301587301587302,0.09523809523809523,0.046511627906976744,4.872646733111849,2.0476190476190474,0.09523809523809523,0.03488372093023256,6.035437430786268,2.7301587301587302,0.0,0.0,0.0,,0.0,0.011627906976744186,-1.1627906976744187,0.0,0.0,0.0,0.0,,0.0,0.011627906976744186,-1.1627906976744187,0.0,0.6666666666666666,0.7674418604651163,-10.077519379844968,0.8686868686868686
2020,En agglomération,41_50,6,2,5,2,1,0,0,0,5,0,3,19,6,2,0,0,0,19,0,13,0.4,0.3157894736842105,8.421052631578952,1.2666666666666668,0.2,0.10526315789473684,9.473684210526317,1.9000000000000001,0.0,0.0,0.0,,0.0,0.0,0.0,,0.0,0.0,0.0,,1.0,1.0,0.0,1.0,0.0,0.0,0.0,,0.6,0.6842105263157895,-8.421052631578952,0.8769230769230769
2020,En agglomération,41_50,8,1,12,2,0,2,0,0,0,0,9,42,2,1,3,0,0,0,1,34,0.16666666666666666,0.047619047619047616,11.904761904761903,3.5,0.0,0.023809523809523808,-2.380952380952381,0.0,0.16666666666666666,0.07142857142857142,9.523809523809524,2.3333333333333335,0.0,0.0,0.0,,0.0,0.0,0.0,,0.0,0.0,0.0,,0.0,0.023809523809523808,-2.380952380952381,0.0,0.75,0.8095238095238095,-5.952380952380953,0.9264705882352942
2020,En agglomération,41_50,8,2,1,0,0,0,0,0,1,0,1,9,2,0,1,0,0,9,0,7,0.0,0.2222222222222222,-22.22222222222222,0.0,0.0,0.0,0.0,,0.0,0.1111111111111111,-11.11111111111111,0.0,0.0,0.0,0.0,,0.0,0.0,0.0,,1.0,1.0,0.0,1.0,0.0,0.0,0.0,,1.0,0.7777777777777778,22.22222222222222,1.2857142857142856
2020,En agglomération,51_70,1,1,3,0,0,0,0,0,0,0,3,47,3,5,3,0,0,0,0,37,0.0,0.06382978723404255,-6.382978723404255,0.0,0.0,0.10638297872340426,-10.638297872340425,0.0,0.0,0.06382978723404255,-6.382978723404255,0.0,0.0,0.0,0.0,,0.0,0.0,0.0,,0.0,0.0,0.0,,0.0,0.0,0.0,,1.0,0.7872340425531915,21.276595744680847,1.2702702702702702
2020,En agglomération,<=20,1,1,5,2,1,2,0,0,0,0,1,25,0,2,0,0,0,0,0,15,0.4,0.0,40.0,,0.2,0.08,12.000000000000002,2.5,0.4,0.0,40.0,,0.0,0.0,0.0,,0.0,0.0,0.0,,0.0,0.0,0.0,,0.0,0.0,0.0,,0.2,0.6,-40.0,0.33333333333333337
2020,En agglomération,<=20,1,2,2,0,0,0,0,0,2,0,2,3,1,1,0,0,0,3,0,2,0.0,0.3333333333333333,-33.33333333333333,0.0,0.0,0.3333333333333333,-33.33333333333333,0.0,0.0,0.0,0.0,,0.0,0.0,0.0,,0.0,0.0,0.0,,1.0,1.0,0.0,1.0,0.0,0.0,0.0,,1.0,0.6666666666666666,33.333333333333336,1.5
2020,En agglomération,<=20,4,1,8,1,0,1,0,0,0,0,0,8,1,3,1,0,0,0,0,0,0.125,0.125,0.0,1.0,0.0,0.375,-37.5,0.0,0.125,0.125,0.0,1.0,0.0,0.0,0.0,,0.0,0.0,0.0,,0.0,0.0,0.0,,0.0,0.0,0.0,,0.0,0.0,0.0,
2020,En agglomération,<=20,4,2,3,2,0,1,0,0,3,0,1,1,1,0,0,0,0,1,0,0,0.6666666666666666,1.0,-33.333333333333336,0.6666666666666666,0.0,0.0,0.0,,0.3333333333333333,0.0,33.33333333333333,,0.0,0.0,0.0,,0.0,0.0,0.0,,1.0,1.0,0.0,1.0,0.0,0.0,0.0,,0.3333333333333333,0.0,33.33333333333333,
2020,En agglomération,<=20,5,1,1,0,1,0,0,0,0,0,0,17,1,3,0,0,0,0,1,4,0.0,0.058823529411764705,-5.88235294117647,0.0,1.0,0.17647058823529413,82.35294117647058,5.666666666666666,0.0,0.0,0.0,,0.0,0.0,0.0,,0.0,0.0,0.0,,0.0,0.0,0.0,,0.0,0.058823529411764705,-5.88235294117647,0.0,0.0,0.23529411764705882,-23.52941176470588,0.0
2020,En agglomération,<=20,5,2,1,1,0,0,0,0,1,0,0,1,1,0,0,0,0,1,0,0,1.0,1.0,0.0,1.0,0.0,0.0,0.0,,0.0,0.0,0.0,,0.0,0.0,0.0,,0.0,0.0,0.0,,1.0,1.0,0.0,1.0,0.0,0.0,0.0,,0.0,0.0,0.0,
2020,En agglomération,<=20,8,1,3,0,0,0,0,0,0,0,2,11,0,2,0,0,0,0,0,2,0.0,0.0,0.0,,0.0,0.18181818181818182,-18.181818181818183,0.0,0.0,0.0,0.0,,0.0,0.0,0.0,,0.0,0.0,0.0,,0.0,0.0,0.0,,0.0,0.0,0.0,,0.6666666666666666,0.18181818181818182,48.48484848484848,3.6666666666666665
2020,En agglomération,vma_non_renseignee_ou_invalide,1,1,3,0,0,0,0,0,0,0,3,25,0,0,0,0,0,0,0,19,0.0,0.0,0.0,,0.0,0.0,0.0,,0.0,0.0,0.0,,0.0,0.0,0.0,,0.0,0.0,0.0,,0.0,0.0,0.0,,0.0,0.0,0.0,,1.0,0.76,24.0,1.3157894736842106
2020,En agglomération,vma_non_renseignee_ou_invalide,5,1,2,2,0,2,0,0,0,0,0,7,1,0,1,0,0,0,0,5,1.0,0.14285714285714285,85.71428571428572,7.0,0.0,0.0,0.0,,1.0,0.14285714285714285,85.71428571428572,7.0,0.0,0.0,0.0,,0.0,0.0,0.0,,0.0,0.0,0.0,,0.0,0.0,0.0,,0.0,0.7142857142857143,-71.42857142857143,0.0
2020,En agglomération,vma_non_renseignee_ou_invalide,situation_non_renseignee,surface_non_renseignee,1,0,1,0,0,0,0,0,0,1,0,0,0,0,0,0,0,1,0.0,0.0,0.0,,1.0,0.0,100.0,,0.0,0.0,0.0,,0.0,0.0,0.0,,0.0,0.0,0.0,,0.0,0.0,0.0,,0.0,0.0,0.0,,0.0,1.0,-100.0,0.0
2020,Hors agglomération,41_50,1,1,5,0,1,0,0,0,0,0,3,122,2,14,2,1,0,0,1,92,0.0,0.01639344262295082,-1.639344262295082,0.0,0.2,0.11475409836065574,8.524590163934427,1.7428571428571429,0.0,0.01639344262295082,-1.639344262295082,0.0,0.0,0.00819672131147541,-0.819672131147541,0.0,0.0,0.0,0.0,,0.0,0.0,0.0,,0.0,0.00819672131147541,-0.819672131147541,0.0,0.6,0.7540983606557377,-15.409836065573767,0.7956521739130435
2020,Hors agglomération,41_50,1,2,2,0,0,0,0,0,2,0,2,14,2,0,0,0,0,14,2,12,0.0,0.14285714285714285,-14.285714285714285,0.0,0.0,0.0,0.0,,0.0,0.0,0.0,,0.0,0.0,0.0,,0.0,0.0,0.0,,1.0,1.0,0.0,1.0,0.0,0.14285714285714285,-14.285714285714285,0.0,1.0,0.8571428571428571,14.28571428571429,1.1666666666666667
2020,Hors agglomération,41_50,5,1,2,0,0,0,0,0,0,0,2,7,0,0,0,0,0,0,0,6,0.0,0.0,0.0,,0.0,0.0,0.0,,0.0,0.0,0.0,,0.0,0.0,0.0,,0.0,0.0,0.0,,0.0,0.0,0.0,,0.0,0.0,0.0,,1.0,0.8571428571428571,14.28571428571429,1.1666666666666667
2020,Hors agglomération,41_50,8,1,1,0,1,0,0,0,0,0,0,8,1,0,1,0,0,0,0,6,0.0,0.125,-12.5,0.0,1.0,0.0,100.0,,0.0,0.125,-12.5,0.0,0.0,0.0,0.0,,0.0,0.0,0.0,,0.0,0.0,0.0,,0.0,0.0,0.0,,0.0,0.75,-75.0,0.0
2020,Hors agglomération,51_70,1,1,2,0,1,0,0,0,0,0,1,98,1,6,2,0,0,0,2,70,0.0,0.01020408163265306,-1.0204081632653061,0.0,0.5,0.061224489795918366,43.87755102040816,8.166666666666666,0.0,0.02040816326530612,-2.0408163265306123,0.0,0.0,0.0,0.0,,0.0,0.0,0.0,,0.0,0.0,0.0,,0.0,0.02040816326530612,-2.0408163265306123,0.0,0.5,0.7142857142857143,-21.42857142857143,0.7
2020,Hors agglomération,71_80,1,1,3,0,0,0,0,0,0,0,3,383,15,51,18,1,0,0,3,258,0.0,0.0391644908616188,-3.91644908616188,0.0,0.0,0.13315926892950392,-13.315926892950392,0.0,0.0,0.04699738903394256,-4.699738903394255,0.0,0.0,0.0026109660574412533,-0.26109660574412535,0.0,0.0,0.0,0.0,,0.0,0.0,0.0,,0.0,0.007832898172323759,-0.7832898172323759,0.0,1.0,0.6736292428198434,32.637075718015666,1.4844961240310077
2020,Hors agglomération,71_80,5,1,1,0,0,0,0,0,0,0,1,8,0,1,0,0,0,0,0,6,0.0,0.0,0.0,,0.0,0.125,-12.5,0.0,0.0,0.0,0.0,,0.0,0.0,0.0,,0.0,0.0,0.0,,0.0,0.0,0.0,,0.0,0.0,0.0,,1.0,0.75,25.0,1.3333333333333333
2020,Hors agglomération,vma_non_renseignee_ou_invalide,6,1,1,0,0,0,0,0,0,0,1,2,0,0,0,0,0,0,0,2,0.0,0.0,0.0,,0.0,0.0,0.0,,0.0,0.0,0.0,,0.0,0.0,0.0,,0.0,0.0,0.0,,0.0,0.0,0.0,,0.0,0.0,0.0,,1.0,1.0,0.0,1.0
2021,En agglomération,21_30,1,1,220,19,25,17,5,0,0,5,161,645,47,44,52,11,3,0,7,506,0.08636363636363636,0.07286821705426356,1.34954193093728,1.185203094777563,0.11363636363636363,0.06821705426356589,4.5419309372797745,1.665805785123967,0.07727272727272727,0.08062015503875969,-0.3347427766032418,0.9584790209790209,0.022727272727272728,0.017054263565891473,0.5673009161381255,1.3326446280991735,0.0,0.004651162790697674,-0.46511627906976744,0.0,0.0,0.0,0.0,,0.022727272727272728,0.010852713178294573,1.1874559548978154,2.094155844155844,0.7318181818181818,0.7844961240310078,-5.267794221282596,0.9328512396694214
2021,En agglomération,21_30,1,2,43,14,6,4,1,0,43,0,29,116,24,13,5,1,1,116,1,92,0.32558139534883723,0.20689655172413793,11.86848436246993,1.5736434108527133,0.13953488372093023,0.11206896551724138,2.746591820368885,1.2450805008944543,0.09302325581395349,0.04310344827586207,4.991980753809141,2.1581395348837207,0.023255813953488372,0.008620689655172414,1.4635124298315958,2.697674418604651,0.0,0.008620689655172414,-0.8620689655172413,0.0,1.0,1.0,0.0,1.0,0.0,0.008620689655172414,-0.8620689655172413,0.0,0.6744186046511628,0.7931034482758621,-11.868484362469934,0.8503538928210312
2021,En agglomération,21_30,1,3,1,0,0,0,0,0,1,1,1,1,1,0,1,0,0,1,0,0,0.0,1.0,-100.0,0.0,0.0,0.0,0.0,,0.0,1.0,-100.0,0.0,0.0,0.0,0.0,,0.0,0.0,0.0,,1.0,1.0,0.0,1.0,1.0,0.0,100.0,,1.0,0.0,100.0,
2021,En agglomération,21_30,4,1,20,5,5,5,0,0,0,0,6,29,6,4,7,3,0,0,0,10,0.25,0.20689655172413793,4.310344827586207,1.2083333333333333,0.25,0.13793103448275862,11.206896551724139,1.8125,0.25,0.2413793103448276,0.8620689655172403,1.0357142857142856,0.0,0.10344827586206896,-10.344827586206897,0.0,0.0,0.0,0.0,,0.0,0.0,0.0,,0.0,0.0,0.0,,0.3,0.3448275862068966,-4.482758620689658,0.8699999999999999
2021,En agglomération,21_30,4,2,5,1,0,0,0,0,5,0,4,1,0,0,0,0,0,1,0,1,0.2,0.0,20.0,,0.0,0.0,0.0,,0.0,0.0,0.0,,0.0,0.0,0.0,,0.0,0.0,0.0,,1.0,1.0,0.0,1.0,0.0,0.0,0.0,,0.8,1.0,-19.999999999999996,0.8
2021,En agglomération,21_30,5,1,83,5,4,5,1,0,0,3,52,267,30,24,23,10,0,0,17,183,0.060240963855421686,0.11235955056179775,-5.211858670637606,0.536144578313253,0.04819277108433735,0.0898876404494382,-4.169486936510085,0.536144578313253,0.060240963855421686,0.08614232209737828,-2.5901358241956594,0.6993190151911995,0.012048192771084338,0.03745318352059925,-2.5404990749514913,0.3216867469879518,0.0,0.0,0.0,,0.0,0.0,0.0,,0.03614457831325301,0.06367041198501873,-2.752583367176572,0.5676824946846207,0.6265060240963856,0.6853932584269663,-5.8887234330580736,0.9140825597471854
2021,En agglomération,21_30,5,2,13,6,2,2,0,0,13,0,7,52,19,9,3,0,0,52,3,33,0.46153846153846156,0.36538461538461536,9.61538461538462,1.2631578947368423,0.15384615384615385,0.17307692307692307,-1.9230769230769218,0.888888888888889,0.15384615384615385,0.057692307692307696,9.615384615384617,2.6666666666666665,0.0,0.0,0.0,,0.0,0.0,0.0,,1.0,1.0,0.0,1.0,0.0,0.057692307692307696,-5.769230769230769,0.0,0.5384615384615384,0.6346153846153846,-9.615384615384615,0.8484848484848485
2021,En agglomération,21_30,6,1,19,1,3,1,0,0,0,0,13,37,2,3,1,0,0,0,1,29,0.05263157894736842,0.05405405405405406,-0.1422475106685639,0.9736842105263157,0.15789473684210525,0.08108108108108109,7.681365576102417,1.9473684210526314,0.05263157894736842,0.02702702702702703,2.560455192034139,1.9473684210526314,0.0,0.0,0.0,,0.0,0.0,0.0,,0.0,0.0,0.0,,0.0,0.02702702702702703,-2.7027027027027026,0.0,0.6842105263157895,0.7837837837837838,-9.957325746799429,0.8729582577132486
2021,En agglomération,21_30,8,1,4,0,1,0,0,0,0,0,3,19,2,3,2,0,0,0,1,11,0.0,0.10526315789473684,-10.526315789473683,0.0,0.25,0.15789473684210525,9.210526315789474,1.5833333333333335,0.0,0.10526315789473684,-10.526315789473683,0.0,0.0,0.0,0.0,,0.0,0.0,0.0,,0.0,0.0,0.0,,0.0,0.05263157894736842,-5.263157894736842,0.0,0.75,0.5789473684210527,17.105263157894733,1.2954545454545454
2021,En agglomération,21_30,8,2,1,1,1,0,0,0,1,0,0,3,1,1,1,0,0,3,0,2,1.0,0.3333333333333333,66.66666666666667,3.0,1.0,0.3333333333333333,66.66666666666667,3.0,0.0,0.3333333333333333,-33.33333333333333,0.0,0.0,0.0,0.0,,0.0,0.0,0.0,,1.0,1.0,0.0,1.0,0.0,0.0,0.0,,0.0,0.6666666666666666,-66.66666666666666,0.0
2021,En agglomération,31_40,1,1,1,0,0,0,0,0,0,0,1,3,0,0,0,0,0,0,0,3,0.0,0.0,0.0,,0.0,0.0,0.0,,0.0,0.0,0.0,,0.0,0.0,0.0,,0.0,0.0,0.0,,0.0,0.0,0.0,,0.0,0.0,0.0,,1.0,1.0,0.0,1.0
2021,En agglomération,41_50,1,1,642,30,42,41,13,0,0,4,525,2378,123,136,156,24,2,0,30,1952,0.04672897196261682,0.05172413793103448,-0.49951659684176614,0.9034267912772586,0.06542056074766354,0.057190916736753576,0.8229644010909969,1.1438977460142934,0.06386292834890965,0.0656013456686291,-0.17384173197194513,0.9735002795750458,0.020249221183800622,0.010092514718250631,1.0156706465549992,2.0063603322949115,0.0,0.0008410428931875525,-0.08410428931875526,0.0,0.0,0.0,0.0,,0.006230529595015576,0.012615643397813289,-0.6385113802797713,0.49387331256490136,0.8177570093457944,0.8208578637510513,-0.310085440525687,0.996222422246055
2021,En agglomération,41_50,1,2,106,18,8,6,1,0,106,0,88,325,61,28,18,2,0,325,3,264,0.16981132075471697,0.18769230769230769,-1.7880986937590715,0.9047324466439839,0.07547169811320754,0.08615384615384615,-1.0682148040638606,0.876010781671159,0.05660377358490566,0.055384615384615386,0.12191582002902754,1.022012578616352,0.009433962264150943,0.006153846153846154,0.32801161103047893,1.5330188679245282,0.0,0.0,0.0,,1.0,1.0,0.0,1.0,0.0,0.009230769230769232,-0.9230769230769231,0.0,0.8301886792452831,0.8123076923076923,1.788098693759077,1.0220125786163523
2021,En agglomération,41_50,1,8,1,0,0,0,0,0,1,0,1,1,1,1,0,0,0,1,0,0,0.0,1.0,-100.0,0.0,0.0,1.0,-100.0,0.0,0.0,0.0,0.0,,0.0,0.0,0.0,,0.0,0.0,0.0,,1.0,1.0,0.0,1.0,0.0,0.0,0.0,,1.0,0.0,100.0,
2021,En agglomération,41_50,1,9,4,3,3,1,0,0,4,0,1,6,1,1,0,0,0,6,1,5,0.75,0.16666666666666666,58.333333333333336,4.5,0.75,0.16666666666666666,58.333333333333336,4.5,0.25,0.0,25.0,,0.0,0.0,0.0,,0.0,0.0,0.0,,1.0,1.0,0.0,1.0,0.0,0.16666666666666666,-16.666666666666664,0.0,0.25,0.8333333333333334,-58.333333333333336,0.3
2021,En agglomération,41_50,3,1,2,1,1,1,0,0,0,0,0,16,8,6,8,0,0,0,1,5,0.5,0.5,0.0,1.0,0.5,0.375,12.5,1.3333333333333333,0.5,0.5,0.0,1.0,0.0,0.0,0.0,,0.0,0.0,0.0,,0.0,0.0,0.0,,0.0,0.0625,-6.25,0.0,0.0,0.3125,-31.25,0.0
2021,En agglomération,41_50,4,1,54,9,7,9,3,0,0,0,25,74,10,16,11,4,0,0,0,35,0.16666666666666666,0.13513513513513514,3.1531531531531516,1.2333333333333332,0.12962962962962962,0.21621621621621623,-8.658658658658661,0.599537037037037,0.16666666666666666,0.14864864864864866,1.8018018018018,1.121212121212121,0.05555555555555555,0.05405405405405406,0.15015015015014954,1.0277777777777777,0.0,0.0,0.0,,0.0,0.0,0.0,,0.0,0.0,0.0,,0.46296296296296297,0.47297297297297297,-1.0010010010010006,0.9788359788359788
2021,En agglomération,41_50,4,2,10,5,1,2,0,0,10,1,5,11,9,7,5,3,1,11,0,2,0.5,0.8181818181818182,-31.818181818181824,0.611111111111111,0.1,0.6363636363636364,-53.63636363636364,0.15714285714285717,0.2,0.45454545454545453,-25.454545454545453,0.44000000000000006,0.0,0.2727272727272727,-27.27272727272727,0.0,0.0,0.09090909090909091,-9.090909090909092,0.0,1.0,1.0,0.0,1.0,0.1,0.0,10.0,,0.5,0.18181818181818182,31.818181818181817,2.75
2021,En agglomération,41_50,5,1,119,6,13,7,1,0,0,2,88,457,44,31,42,12,1,0,14,335,0.05042016806722689,0.0962800875273523,-4.585991946012541,0.5236822001527884,0.1092436974789916,0.06783369803063458,4.140999944835702,1.6104635402548115,0.058823529411764705,0.09190371991247265,-3.3080190500707944,0.6400560224089635,0.008403361344537815,0.0262582056892779,-1.7854844344740086,0.32002801120448177,0.0,0.002188183807439825,-0.2188183807439825,0.0,0.0,0.0,0.0,,0.01680672268907563,0.030634573304157548,-1.3827850615081918,0.5486194477791116,0.7394957983193278,0.7330415754923414,0.6454222826986378,1.0088047159162172
2021,En agglomération,41_50,5,2,16,4,2,0,0,0,16,1,12,78,23,12,4,1,0,78,2,55,0.25,0.2948717948717949,-4.487179487179488,0.8478260869565217,0.125,0.15384615384615385,-2.8846153846153855,0.8125,0.0,0.05128205128205128,-5.128205128205128,0.0,0.0,0.01282051282051282,-1.282051282051282,0.0,0.0,0.0,0.0,,1.0,1.0,0.0,1.0,0.0625,0.02564102564102564,3.685897435897436,2.4375,0.75,0.7051282051282052,4.487179487179482,1.0636363636363635
2021,En agglomération,41_50,5,7,1,1,0,0,0,0,1,0,0,2,2,1,0,0,0,2,0,0,1.0,1.0,0.0,1.0,0.0,0.5,-50.0,0.0,0.0,0.0,0.0,,0.0,0.0,0.0,,0.0,0.0,0.0,,1.0,1.0,0.0,1.0,0.0,0.0,0.0,,0.0,0.0,0.0,
2021,En agglomération,41_50,6,1,21,1,1,1,0,0,0,0,17,77,6,4,6,1,0,0,1,58,0.047619047619047616,0.07792207792207792,-3.0303030303030303,0.611111111111111,0.047619047619047616,0.05194805194805195,-0.4329004329004335,0.9166666666666665,0.047619047619047616,0.07792207792207792,-3.0303030303030303,0.611111111111111,0.0,0.012987012987012988,-1.2987012987012987,0.0,0.0,0.0,0.0,,0.0,0.0,0.0,,0.0,0.012987012987012988,-1.2987012987012987,0.0,0.8095238095238095,0.7532467532467533,5.627705627705626,1.0747126436781609
2021,En agglomération,41_50,6,2,5,3,2,0,0,0,5,0,2,15,4,1,0,0,0,15,0,11,0.6,0.26666666666666666,33.33333333333333,2.25,0.4,0.06666666666666667,33.333333333333336,6.0,0.0,0.0,0.0,,0.0,0.0,0.0,,0.0,0.0,0.0,,1.0,1.0,0.0,1.0,0.0,0.0,0.0,,0.4,0.7333333333333333,-33.33333333333333,0.5454545454545455
2021,En agglomération,41_50,8,1,12,1,0,1,0,0,0,0,7,27,1,4,1,0,0,0,0,17,0.08333333333333333,0.037037037037037035,4.62962962962963,2.25,0.0,0.14814814814814814,-14.814814814814813,0.0,0.08333333333333333,0.037037037037037035,4.62962962962963,2.25,0.0,0.0,0.0,,0.0,0.0,0.0,,0.0,0.0,0.0,,0.0,0.0,0.0,,0.5833333333333334,0.6296296296296297,-4.629629629629628,0.9264705882352942
2021,En agglomération,41_50,8,2,2,0,0,1,1,0,2,1,2,4,0,0,0,0,0,4,0,4,0.0,0.0,0.0,,0.0,0.0,0.0,,0.5,0.0,50.0,,0.5,0.0,50.0,,0.0,0.0,0.0,,1.0,1.0,0.0,1.0,0.5,0.0,50.0,,1.0,1.0,0.0,1.0
2021,En agglomération,51_70,1,1,7,0,0,0,0,0,0,0,5,24,0,0,0,0,0,0,0,18,0.0,0.0,0.0,,0.0,0.0,0.0,,0.0,0.0,0.0,,0.0,0.0,0.0,,0.0,0.0,0.0,,0.0,0.0,0.0,,0.0,0.0,0.0,,0.7142857142857143,0.75,-3.57142857142857,0.9523809523809524
2021,En agglomération,51_70,5,1,1,0,0,0,0,0,0,0,1,5,0,0,0,0,0,0,0,5,0.0,0.0,0.0,,0.0,0.0,0.0,,0.0,0.0,0.0,,0.0,0.0,0.0,,0.0,0.0,0.0,,0.0,0.0,0.0,,0.0,0.0,0.0,,1.0,1.0,0.0,1.0
2021,En agglomération,71_80,1,1,2,0,0,0,0,0,0,0,2,16,1,2,1,0,0,0,0,10,0.0,0.0625,-6.25,0.0,0.0,0.125,-12.5,0.0,0.0,0.0625,-6.25,0.0,0.0,0.0,0.0,,0.0,0.0,0.0,,0.0,0.0,0.0,,0.0,0.0,0.0,,1.0,0.625,37.5,1.6
2021,En agglomération,<=20,1,1,6,0,0,0,0,0,0,0,4,21,1,2,2,0,0,0,0,14,0.0,0.047619047619047616,-4.761904761904762,0.0,0.0,0.09523809523809523,-9.523809523809524,0.0,0.0,0.09523809523809523,-9.523809523809524,0.0,0.0,0.0,0.0,,0.0,0.0,0.0,,0.0,0.0,0.0,,0.0,0.0,0.0,,0.6666666666666666,0.6666666666666666,0.0,1.0
2021,En agglomération,<=20,1,2,2,1,1,0,0,0,2,0,1,9,3,0,0,0,0,9,0,6,0.5,0.3333333333333333,16.666666666666668,1.5,0.5,0.0,50.0,,0.0,0.0,0.0,,0.0,0.0,0.0,,0.0,0.0,0.0,,1.0,1.0,0.0,1.0,0.0,0.0,0.0,,0.5,0.6666666666666666,-16.666666666666664,0.75
2021,En agglomération,<=20,4,1,7,1,0,1,0,0,0,0,1,6,1,1,1,0,0,0,0,2,0.14285714285714285,0.16666666666666666,-2.380952380952381,0.8571428571428571,0.0,0.16666666666666666,-16.666666666666664,0.0,0.14285714285714285,0.16666666666666666,-2.380952380952381,0.8571428571428571,0.0,0.0,0.0,,0.0,0.0,0.0,,0.0,0.0,0.0,,0.0,0.0,0.0,,0.14285714285714285,0.3333333333333333,-19.047619047619047,0.42857142857142855
2021,En agglomération,<=20,5,1,7,1,0,1,1,0,0,0,5,19,2,0,3,1,0,0,0,10,0.14285714285714285,0.10526315789473684,3.7593984962406015,1.3571428571428572,0.0,0.0,0.0,,0.14285714285714285,0.15789473684210525,-1.5037593984962405,0.9047619047619048,0.14285714285714285,0.05263157894736842,9.022556390977442,2.7142857142857144,0.0,0.0,0.0,,0.0,0.0,0.0,,0.0,0.0,0.0,,0.7142857142857143,0.5263157894736842,18.796992481203013,1.3571428571428572
2021,En agglomération,<=20,6,1,4,0,0,0,0,0,0,0,2,6,1,0,1,0,0,0,0,2,0.0,0.16666666666666666,-16.666666666666664,0.0,0.0,0.0,0.0,,0.0,0.16666666666666666,-16.666666666666664,0.0,0.0,0.0,0.0,,0.0,0.0,0.0,,0.0,0.0,0.0,,0.0,0.0,0.0,,0.5,0.3333333333333333,16.666666666666668,1.5
2021,En agglomération,<=20,8,1,2,0,0,0,0,0,0,0,1,6,0,1,1,0,0,0,0,3,0.0,0.0,0.0,,0.0,0.16666666666666666,-16.666666666666664,0.0,0.0,0.16666666666666666,-16.666666666666664,0.0,0.0,0.0,0.0,,0.0,0.0,0.0,,0.0,0.0,0.0,,0.0,0.0,0.0,,0.5,0.5,0.0,1.0
2021,En agglomération,vma_non_renseignee_ou_invalide,1,1,4,0,0,0,0,0,0,0,4,35,0,6,0,0,0,0,0,26,0.0,0.0,0.0,,0.0,0.17142857142857143,-17.142857142857142,0.0,0.0,0.0,0.0,,0.0,0.0,0.0,,0.0,0.0,0.0,,0.0,0.0,0.0,,0.0,0.0,0.0,,1.0,0.7428571428571429,25.71428571428571,1.346153846153846
2021,En agglomération,vma_non_renseignee_ou_invalide,1,2,1,0,0,0,0,0,1,0,1,3,2,0,1,0,0,3,0,1,0.0,0.6666666666666666,-66.66666666666666,0.0,0.0,0.0,0.0,,0.0,0.3333333333333333,-33.33333333333333,0.0,0.0,0.0,0.0,,0.0,0.0,0.0,,1.0,1.0,0.0,1.0,0.0,0.0,0.0,,1.0,0.3333333333333333,66.66666666666667,3.0
2021,En agglomération,vma_non_renseignee_ou_invalide,3,1,1,1,1,1,0,0,0,0,0,1,0,0,0,0,0,0,0,1,1.0,0.0,100.0,,1.0,0.0,100.0,,1.0,0.0,100.0,,0.0,0.0,0.0,,0.0,0.0,0.0,,0.0,0.0,0.0,,0.0,0.0,0.0,,0.0,1.0,-100.0,0.0
2021,En agglomération,vma_non_renseignee_ou_invalide,8,1,2,0,0,0,0,0,0,0,1,4,1,1,1,0,0,0,0,3,0.0,0.25,-25.0,0.0,0.0,0.25,-25.0,0.0,0.0,0.25,-25.0,0.0,0.0,0.0,0.0,,0.0,0.0,0.0,,0.0,0.0,0.0,,0.0,0.0,0.0,,0.5,0.75,-25.0,0.6666666666666666
2021,Hors agglomération,21_30,5,1,1,0,1,0,0,0,0,0,0,5,0,3,0,0,0,0,0,2,0.0,0.0,0.0,,1.0,0.6,40.0,1.6666666666666667,0.0,0.0,0.0,,0.0,0.0,0.0,,0.0,0.0,0.0,,0.0,0.0,0.0,,0.0,0.0,0.0,,0.0,0.4,-40.0,0.0
2021,Hors agglomération,21_30,8,1,1,0,1,0,0,0,0,0,0,1,0,0,0,0,0,0,0,1,0.0,0.0,0.0,,1.0,0.0,100.0,,0.0,0.0,0.0,,0.0,0.0,0.0,,0.0,0.0,0.0,,0.0,0.0,0.0,,0.0,0.0,0.0,,0.0,1.0,-100.0,0.0
2021,Hors agglomération,41_50,1,1,8,0,0,1,0,0,0,0,8,126,9,12,11,2,0,0,2,97,0.0,0.07142857142857142,-7.142857142857142,0.0,0.0,0.09523809523809523,-9.523809523809524,0.0,0.125,0.0873015873015873,3.76984126984127,1.4318181818181819,0.0,0.015873015873015872,-1.5873015873015872,0.0,0.0,0.0,0.0,,0.0,0.0,0.0,,0.0,0.015873015873015872,-1.5873015873015872,0.0,1.0,0.7698412698412699,23.015873015873012,1.2989690721649483
2021,Hors agglomération,41_50,1,2,2,0,0,0,0,0,2,0,2,16,2,2,0,0,0,16,0,14,0.0,0.125,-12.5,0.0,0.0,0.125,-12.5,0.0,0.0,0.0,0.0,,0.0,0.0,0.0,,0.0,0.0,0.0,,1.0,1.0,0.0,1.0,0.0,0.0,0.0,,1.0,0.875,12.5,1.1428571428571428
2021,Hors agglomération,41_50,5,1,1,0,0,0,0,0,0,0,1,13,1,0,2,1,0,0,0,12,0.0,0.07692307692307693,-7.6923076923076925,0.0,0.0,0.0,0.0,,0.0,0.15384615384615385,-15.384615384615385,0.0,0.0,0.07692307692307693,-7.6923076923076925,0.0,0.0,0.0,0.0,,0.0,0.0,0.0,,0.0,0.0,0.0,,1.0,0.9230769230769231,7.692307692307687,1.0833333333333333
2021,Hors agglomération,51_70,1,1,3,0,0,0,0,0,0,0,3,110,4,13,2,0,1,0,2,83,0.0,0.03636363636363636,-3.6363636363636362,0.0,0.0,0.11818181818181818,-11.818181818181818,0.0,0.0,0.01818181818181818,-1.8181818181818181,0.0,0.0,0.0,0.0,,0.0,0.00909090909090909,-0.9090909090909091,0.0,0.0,0.0,0.0,,0.0,0.01818181818181818,-1.8181818181818181,0.0,1.0,0.7545454545454545,24.545454545454547,1.3253012048192772
2021,Hors agglomération,51_70,1,2,1,1,1,0,0,0,1,0,0,10,1,0,1,0,0,10,0,9,1.0,0.1,90.0,10.0,1.0,0.0,100.0,,0.0,0.1,-10.0,0.0,0.0,0.0,0.0,,0.0,0.0,0.0,,1.0,1.0,0.0,1.0,0.0,0.0,0.0,,0.0,0.9,-90.0,0.0
2021,Hors agglomération,51_70,5,1,1,0,0,0,0,0,0,0,0,9,2,1,2,1,0,0,0,6,0.0,0.2222222222222222,-22.22222222222222,0.0,0.0,0.1111111111111111,-11.11111111111111,0.0,0.0,0.2222222222222222,-22.22222222222222,0.0,0.0,0.1111111111111111,-11.11111111111111,0.0,0.0,0.0,0.0,,0.0,0.0,0.0,,0.0,0.0,0.0,,0.0,0.6666666666666666,-66.66666666666666,0.0
2021,Hors agglomération,71_80,1,1,5,0,1,0,0,0,0,0,4,451,14,62,13,1,1,0,5,311,0.0,0.031042128603104215,-3.1042128603104215,0.0,0.2,0.13747228381374724,6.252771618625277,1.4548387096774194,0.0,0.028824833702882482,-2.882483370288248,0.0,0.0,0.0022172949002217295,-0.22172949002217296,0.0,0.0,0.0022172949002217295,-0.22172949002217296,0.0,0.0,0.0,0.0,,0.0,0.011086474501108648,-1.1086474501108647,0.0,0.8,0.6895787139689579,11.042128603104217,1.160128617363344
2021,Hors agglomération,71_80,1,2,2,2,1,0,0,0,2,0,0,29,9,5,1,0,0,29,0,20,1.0,0.3103448275862069,68.96551724137932,3.2222222222222223,0.5,0.1724137931034483,32.758620689655174,2.9,0.0,0.034482758620689655,-3.4482758620689653,0.0,0.0,0.0,0.0,,0.0,0.0,0.0,,1.0,1.0,0.0,1.0,0.0,0.0,0.0,,0.0,0.6896551724137931,-68.96551724137932,0.0
2021,Hors agglomération,71_80,3,1,1,0,1,0,0,0,0,0,1,32,10,16,10,0,2,0,0,8,0.0,0.3125,-31.25,0.0,1.0,0.5,50.0,2.0,0.0,0.3125,-31.25,0.0,0.0,0.0,0.0,,0.0,0.0625,-6.25,0.0,0.0,0.0,0.0,,0.0,0.0,0.0,,1.0,0.25,75.0,4.0
2021,Hors agglomération,81_90,1,1,3,0,0,0,0,0,0,0,3,55,1,4,1,0,0,0,0,39,0.0,0.01818181818181818,-1.8181818181818181,0.0,0.0,0.07272727272727272,-7.2727272727272725,0.0,0.0,0.01818181818181818,-1.8181818181818181,0.0,0.0,0.0,0.0,,0.0,0.0,0.0,,0.0,0.0,0.0,,0.0,0.0,0.0,,1.0,0.7090909090909091,29.09090909090909,1.4102564102564101
2021,Hors agglomération,<=20,5,1,1,0,0,0,0,0,0,0,1,3,0,1,0,0,0,0,0,0,0.0,0.0,0.0,,0.0,0.3333333333333333,-33.33333333333333,0.0,0.0,0.0,0.0,,0.0,0.0,0.0,,0.0,0.0,0.0,,0.0,0.0,0.0,,0.0,0.0,0.0,,1.0,0.0,100.0,
2021,Hors agglomération,vma_non_renseignee_ou_invalide,1,1,1,0,0,0,0,0,0,0,1,24,0,5,1,0,0,0,0,14,0.0,0.0,0.0,,0.0,0.20833333333333334,-20.833333333333336,0.0,0.0,0.041666666666666664,-4.166666666666666,0.0,0.0,0.0,0.0,,0.0,0.0,0.0,,0.0,0.0,0.0,,0.0,0.0,0.0,,1.0,0.5833333333333334,41.666666666666664,1.7142857142857142
2021,Hors agglomération,vma_non_renseignee_ou_invalide,5,1,1,0,1,0,0,0,0,0,0,2,0,2,0,0,0,0,0,0,0.0,0.0,0.0,,1.0,1.0,0.0,1.0,0.0,0.0,0.0,,0.0,0.0,0.0,,0.0,0.0,0.0,,0.0,0.0,0.0,,0.0,0.0,0.0,,0.0,0.0,0.0,
2022,En agglomération,21_30,1,1,473,34,62,35,9,1,0,11,341,1061,65,64,83,13,0,0,15,828,0.07188160676532769,0.061262959472196045,1.0618647293131647,1.1733289965848104,0.13107822410147993,0.060320452403393024,7.07577716980869,2.173031183932347,0.07399577167019028,0.07822808671065033,-0.42323150404600524,0.9458977559285769,0.019027484143763214,0.012252591894439209,0.6774892249324005,1.5529354366563668,0.0021141649048625794,0.0,0.21141649048625794,,0.0,0.0,0.0,,0.023255813953488372,0.01413760603204524,0.9118207921443131,1.6449612403100775,0.7209302325581395,0.7803958529688972,-5.946562041075776,0.9238006965509493
2022,En agglomération,21_30,1,2,74,23,14,4,0,1,74,0,51,145,34,16,10,1,0,145,1,111,0.3108108108108108,0.23448275862068965,7.6328052190121145,1.3255166931637519,0.1891891891891892,0.1103448275862069,7.884436160298231,1.7145270270270272,0.05405405405405406,0.06896551724137931,-1.4911463187325253,0.7837837837837839,0.0,0.006896551724137931,-0.6896551724137931,0.0,0.013513513513513514,0.0,1.3513513513513513,,1.0,1.0,0.0,1.0,0.0,0.006896551724137931,-0.6896551724137931,0.0,0.6891891891891891,0.7655172413793103,-7.632805219012118,0.9002921840759678
2022,En agglomération,21_30,1,9,2,2,1,1,0,0,2,0,0,6,1,2,0,0,0,6,1,5,1.0,0.16666666666666666,83.33333333333334,6.0,0.5,0.3333333333333333,16.666666666666668,1.5,0.5,0.0,50.0,,0.0,0.0,0.0,,0.0,0.0,0.0,,1.0,1.0,0.0,1.0,0.0,0.16666666666666666,-16.666666666666664,0.0,0.0,0.8333333333333334,-83.33333333333334,0.0
2022,En agglomération,21_30,4,1,26,4,1,5,0,0,0,0,8,40,7,3,10,5,0,0,0,16,0.15384615384615385,0.175,-2.115384615384613,0.8791208791208792,0.038461538461538464,0.075,-3.6538461538461533,0.5128205128205129,0.19230769230769232,0.25,-5.769230769230768,0.7692307692307693,0.0,0.125,-12.5,0.0,0.0,0.0,0.0,,0.0,0.0,0.0,,0.0,0.0,0.0,,0.3076923076923077,0.4,-9.230769230769232,0.7692307692307693
2022,En agglomération,21_30,4,2,4,4,1,1,0,0,4,0,0,4,1,0,0,0,0,4,0,3,1.0,0.25,75.0,4.0,0.25,0.0,25.0,,0.25,0.0,25.0,,0.0,0.0,0.0,,0.0,0.0,0.0,,1.0,1.0,0.0,1.0,0.0,0.0,0.0,,0.0,0.75,-75.0,0.0
2022,En agglomération,21_30,5,1,178,10,20,10,4,0,0,4,114,488,52,48,49,23,0,0,19,317,0.056179775280898875,0.10655737704918032,-5.037760176828145,0.5272255834053587,0.11235955056179775,0.09836065573770492,1.3998894824092833,1.142322097378277,0.056179775280898875,0.10040983606557377,-4.423006078467489,0.5595047007567071,0.02247191011235955,0.0471311475409836,-2.4659237428624055,0.47679531021006355,0.0,0.0,0.0,,0.0,0.0,0.0,,0.02247191011235955,0.0389344262295082,-1.646251611714865,0.5771732702542873,0.6404494382022472,0.6495901639344263,-0.9140725732179056,0.9859284726898947
2022,En agglomération,21_30,5,2,26,13,5,0,0,0,26,0,13,66,23,10,3,2,0,66,2,43,0.5,0.3484848484848485,15.151515151515149,1.434782608695652,0.19230769230769232,0.15151515151515152,4.0792540792540795,1.2692307692307692,0.0,0.045454545454545456,-4.545454545454546,0.0,0.0,0.030303030303030304,-3.0303030303030303,0.0,0.0,0.0,0.0,,1.0,1.0,0.0,1.0,0.0,0.030303030303030304,-3.0303030303030303,0.0,0.5,0.6515151515151515,-15.151515151515149,0.7674418604651163
2022,En agglomération,21_30,5,3,1,0,0,0,0,0,1,0,1,3,1,0,0,0,0,3,0,2,0.0,0.3333333333333333,-33.33333333333333,0.0,0.0,0.0,0.0,,0.0,0.0,0.0,,0.0,0.0,0.0,,0.0,0.0,0.0,,1.0,1.0,0.0,1.0,0.0,0.0,0.0,,1.0,0.6666666666666666,33.333333333333336,1.5
2022,En agglomération,21_30,6,1,30,4,3,4,3,0,0,1,19,78,7,8,7,2,0,0,1,43,0.13333333333333333,0.08974358974358974,4.358974358974359,1.4857142857142858,0.1,0.10256410256410256,-0.2564102564102555,0.9750000000000001,0.13333333333333333,0.08974358974358974,4.358974358974359,1.4857142857142858,0.1,0.02564102564102564,7.435897435897437,3.9000000000000004,0.0,0.0,0.0,,0.0,0.0,0.0,,0.03333333333333333,0.01282051282051282,2.051282051282051,2.6,0.6333333333333333,0.5512820512820513,8.205128205128197,1.1488372093023254
2022,En agglomération,21_30,6,2,3,1,0,0,0,0,3,0,2,12,3,1,1,1,0,12,0,9,0.3333333333333333,0.25,8.333333333333332,1.3333333333333333,0.0,0.08333333333333333,-8.333333333333332,0.0,0.0,0.08333333333333333,-8.333333333333332,0.0,0.0,0.08333333333333333,-8.333333333333332,0.0,0.0,0.0,0.0,,1.0,1.0,0.0,1.0,0.0,0.0,0.0,,0.6666666666666666,0.75,-8.333333333333337,0.8888888888888888
2022,En agglomération,21_30,8,1,9,0,1,0,0,0,0,0,7,7,1,0,1,0,0,0,1,4,0.0,0.14285714285714285,-14.285714285714285,0.0,0.1111111111111111,0.0,11.11111111111111,,0.0,0.14285714285714285,-14.285714285714285,0.0,0.0,0.0,0.0,,0.0,0.0,0.0,,0.0,0.0,0.0,,0.0,0.14285714285714285,-14.285714285714285,0.0,0.7777777777777778,0.5714285714285714,20.63492063492064,1.3611111111111112
2022,En agglomération,31_40,1,1,2,0,0,0,0,0,0,0,2,7,0,0,0,0,0,0,0,7,0.0,0.0,0.0,,0.0,0.0,0.0,,0.0,0.0,0.0,,0.0,0.0,0.0,,0.0,0.0,0.0,,0.0,0.0,0.0,,0.0,0.0,0.0,,1.0,1.0,0.0,1.0
2022,En agglomération,41_50,1,1,747,38,61,47,10,2,0,3,614,1955,96,108,128,19,4,0,25,1626,0.050870147255689425,0.049104859335038366,0.17652879206510597,1.0359493529674253,0.08165997322623829,0.05524296675191816,2.641700647432013,1.4781967375675542,0.06291834002677377,0.06547314578005115,-0.2554805753277378,0.9609793340026775,0.013386880856760375,0.009718670076726343,0.3668210780034032,1.3774395828929753,0.002677376171352075,0.0020460358056265983,0.06313403657254765,1.3085676037483267,0.0,0.0,0.0,,0.004016064257028112,0.01278772378516624,-0.8771659528138128,0.3140562248995984,0.821954484605087,0.8317135549872122,-0.9759070382125201,0.988266308365895
2022,En agglomération,41_50,1,2,113,17,11,6,1,1,113,1,96,240,31,14,11,0,2,240,1,209,0.1504424778761062,0.12916666666666668,2.127581120943953,1.1647159577504995,0.09734513274336283,0.058333333333333334,3.9011799410029497,1.6687737041719342,0.05309734513274336,0.04583333333333333,0.7264011799410032,1.1584875301689461,0.008849557522123894,0.0,0.8849557522123894,,0.008849557522123894,0.008333333333333333,0.051622418879056046,1.0619469026548674,1.0,1.0,0.0,1.0,0.008849557522123894,0.004166666666666667,0.4682890855457227,2.1238938053097347,0.8495575221238938,0.8708333333333333,-2.1275811209439555,0.9755684464580598
2022,En agglomération,41_50,1,7,1,1,0,0,0,0,1,0,0,5,3,2,0,0,0,5,0,2,1.0,0.6,40.0,1.6666666666666667,0.0,0.4,-40.0,0.0,0.0,0.0,0.0,,0.0,0.0,0.0,,0.0,0.0,0.0,,1.0,1.0,0.0,1.0,0.0,0.0,0.0,,0.0,0.4,-40.0,0.0
2022,En agglomération,41_50,1,9,1,0,0,0,0,0,1,0,1,5,4,4,0,0,0,5,1,1,0.0,0.8,-80.0,0.0,0.0,0.8,-80.0,0.0,0.0,0.0,0.0,,0.0,0.0,0.0,,0.0,0.0,0.0,,1.0,1.0,0.0,1.0,0.0,0.2,-20.0,0.0,1.0,0.2,80.0,5.0
2022,En agglomération,41_50,3,1,4,2,0,2,0,0,0,0,2,15,8,2,8,1,0,0,0,5,0.5,0.5333333333333333,-3.3333333333333326,0.9375,0.0,0.13333333333333333,-13.333333333333334,0.0,0.5,0.5333333333333333,-3.3333333333333326,0.9375,0.0,0.06666666666666667,-6.666666666666667,0.0,0.0,0.0,0.0,,0.0,0.0,0.0,,0.0,0.0,0.0,,0.5,0.3333333333333333,16.666666666666668,1.5
2022,En agglomération,41_50,4,1,49,7,8,7,2,0,0,0,25,64,19,14,19,4,0,0,1,26,0.14285714285714285,0.296875,-15.401785714285715,0.48120300751879697,0.16326530612244897,0.21875,-5.5484693877551035,0.7463556851311953,0.14285714285714285,0.296875,-15.401785714285715,0.48120300751879697,0.04081632653061224,0.0625,-2.168367346938776,0.6530612244897959,0.0,0.0,0.0,,0.0,0.0,0.0,,0.0,0.015625,-1.5625,0.0,0.5102040816326531,0.40625,10.395408163265307,1.2558869701726845
2022,En agglomération,41_50,4,2,6,2,1,0,0,0,6,0,4,5,5,3,1,0,0,5,0,0,0.3333333333333333,1.0,-66.66666666666667,0.3333333333333333,0.16666666666666666,0.6,-43.333333333333336,0.2777777777777778,0.0,0.2,-20.0,0.0,0.0,0.0,0.0,,0.0,0.0,0.0,,1.0,1.0,0.0,1.0,0.0,0.0,0.0,,0.6666666666666666,0.0,66.66666666666666,
2022,En agglomération,41_50,5,1,94,9,8,9,1,1,0,1,63,276,31,16,37,5,0,0,4,211,0.09574468085106383,0.11231884057971014,-1.6574159728646314,0.8524365133836651,0.0851063829787234,0.057971014492753624,2.713536848596978,1.4680851063829787,0.09574468085106383,0.13405797101449277,-3.8313290163428935,0.714203565267395,0.010638297872340425,0.018115942028985508,-0.7477644156645082,0.5872340425531914,0.010638297872340425,0.0,1.0638297872340425,,0.0,0.0,0.0,,0.010638297872340425,0.014492753623188406,-0.38544557508479804,0.7340425531914894,0.6702127659574468,0.7644927536231884,-9.427998766574152,0.876676414238177
2022,En agglomération,41_50,5,2,18,7,1,4,0,0,18,0,11,38,16,2,12,2,0,38,1,22,0.3888888888888889,0.42105263157894735,-3.216374269005845,0.9236111111111112,0.05555555555555555,0.05263157894736842,0.29239766081871343,1.0555555555555556,0.2222222222222222,0.3157894736842105,-9.35672514619883,0.7037037037037037,0.0,0.05263157894736842,-5.263157894736842,0.0,0.0,0.0,0.0,,1.0,1.0,0.0,1.0,0.0,0.02631578947368421,-2.631578947368421,0.0,0.6111111111111112,0.5789473684210527,3.2163742690058506,1.0555555555555556
2022,En agglomération,41_50,6,1,18,0,1,0,0,0,0,0,16,43,1,0,1,0,0,0,1,31,0.0,0.023255813953488372,-2.3255813953488373,0.0,0.05555555555555555,0.0,5.555555555555555,,0.0,0.023255813953488372,-2.3255813953488373,0.0,0.0,0.0,0.0,,0.0,0.0,0.0,,0.0,0.0,0.0,,0.0,0.023255813953488372,-2.3255813953488373,0.0,0.8888888888888888,0.7209302325581395,16.795865633074936,1.2329749103942653
2022,En agglomération,41_50,6,2,5,1,1,0,0,0,5,0,4,2,1,0,0,0,0,2,0,1,0.2,0.5,-30.0,0.4,0.2,0.0,20.0,,0.0,0.0,0.0,,0.0,0.0,0.0,,0.0,0.0,0.0,,1.0,1.0,0.0,1.0,0.0,0.0,0.0,,0.8,0.5,30.000000000000004,1.6
2022,En agglomération,41_50,8,1,16,1,2,1,0,0,0,1,13,50,4,6,4,1,0,0,2,37,0.0625,0.08,-1.7500000000000002,0.78125,0.125,0.12,0.5000000000000004,1.0416666666666667,0.0625,0.08,-1.7500000000000002,0.78125,0.0,0.02,-2.0,0.0,0.0,0.0,0.0,,0.0,0.0,0.0,,0.0625,0.04,2.25,1.5625,0.8125,0.74,7.250000000000001,1.097972972972973
2022,En agglomération,41_50,8,2,2,1,0,0,0,0,2,0,1,7,0,0,0,0,0,7,0,7,0.5,0.0,50.0,,0.0,0.0,0.0,,0.0,0.0,0.0,,0.0,0.0,0.0,,0.0,0.0,0.0,,1.0,1.0,0.0,1.0,0.0,0.0,0.0,,0.5,1.0,-50.0,0.5
2022,En agglomération,41_50,8,9,1,1,1,0,0,0,1,0,0,1,1,0,0,0,0,1,0,0,1.0,1.0,0.0,1.0,1.0,0.0,100.0,,0.0,0.0,0.0,,0.0,0.0,0.0,,0.0,0.0,0.0,,1.0,1.0,0.0,1.0,0.0,0.0,0.0,,0.0,0.0,0.0,
2022,En agglomération,51_70,1,1,9,0,0,0,0,0,0,0,8,28,0,2,0,0,0,0,0,21,0.0,0.0,0.0,,0.0,0.07142857142857142,-7.142857142857142,0.0,0.0,0.0,0.0,,0.0,0.0,0.0,,0.0,0.0,0.0,,0.0,0.0,0.0,,0.0,0.0,0.0,,0.8888888888888888,0.75,13.888888888888884,1.1851851851851851
2022,En agglomération,51_70,1,2,1,0,0,0,0,0,1,0,1,4,0,0,0,0,0,4,0,4,0.0,0.0,0.0,,0.0,0.0,0.0,,0.0,0.0,0.0,,0.0,0.0,0.0,,0.0,0.0,0.0,,1.0,1.0,0.0,1.0,0.0,0.0,0.0,,1.0,1.0,0.0,1.0
2022,En agglomération,51_70,3,1,1,0,0,0,0,0,0,0,1,1,0,0,0,0,0,0,0,1,0.0,0.0,0.0,,0.0,0.0,0.0,,0.0,0.0,0.0,,0.0,0.0,0.0,,0.0,0.0,0.0,,0.0,0.0,0.0,,0.0,0.0,0.0,,1.0,1.0,0.0,1.0
2022,En agglomération,51_70,5,1,1,1,0,1,1,0,0,0,0,3,0,0,0,0,0,0,0,3,1.0,0.0,100.0,,0.0,0.0,0.0,,1.0,0.0,100.0,,1.0,0.0,100.0,,0.0,0.0,0.0,,0.0,0.0,0.0,,0.0,0.0,0.0,,0.0,1.0,-100.0,0.0
2022,En agglomération,51_70,6,1,1,0,0,0,0,0,0,0,0,1,0,0,0,0,0,0,0,0,0.0,0.0,0.0,,0.0,0.0,0.0,,0.0,0.0,0.0,,0.0,0.0,0.0,,0.0,0.0,0.0,,0.0,0.0,0.0,,0.0,0.0,0.0,,0.0,0.0,0.0,
2022,En agglomération,71_80,1,1,1,0,0,0,0,0,0,0,1,11,0,1,0,0,0,0,0,8,0.0,0.0,0.0,,0.0,0.09090909090909091,-9.090909090909092,0.0,0.0,0.0,0.0,,0.0,0.0,0.0,,0.0,0.0,0.0,,0.0,0.0,0.0,,0.0,0.0,0.0,,1.0,0.7272727272727273,27.27272727272727,1.375
2022,En agglomération,<=20,1,1,13,2,1,2,0,1,0,0,6,17,0,0,0,0,0,0,0,16,0.15384615384615385,0.0,15.384615384615385,,0.07692307692307693,0.0,7.6923076923076925,,0.15384615384615385,0.0,15.384615384615385,,0.0,0.0,0.0,,0.07692307692307693,0.0,7.6923076923076925,,0.0,0.0,0.0,,0.0,0.0,0.0,,0.46153846153846156,0.9411764705882353,-47.96380090497737,0.4903846153846154
2022,En agglomération,<=20,4,1,17,2,1,2,0,0,0,0,3,6,1,0,2,0,0,0,0,2,0.11764705882352941,0.16666666666666666,-4.901960784313725,0.7058823529411765,0.058823529411764705,0.0,5.88235294117647,,0.11764705882352941,0.3333333333333333,-21.56862745098039,0.35294117647058826,0.0,0.0,0.0,,0.0,0.0,0.0,,0.0,0.0,0.0,,0.0,0.0,0.0,,0.17647058823529413,0.3333333333333333,-15.68627450980392,0.5294117647058825
2022,En agglomération,<=20,4,2,2,0,1,0,0,0,2,0,2,2,2,1,0,0,0,2,0,0,0.0,1.0,-100.0,0.0,0.5,0.5,0.0,1.0,0.0,0.0,0.0,,0.0,0.0,0.0,,0.0,0.0,0.0,,1.0,1.0,0.0,1.0,0.0,0.0,0.0,,1.0,0.0,100.0,
2022,En agglomération,<=20,5,1,10,3,0,2,0,0,0,1,4,10,3,0,2,1,0,0,2,6,0.3,0.3,0.0,1.0,0.0,0.0,0.0,,0.2,0.2,0.0,1.0,0.0,0.1,-10.0,0.0,0.0,0.0,0.0,,0.0,0.0,0.0,,0.1,0.2,-10.0,0.5,0.4,0.6,-19.999999999999996,0.6666666666666667
2022,En agglomération,<=20,6,1,5,2,1,2,0,0,0,0,2,8,1,0,1,1,0,0,0,4,0.4,0.125,27.500000000000004,3.2,0.2,0.0,20.0,,0.4,0.125,27.500000000000004,3.2,0.0,0.125,-12.5,0.0,0.0,0.0,0.0,,0.0,0.0,0.0,,0.0,0.0,0.0,,0.4,0.5,-9.999999999999998,0.8
2022,En agglomération,vma_non_renseignee_ou_invalide,1,1,14,0,1,0,0,0,0,0,12,30,0,2,0,0,0,0,0,22,0.0,0.0,0.0,,0.07142857142857142,0.06666666666666667,0.4761904761904759,1.0714285714285714,0.0,0.0,0.0,,0.0,0.0,0.0,,0.0,0.0,0.0,,0.0,0.0,0.0,,0.0,0.0,0.0,,0.8571428571428571,0.7333333333333333,12.380952380952381,1.1688311688311688
2022,En agglomération,vma_non_renseignee_ou_invalide,4,1,1,0,0,0,0,0,0,0,0,1,0,0,0,0,0,0,0,0,0.0,0.0,0.0,,0.0,0.0,0.0,,0.0,0.0,0.0,,0.0,0.0,0.0,,0.0,0.0,0.0,,0.0,0.0,0.0,,0.0,0.0,0.0,,0.0,0.0,0.0,
2022,En agglomération,vma_non_renseignee_ou_invalide,5,1,4,0,2,0,0,0,0,0,2,7,1,2,0,0,0,0,1,2,0.0,0.14285714285714285,-14.285714285714285,0.0,0.5,0.2857142857142857,21.42857142857143,1.75,0.0,0.0,0.0,,0.0,0.0,0.0,,0.0,0.0,0.0,,0.0,0.0,0.0,,0.0,0.14285714285714285,-14.285714285714285,0.0,0.5,0.2857142857142857,21.42857142857143,1.75
2022,En agglomération,vma_non_renseignee_ou_invalide,8,1,1,0,0,0,0,0,0,0,1,1,1,0,1,0,0,0,0,0,0.0,1.0,-100.0,0.0,0.0,0.0,0.0,,0.0,1.0,-100.0,0.0,0.0,0.0,0.0,,0.0,0.0,0.0,,0.0,0.0,0.0,,0.0,0.0,0.0,,1.0,0.0,100.0,
2022,Hors agglomération,21_30,1,1,2,1,1,1,0,0,0,0,0,26,4,6,5,1,0,0,0,18,0.5,0.15384615384615385,34.61538461538461,3.25,0.5,0.23076923076923078,26.923076923076923,2.1666666666666665,0.5,0.19230769230769232,30.76923076923077,2.5999999999999996,0.0,0.038461538461538464,-3.8461538461538463,0.0,0.0,0.0,0.0,,0.0,0.0,0.0,,0.0,0.0,0.0,,0.0,0.6923076923076923,-69.23076923076923,0.0
2022,Hors agglomération,21_30,1,2,1,1,1,0,0,0,1,0,0,1,0,0,0,0,0,1,0,1,1.0,0.0,100.0,,1.0,0.0,100.0,,0.0,0.0,0.0,,0.0,0.0,0.0,,0.0,0.0,0.0,,1.0,1.0,0.0,1.0,0.0,0.0,0.0,,0.0,1.0,-100.0,0.0
2022,Hors agglomération,21_30,5,1,3,0,1,0,0,0,0,0,0,4,0,1,0,0,0,0,0,3,0.0,0.0,0.0,,0.3333333333333333,0.25,8.333333333333332,1.3333333333333333,0.0,0.0,0.0,,0.0,0.0,0.0,,0.0,0.0,0.0,,0.0,0.0,0.0,,0.0,0.0,0.0,,0.0,0.75,-75.0,0.0
2022,Hors agglomération,41_50,1,1,20,1,3,1,0,0,0,0,14,115,5,13,7,0,1,0,1,95,0.05,0.043478260869565216,0.6521739130434787,1.1500000000000001,0.15,0.11304347826086956,3.695652173913043,1.3269230769230769,0.05,0.06086956521739131,-1.0869565217391304,0.8214285714285714,0.0,0.0,0.0,,0.0,0.008695652173913044,-0.8695652173913043,0.0,0.0,0.0,0.0,,0.0,0.008695652173913044,-0.8695652173913043,0.0,0.7,0.8260869565217391,-12.608695652173918,0.8473684210526315
2022,Hors agglomération,41_50,1,2,7,2,1,1,1,0,7,0,5,12,1,1,0,0,0,12,0,11,0.2857142857142857,0.08333333333333333,20.238095238095237,3.4285714285714284,0.14285714285714285,0.08333333333333333,5.952380952380952,1.7142857142857142,0.14285714285714285,0.0,14.285714285714285,,0.14285714285714285,0.0,14.285714285714285,,0.0,0.0,0.0,,1.0,1.0,0.0,1.0,0.0,0.0,0.0,,0.7142857142857143,0.9166666666666666,-20.238095238095234,0.7792207792207793
2022,Hors agglomération,41_50,5,1,1,0,0,0,0,0,0,0,1,8,0,1,0,0,0,0,0,6,0.0,0.0,0.0,,0.0,0.125,-12.5,0.0,0.0,0.0,0.0,,0.0,0.0,0.0,,0.0,0.0,0.0,,0.0,0.0,0.0,,0.0,0.0,0.0,,1.0,0.75,25.0,1.3333333333333333
2022,Hors agglomération,51_70,1,1,5,0,1,0,0,0,0,0,4,99,3,5,4,0,0,0,0,84,0.0,0.030303030303030304,-3.0303030303030303,0.0,0.2,0.050505050505050504,14.949494949494952,3.9600000000000004,0.0,0.04040404040404041,-4.040404040404041,0.0,0.0,0.0,0.0,,0.0,0.0,0.0,,0.0,0.0,0.0,,0.0,0.0,0.0,,0.8,0.8484848484848485,-4.848484848484846,0.9428571428571428
2022,Hors agglomération,51_70,1,2,3,1,0,0,0,0,3,0,2,7,1,0,0,0,0,7,0,6,0.3333333333333333,0.14285714285714285,19.047619047619047,2.3333333333333335,0.0,0.0,0.0,,0.0,0.0,0.0,,0.0,0.0,0.0,,0.0,0.0,0.0,,1.0,1.0,0.0,1.0,0.0,0.0,0.0,,0.6666666666666666,0.8571428571428571,-19.047619047619047,0.7777777777777778
2022,Hors agglomération,51_70,3,1,1,0,0,0,0,0,0,0,1,6,1,2,1,0,0,0,0,3,0.0,0.16666666666666666,-16.666666666666664,0.0,0.0,0.3333333333333333,-33.33333333333333,0.0,0.0,0.16666666666666666,-16.666666666666664,0.0,0.0,0.0,0.0,,0.0,0.0,0.0,,0.0,0.0,0.0,,0.0,0.0,0.0,,1.0,0.5,50.0,2.0
2022,Hors agglomération,51_70,5,1,1,0,1,0,0,0,0,0,0,10,1,1,1,0,0,0,0,8,0.0,0.1,-10.0,0.0,1.0,0.1,90.0,10.0,0.0,0.1,-10.0,0.0,0.0,0.0,0.0,,0.0,0.0,0.0,,0.0,0.0,0.0,,0.0,0.0,0.0,,0.0,0.8,-80.0,0.0
2022,Hors agglomération,71_80,1,1,18,2,3,2,0,1,0,0,8,438,15,46,17,0,0,0,6,315,0.1111111111111111,0.03424657534246575,7.686453576864535,3.2444444444444445,0.16666666666666666,0.1050228310502283,6.164383561643835,1.5869565217391304,0.1111111111111111,0.03881278538812785,7.229832572298325,2.8627450980392157,0.0,0.0,0.0,,0.05555555555555555,0.0,5.555555555555555,,0.0,0.0,0.0,,0.0,0.0136986301369863,-1.36986301369863,0.0,0.4444444444444444,0.7191780821917808,-27.473363774733638,0.617989417989418
2022,Hors agglomération,71_80,1,2,3,1,0,0,0,0,3,0,2,28,9,4,1,0,1,28,0,19,0.3333333333333333,0.32142857142857145,1.1904761904761862,1.037037037037037,0.0,0.14285714285714285,-14.285714285714285,0.0,0.0,0.03571428571428571,-3.571428571428571,0.0,0.0,0.0,0.0,,0.0,0.03571428571428571,-3.571428571428571,0.0,1.0,1.0,0.0,1.0,0.0,0.0,0.0,,0.6666666666666666,0.6785714285714286,-1.1904761904761973,0.9824561403508771
2022,Hors agglomération,71_80,3,1,1,1,1,1,0,0,0,0,0,26,7,18,8,1,0,0,1,3,1.0,0.2692307692307692,73.07692307692308,3.7142857142857144,1.0,0.6923076923076923,30.76923076923077,1.4444444444444444,1.0,0.3076923076923077,69.23076923076923,3.25,0.0,0.038461538461538464,-3.8461538461538463,0.0,0.0,0.0,0.0,,0.0,0.0,0.0,,0.0,0.038461538461538464,-3.8461538461538463,0.0,0.0,0.11538461538461539,-11.538461538461538,0.0
2022,Hors agglomération,81_90,1,1,1,0,1,0,0,0,0,0,0,85,1,12,1,0,0,0,1,54,0.0,0.011764705882352941,-1.1764705882352942,0.0,1.0,0.1411764705882353,85.88235294117648,7.083333333333333,0.0,0.011764705882352941,-1.1764705882352942,0.0,0.0,0.0,0.0,,0.0,0.0,0.0,,0.0,0.0,0.0,,0.0,0.011764705882352941,-1.1764705882352942,0.0,0.0,0.6352941176470588,-63.52941176470588,0.0
2022,Hors agglomération,<=20,5,1,1,0,0,0,0,0,0,0,0,2,1,0,1,0,0,0,0,0,0.0,0.5,-50.0,0.0,0.0,0.0,0.0,,0.0,0.5,-50.0,0.0,0.0,0.0,0.0,,0.0,0.0,0.0,,0.0,0.0,0.0,,0.0,0.0,0.0,,0.0,0.0,0.0,
2022,Hors agglomération,vma_non_renseignee_ou_invalide,1,1,2,0,0,0,0,0,0,0,2,35,1,8,3,2,1,0,0,21,0.0,0.02857142857142857,-2.857142857142857,0.0,0.0,0.22857142857142856,-22.857142857142858,0.0,0.0,0.08571428571428572,-8.571428571428571,0.0,0.0,0.05714285714285714,-5.714285714285714,0.0,0.0,0.02857142857142857,-2.857142857142857,0.0,0.0,0.0,0.0,,0.0,0.0,0.0,,1.0,0.6,40.0,1.6666666666666667
2022,Hors agglomération,vma_non_renseignee_ou_invalide,3,1,1,1,1,1,0,1,0,0,0,1,0,1,0,0,0,0,0,0,1.0,0.0,100.0,,1.0,1.0,0.0,1.0,1.0,0.0,100.0,,0.0,0.0,0.0,,1.0,0.0,100.0,,0.0,0.0,0.0,,0.0,0.0,0.0,,0.0,0.0,0.0,
2022,Hors agglomération,vma_non_renseignee_ou_invalide,5,1,1,0,1,0,0,0,0,0,0,2,0,1,0,0,0,0,0,1,0.0,0.0,0.0,,1.0,0.5,50.0,2.0,0.0,0.0,0.0,,0.0,0.0,0.0,,0.0,0.0,0.0,,0.0,0.0,0.0,,0.0,0.0,0.0,,0.0,0.5,-50.0,0.0
2023,En agglomération,21_30,1,1,475,44,51,44,13,1,0,12,325,1065,89,64,103,22,0,0,25,791,0.09263157894736843,0.0835680751173709,0.906350382999753,1.1084565345949142,0.10736842105263159,0.06009389671361502,4.727452433901656,1.7866776315789474,0.09263157894736843,0.09671361502347418,-0.4082036076105758,0.9577925396014307,0.02736842105263158,0.020657276995305163,0.6711144057326417,1.3248803827751197,0.002105263157894737,0.0,0.21052631578947367,,0.0,0.0,0.0,,0.02526315789473684,0.023474178403755867,0.17889794909809742,1.0762105263157895,0.6842105263157895,0.7427230046948357,-5.851247837904616,0.9212189766451527
2023,En agglomération,21_30,1,2,94,28,13,10,1,1,94,1,66,233,53,16,26,5,2,233,4,180,0.2978723404255319,0.22746781115879827,7.040452926673363,1.309514251304697,0.13829787234042554,0.06866952789699571,6.962834444342983,2.013962765957447,0.10638297872340426,0.11158798283261803,-0.5205004109213776,0.953355155482815,0.010638297872340425,0.02145922746781116,-1.0820929595470734,0.4957446808510638,0.010638297872340425,0.008583690987124463,0.20546068852159619,1.2393617021276595,1.0,1.0,0.0,1.0,0.010638297872340425,0.017167381974248927,-0.6529084101908502,0.6196808510638298,0.7021276595744681,0.7725321888412017,-7.040452926673357,0.9088652482269505
2023,En agglomération,21_30,3,1,3,1,2,1,1,0,0,0,1,4,1,0,2,0,0,0,0,2,0.3333333333333333,0.25,8.333333333333332,1.3333333333333333,0.6666666666666666,0.0,66.66666666666666,,0.3333333333333333,0.5,-16.666666666666668,0.6666666666666666,0.3333333333333333,0.0,33.33333333333333,,0.0,0.0,0.0,,0.0,0.0,0.0,,0.0,0.0,0.0,,0.3333333333333333,0.5,-16.666666666666668,0.6666666666666666
2023,En agglomération,21_30,4,1,52,10,3,11,4,0,0,0,12,27,7,9,8,2,1,0,3,9,0.19230769230769232,0.25925925925925924,-6.695156695156693,0.7417582417582418,0.057692307692307696,0.3333333333333333,-27.564102564102562,0.1730769230769231,0.21153846153846154,0.2962962962962963,-8.475783475783475,0.7139423076923077,0.07692307692307693,0.07407407407407407,0.28490028490028574,1.0384615384615385,0.0,0.037037037037037035,-3.7037037037037033,0.0,0.0,0.0,0.0,,0.0,0.1111111111111111,-11.11111111111111,0.0,0.23076923076923078,0.3333333333333333,-10.256410256410254,0.6923076923076924
2023,En agglomération,21_30,4,2,2,0,0,0,0,0,2,0,2,4,3,1,1,0,0,4,0,1,0.0,0.75,-75.0,0.0,0.0,0.25,-25.0,0.0,0.0,0.25,-25.0,0.0,0.0,0.0,0.0,,0.0,0.0,0.0,,1.0,1.0,0.0,1.0,0.0,0.0,0.0,,1.0,0.25,75.0,4.0
2023,En agglomération,21_30,5,1,120,12,18,13,3,0,0,4,62,362,38,28,42,14,0,0,11,229,0.1,0.10497237569060773,-0.4972375690607725,0.9526315789473685,0.15,0.07734806629834254,7.265193370165745,1.9392857142857143,0.10833333333333334,0.11602209944751381,-0.768876611418047,0.9337301587301589,0.025,0.03867403314917127,-1.3674033149171267,0.6464285714285715,0.0,0.0,0.0,,0.0,0.0,0.0,,0.03333333333333333,0.03038674033149171,0.29465930018416214,1.096969696969697,0.5166666666666667,0.6325966850828729,-11.59300184162062,0.8167394468704513
2023,En agglomération,21_30,5,2,20,9,2,1,0,0,20,0,11,88,39,12,11,1,0,88,8,49,0.45,0.4431818181818182,0.6818181818181834,1.0153846153846153,0.1,0.13636363636363635,-3.636363636363635,0.7333333333333334,0.05,0.125,-7.5,0.4,0.0,0.011363636363636364,-1.1363636363636365,0.0,0.0,0.0,0.0,,1.0,1.0,0.0,1.0,0.0,0.09090909090909091,-9.090909090909092,0.0,0.55,0.5568181818181818,-0.6818181818181723,0.9877551020408165
2023,En agglomération,21_30,5,3,1,0,0,0,0,0,1,1,1,1,0,0,0,0,0,1,0,1,0.0,0.0,0.0,,0.0,0.0,0.0,,0.0,0.0,0.0,,0.0,0.0,0.0,,0.0,0.0,0.0,,1.0,1.0,0.0,1.0,1.0,0.0,100.0,,1.0,1.0,0.0,1.0
2023,En agglomération,21_30,5,surface_multiple,1,0,1,0,0,0,0,0,0,1,0,0,0,0,0,0,0,1,0.0,0.0,0.0,,1.0,0.0,100.0,,0.0,0.0,0.0,,0.0,0.0,0.0,,0.0,0.0,0.0,,0.0,0.0,0.0,,0.0,0.0,0.0,,0.0,1.0,-100.0,0.0
2023,En agglomération,21_30,6,1,13,1,1,1,0,0,0,0,8,48,2,4,2,1,0,0,0,28,0.07692307692307693,0.041666666666666664,3.5256410256410264,1.8461538461538463,0.07692307692307693,0.08333333333333333,-0.6410256410256401,0.9230769230769231,0.07692307692307693,0.041666666666666664,3.5256410256410264,1.8461538461538463,0.0,0.020833333333333332,-2.083333333333333,0.0,0.0,0.0,0.0,,0.0,0.0,0.0,,0.0,0.0,0.0,,0.6153846153846154,0.5833333333333334,3.205128205128205,1.054945054945055
2023,En agglomération,21_30,6,2,4,2,2,1,0,0,4,1,2,7,4,1,0,0,0,7,1,3,0.5,0.5714285714285714,-7.14285714285714,0.875,0.5,0.14285714285714285,35.714285714285715,3.5,0.25,0.0,25.0,,0.0,0.0,0.0,,0.0,0.0,0.0,,1.0,1.0,0.0,1.0,0.25,0.14285714285714285,10.714285714285715,1.75,0.5,0.42857142857142855,7.142857142857145,1.1666666666666667
2023,En agglomération,21_30,8,1,7,0,1,0,0,0,0,0,5,5,0,1,0,0,0,0,0,3,0.0,0.0,0.0,,0.14285714285714285,0.2,-5.714285714285716,0.7142857142857142,0.0,0.0,0.0,,0.0,0.0,0.0,,0.0,0.0,0.0,,0.0,0.0,0.0,,0.0,0.0,0.0,,0.7142857142857143,0.6,11.428571428571432,1.1904761904761905
2023,En agglomération,21_30,situation_multiple,1,25,2,2,2,1,0,0,1,18,67,8,5,7,0,1,0,4,43,0.08,0.11940298507462686,-3.9402985074626864,0.67,0.08,0.07462686567164178,0.5373134328358218,1.072,0.08,0.1044776119402985,-2.4477611940298503,0.7657142857142858,0.04,0.0,4.0,,0.0,0.014925373134328358,-1.4925373134328357,0.0,0.0,0.0,0.0,,0.04,0.05970149253731343,-1.9701492537313432,0.67,0.72,0.6417910447761194,7.82089552238806,1.1218604651162791
2023,En agglomération,21_30,situation_multiple,2,2,1,0,0,0,0,2,0,1,13,4,0,4,1,0,13,0,9,0.5,0.3076923076923077,19.23076923076923,1.625,0.0,0.0,0.0,,0.0,0.3076923076923077,-30.76923076923077,0.0,0.0,0.07692307692307693,-7.6923076923076925,0.0,0.0,0.0,0.0,,1.0,1.0,0.0,1.0,0.0,0.0,0.0,,0.5,0.6923076923076923,-19.23076923076923,0.7222222222222222
2023,En agglomération,31_40,1,1,1,0,0,0,0,0,0,0,1,4,0,0,0,0,0,0,0,2,0.0,0.0,0.0,,0.0,0.0,0.0,,0.0,0.0,0.0,,0.0,0.0,0.0,,0.0,0.0,0.0,,0.0,0.0,0.0,,0.0,0.0,0.0,,1.0,0.5,50.0,2.0
2023,En agglomération,31_40,1,2,1,0,0,0,0,0,1,0,1,1,0,0,0,0,0,1,0,1,0.0,0.0,0.0,,0.0,0.0,0.0,,0.0,0.0,0.0,,0.0,0.0,0.0,,0.0,0.0,0.0,,1.0,1.0,0.0,1.0,0.0,0.0,0.0,,1.0,1.0,0.0,1.0
2023,En agglomération,31_40,5,1,1,0,0,0,0,0,0,0,1,1,0,0,0,0,0,0,0,1,0.0,0.0,0.0,,0.0,0.0,0.0,,0.0,0.0,0.0,,0.0,0.0,0.0,,0.0,0.0,0.0,,0.0,0.0,0.0,,0.0,0.0,0.0,,1.0,1.0,0.0,1.0
2023,En agglomération,41_50,1,1,839,37,70,42,5,2,0,6,672,1638,86,89,113,13,1,0,16,1342,0.04410011918951132,0.052503052503052504,-0.8402933313541181,0.839953432935111,0.08343265792610251,0.054334554334554336,2.9098103591548172,1.5355358840781563,0.050059594755661505,0.06898656898656899,-1.8926974230907487,0.7256426213254296,0.0059594755661501785,0.007936507936507936,-0.19770323703577575,0.7508939213349225,0.0023837902264600714,0.0006105006105006105,0.17732896159594608,3.9046483909415968,0.0,0.0,0.0,,0.007151370679380214,0.009768009768009768,-0.2616639088629554,0.7321215733015495,0.8009535160905841,0.8192918192918193,-1.8338303201235195,0.9776168847663016
2023,En agglomération,41_50,1,2,193,32,15,11,3,0,193,2,161,269,47,22,18,4,2,269,5,222,0.16580310880829016,0.17472118959107807,-0.8918080782787913,0.9489582184985117,0.07772020725388601,0.08178438661710037,-0.40641793632143625,0.9503061705134244,0.05699481865284974,0.06691449814126393,-0.9919679488414191,0.851755900978699,0.015544041450777202,0.01486988847583643,0.06741529749407713,1.0453367875647668,0.0,0.007434944237918215,-0.7434944237918215,0.0,1.0,1.0,0.0,1.0,0.010362694300518135,0.01858736059479554,-0.8224666294277405,0.5575129533678757,0.8341968911917098,0.8252788104089219,0.8918080782787885,1.0108061429304953
2023,En agglomération,41_50,1,3,1,0,0,0,0,0,1,0,1,1,0,0,0,0,0,1,0,1,0.0,0.0,0.0,,0.0,0.0,0.0,,0.0,0.0,0.0,,0.0,0.0,0.0,,0.0,0.0,0.0,,1.0,1.0,0.0,1.0,0.0,0.0,0.0,,1.0,1.0,0.0,1.0
2023,En agglomération,41_50,1,9,2,2,1,1,0,0,2,1,0,5,2,2,0,0,0,5,0,3,1.0,0.4,60.0,2.5,0.5,0.4,9.999999999999998,1.25,0.5,0.0,50.0,,0.0,0.0,0.0,,0.0,0.0,0.0,,1.0,1.0,0.0,1.0,0.5,0.0,50.0,,0.0,0.6,-60.0,0.0
2023,En agglomération,41_50,1,surface_multiple,3,1,0,1,1,0,0,0,2,7,0,0,0,0,0,0,0,7,0.3333333333333333,0.0,33.33333333333333,,0.0,0.0,0.0,,0.3333333333333333,0.0,33.33333333333333,,0.3333333333333333,0.0,33.33333333333333,,0.0,0.0,0.0,,0.0,0.0,0.0,,0.0,0.0,0.0,,0.6666666666666666,1.0,-33.333333333333336,0.6666666666666666
2023,En agglomération,41_50,2,1,1,1,0,1,0,0,0,0,0,1,0,0,0,0,0,0,0,1,1.0,0.0,100.0,,0.0,0.0,0.0,,1.0,0.0,100.0,,0.0,0.0,0.0,,0.0,0.0,0.0,,0.0,0.0,0.0,,0.0,0.0,0.0,,0.0,1.0,-100.0,0.0
2023,En agglomération,41_50,3,1,4,2,0,2,1,0,0,1,1,18,5,6,5,2,0,0,0,6,0.5,0.2777777777777778,22.22222222222222,1.7999999999999998,0.0,0.3333333333333333,-33.33333333333333,0.0,0.5,0.2777777777777778,22.22222222222222,1.7999999999999998,0.25,0.1111111111111111,13.88888888888889,2.25,0.0,0.0,0.0,,0.0,0.0,0.0,,0.25,0.0,25.0,,0.25,0.3333333333333333,-8.333333333333332,0.75
2023,En agglomération,41_50,4,1,49,13,11,14,6,0,0,0,20,61,20,13,21,10,0,0,5,22,0.2653061224489796,0.32786885245901637,-6.256273001003676,0.8091836734693879,0.22448979591836735,0.21311475409836064,1.1375041820006704,1.0533751962323392,0.2857142857142857,0.3442622950819672,-5.854800936768151,0.8299319727891156,0.12244897959183673,0.16393442622950818,-4.1485446637671455,0.7469387755102042,0.0,0.0,0.0,,0.0,0.0,0.0,,0.0,0.08196721311475409,-8.19672131147541,0.0,0.40816326530612246,0.36065573770491804,4.750752760120442,1.1317254174397031
2023,En agglomération,41_50,4,2,5,2,0,0,0,0,5,0,3,5,2,0,1,0,0,5,0,3,0.4,0.4,0.0,1.0,0.0,0.0,0.0,,0.0,0.2,-20.0,0.0,0.0,0.0,0.0,,0.0,0.0,0.0,,1.0,1.0,0.0,1.0,0.0,0.0,0.0,,0.6,0.6,0.0,1.0
2023,En agglomération,41_50,4,9,1,1,0,1,0,0,1,1,0,1,1,0,1,0,0,1,0,0,1.0,1.0,0.0,1.0,0.0,0.0,0.0,,1.0,1.0,0.0,1.0,0.0,0.0,0.0,,0.0,0.0,0.0,,1.0,1.0,0.0,1.0,1.0,0.0,100.0,,0.0,0.0,0.0,
2023,En agglomération,41_50,5,1,95,10,9,14,1,0,0,2,65,221,26,13,28,2,2,0,4,158,0.10526315789473684,0.11764705882352941,-1.2383900928792575,0.8947368421052632,0.09473684210526316,0.058823529411764705,3.591331269349846,1.6105263157894738,0.14736842105263157,0.12669683257918551,2.067158847344605,1.163157894736842,0.010526315789473684,0.00904977375565611,0.14765420338175744,1.163157894736842,0.0,0.00904977375565611,-0.904977375565611,0.0,0.0,0.0,0.0,,0.021052631578947368,0.01809954751131222,0.2953084067635149,1.163157894736842,0.6842105263157895,0.7149321266968326,-3.07216003810431,0.9570286475682878
2023,En agglomération,41_50,5,2,16,2,0,1,0,0,16,0,14,54,15,3,4,0,0,54,0,39,0.125,0.2777777777777778,-15.277777777777779,0.44999999999999996,0.0,0.05555555555555555,-5.555555555555555,0.0,0.0625,0.07407407407407407,-1.157407407407407,0.84375,0.0,0.0,0.0,,0.0,0.0,0.0,,1.0,1.0,0.0,1.0,0.0,0.0,0.0,,0.875,0.7222222222222222,15.277777777777779,1.2115384615384615
2023,En agglomération,41_50,6,1,20,1,3,0,0,0,0,1,7,19,2,0,2,0,0,0,0,12,0.05,0.10526315789473684,-5.526315789473683,0.47500000000000003,0.15,0.0,15.0,,0.0,0.10526315789473684,-10.526315789473683,0.0,0.0,0.0,0.0,,0.0,0.0,0.0,,0.0,0.0,0.0,,0.05,0.0,5.0,,0.35,0.631578947368421,-28.157894736842103,0.5541666666666667
2023,En agglomération,41_50,6,2,4,2,0,0,0,0,4,0,2,6,1,0,0,0,0,6,1,5,0.5,0.16666666666666666,33.333333333333336,3.0,0.0,0.0,0.0,,0.0,0.0,0.0,,0.0,0.0,0.0,,0.0,0.0,0.0,,1.0,1.0,0.0,1.0,0.0,0.16666666666666666,-16.666666666666664,0.0,0.5,0.8333333333333334,-33.333333333333336,0.6
2023,En agglomération,41_50,6,9,1,0,0,1,0,0,1,0,1,1,1,1,0,0,0,1,0,0,0.0,1.0,-100.0,0.0,0.0,1.0,-100.0,0.0,1.0,0.0,100.0,,0.0,0.0,0.0,,0.0,0.0,0.0,,1.0,1.0,0.0,1.0,0.0,0.0,0.0,,1.0,0.0,100.0,
2023,En agglomération,41_50,8,1,13,1,0,1,0,0,0,0,10,24,5,4,5,0,1,0,1,12,0.07692307692307693,0.20833333333333334,-13.141025641025642,0.36923076923076925,0.0,0.16666666666666666,-16.666666666666664,0.0,0.07692307692307693,0.20833333333333334,-13.141025641025642,0.36923076923076925,0.0,0.0,0.0,,0.0,0.041666666666666664,-4.166666666666666,0.0,0.0,0.0,0.0,,0.0,0.041666666666666664,-4.166666666666666,0.0,0.7692307692307693,0.5,26.923076923076927,1.5384615384615385
2023,En agglomération,41_50,8,2,1,1,1,0,0,0,1,0,0,3,2,0,2,0,0,3,0,1,1.0,0.6666666666666666,33.333333333333336,1.5,1.0,0.0,100.0,,0.0,0.6666666666666666,-66.66666666666666,0.0,0.0,0.0,0.0,,0.0,0.0,0.0,,1.0,1.0,0.0,1.0,0.0,0.0,0.0,,0.0,0.3333333333333333,-33.33333333333333,0.0
2023,En agglomération,41_50,situation_multiple,1,38,2,1,2,2,0,0,0,31,75,4,4,5,2,0,0,2,62,0.05263157894736842,0.05333333333333334,-0.07017543859649186,0.9868421052631577,0.02631578947368421,0.05333333333333334,-2.7017543859649127,0.49342105263157887,0.05263157894736842,0.06666666666666667,-1.4035087719298247,0.7894736842105263,0.05263157894736842,0.02666666666666667,2.596491228070175,1.9736842105263155,0.0,0.0,0.0,,0.0,0.0,0.0,,0.0,0.02666666666666667,-2.666666666666667,0.0,0.8157894736842105,0.8266666666666667,-1.0877192982456152,0.9868421052631579
2023,En agglomération,41_50,situation_multiple,2,7,0,0,0,0,0,7,0,7,14,2,1,2,1,0,14,0,12,0.0,0.14285714285714285,-14.285714285714285,0.0,0.0,0.07142857142857142,-7.142857142857142,0.0,0.0,0.14285714285714285,-14.285714285714285,0.0,0.0,0.07142857142857142,-7.142857142857142,0.0,0.0,0.0,0.0,,1.0,1.0,0.0,1.0,0.0,0.0,0.0,,1.0,0.8571428571428571,14.28571428571429,1.1666666666666667
2023,En agglomération,51_70,1,1,4,0,1,0,0,0,0,0,3,8,0,0,0,0,0,0,0,5,0.0,0.0,0.0,,0.25,0.0,25.0,,0.0,0.0,0.0,,0.0,0.0,0.0,,0.0,0.0,0.0,,0.0,0.0,0.0,,0.0,0.0,0.0,,0.75,0.625,12.5,1.2
2023,En agglomération,51_70,1,2,3,0,0,0,0,0,3,0,3,3,0,0,0,0,0,3,0,3,0.0,0.0,0.0,,0.0,0.0,0.0,,0.0,0.0,0.0,,0.0,0.0,0.0,,0.0,0.0,0.0,,1.0,1.0,0.0,1.0,0.0,0.0,0.0,,1.0,1.0,0.0,1.0
2023,En agglomération,51_70,5,1,2,1,1,1,0,0,0,0,0,5,2,1,2,0,0,0,0,3,0.5,0.4,9.999999999999998,1.25,0.5,0.2,30.0,2.5,0.5,0.4,9.999999999999998,1.25,0.0,0.0,0.0,,0.0,0.0,0.0,,0.0,0.0,0.0,,0.0,0.0,0.0,,0.0,0.6,-60.0,0.0
2023,En agglomération,71_80,1,1,1,0,1,0,0,0,0,0,0,6,0,0,0,0,0,0,0,4,0.0,0.0,0.0,,1.0,0.0,100.0,,0.0,0.0,0.0,,0.0,0.0,0.0,,0.0,0.0,0.0,,0.0,0.0,0.0,,0.0,0.0,0.0,,0.0,0.6666666666666666,-66.66666666666666,0.0
2023,En agglomération,<=20,1,1,7,1,1,1,0,0,0,0,4,15,3,0,3,0,0,0,0,10,0.14285714285714285,0.2,-5.714285714285716,0.7142857142857142,0.14285714285714285,0.0,14.285714285714285,,0.14285714285714285,0.2,-5.714285714285716,0.7142857142857142,0.0,0.0,0.0,,0.0,0.0,0.0,,0.0,0.0,0.0,,0.0,0.0,0.0,,0.5714285714285714,0.6666666666666666,-9.523809523809524,0.8571428571428571
2023,En agglomération,<=20,1,2,1,0,0,0,0,0,1,0,1,3,1,0,1,0,0,3,0,2,0.0,0.3333333333333333,-33.33333333333333,0.0,0.0,0.0,0.0,,0.0,0.3333333333333333,-33.33333333333333,0.0,0.0,0.0,0.0,,0.0,0.0,0.0,,1.0,1.0,0.0,1.0,0.0,0.0,0.0,,1.0,0.6666666666666666,33.333333333333336,1.5
2023,En agglomération,<=20,4,1,1,0,0,0,0,0,0,0,0,1,1,1,1,1,0,0,0,0,0.0,1.0,-100.0,0.0,0.0,1.0,-100.0,0.0,0.0,1.0,-100.0,0.0,0.0,1.0,-100.0,0.0,0.0,0.0,0.0,,0.0,0.0,0.0,,0.0,0.0,0.0,,0.0,0.0,0.0,
2023,En agglomération,<=20,5,1,4,1,0,1,1,0,0,0,0,7,2,0,3,0,0,0,0,4,0.25,0.2857142857142857,-3.57142857142857,0.875,0.0,0.0,0.0,,0.25,0.42857142857142855,-17.857142857142854,0.5833333333333334,0.25,0.0,25.0,,0.0,0.0,0.0,,0.0,0.0,0.0,,0.0,0.0,0.0,,0.0,0.5714285714285714,-57.14285714285714,0.0
2023,En agglomération,<=20,6,1,1,0,1,0,0,0,0,0,0,1,1,0,1,1,0,0,0,0,0.0,1.0,-100.0,0.0,1.0,0.0,100.0,,0.0,1.0,-100.0,0.0,0.0,1.0,-100.0,0.0,0.0,0.0,0.0,,0.0,0.0,0.0,,0.0,0.0,0.0,,0.0,0.0,0.0,
2023,En agglomération,<=20,situation_multiple,1,1,0,0,0,0,0,0,0,1,4,0,0,0,0,0,0,0,3,0.0,0.0,0.0,,0.0,0.0,0.0,,0.0,0.0,0.0,,0.0,0.0,0.0,,0.0,0.0,0.0,,0.0,0.0,0.0,,0.0,0.0,0.0,,1.0,0.75,25.0,1.3333333333333333
2023,En agglomération,vma_multiple,1,1,60,0,1,0,0,0,0,0,53,101,0,2,2,1,0,0,1,96,0.0,0.0,0.0,,0.016666666666666666,0.019801980198019802,-0.31353135313531355,0.8416666666666667,0.0,0.019801980198019802,-1.9801980198019802,0.0,0.0,0.009900990099009901,-0.9900990099009901,0.0,0.0,0.0,0.0,,0.0,0.0,0.0,,0.0,0.009900990099009901,-0.9900990099009901,0.0,0.8833333333333333,0.9504950495049505,-6.716171617161715,0.9293402777777778
2023,En agglomération,vma_multiple,1,2,17,0,1,0,0,0,17,1,17,19,4,2,0,0,0,19,0,15,0.0,0.21052631578947367,-21.052631578947366,0.0,0.058823529411764705,0.10526315789473684,-4.643962848297213,0.5588235294117647,0.0,0.0,0.0,,0.0,0.0,0.0,,0.0,0.0,0.0,,1.0,1.0,0.0,1.0,0.058823529411764705,0.0,5.88235294117647,,1.0,0.7894736842105263,21.052631578947366,1.2666666666666666
2023,En agglomération,vma_multiple,1,surface_multiple,1,0,0,0,0,0,0,0,1,2,0,0,0,0,0,0,0,2,0.0,0.0,0.0,,0.0,0.0,0.0,,0.0,0.0,0.0,,0.0,0.0,0.0,,0.0,0.0,0.0,,0.0,0.0,0.0,,0.0,0.0,0.0,,1.0,1.0,0.0,1.0
2023,En agglomération,vma_multiple,4,1,1,0,0,1,0,0,0,0,1,2,0,0,0,0,0,0,0,2,0.0,0.0,0.0,,0.0,0.0,0.0,,1.0,0.0,100.0,,0.0,0.0,0.0,,0.0,0.0,0.0,,0.0,0.0,0.0,,0.0,0.0,0.0,,1.0,1.0,0.0,1.0
2023,En agglomération,vma_multiple,5,1,12,0,0,0,0,0,0,0,11,19,3,4,2,1,0,0,2,15,0.0,0.15789473684210525,-15.789473684210526,0.0,0.0,0.21052631578947367,-21.052631578947366,0.0,0.0,0.10526315789473684,-10.526315789473683,0.0,0.0,0.05263157894736842,-5.263157894736842,0.0,0.0,0.0,0.0,,0.0,0.0,0.0,,0.0,0.10526315789473684,-10.526315789473683,0.0,0.9166666666666666,0.7894736842105263,12.71929824561403,1.161111111111111
2023,En agglomération,vma_multiple,6,1,1,0,0,0,0,0,0,0,0,1,0,0,0,0,0,0,0,0,0.0,0.0,0.0,,0.0,0.0,0.0,,0.0,0.0,0.0,,0.0,0.0,0.0,,0.0,0.0,0.0,,0.0,0.0,0.0,,0.0,0.0,0.0,,0.0,0.0,0.0,
2023,En agglomération,vma_multiple,situation_multiple,1,12,0,0,0,0,0,0,0,11,24,1,2,4,1,0,0,1,18,0.0,0.041666666666666664,-4.166666666666666,0.0,0.0,0.08333333333333333,-8.333333333333332,0.0,0.0,0.16666666666666666,-16.666666666666664,0.0,0.0,0.041666666666666664,-4.166666666666666,0.0,0.0,0.0,0.0,,0.0,0.0,0.0,,0.0,0.041666666666666664,-4.166666666666666,0.0,0.9166666666666666,0.75,16.666666666666664,1.222222222222222
2023,En agglomération,vma_multiple,situation_multiple,2,4,0,0,0,0,0,4,0,4,4,0,1,0,0,0,4,0,4,0.0,0.0,0.0,,0.0,0.25,-25.0,0.0,0.0,0.0,0.0,,0.0,0.0,0.0,,0.0,0.0,0.0,,1.0,1.0,0.0,1.0,0.0,0.0,0.0,,1.0,1.0,0.0,1.0
2023,En agglomération,vma_non_renseignee_ou_invalide,1,1,10,1,1,0,0,0,0,1,6,33,2,3,1,0,0,0,1,23,0.1,0.06060606060606061,3.93939393939394,1.6500000000000001,0.1,0.09090909090909091,0.9090909090909094,1.1,0.0,0.030303030303030304,-3.0303030303030303,0.0,0.0,0.0,0.0,,0.0,0.0,0.0,,0.0,0.0,0.0,,0.1,0.030303030303030304,6.969696969696971,3.3000000000000003,0.6,0.696969696969697,-9.696969696969704,0.8608695652173912
2023,En agglomération,vma_non_renseignee_ou_invalide,1,2,2,0,0,0,0,0,2,0,2,5,2,2,0,0,0,5,0,3,0.0,0.4,-40.0,0.0,0.0,0.4,-40.0,0.0,0.0,0.0,0.0,,0.0,0.0,0.0,,0.0,0.0,0.0,,1.0,1.0,0.0,1.0,0.0,0.0,0.0,,1.0,0.6,40.0,1.6666666666666667
2023,En agglomération,vma_non_renseignee_ou_invalide,4,1,7,2,1,2,0,0,0,0,3,5,0,0,0,0,0,0,0,4,0.2857142857142857,0.0,28.57142857142857,,0.14285714285714285,0.0,14.285714285714285,,0.2857142857142857,0.0,28.57142857142857,,0.0,0.0,0.0,,0.0,0.0,0.0,,0.0,0.0,0.0,,0.0,0.0,0.0,,0.42857142857142855,0.8,-37.14285714285715,0.5357142857142857
2023,En agglomération,vma_non_renseignee_ou_invalide,5,1,7,0,1,0,0,0,0,0,2,16,2,2,1,0,0,0,1,8,0.0,0.125,-12.5,0.0,0.14285714285714285,0.125,1.785714285714285,1.1428571428571428,0.0,0.0625,-6.25,0.0,0.0,0.0,0.0,,0.0,0.0,0.0,,0.0,0.0,0.0,,0.0,0.0625,-6.25,0.0,0.2857142857142857,0.5,-21.42857142857143,0.5714285714285714
2023,En agglomération,vma_non_renseignee_ou_invalide,6,1,2,0,0,0,0,0,0,0,0,5,0,0,0,0,0,0,0,1,0.0,0.0,0.0,,0.0,0.0,0.0,,0.0,0.0,0.0,,0.0,0.0,0.0,,0.0,0.0,0.0,,0.0,0.0,0.0,,0.0,0.0,0.0,,0.0,0.2,-20.0,0.0
2023,En agglomération,vma_non_renseignee_ou_invalide,6,2,1,1,0,0,0,0,1,0,0,1,1,0,0,0,0,1,0,0,1.0,1.0,0.0,1.0,0.0,0.0,0.0,,0.0,0.0,0.0,,0.0,0.0,0.0,,0.0,0.0,0.0,,1.0,1.0,0.0,1.0,0.0,0.0,0.0,,0.0,0.0,0.0,
2023,En agglomération,vma_non_renseignee_ou_invalide,8,1,1,0,0,0,0,0,0,0,0,3,0,0,0,0,0,0,0,1,0.0,0.0,0.0,,0.0,0.0,0.0,,0.0,0.0,0.0,,0.0,0.0,0.0,,0.0,0.0,0.0,,0.0,0.0,0.0,,0.0,0.0,0.0,,0.0,0.3333333333333333,-33.33333333333333,0.0
2023,Hors agglomération,21_30,1,1,3,0,0,0,0,0,0,0,3,19,0,2,0,0,0,0,0,15,0.0,0.0,0.0,,0.0,0.10526315789473684,-10.526315789473683,0.0,0.0,0.0,0.0,,0.0,0.0,0.0,,0.0,0.0,0.0,,0.0,0.0,0.0,,0.0,0.0,0.0,,1.0,0.7894736842105263,21.052631578947366,1.2666666666666666
2023,Hors agglomération,41_50,1,1,19,0,1,0,0,0,0,0,16,93,5,11,5,0,0,0,1,72,0.0,0.053763440860215055,-5.376344086021505,0.0,0.05263157894736842,0.11827956989247312,-6.56479909451047,0.44497607655502386,0.0,0.053763440860215055,-5.376344086021505,0.0,0.0,0.0,0.0,,0.0,0.0,0.0,,0.0,0.0,0.0,,0.0,0.010752688172043012,-1.0752688172043012,0.0,0.8421052631578947,0.7741935483870968,6.791171477079794,1.087719298245614
2023,Hors agglomération,41_50,1,2,4,0,0,0,0,0,4,0,4,13,2,1,1,0,0,13,0,11,0.0,0.15384615384615385,-15.384615384615385,0.0,0.0,0.07692307692307693,-7.6923076923076925,0.0,0.0,0.07692307692307693,-7.6923076923076925,0.0,0.0,0.0,0.0,,0.0,0.0,0.0,,1.0,1.0,0.0,1.0,0.0,0.0,0.0,,1.0,0.8461538461538461,15.384615384615385,1.1818181818181819
2023,Hors agglomération,41_50,4,1,1,0,1,0,0,0,0,0,0,4,1,1,1,0,0,0,0,2,0.0,0.25,-25.0,0.0,1.0,0.25,75.0,4.0,0.0,0.25,-25.0,0.0,0.0,0.0,0.0,,0.0,0.0,0.0,,0.0,0.0,0.0,,0.0,0.0,0.0,,0.0,0.5,-50.0,0.0
2023,Hors agglomération,41_50,5,1,3,1,0,1,1,0,0,0,2,5,0,2,0,0,0,0,0,3,0.3333333333333333,0.0,33.33333333333333,,0.0,0.4,-40.0,0.0,0.3333333333333333,0.0,33.33333333333333,,0.3333333333333333,0.0,33.33333333333333,,0.0,0.0,0.0,,0.0,0.0,0.0,,0.0,0.0,0.0,,0.6666666666666666,0.6,6.666666666666665,1.1111111111111112
2023,Hors agglomération,51_70,1,1,5,0,1,0,0,0,0,0,3,81,5,6,7,0,0,0,1,59,0.0,0.06172839506172839,-6.172839506172839,0.0,0.2,0.07407407407407407,12.592592592592593,2.7,0.0,0.08641975308641975,-8.641975308641975,0.0,0.0,0.0,0.0,,0.0,0.0,0.0,,0.0,0.0,0.0,,0.0,0.012345679012345678,-1.2345679012345678,0.0,0.6,0.7283950617283951,-12.83950617283951,0.823728813559322
2023,Hors agglomération,51_70,1,2,2,0,0,0,0,0,2,0,2,10,2,1,1,0,0,10,0,8,0.0,0.2,-20.0,0.0,0.0,0.1,-10.0,0.0,0.0,0.1,-10.0,0.0,0.0,0.0,0.0,,0.0,0.0,0.0,,1.0,1.0,0.0,1.0,0.0,0.0,0.0,,1.0,0.8,19.999999999999996,1.25
2023,Hors agglomération,51_70,5,1,1,0,0,0,0,0,0,0,1,6,2,1,2,0,0,0,0,3,0.0,0.3333333333333333,-33.33333333333333,0.0,0.0,0.16666666666666666,-16.666666666666664,0.0,0.0,0.3333333333333333,-33.33333333333333,0.0,0.0,0.0,0.0,,0.0,0.0,0.0,,0.0,0.0,0.0,,0.0,0.0,0.0,,1.0,0.5,50.0,2.0
2023,Hors agglomération,71_80,1,1,13,0,1,0,0,0,0,0,11,370,12,49,14,2,1,0,4,241,0.0,0.032432432432432434,-3.2432432432432434,0.0,0.07692307692307693,0.13243243243243244,-5.550935550935551,0.5808477237048666,0.0,0.03783783783783784,-3.783783783783784,0.0,0.0,0.005405405405405406,-0.5405405405405406,0.0,0.0,0.002702702702702703,-0.2702702702702703,0.0,0.0,0.0,0.0,,0.0,0.010810810810810811,-1.0810810810810811,0.0,0.8461538461538461,0.6513513513513514,19.48024948024948,1.2990743696137887
2023,Hors agglomération,71_80,1,2,2,1,0,0,0,0,2,0,1,38,9,2,5,0,0,38,0,29,0.5,0.23684210526315788,26.315789473684216,2.111111111111111,0.0,0.05263157894736842,-5.263157894736842,0.0,0.0,0.13157894736842105,-13.157894736842104,0.0,0.0,0.0,0.0,,0.0,0.0,0.0,,1.0,1.0,0.0,1.0,0.0,0.0,0.0,,0.5,0.7631578947368421,-26.315789473684216,0.6551724137931034
2023,Hors agglomération,71_80,1,3,1,0,0,0,0,0,1,0,1,1,0,0,0,0,0,1,0,1,0.0,0.0,0.0,,0.0,0.0,0.0,,0.0,0.0,0.0,,0.0,0.0,0.0,,0.0,0.0,0.0,,1.0,1.0,0.0,1.0,0.0,0.0,0.0,,1.0,1.0,0.0,1.0
2023,Hors agglomération,71_80,3,1,4,1,3,1,0,0,0,0,0,21,11,9,13,0,1,0,0,3,0.25,0.5238095238095238,-27.380952380952383,0.47727272727272724,0.75,0.42857142857142855,32.142857142857146,1.75,0.25,0.6190476190476191,-36.904761904761905,0.40384615384615385,0.0,0.0,0.0,,0.0,0.047619047619047616,-4.761904761904762,0.0,0.0,0.0,0.0,,0.0,0.0,0.0,,0.0,0.14285714285714285,-14.285714285714285,0.0
2023,Hors agglomération,71_80,3,2,2,1,0,1,0,0,2,0,1,6,5,5,1,0,0,6,0,1,0.5,0.8333333333333334,-33.333333333333336,0.6,0.0,0.8333333333333334,-83.33333333333334,0.0,0.5,0.16666666666666666,33.333333333333336,3.0,0.0,0.0,0.0,,0.0,0.0,0.0,,1.0,1.0,0.0,1.0,0.0,0.0,0.0,,0.5,0.16666666666666666,33.333333333333336,3.0
2023,Hors agglomération,71_80,3,9,1,1,0,1,0,0,1,0,0,1,1,0,1,0,0,1,0,0,1.0,1.0,0.0,1.0,0.0,0.0,0.0,,1.0,1.0,0.0,1.0,0.0,0.0,0.0,,0.0,0.0,0.0,,1.0,1.0,0.0,1.0,0.0,0.0,0.0,,0.0,0.0,0.0,
2023,Hors agglomération,71_80,situation_multiple,1,1,0,0,0,0,0,0,0,1,9,1,1,1,0,0,0,1,7,0.0,0.1111111111111111,-11.11111111111111,0.0,0.0,0.1111111111111111,-11.11111111111111,0.0,0.0,0.1111111111111111,-11.11111111111111,0.0,0.0,0.0,0.0,,0.0,0.0,0.0,,0.0,0.0,0.0,,0.0,0.1111111111111111,-11.11111111111111,0.0,1.0,0.7777777777777778,22.22222222222222,1.2857142857142856
2023,Hors agglomération,81_90,1,1,4,0,1,0,0,0,0,0,3,64,1,7,1,0,0,0,0,45,0.0,0.015625,-1.5625,0.0,0.25,0.109375,14.0625,2.2857142857142856,0.0,0.015625,-1.5625,0.0,0.0,0.0,0.0,,0.0,0.0,0.0,,0.0,0.0,0.0,,0.0,0.0,0.0,,0.75,0.703125,4.6875,1.0666666666666667
2023,Hors agglomération,91_110,1,1,2,0,0,0,0,0,0,0,1,2,0,0,0,0,0,0,0,2,0.0,0.0,0.0,,0.0,0.0,0.0,,0.0,0.0,0.0,,0.0,0.0,0.0,,0.0,0.0,0.0,,0.0,0.0,0.0,,0.0,0.0,0.0,,0.5,1.0,-50.0,0.5
2023,Hors agglomération,vma_multiple,1,1,5,0,0,0,0,0,0,0,5,36,2,2,2,0,0,0,1,30,0.0,0.05555555555555555,-5.555555555555555,0.0,0.0,0.05555555555555555,-5.555555555555555,0.0,0.0,0.05555555555555555,-5.555555555555555,0.0,0.0,0.0,0.0,,0.0,0.0,0.0,,0.0,0.0,0.0,,0.0,0.027777777777777776,-2.7777777777777777,0.0,1.0,0.8333333333333334,16.666666666666664,1.2
2023,Hors agglomération,vma_multiple,1,2,1,0,0,0,0,0,1,0,1,3,0,0,0,0,0,3,0,3,0.0,0.0,0.0,,0.0,0.0,0.0,,0.0,0.0,0.0,,0.0,0.0,0.0,,0.0,0.0,0.0,,1.0,1.0,0.0,1.0,0.0,0.0,0.0,,1.0,1.0,0.0,1.0
2023,Hors agglomération,vma_non_renseignee_ou_invalide,1,1,2,0,1,0,0,0,0,0,1,33,3,13,4,0,0,0,1,12,0.0,0.09090909090909091,-9.090909090909092,0.0,0.5,0.3939393939393939,10.606060606060607,1.2692307692307694,0.0,0.12121212121212122,-12.121212121212121,0.0,0.0,0.0,0.0,,0.0,0.0,0.0,,0.0,0.0,0.0,,0.0,0.030303030303030304,-3.0303030303030303,0.0,0.5,0.36363636363636365,13.636363636363635,1.375
2023,Hors agglomération,vma_non_renseignee_ou_invalide,1,2,1,0,0,0,0,0,1,0,1,1,0,0,0,0,0,1,0,1,0.0,0.0,0.0,,0.0,0.0,0.0,,0.0,0.0,0.0,,0.0,0.0,0.0,,0.0,0.0,0.0,,1.0,1.0,0.0,1.0,0.0,0.0,0.0,,1.0,1.0,0.0,1.0
2023,Hors agglomération,vma_non_renseignee_ou_invalide,5,1,1,0,0,0,0,0,0,0,0,3,0,1,1,0,0,0,0,2,0.0,0.0,0.0,,0.0,0.3333333333333333,-33.33333333333333,0.0,0.0,0.3333333333333333,-33.33333333333333,0.0,0.0,0.0,0.0,,0.0,0.0,0.0,,0.0,0.0,0.0,,0.0,0.0,0.0,,0.0,0.6666666666666666,-66.66666666666666,0.0
2023,Hors agglomération,vma_non_renseignee_ou_invalide,8,1,1,0,0,0,0,0,0,0,1,1,0,0,0,0,0,0,0,1,0.0,0.0,0.0,,0.0,0.0,0.0,,0.0,0.0,0.0,,0.0,0.0,0.0,,0.0,0.0,0.0,,0.0,0.0,0.0,,0.0,0.0,0.0,,1.0,1.0,0.0,1.0
2024,En agglomération,21_30,1,1,478,46,43,56,11,3,0,10,345,1028,101,73,126,13,5,0,28,750,0.09623430962343096,0.09824902723735408,-0.201471761392312,0.9794937652761092,0.0899581589958159,0.07101167315175097,1.8946485844064929,1.26680804722875,0.11715481171548117,0.122568093385214,-0.541328166973283,0.9558344955834496,0.02301255230125523,0.01264591439688716,1.0366637904368072,1.819761828130029,0.006276150627615063,0.0048638132295719845,0.1412337398043078,1.290376569037657,0.0,0.0,0.0,,0.02092050209205021,0.027237354085603113,-0.6316851993552905,0.7680812910938434,0.7217573221757322,0.7295719844357976,-0.7814662260065441,0.9892887029288703
2024,En agglomération,21_30,1,2,116,31,11,14,2,1,116,3,85,250,59,25,15,2,0,250,8,191,0.2672413793103448,0.236,3.1241379310344817,1.1323787258912916,0.09482758620689655,0.1,-0.5172413793103459,0.9482758620689654,0.1206896551724138,0.06,6.06896551724138,2.0114942528735633,0.017241379310344827,0.008,0.9241379310344827,2.155172413793103,0.008620689655172414,0.0,0.8620689655172413,,1.0,1.0,0.0,1.0,0.02586206896551724,0.032,-0.613793103448276,0.8081896551724138,0.7327586206896551,0.764,-3.1241379310344874,0.9591081422639465
2024,En agglomération,21_30,1,5,2,1,0,1,0,0,2,0,1,1,1,1,0,0,0,1,0,0,0.5,1.0,-50.0,0.5,0.0,1.0,-100.0,0.0,0.5,0.0,50.0,,0.0,0.0,0.0,,0.0,0.0,0.0,,1.0,1.0,0.0,1.0,0.0,0.0,0.0,,0.5,0.0,50.0,
2024,En agglomération,21_30,1,9,2,2,2,0,0,0,2,0,0,2,1,1,0,0,0,2,0,1,1.0,0.5,50.0,2.0,1.0,0.5,50.0,2.0,0.0,0.0,0.0,,0.0,0.0,0.0,,0.0,0.0,0.0,,1.0,1.0,0.0,1.0,0.0,0.0,0.0,,0.0,0.5,-50.0,0.0
2024,En agglomération,21_30,1,surface_multiple,1,0,0,0,0,0,0,0,1,3,0,0,0,0,0,0,0,3,0.0,0.0,0.0,,0.0,0.0,0.0,,0.0,0.0,0.0,,0.0,0.0,0.0,,0.0,0.0,0.0,,0.0,0.0,0.0,,0.0,0.0,0.0,,1.0,1.0,0.0,1.0
2024,En agglomération,21_30,3,1,2,1,1,1,0,0,0,0,1,5,3,1,3,2,0,0,2,0,0.5,0.6,-9.999999999999998,0.8333333333333334,0.5,0.2,30.0,2.5,0.5,0.6,-9.999999999999998,0.8333333333333334,0.0,0.4,-40.0,0.0,0.0,0.0,0.0,,0.0,0.0,0.0,,0.0,0.4,-40.0,0.0,0.5,0.0,50.0,
2024,En agglomération,21_30,4,1,52,11,7,11,4,0,0,1,15,29,9,4,9,4,0,0,0,12,0.21153846153846154,0.3103448275862069,-9.880636604774537,0.6816239316239316,0.1346153846153846,0.13793103448275862,-0.331564986737401,0.9759615384615384,0.21153846153846154,0.3103448275862069,-9.880636604774537,0.6816239316239316,0.07692307692307693,0.13793103448275862,-6.10079575596817,0.5576923076923077,0.0,0.0,0.0,,0.0,0.0,0.0,,0.019230769230769232,0.0,1.9230769230769231,,0.28846153846153844,0.41379310344827586,-12.533156498673742,0.6971153846153846
2024,En agglomération,21_30,4,2,6,5,1,1,0,0,6,0,1,6,6,1,1,0,0,6,0,0,0.8333333333333334,1.0,-16.666666666666664,0.8333333333333334,0.16666666666666666,0.16666666666666666,0.0,1.0,0.16666666666666666,0.16666666666666666,0.0,1.0,0.0,0.0,0.0,,0.0,0.0,0.0,,1.0,1.0,0.0,1.0,0.0,0.0,0.0,,0.16666666666666666,0.0,16.666666666666664,
2024,En agglomération,21_30,5,1,113,14,13,14,2,0,0,3,63,319,48,34,48,12,0,0,11,191,0.12389380530973451,0.15047021943573669,-2.6576414126002175,0.823377581120944,0.11504424778761062,0.10658307210031348,0.8461175687297138,1.079385736595523,0.12389380530973451,0.15047021943573669,-2.6576414126002175,0.823377581120944,0.017699115044247787,0.03761755485893417,-1.9918439814686384,0.47050147492625366,0.0,0.0,0.0,,0.0,0.0,0.0,,0.02654867256637168,0.034482758620689655,-0.7934086054317974,0.7699115044247787,0.5575221238938053,0.5987460815047022,-4.122395761089692,0.9311495158226382
2024,En agglomération,21_30,5,2,22,8,2,1,0,0,22,0,14,75,39,16,13,3,1,75,3,36,0.36363636363636365,0.52,-15.636363636363637,0.6993006993006993,0.09090909090909091,0.21333333333333335,-12.242424242424244,0.42613636363636365,0.045454545454545456,0.17333333333333334,-12.787878787878787,0.26223776223776224,0.0,0.04,-4.0,0.0,0.0,0.013333333333333334,-1.3333333333333335,0.0,1.0,1.0,0.0,1.0,0.0,0.04,-4.0,0.0,0.6363636363636364,0.48,15.636363636363637,1.3257575757575757
2024,En agglomération,21_30,6,1,16,1,3,1,0,0,0,0,6,41,7,4,7,0,0,0,0,18,0.0625,0.17073170731707318,-10.823170731707318,0.36607142857142855,0.1875,0.0975609756097561,8.99390243902439,1.921875,0.0625,0.17073170731707318,-10.823170731707318,0.36607142857142855,0.0,0.0,0.0,,0.0,0.0,0.0,,0.0,0.0,0.0,,0.0,0.0,0.0,,0.375,0.43902439024390244,-6.402439024390244,0.8541666666666666
2024,En agglomération,21_30,6,2,6,3,1,0,0,0,6,0,3,10,8,3,4,1,0,10,0,2,0.5,0.8,-30.000000000000004,0.625,0.16666666666666666,0.3,-13.333333333333334,0.5555555555555556,0.0,0.4,-40.0,0.0,0.0,0.1,-10.0,0.0,0.0,0.0,0.0,,1.0,1.0,0.0,1.0,0.0,0.0,0.0,,0.5,0.2,30.0,2.5
2024,En agglomération,21_30,8,1,11,1,0,1,0,0,0,0,5,16,4,3,4,0,1,0,0,6,0.09090909090909091,0.25,-15.909090909090908,0.36363636363636365,0.0,0.1875,-18.75,0.0,0.09090909090909091,0.25,-15.909090909090908,0.36363636363636365,0.0,0.0,0.0,,0.0,0.0625,-6.25,0.0,0.0,0.0,0.0,,0.0,0.0,0.0,,0.45454545454545453,0.375,7.954545454545453,1.2121212121212122
2024,En agglomération,21_30,8,2,3,1,1,0,0,0,3,0,2,5,3,1,0,0,0,5,0,2,0.3333333333333333,0.6,-26.666666666666668,0.5555555555555556,0.3333333333333333,0.2,13.33333333333333,1.6666666666666665,0.0,0.0,0.0,,0.0,0.0,0.0,,0.0,0.0,0.0,,1.0,1.0,0.0,1.0,0.0,0.0,0.0,,0.6666666666666666,0.4,26.66666666666666,1.6666666666666665
2024,En agglomération,21_30,situation_multiple,1,34,5,0,6,1,0,0,0,26,83,9,10,11,4,0,0,1,56,0.14705882352941177,0.10843373493975904,3.862508858965273,1.3562091503267975,0.0,0.12048192771084337,-12.048192771084338,0.0,0.17647058823529413,0.13253012048192772,4.394046775336641,1.3315508021390374,0.029411764705882353,0.04819277108433735,-1.8781006378454999,0.6102941176470588,0.0,0.0,0.0,,0.0,0.0,0.0,,0.0,0.012048192771084338,-1.2048192771084338,0.0,0.7647058823529411,0.6746987951807228,9.000708717221828,1.1334033613445378
2024,En agglomération,21_30,situation_multiple,2,3,2,0,0,0,0,3,0,1,33,12,5,4,0,1,33,1,21,0.6666666666666666,0.36363636363636365,30.303030303030297,1.8333333333333333,0.0,0.15151515151515152,-15.151515151515152,0.0,0.0,0.12121212121212122,-12.121212121212121,0.0,0.0,0.0,0.0,,0.0,0.030303030303030304,-3.0303030303030303,0.0,1.0,1.0,0.0,1.0,0.0,0.030303030303030304,-3.0303030303030303,0.0,0.3333333333333333,0.6363636363636364,-30.303030303030305,0.5238095238095238
2024,En agglomération,21_30,situation_multiple,surface_multiple,1,0,1,0,0,0,0,0,0,2,0,1,0,0,0,0,0,1,0.0,0.0,0.0,,1.0,0.5,50.0,2.0,0.0,0.0,0.0,,0.0,0.0,0.0,,0.0,0.0,0.0,,0.0,0.0,0.0,,0.0,0.0,0.0,,0.0,0.5,-50.0,0.0
2024,En agglomération,31_40,1,1,1,0,0,0,0,0,0,0,1,8,0,2,0,0,0,0,0,5,0.0,0.0,0.0,,0.0,0.25,-25.0,0.0,0.0,0.0,0.0,,0.0,0.0,0.0,,0.0,0.0,0.0,,0.0,0.0,0.0,,0.0,0.0,0.0,,1.0,0.625,37.5,1.6
2024,En agglomération,31_40,8,1,1,0,0,0,0,0,0,0,1,1,0,0,0,0,0,0,0,0,0.0,0.0,0.0,,0.0,0.0,0.0,,0.0,0.0,0.0,,0.0,0.0,0.0,,0.0,0.0,0.0,,0.0,0.0,0.0,,0.0,0.0,0.0,,1.0,0.0,100.0,
2024,En agglomération,41_50,1,1,1018,60,89,69,22,1,0,11,809,1578,92,106,113,27,2,0,16,1248,0.05893909626719057,0.058301647655259824,0.06374486119307479,1.0109336294524645,0.08742632612966601,0.06717363751584284,2.025268861382318,1.3014975720057829,0.06777996070726916,0.07160963244613434,-0.3829671738865184,0.9465201592572632,0.021611001964636542,0.017110266159695818,0.4500735804940724,1.26304300371098,0.0009823182711198428,0.0012674271229404308,-0.02851088518205881,0.775049115913556,0.0,0.0,0.0,,0.010805500982318271,0.010139416983523447,0.06660839987948242,1.0656925343811396,0.7946954813359528,0.7908745247148289,0.38209566211239165,1.0048313057276712
2024,En agglomération,41_50,1,2,224,49,25,11,3,0,224,0,175,277,56,18,21,5,0,277,1,221,0.21875,0.20216606498194944,1.6583935018050555,1.08203125,0.11160714285714286,0.06498194945848375,4.662519339865911,1.717509920634921,0.049107142857142856,0.07581227436823104,-2.6705131511088185,0.6477465986394558,0.013392857142857142,0.018050541516245487,-0.4657684373388345,0.7419642857142856,0.0,0.0,0.0,,1.0,1.0,0.0,1.0,0.0,0.0036101083032490976,-0.36101083032490977,0.0,0.78125,0.7978339350180506,-1.6583935018050555,0.9792138009049773
2024,En agglomération,41_50,1,3,2,1,1,0,0,0,2,0,1,2,0,0,0,0,0,2,0,2,0.5,0.0,50.0,,0.5,0.0,50.0,,0.0,0.0,0.0,,0.0,0.0,0.0,,0.0,0.0,0.0,,1.0,1.0,0.0,1.0,0.0,0.0,0.0,,0.5,1.0,-50.0,0.5
2024,En agglomération,41_50,1,4,1,1,1,0,0,0,1,0,0,1,1,1,0,0,0,1,0,0,1.0,1.0,0.0,1.0,1.0,1.0,0.0,1.0,0.0,0.0,0.0,,0.0,0.0,0.0,,0.0,0.0,0.0,,1.0,1.0,0.0,1.0,0.0,0.0,0.0,,0.0,0.0,0.0,
2024,En agglomération,41_50,1,5,1,1,0,0,0,0,1,0,0,1,0,0,0,0,0,1,0,1,1.0,0.0,100.0,,0.0,0.0,0.0,,0.0,0.0,0.0,,0.0,0.0,0.0,,0.0,0.0,0.0,,1.0,1.0,0.0,1.0,0.0,0.0,0.0,,0.0,1.0,-100.0,0.0
2024,En agglomération,41_50,1,7,1,1,1,0,0,0,1,0,0,3,2,1,0,0,0,3,0,1,1.0,0.6666666666666666,33.333333333333336,1.5,1.0,0.3333333333333333,66.66666666666667,3.0,0.0,0.0,0.0,,0.0,0.0,0.0,,0.0,0.0,0.0,,1.0,1.0,0.0,1.0,0.0,0.0,0.0,,0.0,0.3333333333333333,-33.33333333333333,0.0
2024,En agglomération,41_50,1,9,2,2,2,0,0,0,2,0,0,4,3,1,2,0,0,4,0,1,1.0,0.75,25.0,1.3333333333333333,1.0,0.25,75.0,4.0,0.0,0.5,-50.0,0.0,0.0,0.0,0.0,,0.0,0.0,0.0,,1.0,1.0,0.0,1.0,0.0,0.0,0.0,,0.0,0.25,-25.0,0.0
2024,En agglomération,41_50,1,surface_multiple,5,0,0,0,0,0,0,0,5,7,0,1,0,0,0,0,0,5,0.0,0.0,0.0,,0.0,0.14285714285714285,-14.285714285714285,0.0,0.0,0.0,0.0,,0.0,0.0,0.0,,0.0,0.0,0.0,,0.0,0.0,0.0,,0.0,0.0,0.0,,1.0,0.7142857142857143,28.57142857142857,1.4
2024,En agglomération,41_50,3,1,5,1,3,1,0,0,0,0,1,20,7,9,6,0,1,0,1,5,0.2,0.35,-14.999999999999996,0.5714285714285715,0.6,0.45,14.999999999999996,1.3333333333333333,0.2,0.3,-9.999999999999998,0.6666666666666667,0.0,0.0,0.0,,0.0,0.05,-5.0,0.0,0.0,0.0,0.0,,0.0,0.05,-5.0,0.0,0.2,0.25,-4.999999999999999,0.8
2024,En agglomération,41_50,4,1,61,16,14,17,9,1,0,0,24,47,15,9,15,4,0,0,0,20,0.26229508196721313,0.3191489361702128,-5.685385420299966,0.8218579234972677,0.22950819672131148,0.19148936170212766,3.801883501918382,1.198542805100182,0.2786885245901639,0.3191489361702128,-4.046041158004887,0.8732240437158468,0.14754098360655737,0.0851063829787234,6.243460062783397,1.7336065573770492,0.01639344262295082,0.0,1.639344262295082,,0.0,0.0,0.0,,0.0,0.0,0.0,,0.39344262295081966,0.425531914893617,-3.2089291942797358,0.9245901639344262
2024,En agglomération,41_50,4,2,14,5,2,2,0,0,14,0,9,6,1,0,0,0,0,6,0,5,0.35714285714285715,0.16666666666666666,19.04761904761905,2.1428571428571432,0.14285714285714285,0.0,14.285714285714285,,0.14285714285714285,0.0,14.285714285714285,,0.0,0.0,0.0,,0.0,0.0,0.0,,1.0,1.0,0.0,1.0,0.0,0.0,0.0,,0.6428571428571429,0.8333333333333334,-19.047619047619047,0.7714285714285715
2024,En agglomération,41_50,5,1,109,11,15,12,5,0,0,0,73,188,21,16,20,4,0,0,5,129,0.10091743119266056,0.11170212765957446,-1.0784696466913908,0.9034512887723898,0.13761467889908258,0.0851063829787234,5.250829592035918,1.6169724770642202,0.11009174311926606,0.10638297872340426,0.3708764395861805,1.034862385321101,0.045871559633027525,0.02127659574468085,2.4594963888346677,2.1559633027522938,0.0,0.0,0.0,,0.0,0.0,0.0,,0.0,0.026595744680851064,-2.6595744680851063,0.0,0.6697247706422018,0.6861702127659575,-1.644544212375565,0.9760329990754569
2024,En agglomération,41_50,5,2,20,6,2,2,1,0,20,0,14,33,13,3,7,3,0,33,2,20,0.3,0.3939393939393939,-9.393939393939393,0.7615384615384615,0.1,0.09090909090909091,0.9090909090909094,1.1,0.1,0.21212121212121213,-11.212121212121213,0.4714285714285714,0.05,0.09090909090909091,-4.090909090909091,0.55,0.0,0.0,0.0,,1.0,1.0,0.0,1.0,0.0,0.06060606060606061,-6.0606060606060606,0.0,0.7,0.6060606060606061,9.393939393939387,1.1549999999999998
2024,En agglomération,41_50,5,surface_multiple,1,0,1,0,0,0,0,0,0,1,0,0,0,0,0,0,0,1,0.0,0.0,0.0,,1.0,0.0,100.0,,0.0,0.0,0.0,,0.0,0.0,0.0,,0.0,0.0,0.0,,0.0,0.0,0.0,,0.0,0.0,0.0,,0.0,1.0,-100.0,0.0
2024,En agglomération,41_50,6,1,25,5,1,6,2,0,0,1,12,20,1,1,3,0,0,0,1,11,0.2,0.05,15.000000000000002,4.0,0.04,0.05,-1.0000000000000002,0.7999999999999999,0.24,0.15,9.0,1.6,0.08,0.0,8.0,,0.0,0.0,0.0,,0.0,0.0,0.0,,0.04,0.05,-1.0000000000000002,0.7999999999999999,0.48,0.55,-7.000000000000006,0.8727272727272726
2024,En agglomération,41_50,6,2,3,1,0,0,0,0,3,0,2,5,2,1,3,0,0,5,0,3,0.3333333333333333,0.4,-6.6666666666666705,0.8333333333333333,0.0,0.2,-20.0,0.0,0.0,0.6,-60.0,0.0,0.0,0.0,0.0,,0.0,0.0,0.0,,1.0,1.0,0.0,1.0,0.0,0.0,0.0,,0.6666666666666666,0.6,6.666666666666665,1.1111111111111112
2024,En agglomération,41_50,8,1,34,2,1,1,0,0,0,1,27,27,2,3,2,0,1,0,0,21,0.058823529411764705,0.07407407407407407,-1.5250544662309364,0.7941176470588236,0.029411764705882353,0.1111111111111111,-8.169934640522875,0.2647058823529412,0.029411764705882353,0.07407407407407407,-4.466230936819172,0.3970588235294118,0.0,0.0,0.0,,0.0,0.037037037037037035,-3.7037037037037033,0.0,0.0,0.0,0.0,,0.029411764705882353,0.0,2.941176470588235,,0.7941176470588235,0.7777777777777778,1.6339869281045694,1.0210084033613445
2024,En agglomération,41_50,8,2,8,1,1,0,0,0,8,0,7,8,5,2,0,0,0,8,0,3,0.125,0.625,-50.0,0.2,0.125,0.25,-12.5,0.5,0.0,0.0,0.0,,0.0,0.0,0.0,,0.0,0.0,0.0,,1.0,1.0,0.0,1.0,0.0,0.0,0.0,,0.875,0.375,50.0,2.3333333333333335
2024,En agglomération,41_50,situation_multiple,1,41,3,2,3,0,0,0,0,35,85,2,4,2,0,0,0,2,78,0.07317073170731707,0.023529411764705882,4.964131994261119,3.1097560975609753,0.04878048780487805,0.047058823529411764,0.17216642754662864,1.0365853658536586,0.07317073170731707,0.023529411764705882,4.964131994261119,3.1097560975609753,0.0,0.0,0.0,,0.0,0.0,0.0,,0.0,0.0,0.0,,0.0,0.023529411764705882,-2.3529411764705883,0.0,0.8536585365853658,0.9176470588235294,-6.398852223816354,0.9302689180737962
2024,En agglomération,41_50,situation_multiple,2,8,0,0,0,0,0,8,0,8,14,4,2,2,0,1,14,0,10,0.0,0.2857142857142857,-28.57142857142857,0.0,0.0,0.14285714285714285,-14.285714285714285,0.0,0.0,0.14285714285714285,-14.285714285714285,0.0,0.0,0.0,0.0,,0.0,0.07142857142857142,-7.142857142857142,0.0,1.0,1.0,0.0,1.0,0.0,0.0,0.0,,1.0,0.7142857142857143,28.57142857142857,1.4
2024,En agglomération,51_70,1,1,12,0,3,0,0,0,0,0,8,21,1,0,1,0,0,0,0,17,0.0,0.047619047619047616,-4.761904761904762,0.0,0.25,0.0,25.0,,0.0,0.047619047619047616,-4.761904761904762,0.0,0.0,0.0,0.0,,0.0,0.0,0.0,,0.0,0.0,0.0,,0.0,0.0,0.0,,0.6666666666666666,0.8095238095238095,-14.28571428571429,0.8235294117647058
2024,En agglomération,51_70,1,2,1,0,0,0,0,0,1,0,1,1,1,0,0,0,0,1,0,0,0.0,1.0,-100.0,0.0,0.0,0.0,0.0,,0.0,0.0,0.0,,0.0,0.0,0.0,,0.0,0.0,0.0,,1.0,1.0,0.0,1.0,0.0,0.0,0.0,,1.0,0.0,100.0,
2024,En agglomération,71_80,1,1,2,0,1,0,0,0,0,0,0,14,1,1,2,1,0,0,0,10,0.0,0.07142857142857142,-7.142857142857142,0.0,0.5,0.07142857142857142,42.85714285714286,7.0,0.0,0.14285714285714285,-14.285714285714285,0.0,0.0,0.07142857142857142,-7.142857142857142,0.0,0.0,0.0,0.0,,0.0,0.0,0.0,,0.0,0.0,0.0,,0.0,0.7142857142857143,-71.42857142857143,0.0
2024,En agglomération,<=20,1,1,19,0,2,1,0,0,0,0,10,14,1,2,0,0,0,0,1,9,0.0,0.07142857142857142,-7.142857142857142,0.0,0.10526315789473684,0.14285714285714285,-3.7593984962406015,0.7368421052631579,0.05263157894736842,0.0,5.263157894736842,,0.0,0.0,0.0,,0.0,0.0,0.0,,0.0,0.0,0.0,,0.0,0.07142857142857142,-7.142857142857142,0.0,0.5263157894736842,0.6428571428571429,-11.654135338345872,0.8187134502923975
2024,En agglomération,<=20,1,2,1,1,0,0,0,0,1,0,0,4,0,0,0,0,0,4,0,4,1.0,0.0,100.0,,0.0,0.0,0.0,,0.0,0.0,0.0,,0.0,0.0,0.0,,0.0,0.0,0.0,,1.0,1.0,0.0,1.0,0.0,0.0,0.0,,0.0,1.0,-100.0,0.0
2024,En agglomération,<=20,4,1,23,6,4,5,2,0,0,1,9,8,0,1,0,0,0,0,0,3,0.2608695652173913,0.0,26.08695652173913,,0.17391304347826086,0.125,4.891304347826086,1.391304347826087,0.21739130434782608,0.0,21.73913043478261,,0.08695652173913043,0.0,8.695652173913043,,0.0,0.0,0.0,,0.0,0.0,0.0,,0.043478260869565216,0.0,4.3478260869565215,,0.391304347826087,0.375,1.6304347826086973,1.0434782608695652
2024,En agglomération,<=20,5,1,10,1,2,1,0,0,0,0,4,13,1,2,1,0,0,0,0,4,0.1,0.07692307692307693,2.307692307692308,1.3,0.2,0.15384615384615385,4.615384615384616,1.3,0.1,0.07692307692307693,2.307692307692308,1.3,0.0,0.0,0.0,,0.0,0.0,0.0,,0.0,0.0,0.0,,0.0,0.0,0.0,,0.4,0.3076923076923077,9.230769230769232,1.3
2024,En agglomération,<=20,5,2,1,0,0,0,0,0,1,0,1,2,1,0,1,1,0,2,0,1,0.0,0.5,-50.0,0.0,0.0,0.0,0.0,,0.0,0.5,-50.0,0.0,0.0,0.5,-50.0,0.0,0.0,0.0,0.0,,1.0,1.0,0.0,1.0,0.0,0.0,0.0,,1.0,0.5,50.0,2.0
2024,En agglomération,<=20,6,1,4,0,0,0,0,0,0,0,0,3,0,3,0,0,0,0,0,0,0.0,0.0,0.0,,0.0,1.0,-100.0,0.0,0.0,0.0,0.0,,0.0,0.0,0.0,,0.0,0.0,0.0,,0.0,0.0,0.0,,0.0,0.0,0.0,,0.0,0.0,0.0,
2024,En agglomération,<=20,8,1,4,2,1,2,0,0,0,0,1,9,0,0,0,0,0,0,0,4,0.5,0.0,50.0,,0.25,0.0,25.0,,0.5,0.0,50.0,,0.0,0.0,0.0,,0.0,0.0,0.0,,0.0,0.0,0.0,,0.0,0.0,0.0,,0.25,0.4444444444444444,-19.444444444444443,0.5625
2024,En agglomération,<=20,situation_multiple,1,1,0,0,0,0,0,0,0,1,2,0,0,0,0,0,0,0,1,0.0,0.0,0.0,,0.0,0.0,0.0,,0.0,0.0,0.0,,0.0,0.0,0.0,,0.0,0.0,0.0,,0.0,0.0,0.0,,0.0,0.0,0.0,,1.0,0.5,50.0,2.0
2024,En agglomération,>130,1,1,3,1,0,1,1,0,0,0,2,1,0,0,0,0,0,0,0,1,0.3333333333333333,0.0,33.33333333333333,,0.0,0.0,0.0,,0.3333333333333333,0.0,33.33333333333333,,0.3333333333333333,0.0,33.33333333333333,,0.0,0.0,0.0,,0.0,0.0,0.0,,0.0,0.0,0.0,,0.6666666666666666,1.0,-33.333333333333336,0.6666666666666666
2024,En agglomération,vma_multiple,1,1,86,0,4,1,0,0,0,0,80,137,1,2,1,0,0,0,2,129,0.0,0.0072992700729927005,-0.7299270072992701,0.0,0.046511627906976744,0.014598540145985401,3.1913087760991345,3.186046511627907,0.011627906976744186,0.0072992700729927005,0.43286369037514855,1.5930232558139534,0.0,0.0,0.0,,0.0,0.0,0.0,,0.0,0.0,0.0,,0.0,0.014598540145985401,-1.4598540145985401,0.0,0.9302325581395349,0.9416058394160584,-1.1373281276523484,0.9879213989543898
2024,En agglomération,vma_multiple,1,2,18,1,1,3,0,0,18,0,17,22,0,0,1,0,0,22,0,22,0.05555555555555555,0.0,5.555555555555555,,0.05555555555555555,0.0,5.555555555555555,,0.16666666666666666,0.045454545454545456,12.12121212121212,3.6666666666666665,0.0,0.0,0.0,,0.0,0.0,0.0,,1.0,1.0,0.0,1.0,0.0,0.0,0.0,,0.9444444444444444,1.0,-5.555555555555558,0.9444444444444444
2024,En agglomération,vma_multiple,4,1,3,1,1,1,1,0,0,1,2,2,0,0,0,0,0,0,0,1,0.3333333333333333,0.0,33.33333333333333,,0.3333333333333333,0.0,33.33333333333333,,0.3333333333333333,0.0,33.33333333333333,,0.3333333333333333,0.0,33.33333333333333,,0.0,0.0,0.0,,0.0,0.0,0.0,,0.3333333333333333,0.0,33.33333333333333,,0.6666666666666666,0.5,16.666666666666664,1.3333333333333333
2024,En agglomération,vma_multiple,5,1,7,1,1,1,0,0,0,0,6,23,2,2,1,0,0,0,1,19,0.14285714285714285,0.08695652173913043,5.590062111801242,1.6428571428571428,0.14285714285714285,0.08695652173913043,5.590062111801242,1.6428571428571428,0.14285714285714285,0.043478260869565216,9.937888198757763,3.2857142857142856,0.0,0.0,0.0,,0.0,0.0,0.0,,0.0,0.0,0.0,,0.0,0.043478260869565216,-4.3478260869565215,0.0,0.8571428571428571,0.8260869565217391,3.105590062111796,1.0375939849624058
2024,En agglomération,vma_multiple,5,2,4,0,0,0,0,0,4,0,4,5,1,1,1,1,0,5,0,4,0.0,0.2,-20.0,0.0,0.0,0.2,-20.0,0.0,0.0,0.2,-20.0,0.0,0.0,0.2,-20.0,0.0,0.0,0.0,0.0,,1.0,1.0,0.0,1.0,0.0,0.0,0.0,,1.0,0.8,19.999999999999996,1.25
2024,En agglomération,vma_multiple,situation_multiple,1,19,1,2,1,0,0,0,0,16,23,1,2,2,1,0,0,0,20,0.05263157894736842,0.043478260869565216,0.9153318077803202,1.2105263157894737,0.10526315789473684,0.08695652173913043,1.8306636155606404,1.2105263157894737,0.05263157894736842,0.08695652173913043,-3.4324942791762014,0.6052631578947368,0.0,0.043478260869565216,-4.3478260869565215,0.0,0.0,0.0,0.0,,0.0,0.0,0.0,,0.0,0.0,0.0,,0.8421052631578947,0.8695652173913043,-2.7459954233409634,0.968421052631579
2024,En agglomération,vma_multiple,situation_multiple,2,6,1,0,0,0,0,6,0,5,6,1,0,0,0,0,6,0,5,0.16666666666666666,0.16666666666666666,0.0,1.0,0.0,0.0,0.0,,0.0,0.0,0.0,,0.0,0.0,0.0,,0.0,0.0,0.0,,1.0,1.0,0.0,1.0,0.0,0.0,0.0,,0.8333333333333334,0.8333333333333334,0.0,1.0
2024,En agglomération,vma_non_renseignee_ou_invalide,1,1,10,0,3,0,0,0,0,0,7,19,1,2,1,0,0,0,0,13,0.0,0.05263157894736842,-5.263157894736842,0.0,0.3,0.10526315789473684,19.473684210526315,2.85,0.0,0.05263157894736842,-5.263157894736842,0.0,0.0,0.0,0.0,,0.0,0.0,0.0,,0.0,0.0,0.0,,0.0,0.0,0.0,,0.7,0.6842105263157895,1.5789473684210464,1.023076923076923
2024,En agglomération,vma_non_renseignee_ou_invalide,4,1,3,0,2,0,0,0,0,0,1,1,0,0,0,0,0,0,0,0,0.0,0.0,0.0,,0.6666666666666666,0.0,66.66666666666666,,0.0,0.0,0.0,,0.0,0.0,0.0,,0.0,0.0,0.0,,0.0,0.0,0.0,,0.0,0.0,0.0,,0.3333333333333333,0.0,33.33333333333333,
2024,En agglomération,vma_non_renseignee_ou_invalide,5,1,6,0,2,0,0,0,0,0,3,4,0,0,0,0,0,0,0,3,0.0,0.0,0.0,,0.3333333333333333,0.0,33.33333333333333,,0.0,0.0,0.0,,0.0,0.0,0.0,,0.0,0.0,0.0,,0.0,0.0,0.0,,0.0,0.0,0.0,,0.5,0.75,-25.0,0.6666666666666666
2024,En agglomération,vma_non_renseignee_ou_invalide,5,9,1,1,0,1,0,0,1,0,0,1,1,1,0,0,0,1,0,0,1.0,1.0,0.0,1.0,0.0,1.0,-100.0,0.0,1.0,0.0,100.0,,0.0,0.0,0.0,,0.0,0.0,0.0,,1.0,1.0,0.0,1.0,0.0,0.0,0.0,,0.0,0.0,0.0,
2024,En agglomération,vma_non_renseignee_ou_invalide,6,1,1,1,0,1,0,0,0,0,0,2,0,0,0,0,0,0,0,0,1.0,0.0,100.0,,0.0,0.0,0.0,,1.0,0.0,100.0,,0.0,0.0,0.0,,0.0,0.0,0.0,,0.0,0.0,0.0,,0.0,0.0,0.0,,0.0,0.0,0.0,
2024,En agglomération,vma_non_renseignee_ou_invalide,8,1,1,0,0,0,0,0,0,0,1,2,0,0,0,0,0,0,1,2,0.0,0.0,0.0,,0.0,0.0,0.0,,0.0,0.0,0.0,,0.0,0.0,0.0,,0.0,0.0,0.0,,0.0,0.0,0.0,,0.0,0.5,-50.0,0.0,1.0,1.0,0.0,1.0
2024,Hors agglomération,21_30,1,1,4,0,0,0,0,0,0,0,3,21,0,0,1,0,0,0,0,17,0.0,0.0,0.0,,0.0,0.0,0.0,,0.0,0.047619047619047616,-4.761904761904762,0.0,0.0,0.0,0.0,,0.0,0.0,0.0,,0.0,0.0,0.0,,0.0,0.0,0.0,,0.75,0.8095238095238095,-5.952380952380953,0.9264705882352942
2024,Hors agglomération,21_30,1,2,1,0,0,0,0,0,1,0,1,3,2,2,0,0,0,3,0,1,0.0,0.6666666666666666,-66.66666666666666,0.0,0.0,0.6666666666666666,-66.66666666666666,0.0,0.0,0.0,0.0,,0.0,0.0,0.0,,0.0,0.0,0.0,,1.0,1.0,0.0,1.0,0.0,0.0,0.0,,1.0,0.3333333333333333,66.66666666666667,3.0
2024,Hors agglomération,41_50,1,1,29,6,7,5,1,0,0,2,18,98,5,12,6,0,1,0,0,70,0.20689655172413793,0.05102040816326531,15.587614356087261,4.055172413793104,0.2413793103448276,0.12244897959183673,11.893033075299087,1.9712643678160922,0.1724137931034483,0.061224489795918366,11.118930330752992,2.8160919540229887,0.034482758620689655,0.0,3.4482758620689653,,0.0,0.01020408163265306,-1.0204081632653061,0.0,0.0,0.0,0.0,,0.06896551724137931,0.0,6.896551724137931,,0.6206896551724138,0.7142857142857143,-9.35960591133005,0.8689655172413793
2024,Hors agglomération,41_50,1,2,4,2,0,0,0,0,4,0,2,14,0,0,0,0,0,14,0,14,0.5,0.0,50.0,,0.0,0.0,0.0,,0.0,0.0,0.0,,0.0,0.0,0.0,,0.0,0.0,0.0,,1.0,1.0,0.0,1.0,0.0,0.0,0.0,,0.5,1.0,-50.0,0.5
2024,Hors agglomération,41_50,1,9,1,1,1,0,0,0,1,0,0,6,6,6,0,0,0,6,0,0,1.0,1.0,0.0,1.0,1.0,1.0,0.0,1.0,0.0,0.0,0.0,,0.0,0.0,0.0,,0.0,0.0,0.0,,1.0,1.0,0.0,1.0,0.0,0.0,0.0,,0.0,0.0,0.0,
2024,Hors agglomération,41_50,3,1,1,1,1,1,0,0,0,0,0,4,1,2,1,0,0,0,0,1,1.0,0.25,75.0,4.0,1.0,0.5,50.0,2.0,1.0,0.25,75.0,4.0,0.0,0.0,0.0,,0.0,0.0,0.0,,0.0,0.0,0.0,,0.0,0.0,0.0,,0.0,0.25,-25.0,0.0
2024,Hors agglomération,41_50,5,1,2,0,0,0,0,0,0,0,2,3,1,2,1,0,0,0,0,1,0.0,0.3333333333333333,-33.33333333333333,0.0,0.0,0.6666666666666666,-66.66666666666666,0.0,0.0,0.3333333333333333,-33.33333333333333,0.0,0.0,0.0,0.0,,0.0,0.0,0.0,,0.0,0.0,0.0,,0.0,0.0,0.0,,1.0,0.3333333333333333,66.66666666666667,3.0
2024,Hors agglomération,41_50,6,1,2,0,2,0,0,0,0,0,0,2,0,0,0,0,0,0,0,0,0.0,0.0,0.0,,1.0,0.0,100.0,,0.0,0.0,0.0,,0.0,0.0,0.0,,0.0,0.0,0.0,,0.0,0.0,0.0,,0.0,0.0,0.0,,0.0,0.0,0.0,
2024,Hors agglomération,41_50,8,1,1,0,1,0,0,0,0,0,0,1,0,0,0,0,0,0,0,1,0.0,0.0,0.0,,1.0,0.0,100.0,,0.0,0.0,0.0,,0.0,0.0,0.0,,0.0,0.0,0.0,,0.0,0.0,0.0,,0.0,0.0,0.0,,0.0,1.0,-100.0,0.0
2024,Hors agglomération,51_70,1,1,13,0,1,0,0,0,0,0,11,79,2,6,3,0,0,0,1,59,0.0,0.02531645569620253,-2.5316455696202533,0.0,0.07692307692307693,0.0759493670886076,0.09737098344693301,1.0128205128205128,0.0,0.0379746835443038,-3.79746835443038,0.0,0.0,0.0,0.0,,0.0,0.0,0.0,,0.0,0.0,0.0,,0.0,0.012658227848101266,-1.2658227848101267,0.0,0.8461538461538461,0.7468354430379747,9.931840311587148,1.1329856584093871
2024,Hors agglomération,51_70,1,2,3,0,0,0,0,0,3,0,3,13,3,3,0,0,0,13,0,10,0.0,0.23076923076923078,-23.076923076923077,0.0,0.0,0.23076923076923078,-23.076923076923077,0.0,0.0,0.0,0.0,,0.0,0.0,0.0,,0.0,0.0,0.0,,1.0,1.0,0.0,1.0,0.0,0.0,0.0,,1.0,0.7692307692307693,23.076923076923073,1.2999999999999998
2024,Hors agglomération,51_70,3,2,1,1,0,1,0,0,1,0,0,1,1,0,1,0,0,1,0,0,1.0,1.0,0.0,1.0,0.0,0.0,0.0,,1.0,1.0,0.0,1.0,0.0,0.0,0.0,,0.0,0.0,0.0,,1.0,1.0,0.0,1.0,0.0,0.0,0.0,,0.0,0.0,0.0,
2024,Hors agglomération,51_70,8,1,1,0,0,0,0,0,0,0,0,2,2,0,2,0,0,0,0,0,0.0,1.0,-100.0,0.0,0.0,0.0,0.0,,0.0,1.0,-100.0,0.0,0.0,0.0,0.0,,0.0,0.0,0.0,,0.0,0.0,0.0,,0.0,0.0,0.0,,0.0,0.0,0.0,
2024,Hors agglomération,71_80,1,1,25,1,5,1,0,0,0,1,15,350,15,58,18,0,2,0,2,235,0.04,0.04285714285714286,-0.2857142857142857,0.9333333333333333,0.2,0.1657142857142857,3.4285714285714306,1.2068965517241381,0.04,0.05142857142857143,-1.1428571428571428,0.7777777777777778,0.0,0.0,0.0,,0.0,0.005714285714285714,-0.5714285714285714,0.0,0.0,0.0,0.0,,0.04,0.005714285714285714,3.428571428571429,7.0,0.6,0.6714285714285714,-7.14285714285714,0.8936170212765958
2024,Hors agglomération,71_80,1,2,2,0,0,0,0,0,2,0,2,31,13,3,2,0,0,31,0,18,0.0,0.41935483870967744,-41.935483870967744,0.0,0.0,0.0967741935483871,-9.67741935483871,0.0,0.0,0.06451612903225806,-6.451612903225806,0.0,0.0,0.0,0.0,,0.0,0.0,0.0,,1.0,1.0,0.0,1.0,0.0,0.0,0.0,,1.0,0.5806451612903226,41.93548387096774,1.722222222222222
2024,Hors agglomération,71_80,1,9,1,1,1,0,0,0,1,0,0,5,3,1,1,0,0,5,0,2,1.0,0.6,40.0,1.6666666666666667,1.0,0.2,80.0,5.0,0.0,0.2,-20.0,0.0,0.0,0.0,0.0,,0.0,0.0,0.0,,1.0,1.0,0.0,1.0,0.0,0.0,0.0,,0.0,0.4,-40.0,0.0
2024,Hors agglomération,71_80,3,1,3,1,1,1,0,0,0,0,1,30,11,15,11,0,1,0,3,6,0.3333333333333333,0.36666666666666664,-3.3333333333333326,0.9090909090909091,0.3333333333333333,0.5,-16.666666666666668,0.6666666666666666,0.3333333333333333,0.36666666666666664,-3.3333333333333326,0.9090909090909091,0.0,0.0,0.0,,0.0,0.03333333333333333,-3.3333333333333335,0.0,0.0,0.0,0.0,,0.0,0.1,-10.0,0.0,0.3333333333333333,0.2,13.33333333333333,1.6666666666666665
2024,Hors agglomération,71_80,5,1,1,0,0,0,0,0,0,0,1,7,0,1,0,0,0,0,0,5,0.0,0.0,0.0,,0.0,0.14285714285714285,-14.285714285714285,0.0,0.0,0.0,0.0,,0.0,0.0,0.0,,0.0,0.0,0.0,,0.0,0.0,0.0,,0.0,0.0,0.0,,1.0,0.7142857142857143,28.57142857142857,1.4
2024,Hors agglomération,71_80,situation_multiple,1,1,0,0,0,0,0,0,0,1,5,2,2,2,0,0,0,1,3,0.0,0.4,-40.0,0.0,0.0,0.4,-40.0,0.0,0.0,0.4,-40.0,0.0,0.0,0.0,0.0,,0.0,0.0,0.0,,0.0,0.0,0.0,,0.0,0.2,-20.0,0.0,1.0,0.6,40.0,1.6666666666666667
2024,Hors agglomération,71_80,situation_multiple,2,1,1,0,0,0,0,1,0,0,3,1,1,1,0,0,3,0,2,1.0,0.3333333333333333,66.66666666666667,3.0,0.0,0.3333333333333333,-33.33333333333333,0.0,0.0,0.3333333333333333,-33.33333333333333,0.0,0.0,0.0,0.0,,0.0,0.0,0.0,,1.0,1.0,0.0,1.0,0.0,0.0,0.0,,0.0,0.6666666666666666,-66.66666666666666,0.0
2024,Hors agglomération,81_90,1,1,5,0,0,0,0,0,0,0,3,84,1,13,3,0,0,0,0,58,0.0,0.011904761904761904,-1.1904761904761905,0.0,0.0,0.15476190476190477,-15.476190476190476,0.0,0.0,0.03571428571428571,-3.571428571428571,0.0,0.0,0.0,0.0,,0.0,0.0,0.0,,0.0,0.0,0.0,,0.0,0.0,0.0,,0.6,0.6904761904761905,-9.04761904761905,0.8689655172413793
2024,Hors agglomération,81_90,5,1,1,0,1,0,0,0,0,0,0,1,0,0,0,0,0,0,0,1,0.0,0.0,0.0,,1.0,0.0,100.0,,0.0,0.0,0.0,,0.0,0.0,0.0,,0.0,0.0,0.0,,0.0,0.0,0.0,,0.0,0.0,0.0,,0.0,1.0,-100.0,0.0
2024,Hors agglomération,91_110,1,1,1,0,0,0,0,0,0,0,1,5,1,0,1,0,0,0,0,3,0.0,0.2,-20.0,0.0,0.0,0.0,0.0,,0.0,0.2,-20.0,0.0,0.0,0.0,0.0,,0.0,0.0,0.0,,0.0,0.0,0.0,,0.0,0.0,0.0,,1.0,0.6,40.0,1.6666666666666667
2024,Hors agglomération,vma_multiple,1,1,2,0,0,0,0,0,0,0,2,28,0,1,0,0,0,0,0,22,0.0,0.0,0.0,,0.0,0.03571428571428571,-3.571428571428571,0.0,0.0,0.0,0.0,,0.0,0.0,0.0,,0.0,0.0,0.0,,0.0,0.0,0.0,,0.0,0.0,0.0,,1.0,0.7857142857142857,21.42857142857143,1.2727272727272727
2024,Hors agglomération,vma_non_renseignee_ou_invalide,1,1,4,0,0,0,0,0,0,0,4,24,1,6,1,0,0,0,0,15,0.0,0.041666666666666664,-4.166666666666666,0.0,0.0,0.25,-25.0,0.0,0.0,0.041666666666666664,-4.166666666666666,0.0,0.0,0.0,0.0,,0.0,0.0,0.0,,0.0,0.0,0.0,,0.0,0.0,0.0,,1.0,0.625,37.5,1.6
2024,Hors agglomération,vma_non_renseignee_ou_invalide,5,1,2,0,2,0,0,0,0,0,0,3,0,1,0,0,0,0,0,0,0.0,0.0,0.0,,1.0,0.3333333333333333,66.66666666666667,3.0,0.0,0.0,0.0,,0.0,0.0,0.0,,0.0,0.0,0.0,,0.0,0.0,0.0,,0.0,0.0,0.0,,0.0,0.0,0.0,
2024,Hors agglomération,vma_non_renseignee_ou_invalide,6,1,1,0,0,0,0,0,0,0,1,2,0,1,0,0,0,0,0,1,0.0,0.0,0.0,,0.0,0.5,-50.0,0.0,0.0,0.0,0.0,,0.0,0.0,0.0,,0.0,0.0,0.0,,0.0,0.0,0.0,,0.0,0.0,0.0,,1.0,0.5,50.0,2.0
