annee,Num_Acc,mode,zone,highway,osm_way_id,osm_source,source_file,osm_jointure,classe_osm_divergente,distance_m,distance_a_verifier,match_status,n_vehicules,n_pietons,n_vl,n_cyclos,n_autres_motorises,tiers_motorise,tiers_vl,int,col,intersection_baac_renseignee,intersection_baac,bande_ou_piste_tag_osm,acces_a_verifier,cible_h2,cible_h5_edpm,cible_h5_cyclo,controle_a_verifier,osm_highway,osm_access,osm_bicycle,osm_motor_vehicle,osm_surface,osm_smoothness,osm_cycleway,osm_cycleway_left,osm_cycleway_right,osm_maxspeed,osm_oneway,osm_name,contexte_statut,nb_voies_voisines,nb_routes_motorisees_proches,nb_routes_croisantes,croisement_proche_point,distance_croisement_m
2019,201900001166,VELO,En agglomération,cycleway,90254814,alsace-190101.geoparquet,alsace-190101.geoparquet,retrouvee,False,1.9762000873717607,False,matched,2,0,1,0,1,True,True,3,3,True,True,False,cycleway_trajectoires_et_acces_a_verifier,True,False,False,False,cycleway,,,,,,,,,,yes,,evalue,5.0,4.0,1.0,False,28.671844740089547
2019,201900001507,VELO,En agglomération,residential,52105002,champagne-ardenne-190101.geoparquet,champagne-ardenne-190101.geoparquet,retrouvee,False,32.06165168434533,True,matched,1,0,0,0,0,False,False,1,7,True,False,False,pas_de_conclusion_juridique_automatique,False,False,False,True,residential,,,,,,,,,50,,Rue Jules Ferry,,,,,False,
2019,201900001737,VELO,Hors agglomération,unclassified,109663440,provence-alpes-cote-d-azur-190101.geoparquet,provence-alpes-cote-d-azur-190101.geoparquet,retrouvee,False,44.74752618609841,True,matched,2,0,1,0,1,True,True,6,3,True,True,False,pas_de_conclusion_juridique_automatique,False,False,False,True,unclassified,,,,,,,,,,,Chemin de Sous le Barry,,,,,False,
2019,201900001754,VELO,En agglomération,unclassified,640362011,lorraine-190101.geoparquet,lorraine-190101.geoparquet,retrouvee,False,91.6812173713278,True,matched,2,0,1,0,1,True,True,1,3,True,False,False,pas_de_conclusion_juridique_automatique,False,False,False,True,unclassified,,,,,,,,,,,,,,,,False,
2019,201900003522,VELO,En agglomération,cycleway,473321308,rhone-alpes-190101.geoparquet,rhone-alpes-190101.geoparquet,retrouvee,False,0.6366849105813254,False,matched,2,0,1,0,1,True,True,2,3,True,True,False,cycleway_trajectoires_et_acces_a_verifier,True,False,False,False,cycleway,,,,asphalt,,,,,,yes,,evalue,4.0,4.0,4.0,True,3.417979944660743
2019,201900003790,VELO,En agglomération,secondary,557467382,ile-de-france-190101.geoparquet,ile-de-france-190101.geoparquet,retrouvee,False,30.081966912844415,True,matched,2,0,0,0,0,False,False,9,3,True,True,False,pas_de_conclusion_juridique_automatique,False,False,False,True,secondary,,,,asphalt,,,,,50,yes,Boulevard du Général Leclerc,,,,,False,
2019,201900003940,VELO,En agglomération,cycleway,24510433,alsace-190101.geoparquet,alsace-190101.geoparquet,retrouvee,False,1.0990565022305945,False,matched,2,0,1,0,1,True,True,3,3,True,True,False,cycleway_trajectoires_et_acces_a_verifier,True,False,False,False,cycleway,,,,,,,,,,,Piste Maurice Garin,evalue,3.0,3.0,2.0,True,3.915186139945481
2019,201900003970,VELO,En agglomération,cycleway,460772635,bretagne-190101.geoparquet,bretagne-190101.geoparquet,retrouvee,False,1.350280215327684,False,matched,2,0,1,0,1,True,True,3,3,True,True,False,cycleway_trajectoires_et_acces_a_verifier,True,False,False,False,cycleway,,,,asphalt,,,,,,no,,evalue,8.0,5.0,1.0,True,6.264841173496758
2019,201900003981,VELO,En agglomération,cycleway,194737604,basse-normandie-190101.geoparquet,basse-normandie-190101.geoparquet,retrouvee,False,1.5006430590024817,False,matched,2,0,1,0,1,True,True,1,3,True,False,False,cycleway_trajectoires_et_acces_a_verifier,True,False,False,False,cycleway,,,,,,,,,,,,evalue,6.0,4.0,0.0,False,
2019,201900004170,VELO,Hors agglomération,tertiary,23366759,guadeloupe-190101.geoparquet,guadeloupe-190101.geoparquet,retrouvee,False,40.14388080238962,True,matched,2,0,1,0,1,True,True,1,3,True,False,False,pas_de_conclusion_juridique_automatique,False,False,False,True,tertiary,,,,,,,,,,,Boulevard Commandant Mortenol,,,,,False,
2019,201900004236,VELO,En agglomération,cycleway,183323050,alsace-190101.geoparquet,alsace-190101.geoparquet,retrouvee,False,0.8142352701019001,False,matched,2,0,1,0,1,True,True,3,3,True,True,False,cycleway_trajectoires_et_acces_a_verifier,True,False,False,False,cycleway,,,,,,,,,,yes,,evalue,15.0,10.0,2.0,True,1.392744864577729
2019,201900004711,VELO,En agglomération,cycleway,190520213,alsace-190101.geoparquet,alsace-190101.geoparquet,retrouvee,False,1.5117413147882208,False,matched,2,0,0,0,1,True,False,1,3,True,False,False,cycleway_trajectoires_et_acces_a_verifier,True,False,False,False,cycleway,,,,,,,,,,,,evalue,3.0,2.0,2.0,True,5.9968510614904496
2019,201900004821,VELO,En agglomération,service,31052427,pays-de-la-loire-190101.geoparquet,pays-de-la-loire-190101.geoparquet,retrouvee,False,72.61375564443209,True,matched,1,0,0,0,0,False,False,1,7,True,False,True,pas_de_conclusion_juridique_automatique,False,False,False,True,service,,yes,,paving_stones,,,opposite_lane,,20,yes,Sortie  parking du Ralliement,,,,,False,
2019,201900004870,VELO,En agglomération,residential,30277364,ile-de-france-190101.geoparquet,ile-de-france-190101.geoparquet,retrouvee,False,42.635311128006755,True,matched,2,0,0,0,1,True,False,1,3,True,False,False,pas_de_conclusion_juridique_automatique,False,False,False,True,residential,,,,asphalt,,,,,,yes,Chaussée de l'Étang,,,,,False,
2019,201900005256,VELO,En agglomération,cycleway,58002005,ile-de-france-190101.geoparquet,ile-de-france-190101.geoparquet,retrouvee,False,14.410057028570035,False,matched,2,0,0,0,1,True,False,1,1,True,False,False,cycleway_trajectoires_et_acces_a_verifier,True,False,False,False,cycleway,,,,,,,,,,yes,Rue de Lagny,evalue,2.0,2.0,2.0,False,24.12567223024104
2019,201900005712,VELO,En agglomération,cycleway,105575465,languedoc-roussillon-190101.geoparquet,languedoc-roussillon-190101.geoparquet,retrouvee,False,4.85291854103666,False,matched,2,0,1,0,1,True,True,3,1,True,True,False,cycleway_trajectoires_et_acces_a_verifier,True,False,False,False,cycleway,,,,,,,,,,yes,,evalue,4.0,4.0,1.0,False,36.460463830484876
2019,201900006415,VELO,En agglomération,cycleway,25034807,pays-de-la-loire-190101.geoparquet,pays-de-la-loire-190101.geoparquet,retrouvee,False,1.1541063125853754,False,matched,2,0,0,0,1,True,False,1,3,True,False,False,cycleway_trajectoires_et_acces_a_verifier,True,False,False,False,cycleway,,,,asphalt,excellent,,,,,,Piste Cyclable de la Roche-sur-Yon à Coëx,evalue,2.0,2.0,1.0,True,3.2737931742300903
2019,201900006987,VELO,En agglomération,unclassified,159488121,ile-de-france-190101.geoparquet,ile-de-france-190101.geoparquet,retrouvee,False,81.94652322908976,True,matched,2,0,0,0,0,False,False,1,1,True,False,False,pas_de_conclusion_juridique_automatique,False,False,False,True,unclassified,yes,no,,asphalt,,,,,30,yes,Souterrain Grande Boucle (Voie BCL),,,,,False,
2019,201900007313,VELO,En agglomération,cycleway,221349968,ile-de-france-190101.geoparquet,ile-de-france-190101.geoparquet,retrouvee,False,2.2550832162732313,False,matched,2,0,1,0,1,True,True,2,3,True,True,True,cycleway_trajectoires_et_acces_a_verifier,True,False,False,False,cycleway,,,,,,sidewalk,,,,yes,Rue de Lagny,evalue,9.0,4.0,2.0,True,3.189112095464808
2019,201900007425,VELO,En agglomération,cycleway,624139518,centre-190101.geoparquet,centre-190101.geoparquet,retrouvee,False,0.10491181725128597,False,matched,2,0,1,0,1,True,True,1,3,True,False,False,cycleway_trajectoires_et_acces_a_verifier,True,False,False,False,cycleway,,,,,,,,,,,,evalue,8.0,5.0,2.0,False,11.867697155014248
2019,201900007635,VELO,En agglomération,tertiary,28068041,pays-de-la-loire-190101.geoparquet,pays-de-la-loire-190101.geoparquet,retrouvee,False,34.15417608558816,True,matched,2,0,1,0,1,True,True,1,1,True,False,False,pas_de_conclusion_juridique_automatique,False,False,False,True,tertiary,,,,asphalt,,,,,30,,Boulevard de l'Ecce Homo,,,,,False,
2019,201900008182,VELO,En agglomération,tertiary,26222535,ile-de-france-190101.geoparquet,ile-de-france-190101.geoparquet,retrouvee,False,54.342710658531544,True,matched,2,0,1,0,1,True,True,6,2,True,True,False,pas_de_conclusion_juridique_automatique,False,False,False,True,tertiary,,,,,,,,,,yes,Allée Pierre Brossolette,,,,,False,
2019,201900008354,VELO,En agglomération,cycleway,40525745,alsace-190101.geoparquet,alsace-190101.geoparquet,retrouvee,False,3.1673423874751285,False,matched,2,0,1,0,1,True,True,3,3,True,True,False,cycleway_trajectoires_et_acces_a_verifier,True,False,False,False,cycleway,,,,,,,,,,no,Rue de la Brigade Alsace-Lorraine,evalue,11.0,6.0,1.0,True,6.049975894270203
2019,201900008653,VELO,Hors agglomération,service,132675321,rhone-alpes-190101.geoparquet,rhone-alpes-190101.geoparquet,retrouvee,False,30.804253915592657,True,matched,1,0,0,0,0,False,False,1,7,True,False,False,pas_de_conclusion_juridique_automatique,False,False,False,True,service,,,,,,,,,,,Rue de la Guillemat,,,,,False,
2019,201900009140,VELO,En agglomération,cycleway,123917451,pays-de-la-loire-190101.geoparquet,pays-de-la-loire-190101.geoparquet,retrouvee,False,0.8803052243402613,False,matched,2,0,0,0,1,True,False,1,3,True,False,False,cycleway_trajectoires_et_acces_a_verifier,True,False,False,False,cycleway,,designated,,asphalt,,,,,,no,,evalue,17.0,16.0,4.0,True,8.646472064391808
2019,201900009274,VELO,En agglomération,cycleway,239035267,basse-normandie-190101.geoparquet,basse-normandie-190101.geoparquet,retrouvee,False,0.03236957728069265,False,matched,2,0,1,0,1,True,True,1,3,True,False,False,cycleway_trajectoires_et_acces_a_verifier,True,False,False,False,cycleway,,,,,,,,,,yes,,evalue,5.0,4.0,1.0,True,2.4346703155428613
2019,201900009709,VELO,Hors agglomération,cycleway,181156741,rhone-alpes-190101.geoparquet,rhone-alpes-190101.geoparquet,retrouvee,False,0.8513907360305909,False,matched,2,0,1,0,1,True,True,6,3,True,True,False,cycleway_trajectoires_et_acces_a_verifier,True,False,False,False,cycleway,,,,asphalt,,,,,,,,evalue,3.0,3.0,0.0,False,
2019,201900010333,VELO,En agglomération,cycleway,242096736,languedoc-roussillon-190101.geoparquet,languedoc-roussillon-190101.geoparquet,retrouvee,False,1.6226455398526605,False,matched,2,0,1,0,1,True,True,3,3,True,True,False,cycleway_trajectoires_et_acces_a_verifier,True,False,False,False,cycleway,,,,,,,,,,no,,evalue,4.0,3.0,0.0,False,
2019,201900010398,VELO,En agglomération,tertiary,27206333,provence-alpes-cote-d-azur-190101.geoparquet,provence-alpes-cote-d-azur-190101.geoparquet,retrouvee,False,32.46144698265205,True,matched,2,0,1,0,1,True,True,9,3,True,True,False,pas_de_conclusion_juridique_automatique,False,False,False,True,tertiary,,,,,,,,,,,Avenue des Hydravions,,,,,False,
2019,201900010769,VELO,Hors agglomération,residential,86491880,midi-pyrenees-190101.geoparquet,midi-pyrenees-190101.geoparquet,retrouvee,False,40.014783932229676,True,matched,1,0,0,0,0,False,False,1,7,True,False,False,pas_de_conclusion_juridique_automatique,False,False,False,True,residential,,,,,,,,,,,,,,,,False,
2019,201900010900,VELO,En agglomération,cycleway,55220337,ile-de-france-190101.geoparquet,ile-de-france-190101.geoparquet,retrouvee,False,1.0604403145486505,False,matched,2,0,1,0,1,True,True,3,3,True,True,False,cycleway_trajectoires_et_acces_a_verifier,True,False,False,False,cycleway,,,,,,,,,,,,evalue,6.0,6.0,2.0,True,1.8520255834902946
2019,201900010922,VELO,En agglomération,cycleway,84635195,ile-de-france-190101.geoparquet,ile-de-france-190101.geoparquet,retrouvee,False,0.4880911198615274,False,matched,2,0,1,0,1,True,True,9,3,True,True,False,cycleway_trajectoires_et_acces_a_verifier,True,False,False,False,cycleway,,,,,,,,,,,,evalue,2.0,2.0,1.0,True,0.7432807173718365
2019,201900011350,VELO,En agglomération,cycleway,570285077,ile-de-france-190101.geoparquet,ile-de-france-190101.geoparquet,retrouvee,False,1.2636383928869546,False,matched,2,0,0,0,1,True,False,2,3,True,True,False,cycleway_trajectoires_et_acces_a_verifier,True,False,False,False,cycleway,,,,,,,,,,,Avenue de la Dame Blanche,evalue,5.0,4.0,2.0,True,2.0225923157253725
2019,201900011355,VELO,En agglomération,residential,654160917,ile-de-france-190101.geoparquet,ile-de-france-190101.geoparquet,retrouvee,False,56.74043073561594,True,matched,2,0,0,0,1,True,False,5,3,True,True,True,pas_de_conclusion_juridique_automatique,False,False,False,True,residential,destination,yes,designated,,,opposite,,,,yes,Rue de la Légion d'Honneur,,,,,False,
2019,201900011431,VELO,En agglomération,cycleway,294809909,ile-de-france-190101.geoparquet,ile-de-france-190101.geoparquet,retrouvee,False,0.5354640457456896,False,matched,2,0,1,0,1,True,True,1,6,True,False,True,cycleway_trajectoires_et_acces_a_verifier,True,False,False,False,cycleway,,,,,,crossing,,,,no,,evalue,12.0,8.0,3.0,True,5.014857416841201
2019,201900011908,VELO,En agglomération,cycleway,454336756,aquitaine-190101.geoparquet,aquitaine-190101.geoparquet,retrouvee,False,1.6122051163722748,False,matched,2,0,1,0,1,True,True,1,3,True,False,False,cycleway_trajectoires_et_acces_a_verifier,True,False,False,False,cycleway,,,,,,,,,,,Bande Cyclable,evalue,2.0,1.0,0.0,False,
2019,201900011956,VELO,En agglomération,cycleway,339246107,centre-190101.geoparquet,centre-190101.geoparquet,retrouvee,False,0.7725135576193229,False,matched,2,0,1,0,1,True,True,3,1,True,True,False,cycleway_trajectoires_et_acces_a_verifier,True,False,False,False,cycleway,,,,,,,,,,yes,,evalue,4.0,3.0,1.0,True,4.157525149281918
2019,201900013236,VELO,En agglomération,cycleway,372633326,picardie-190101.geoparquet,picardie-190101.geoparquet,retrouvee,False,2.112283455384536,False,matched,2,0,1,0,1,True,True,1,6,True,False,False,cycleway_trajectoires_et_acces_a_verifier,True,False,False,False,cycleway,,,,paved,,,,,,yes,,evalue,4.0,3.0,0.0,False,
2019,201900013244,VELO,En agglomération,residential,219684211,bourgogne-190101.geoparquet,bourgogne-190101.geoparquet,retrouvee,False,52.84988191558144,True,matched,2,0,0,0,1,True,False,4,1,True,True,False,pas_de_conclusion_juridique_automatique,False,False,False,True,residential,,,,,,,,,,,Rue des Bédouins,,,,,False,
2019,201900013634,VELO,En agglomération,cycleway,130573694,provence-alpes-cote-d-azur-190101.geoparquet,provence-alpes-cote-d-azur-190101.geoparquet,retrouvee,False,0.8248212827476135,False,matched,2,0,1,0,1,True,True,3,3,True,True,False,cycleway_trajectoires_et_acces_a_verifier,True,False,False,False,cycleway,,,,,,,,,,,,evalue,4.0,4.0,4.0,True,3.000381305032714
2019,201900013832,VELO,En agglomération,residential,179988037,nord-pas-de-calais-190101.geoparquet,nord-pas-de-calais-190101.geoparquet,retrouvee,False,33.84840297249088,True,matched,2,0,0,0,1,True,False,3,3,True,True,False,pas_de_conclusion_juridique_automatique,False,False,False,True,residential,,,,,,,,,,,Rue des Églissières,,,,,False,
2019,201900013862,VELO,Hors agglomération,secondary,59288441,martinique-190101.geoparquet,martinique-190101.geoparquet,retrouvee,False,31.182200477411055,True,matched,2,0,1,0,1,True,True,1,1,True,False,False,pas_de_conclusion_juridique_automatique,False,False,False,True,secondary,,,,asphalt,,,,,,,,,,,,False,
2019,201900014660,VELO,En agglomération,cycleway,564727412,centre-190101.geoparquet,centre-190101.geoparquet,retrouvee,False,0.4411936370358472,False,matched,2,0,1,0,1,True,True,1,3,True,False,False,cycleway_trajectoires_et_acces_a_verifier,True,False,False,False,cycleway,,,,,,,,,,,Rue du Général de Gaulle,evalue,2.0,2.0,0.0,False,
2019,201900014908,VELO,En agglomération,cycleway,52719941,ile-de-france-190101.geoparquet,ile-de-france-190101.geoparquet,retrouvee,False,0.8773377092412346,False,matched,2,0,0,0,1,True,False,1,3,True,False,True,cycleway_trajectoires_et_acces_a_verifier,True,False,False,False,cycleway,,,,,,on_street,,,,yes,Boulevard de la Villette,evalue,4.0,3.0,0.0,False,
2019,201900014909,VELO,En agglomération,cycleway,304870851,ile-de-france-190101.geoparquet,ile-de-france-190101.geoparquet,retrouvee,False,0.34209943675182125,False,matched,2,0,0,0,1,True,False,1,3,True,False,True,cycleway_trajectoires_et_acces_a_verifier,True,False,False,False,cycleway,,,,asphalt,,on_street,,,,no,Rue de la Porte d'Issy,evalue,1.0,1.0,0.0,False,
2019,201900015102,VELO,En agglomération,cycleway,57944179,languedoc-roussillon-190101.geoparquet,languedoc-roussillon-190101.geoparquet,retrouvee,False,0.32890060922307734,False,matched,2,0,1,0,1,True,True,6,3,True,True,False,cycleway_trajectoires_et_acces_a_verifier,True,False,False,False,cycleway,,,,asphalt,,,,,,,,evalue,4.0,3.0,2.0,True,1.333382207041161
2019,201900015234,VELO,En agglomération,residential,241753347,rhone-alpes-190101.geoparquet,rhone-alpes-190101.geoparquet,retrouvee,False,48.336265878054704,True,matched,2,0,1,0,1,True,True,1,3,True,False,False,pas_de_conclusion_juridique_automatique,False,False,False,True,residential,,,,,,,,,,,Rue du Général Chambe,,,,,False,
2019,201900015674,VELO,En agglomération,cycleway,284596430,aquitaine-190101.geoparquet,aquitaine-190101.geoparquet,retrouvee,False,1.6432193175316732,False,matched,2,0,1,0,1,True,True,3,3,True,True,False,cycleway_trajectoires_et_acces_a_verifier,True,False,False,False,cycleway,,designated,,,,,,,,yes,,evalue,6.0,5.0,2.0,True,4.735308927065254
2019,201900016160,VELO,En agglomération,cycleway,189901521,poitou-charentes-190101.geoparquet,poitou-charentes-190101.geoparquet,retrouvee,False,0.3934903137908745,False,matched,2,0,1,0,1,True,True,9,3,True,True,False,cycleway_trajectoires_et_acces_a_verifier,True,False,False,False,cycleway,,,,,,,,,,,,evalue,6.0,5.0,5.0,True,1.2130703179146947
2019,201900016223,VELO,En agglomération,cycleway,153156567,alsace-190101.geoparquet,alsace-190101.geoparquet,retrouvee,False,0.35634639783475425,False,matched,2,0,1,0,1,True,True,1,3,True,False,False,cycleway_trajectoires_et_acces_a_verifier,True,False,False,False,cycleway,,,,,,,,,,yes,,evalue,6.0,5.0,2.0,False,18.404097661775804
2019,201900016669,VELO,En agglomération,residential,429586725,pays-de-la-loire-190101.geoparquet,pays-de-la-loire-190101.geoparquet,retrouvee,False,42.61873490630267,True,matched,2,0,1,0,1,True,True,6,3,True,True,True,pas_de_conclusion_juridique_automatique,False,False,False,True,residential,,,,asphalt,,no,,,50,no,Rue des Blés d'Or,,,,,False,
2019,201900016800,VELO,Hors agglomération,cycleway,337246299,rhone-alpes-190101.geoparquet,rhone-alpes-190101.geoparquet,retrouvee,False,2.4880301867468617,False,matched,2,0,1,0,1,True,True,1,3,True,False,False,cycleway_trajectoires_et_acces_a_verifier,True,False,False,False,cycleway,,,,asphalt,,,,,,no,,evalue,1.0,1.0,0.0,False,
2019,201900016921,VELO,En agglomération,residential,235053242,alsace-190101.geoparquet,alsace-190101.geoparquet,retrouvee,False,35.94559385118933,True,matched,1,1,0,0,0,False,False,1,6,True,False,False,pas_de_conclusion_juridique_automatique,False,False,False,True,residential,,,,asphalt,,,,,30,no,Rue du 22 Novembre,,,,,False,
2019,201900017035,VELO,En agglomération,cycleway,93215338,aquitaine-190101.geoparquet,aquitaine-190101.geoparquet,retrouvee,False,0.9554250641703518,False,matched,2,0,1,0,1,True,True,2,3,True,True,False,cycleway_trajectoires_et_acces_a_verifier,True,False,False,False,cycleway,,,,,,,,,,,,evalue,7.0,7.0,1.0,True,2.5572778451250744
2019,201900017087,VELO,En agglomération,cycleway,316084615,champagne-ardenne-190101.geoparquet,champagne-ardenne-190101.geoparquet,retrouvee,False,1.0855419242496296,False,matched,2,0,1,0,1,True,True,1,3,True,False,False,cycleway_trajectoires_et_acces_a_verifier,True,False,False,False,cycleway,,,,,,,,,,no,Avenue Chomedey de Maisonneuve,evalue,4.0,4.0,1.0,True,8.978742904581543
2019,201900017269,VELO,En agglomération,cycleway,248054549,alsace-190101.geoparquet,alsace-190101.geoparquet,retrouvee,False,0.807725653782282,False,matched,2,0,0,1,1,True,False,1,1,True,False,False,cycleway_trajectoires_et_acces_a_verifier,True,False,False,False,cycleway,,yes,,,,,,,,,,evalue,6.0,5.0,2.0,False,23.95646108065673
2019,201900017783,VELO,En agglomération,cycleway,152095612,pays-de-la-loire-190101.geoparquet,pays-de-la-loire-190101.geoparquet,retrouvee,False,0.2961621314172914,False,matched,2,0,1,0,1,True,True,1,3,True,False,True,cycleway_trajectoires_et_acces_a_verifier,True,False,False,False,cycleway,,,,,,track,,,,yes,,evalue,3.0,2.0,1.0,False,12.578072442535268
2019,201900018160,VELO,En agglomération,cycleway,498928868,rhone-alpes-190101.geoparquet,rhone-alpes-190101.geoparquet,retrouvee,False,1.0433035150387278,False,matched,2,0,1,0,1,True,True,3,1,True,True,False,cycleway_trajectoires_et_acces_a_verifier,True,False,False,False,cycleway,,,,asphalt,,,,,,yes,,evalue,3.0,3.0,1.0,False,48.55348493006395
2019,201900018587,VELO,En agglomération,primary,35213960,ile-de-france-190101.geoparquet,ile-de-france-190101.geoparquet,retrouvee,False,34.66674503492718,True,matched,2,0,1,0,1,True,True,2,3,True,True,True,pas_de_conclusion_juridique_automatique,False,False,False,True,primary,,,,asphalt,,,,lane,50,yes,Avenue Laurent-Cély,,,,,False,
2019,201900018991,VELO,En agglomération,cycleway,48181452,ile-de-france-190101.geoparquet,ile-de-france-190101.geoparquet,retrouvee,False,8.380522599653553,False,matched,2,0,1,0,1,True,True,1,3,True,False,True,cycleway_trajectoires_et_acces_a_verifier,True,False,False,False,cycleway,,,,,,sidewalk,,,,,Avenue Daumesnil,evalue,1.0,1.0,0.0,False,
2019,201900019106,VELO,En agglomération,secondary,26326472,provence-alpes-cote-d-azur-190101.geoparquet,provence-alpes-cote-d-azur-190101.geoparquet,retrouvee,False,35.87728060326799,True,matched,2,0,1,0,1,True,True,6,3,True,True,False,pas_de_conclusion_juridique_automatique,False,False,False,True,secondary,,,,asphalt,,,,,,,Rond-Point Porte-Avions Arromanches,,,,,False,
2019,201900019517,VELO,En agglomération,cycleway,119503550,alsace-190101.geoparquet,alsace-190101.geoparquet,retrouvee,False,3.4637082917999136,False,matched,3,0,1,0,1,True,True,3,5,True,True,False,cycleway_trajectoires_et_acces_a_verifier,True,False,False,False,cycleway,,,,,,,,,,no,Pont du Danube,evalue,10.0,5.0,2.0,True,5.784036264471
2019,201900019604,VELO,Hors agglomération,track,510144106,alsace-190101.geoparquet,alsace-190101.geoparquet,retrouvee,False,33.39727449662194,True,matched,1,0,0,0,0,False,False,1,7,True,False,False,pas_de_conclusion_juridique_automatique,False,False,False,True,track,,yes,,,,,,,,,,,,,,False,
2019,201900019719,VELO,En agglomération,unclassified,32132847,champagne-ardenne-190101.geoparquet,champagne-ardenne-190101.geoparquet,retrouvee,False,37.42566135063936,True,matched,2,0,1,0,1,True,True,9,3,True,True,False,pas_de_conclusion_juridique_automatique,False,False,False,True,unclassified,,,,,,,,,50,,Avenue du Maréchal Leclerc,,,,,False,
2019,201900019737,VELO,En agglomération,cycleway,52719941,ile-de-france-190101.geoparquet,ile-de-france-190101.geoparquet,retrouvee,False,0.42609627865524685,False,matched,2,0,1,0,1,True,True,2,3,True,True,True,cycleway_trajectoires_et_acces_a_verifier,True,False,False,False,cycleway,,,,,,on_street,,,,yes,Boulevard de la Villette,evalue,13.0,12.0,2.0,True,1.861848751570066
2019,201900019899,VELO,En agglomération,residential,93669708,guadeloupe-190101.geoparquet,guadeloupe-190101.geoparquet,retrouvee,False,64.5174251790515,True,matched,2,0,1,0,1,True,True,1,1,True,False,False,pas_de_conclusion_juridique_automatique,False,False,False,True,residential,,,,,,,,,,,,,,,,False,
2019,201900019927,VELO,En agglomération,residential,157749582,ile-de-france-190101.geoparquet,ile-de-france-190101.geoparquet,retrouvee,False,87.76357897899011,True,matched,1,2,0,0,0,False,False,1,6,True,False,False,pas_de_conclusion_juridique_automatique,False,False,False,True,residential,,,,,,,,,,,Avenue de l'Égalité,,,,,False,
2019,201900019960,VELO,Hors agglomération,cycleway,44847728,ile-de-france-190101.geoparquet,ile-de-france-190101.geoparquet,retrouvee,False,1.5809046718755333,False,matched,2,0,1,0,1,True,True,9,3,True,True,False,cycleway_trajectoires_et_acces_a_verifier,True,False,False,False,cycleway,,,,asphalt,,,,,,,,evalue,2.0,2.0,1.0,True,3.661910949572676
2019,201900020774,VELO,En agglomération,cycleway,130007349,languedoc-roussillon-190101.geoparquet,languedoc-roussillon-190101.geoparquet,retrouvee,False,0.7913010319216476,False,matched,2,0,1,0,1,True,True,2,3,True,True,False,cycleway_trajectoires_et_acces_a_verifier,True,False,False,False,cycleway,,,,,,,,,,,,evalue,4.0,4.0,1.0,True,8.141610408729758
2019,201900020981,VELO,En agglomération,cycleway,581155787,aquitaine-190101.geoparquet,aquitaine-190101.geoparquet,retrouvee,False,0.5364089191140745,False,matched,2,0,0,0,1,True,False,2,3,True,True,False,cycleway_trajectoires_et_acces_a_verifier,True,False,False,False,cycleway,,,,,,,,,,yes,,evalue,5.0,5.0,4.0,False,11.571980006679313
2019,201900021353,VELO,En agglomération,residential,116796602,basse-normandie-190101.geoparquet,basse-normandie-190101.geoparquet,retrouvee,False,83.4894297741637,True,matched,1,0,0,0,0,False,False,1,7,True,False,False,pas_de_conclusion_juridique_automatique,False,False,False,True,residential,,,,,,,,,,yes,Rue de la Falaise,,,,,False,
2019,201900021399,VELO,Hors agglomération,,,languedoc-roussillon-190101.geoparquet,languedoc-roussillon-190101.geoparquet,osm_way_id_absent,False,,True,unmatched,1,0,0,0,0,False,False,1,7,True,False,False,pas_de_conclusion_juridique_automatique,False,False,False,True,,,,,,,,,,,,,,,,,False,
2019,201900021608,VELO,Hors agglomération,secondary,3626026,provence-alpes-cote-d-azur-190101.geoparquet,provence-alpes-cote-d-azur-190101.geoparquet,retrouvee,False,34.05607019668221,True,matched,2,0,1,0,1,True,True,1,1,True,False,False,pas_de_conclusion_juridique_automatique,False,False,False,True,secondary,,,,,,,,,,,Route de la Sainte-Baume,,,,,False,
2019,201900022883,VELO,En agglomération,service,658248816,picardie-190101.geoparquet,picardie-190101.geoparquet,retrouvee,False,37.10226076042924,True,matched,2,0,0,0,1,True,False,9,3,True,True,False,pas_de_conclusion_juridique_automatique,False,False,False,True,service,,,,,,,,,,,,,,,,False,
2019,201900023028,VELO,Hors agglomération,cycleway,132092302,alsace-190101.geoparquet,alsace-190101.geoparquet,retrouvee,False,0.33600578781125917,False,matched,2,0,0,0,1,True,False,1,6,True,False,False,cycleway_trajectoires_et_acces_a_verifier,True,False,False,False,cycleway,,designated,,,,,,,,no,Rue des Bœufs,evalue,8.0,7.0,1.0,False,18.581780924943512
2019,201900023331,VELO,En agglomération,residential,39990571,ile-de-france-190101.geoparquet,ile-de-france-190101.geoparquet,retrouvee,False,33.014796553731635,True,matched,2,0,0,0,1,True,False,1,2,True,False,False,pas_de_conclusion_juridique_automatique,False,False,False,True,residential,,,,,,,,,,,Rue de l'Abreuvoir,,,,,False,
2019,201900023527,VELO,En agglomération,trunk,4158088,rhone-alpes-190101.geoparquet,rhone-alpes-190101.geoparquet,retrouvee,False,53.78257158151891,True,matched,2,0,1,0,1,True,True,2,3,True,True,False,pas_de_conclusion_juridique_automatique,False,False,False,True,trunk,,,,,,,,,90,yes,,,,,,False,
2019,201900023622,VELO,En agglomération,cycleway,27850421,ile-de-france-190101.geoparquet,ile-de-france-190101.geoparquet,retrouvee,False,6.936897167778886,False,matched,2,0,1,0,1,True,True,1,2,True,False,False,cycleway_trajectoires_et_acces_a_verifier,True,False,False,False,cycleway,,,,,,,,,,,Chemin Latéral de Saint-Maur,evalue,3.0,3.0,2.0,False,10.251742494102317
2019,201900024015,VELO,En agglomération,cycleway,192131143,alsace-190101.geoparquet,alsace-190101.geoparquet,retrouvee,False,5.743491681244669,False,matched,2,0,1,0,1,True,True,1,3,True,False,False,cycleway_trajectoires_et_acces_a_verifier,True,False,False,False,cycleway,,,,asphalt,,,,,,,,evalue,1.0,1.0,0.0,False,
2019,201900024205,VELO,En agglomération,cycleway,557614924,centre-190101.geoparquet,centre-190101.geoparquet,retrouvee,False,3.9837419919138384,False,matched,2,0,1,0,1,True,True,9,3,True,True,False,cycleway_trajectoires_et_acces_a_verifier,True,False,False,False,cycleway,,,,,,,,,,,,evalue,1.0,1.0,0.0,False,
2019,201900024594,VELO,En agglomération,cycleway,197175787,provence-alpes-cote-d-azur-190101.geoparquet,provence-alpes-cote-d-azur-190101.geoparquet,retrouvee,False,0.7538459072954062,False,matched,2,0,0,0,1,True,False,1,3,True,False,False,cycleway_trajectoires_et_acces_a_verifier,True,False,False,False,cycleway,,,,asphalt,,,,,,,Boulevard Front de Mer,evalue,5.0,4.0,2.0,True,2.7352374309663507
2019,201900024771,VELO,En agglomération,residential,119062382,pays-de-la-loire-190101.geoparquet,pays-de-la-loire-190101.geoparquet,retrouvee,False,79.91466444686485,True,matched,2,0,1,0,1,True,True,3,6,True,True,True,pas_de_conclusion_juridique_automatique,False,False,False,True,residential,,,,,,no,,,30,yes,Rue Henri Bergson,,,,,False,
2019,201900024817,VELO,En agglomération,cycleway,51112821,ile-de-france-190101.geoparquet,ile-de-france-190101.geoparquet,retrouvee,False,0.11337647425423439,False,matched,2,0,1,0,1,True,True,2,3,True,True,True,cycleway_trajectoires_et_acces_a_verifier,True,False,False,False,cycleway,,,,,,sidewalk,,,,yes,Boulevard Barbès,evalue,6.0,5.0,4.0,True,1.4622826911548894
2019,201900025054,VELO,En agglomération,cycleway,619847085,pays-de-la-loire-190101.geoparquet,pays-de-la-loire-190101.geoparquet,retrouvee,False,7.896068955494109,False,matched,2,0,1,0,1,True,True,1,3,True,False,False,cycleway_trajectoires_et_acces_a_verifier,True,False,False,False,cycleway,,yes,,,,,,,,,,evalue,10.0,10.0,1.0,False,19.349292152620222
2019,201900025128,VELO,En agglomération,cycleway,640112941,ile-de-france-190101.geoparquet,ile-de-france-190101.geoparquet,retrouvee,False,0.2477808271441584,False,matched,2,0,0,0,1,True,False,4,3,True,True,False,cycleway_trajectoires_et_acces_a_verifier,True,False,False,False,cycleway,,,,asphalt,good,,,,,yes,Place de Skanderbeg,evalue,6.0,5.0,4.0,True,1.9146426709099786
2019,201900025632,VELO,En agglomération,cycleway,521165578,rhone-alpes-190101.geoparquet,rhone-alpes-190101.geoparquet,retrouvee,False,3.3682821493870394,False,matched,2,0,1,0,1,True,True,1,3,True,False,False,cycleway_trajectoires_et_acces_a_verifier,True,False,False,False,cycleway,,,,asphalt,,,,,,no,,evalue,10.0,9.0,2.0,True,6.036885447906875
2019,201900025706,VELO,En agglomération,cycleway,8196000,ile-de-france-190101.geoparquet,ile-de-france-190101.geoparquet,retrouvee,False,2.603876890005756,False,matched,2,0,1,0,1,True,True,1,3,True,False,True,cycleway_trajectoires_et_acces_a_verifier,True,False,False,False,cycleway,,,,,,on_street,,,,yes,Route de Sèvres à Neuilly,evalue,2.0,2.0,0.0,False,
2019,201900026093,VELO,En agglomération,cycleway,68084566,poitou-charentes-190101.geoparquet,poitou-charentes-190101.geoparquet,retrouvee,False,2.8062867634890747,False,matched,2,0,1,0,1,True,True,6,3,True,True,False,cycleway_trajectoires_et_acces_a_verifier,True,False,False,False,cycleway,,,,,,,,,,no,Avenue de Fetilly,evalue,8.0,8.0,2.0,True,6.675298168275844
2019,201900026211,VELO,En agglomération,cycleway,444625481,guyane-190101.geoparquet,guyane-190101.geoparquet,retrouvee,False,1.9011323455762903,False,matched,2,0,1,0,1,True,True,1,3,True,False,False,cycleway_trajectoires_et_acces_a_verifier,True,False,False,False,cycleway,,,,asphalt,,,,,,yes,,evalue,1.0,1.0,1.0,False,579.2505362651646
2019,201900026280,VELO,En agglomération,cycleway,233827187,pays-de-la-loire-190101.geoparquet,pays-de-la-loire-190101.geoparquet,retrouvee,False,1.1662003800043714,False,matched,2,0,0,0,1,True,False,1,6,True,False,False,cycleway_trajectoires_et_acces_a_verifier,True,False,False,False,cycleway,,,,,,,,,,yes,,evalue,4.0,2.0,2.0,True,3.1119247239346133
2019,201900026817,VELO,En agglomération,cycleway,4347629,rhone-alpes-190101.geoparquet,rhone-alpes-190101.geoparquet,retrouvee,False,0.6272495871354643,False,matched,2,0,1,0,1,True,True,3,1,True,True,False,cycleway_trajectoires_et_acces_a_verifier,True,False,False,False,cycleway,,,,,,,,,,,Place Bellecour,evalue,7.0,5.0,3.0,True,1.737538847414989
2019,201900026910,VELO,Hors agglomération,service,159844469,aquitaine-190101.geoparquet,aquitaine-190101.geoparquet,retrouvee,False,78.53163162994515,True,matched,2,0,1,0,1,True,True,1,2,True,False,False,pas_de_conclusion_juridique_automatique,False,False,False,True,service,,,,,,,,,,,,,,,,False,
2019,201900027680,VELO,En agglomération,unclassified,491976864,ile-de-france-190101.geoparquet,ile-de-france-190101.geoparquet,retrouvee,False,61.726149430916585,True,matched,2,0,0,0,0,False,False,7,6,True,True,False,pas_de_conclusion_juridique_automatique,False,False,False,True,unclassified,,,,asphalt,,,,,,yes,Place de la Concorde,,,,,False,
2019,201900027941,VELO,En agglomération,cycleway,23366918,basse-normandie-190101.geoparquet,basse-normandie-190101.geoparquet,retrouvee,False,0.5881115440021492,False,matched,2,0,1,0,1,True,True,3,3,True,True,True,cycleway_trajectoires_et_acces_a_verifier,True,False,False,False,cycleway,,yes,,,,track,,,,,,evalue,5.0,5.0,3.0,True,1.7475625763423266
2019,201900028099,VELO,En agglomération,cycleway,401106715,ile-de-france-190101.geoparquet,ile-de-france-190101.geoparquet,retrouvee,False,4.953432460810489,False,matched,2,0,0,0,1,True,False,1,3,True,False,False,cycleway_trajectoires_et_acces_a_verifier,True,False,False,False,cycleway,,,,,,,,,,yes,,evalue,3.0,2.0,2.0,False,26.639677975831457
2019,201900028317,VELO,En agglomération,cycleway,542793131,alsace-190101.geoparquet,alsace-190101.geoparquet,retrouvee,False,0.8863596046943102,False,matched,2,0,0,0,1,True,False,1,3,True,False,False,cycleway_trajectoires_et_acces_a_verifier,True,False,False,False,cycleway,,,,,,,,,,,,evalue,3.0,2.0,0.0,False,
2019,201900028464,VELO,Hors agglomération,residential,219271736,poitou-charentes-190101.geoparquet,poitou-charentes-190101.geoparquet,retrouvee,False,31.77257654282294,True,matched,2,0,0,0,1,True,False,1,6,True,False,False,pas_de_conclusion_juridique_automatique,False,False,False,True,residential,,,,,,,,,,,Chemin Rural de Guron à Nieul,,,,,False,
2019,201900028492,VELO,En agglomération,cycleway,236559501,alsace-190101.geoparquet,alsace-190101.geoparquet,retrouvee,False,1.3210398990364767,False,matched,2,0,1,0,1,True,True,1,3,True,False,False,cycleway_trajectoires_et_acces_a_verifier,True,False,False,False,cycleway,,,,asphalt,,,,,,,,evalue,5.0,4.0,1.0,True,3.1196346116884044
2019,201900028849,VELO,En agglomération,cycleway,24795659,bretagne-190101.geoparquet,bretagne-190101.geoparquet,retrouvee,False,1.7226572090646464,False,matched,2,0,1,0,1,True,True,3,3,True,True,False,cycleway_trajectoires_et_acces_a_verifier,True,False,False,False,cycleway,,designated,,,,,,,,,,evalue,15.0,13.0,2.0,True,3.9176781719966556
2019,201900029044,VELO,En agglomération,service,627120074,centre-190101.geoparquet,centre-190101.geoparquet,retrouvee,False,81.30966517742498,True,matched,1,1,0,0,0,False,False,1,6,True,False,False,pas_de_conclusion_juridique_automatique,False,False,False,True,service,,,,,,,,,10,,,,,,,False,
2019,201900029258,VELO,En agglomération,cycleway,186291024,poitou-charentes-190101.geoparquet,poitou-charentes-190101.geoparquet,retrouvee,False,1.4065439580639363,False,matched,2,0,0,0,1,True,False,1,3,True,False,False,cycleway_trajectoires_et_acces_a_verifier,True,False,False,False,cycleway,,yes,,,,,,,,no,,evalue,3.0,3.0,0.0,False,
2019,201900029905,VELO,Hors agglomération,unclassified,154662132,rhone-alpes-190101.geoparquet,rhone-alpes-190101.geoparquet,retrouvee,False,76.52285185343418,True,matched,2,0,0,0,1,True,False,1,1,True,False,False,pas_de_conclusion_juridique_automatique,False,False,False,True,unclassified,,,,,,,,,,,Chemin de Conzy,,,,,False,
2019,201900030080,VELO,En agglomération,residential,22736858,ile-de-france-190101.geoparquet,ile-de-france-190101.geoparquet,retrouvee,False,56.80371880987131,True,matched,2,0,0,0,1,True,False,1,3,True,False,True,pas_de_conclusion_juridique_automatique,False,False,False,True,residential,,,,asphalt,,opposite,,,30,yes,Rue de l'Égalité,,,,,False,
2019,201900030302,VELO,En agglomération,cycleway,36948588,ile-de-france-190101.geoparquet,ile-de-france-190101.geoparquet,retrouvee,False,0.9581635353753947,False,matched,2,0,1,0,1,True,True,1,3,True,False,False,cycleway_trajectoires_et_acces_a_verifier,True,False,False,False,cycleway,,,,,,,,,,yes,,evalue,4.0,3.0,1.0,False,23.05849323951214
2019,201900030966,VELO,En agglomération,,,aquitaine-190101.geoparquet,aquitaine-190101.geoparquet,osm_way_id_absent,False,,True,unmatched,1,0,0,0,0,False,False,1,7,True,False,False,pas_de_conclusion_juridique_automatique,False,False,False,True,,,,,,,,,,,,,,,,,False,
2019,201900030970,VELO,En agglomération,cycleway,40796983,midi-pyrenees-190101.geoparquet,midi-pyrenees-190101.geoparquet,retrouvee,False,3.614655810419455,False,matched,2,0,1,0,1,True,True,1,1,True,False,False,cycleway_trajectoires_et_acces_a_verifier,True,False,False,False,cycleway,,,,,,,,,,,Chemin de Saint-Pierre,evalue,7.0,5.0,1.0,True,5.647651371394335
2019,201900031801,VELO,En agglomération,residential,4039622,ile-de-france-190101.geoparquet,ile-de-france-190101.geoparquet,retrouvee,False,45.264209389765384,True,matched,1,1,0,0,0,False,False,1,6,True,False,False,pas_de_conclusion_juridique_automatique,False,False,False,True,residential,,,,,,,,,,yes,Avenue Silvestre de Sacy,,,,,False,
2019,201900031963,VELO,En agglomération,cycleway,632419482,reunion-190101.geoparquet,reunion-190101.geoparquet,retrouvee,False,6.84444460491559,False,matched,2,0,1,0,1,True,True,6,3,True,True,False,cycleway_trajectoires_et_acces_a_verifier,True,False,False,False,cycleway,,,,,,,,,,,,evalue,2.0,2.0,1.0,False,18.400413514261963
2019,201900033116,VELO,En agglomération,unclassified,458532593,alsace-190101.geoparquet,alsace-190101.geoparquet,retrouvee,False,30.63856380479371,True,matched,2,0,1,0,1,True,True,6,2,True,True,False,pas_de_conclusion_juridique_automatique,False,False,False,True,unclassified,,,,asphalt,,,,,,,,,,,,False,
2019,201900033495,VELO,Hors agglomération,secondary,131836300,midi-pyrenees-190101.geoparquet,midi-pyrenees-190101.geoparquet,retrouvee,False,32.01025694776105,True,matched,2,0,0,0,0,False,False,6,2,True,True,False,pas_de_conclusion_juridique_automatique,False,False,False,True,secondary,,,,,,,,,,,Rue des Pyrénées,,,,,False,
2019,201900034070,VELO,En agglomération,cycleway,541858777,reunion-190101.geoparquet,reunion-190101.geoparquet,retrouvee,False,0.2537757611091015,False,matched,2,0,1,0,1,True,True,2,3,True,True,False,cycleway_trajectoires_et_acces_a_verifier,True,False,False,False,cycleway,,,,,,,,,,,,evalue,3.0,3.0,2.0,True,3.9438748909040533
2019,201900034214,VELO,En agglomération,cycleway,169503990,pays-de-la-loire-190101.geoparquet,pays-de-la-loire-190101.geoparquet,retrouvee,False,1.2915019601183706,False,matched,2,0,1,0,1,True,True,1,3,True,False,False,cycleway_trajectoires_et_acces_a_verifier,True,False,False,False,cycleway,,yes,,asphalt,,,,,,,,evalue,3.0,3.0,2.0,True,3.22919000879768
2019,201900034772,VELO,En agglomération,cycleway,215255786,aquitaine-190101.geoparquet,aquitaine-190101.geoparquet,retrouvee,False,1.9339824368206917,False,matched,2,0,1,0,1,True,True,3,3,True,True,False,cycleway_trajectoires_et_acces_a_verifier,True,False,False,False,cycleway,,,,,,,,,,,,evalue,8.0,8.0,5.0,False,16.397415273638895
2019,201900035245,VELO,En agglomération,service,641220720,aquitaine-190101.geoparquet,aquitaine-190101.geoparquet,retrouvee,False,94.67344015297091,True,matched,2,0,1,0,1,True,True,1,2,True,False,False,pas_de_conclusion_juridique_automatique,False,False,False,True,service,private,,,,,,,,,,,,,,,False,
2019,201900035296,VELO,Hors agglomération,cycleway,167489555,basse-normandie-190101.geoparquet,basse-normandie-190101.geoparquet,retrouvee,False,5.704846895208396,False,matched,2,0,1,0,1,True,True,1,1,True,False,False,cycleway_trajectoires_et_acces_a_verifier,True,False,False,False,cycleway,,,,,,,,,,yes,Rue Jean Jaurès,evalue,4.0,2.0,0.0,False,
2019,201900035442,VELO,En agglomération,cycleway,451609047,champagne-ardenne-190101.geoparquet,champagne-ardenne-190101.geoparquet,retrouvee,False,0.6624063288594471,False,matched,2,0,1,0,1,True,True,1,2,True,False,False,cycleway_trajectoires_et_acces_a_verifier,True,False,False,False,cycleway,,,,,,,,,,,,evalue,3.0,1.0,0.0,False,
2019,201900035459,VELO,En agglomération,cycleway,85538601,centre-190101.geoparquet,centre-190101.geoparquet,retrouvee,False,1.7003932574501448,False,matched,2,0,1,0,1,True,True,6,3,True,True,False,cycleway_trajectoires_et_acces_a_verifier,True,False,False,False,cycleway,,,,,,,,,,,,evalue,4.0,4.0,1.0,False,21.54640232649564
2019,201900035790,VELO,En agglomération,service,299213487,alsace-190101.geoparquet,alsace-190101.geoparquet,retrouvee,False,39.20484956228471,True,matched,1,1,0,0,0,False,False,1,6,True,False,False,pas_de_conclusion_juridique_automatique,False,False,False,True,service,,,,,,,,,,,,,,,,False,
2019,201900036096,VELO,En agglomération,secondary,486111247,provence-alpes-cote-d-azur-190101.geoparquet,provence-alpes-cote-d-azur-190101.geoparquet,retrouvee,False,40.14568485639045,True,matched,4,0,1,0,1,True,True,1,5,True,False,False,pas_de_conclusion_juridique_automatique,False,False,False,True,secondary,,,,,,,,,,,Avenue de la Libération,,,,,False,
2019,201900036182,VELO,En agglomération,cycleway,206003426,ile-de-france-190101.geoparquet,ile-de-france-190101.geoparquet,retrouvee,False,0.05239790361628014,False,matched,2,0,1,0,1,True,True,1,6,True,False,True,cycleway_trajectoires_et_acces_a_verifier,True,False,False,False,cycleway,,,,,,sidewalk,,,,yes,Avenue Corentin Cariou,evalue,2.0,2.0,1.0,False,82.61370925387388
2019,201900036632,VELO,En agglomération,,,aquitaine-190101.geoparquet,aquitaine-190101.geoparquet,osm_way_id_absent,False,,True,unmatched,2,0,1,0,1,True,True,6,3,True,True,False,pas_de_conclusion_juridique_automatique,False,False,False,True,,,,,,,,,,,,,,,,,False,
2019,201900036790,VELO,En agglomération,cycleway,88634144,alsace-190101.geoparquet,alsace-190101.geoparquet,retrouvee,False,0.6640910941678557,False,matched,2,0,1,0,1,True,True,3,3,True,True,False,cycleway_trajectoires_et_acces_a_verifier,True,False,False,False,cycleway,,,,,,,,,,yes,,evalue,4.0,2.0,1.0,True,3.065402315411507
2019,201900036842,VELO,En agglomération,residential,44838545,centre-190101.geoparquet,centre-190101.geoparquet,retrouvee,False,56.177186842781445,True,matched,2,0,1,0,1,True,True,1,3,True,False,False,pas_de_conclusion_juridique_automatique,False,False,False,True,residential,,,,,,,,,30,yes,Rue des Oiseaux,,,,,False,
2019,201900037337,VELO,En agglomération,cycleway,217654409,picardie-190101.geoparquet,picardie-190101.geoparquet,retrouvee,False,1.324492560717545,False,matched,2,0,1,0,1,True,True,1,3,True,False,False,cycleway_trajectoires_et_acces_a_verifier,True,False,False,False,cycleway,,designated,,asphalt,,,,,,,,evalue,3.0,3.0,0.0,False,
2019,201900037381,VELO,En agglomération,cycleway,252692548,aquitaine-190101.geoparquet,aquitaine-190101.geoparquet,retrouvee,False,2.3722001154018333,False,matched,2,0,1,0,1,True,True,9,3,True,True,False,cycleway_trajectoires_et_acces_a_verifier,True,False,False,False,cycleway,,,,,,,,,,,,evalue,1.0,1.0,0.0,False,
2019,201900037415,VELO,En agglomération,residential,613681411,lorraine-190101.geoparquet,lorraine-190101.geoparquet,retrouvee,False,42.32863285581446,True,matched,1,2,0,0,0,False,False,1,7,True,False,False,pas_de_conclusion_juridique_automatique,False,False,False,True,residential,,,,paved,,,,,30,yes,Rue Gambetta,,,,,False,
2019,201900037938,VELO,Hors agglomération,,,reunion-190101.geoparquet,reunion-190101.geoparquet,osm_way_id_absent,False,,True,unmatched,2,0,1,0,1,True,True,1,2,True,False,False,pas_de_conclusion_juridique_automatique,False,False,False,True,,,,,,,,,,,,,,,,,False,
2019,201900038256,VELO,En agglomération,cycleway,154951922,ile-de-france-190101.geoparquet,ile-de-france-190101.geoparquet,retrouvee,False,1.1492809622237374,False,matched,2,0,0,0,1,True,False,2,3,True,True,True,cycleway_trajectoires_et_acces_a_verifier,True,False,False,False,cycleway,,,,,,on_street,,,,,,evalue,8.0,8.0,2.0,True,5.857370648683665
2019,201900038544,VELO,En agglomération,secondary,338986406,champagne-ardenne-190101.geoparquet,champagne-ardenne-190101.geoparquet,retrouvee,False,33.883887578975504,True,matched,1,0,0,0,0,False,False,1,7,True,False,False,pas_de_conclusion_juridique_automatique,False,False,False,True,secondary,,,,,,,,,,,Rue de Maraye,,,,,False,
2019,201900038561,VELO,En agglomération,cycleway,104110015,rhone-alpes-190101.geoparquet,rhone-alpes-190101.geoparquet,retrouvee,False,0.22462856620783558,False,matched,2,0,1,0,1,True,True,3,3,True,True,False,cycleway_trajectoires_et_acces_a_verifier,True,False,False,False,cycleway,,,,,,,,,,yes,Avenue Camille Rousset,evalue,3.0,2.0,2.0,True,2.0601680794184927
2019,201900038634,VELO,En agglomération,cycleway,105721794,aquitaine-190101.geoparquet,aquitaine-190101.geoparquet,retrouvee,False,0.5115946420559808,False,matched,2,0,1,0,1,True,True,1,3,True,False,False,cycleway_trajectoires_et_acces_a_verifier,True,False,False,False,cycleway,,,,,,,,,,yes,,evalue,2.0,1.0,1.0,False,316.820582096619
2019,201900038888,VELO,En agglomération,cycleway,451950969,lorraine-190101.geoparquet,lorraine-190101.geoparquet,retrouvee,False,1.4420994908922145,False,matched,2,0,1,0,1,True,True,3,3,True,True,False,cycleway_trajectoires_et_acces_a_verifier,True,False,False,False,cycleway,,,,,good,,,,,yes,,evalue,5.0,5.0,5.0,True,4.61982037651268
2019,201900038897,VELO,En agglomération,cycleway,396607639,bretagne-190101.geoparquet,bretagne-190101.geoparquet,retrouvee,False,2.3629197539809574,False,matched,2,0,1,0,1,True,True,1,3,True,False,False,cycleway_trajectoires_et_acces_a_verifier,True,False,False,False,cycleway,permissive,permissive,no,asphalt,,,,,,yes,,evalue,11.0,11.0,2.0,False,10.657379349508561
2019,201900039150,VELO,En agglomération,cycleway,381943803,aquitaine-190101.geoparquet,aquitaine-190101.geoparquet,retrouvee,False,0.3523454577900412,False,matched,2,0,1,0,1,True,True,3,3,True,True,False,cycleway_trajectoires_et_acces_a_verifier,True,False,False,False,cycleway,,,,,,,,,,,,evalue,6.0,6.0,4.0,True,1.2662108457961123
2019,201900039161,VELO,En agglomération,cycleway,659336149,midi-pyrenees-190101.geoparquet,midi-pyrenees-190101.geoparquet,retrouvee,False,1.2728012854688195,False,matched,2,0,1,0,1,True,True,1,2,True,False,True,cycleway_trajectoires_et_acces_a_verifier,True,False,False,False,cycleway,,,,asphalt,,sidewalk,,,,yes,,evalue,2.0,2.0,1.0,False,152.27793998217302
2019,201900039195,VELO,En agglomération,,,basse-normandie-190101.geoparquet,basse-normandie-190101.geoparquet,osm_way_id_absent,False,,True,unmatched,2,0,1,0,1,True,True,1,3,True,False,False,pas_de_conclusion_juridique_automatique,False,False,False,True,,,,,,,,,,,,,,,,,False,
2019,201900039448,VELO,En agglomération,cycleway,587878952,ile-de-france-190101.geoparquet,ile-de-france-190101.geoparquet,retrouvee,False,17.39121152976556,False,matched,2,0,1,0,1,True,True,3,3,True,True,False,cycleway_trajectoires_et_acces_a_verifier,True,False,False,False,cycleway,,,,asphalt,excellent,,,,,,Quai de la Pie,evalue,2.0,2.0,1.0,False,17.572837287884326
2019,201900039743,VELO,Hors agglomération,cycleway,27554450,provence-alpes-cote-d-azur-190101.geoparquet,provence-alpes-cote-d-azur-190101.geoparquet,retrouvee,False,0.5616019578597296,False,matched,2,0,0,0,1,True,False,5,2,True,True,False,cycleway_trajectoires_et_acces_a_verifier,True,False,False,False,cycleway,,,,,,,,,,,Piste Cyclable Toulon-Hyères,evalue,3.0,3.0,1.0,True,4.100546249812519
2019,201900039802,VELO,En agglomération,primary,5087573,rhone-alpes-190101.geoparquet,rhone-alpes-190101.geoparquet,retrouvee,False,31.33151809582557,True,matched,2,0,1,0,1,True,True,1,3,True,False,True,pas_de_conclusion_juridique_automatique,False,False,False,True,primary,,,,asphalt,,lane,,,80,yes,Avenue de Bourg en Bresse,,,,,False,
2019,201900039811,VELO,En agglomération,cycleway,130043446,languedoc-roussillon-190101.geoparquet,languedoc-roussillon-190101.geoparquet,retrouvee,False,1.7961106319692006,False,matched,2,0,1,0,1,True,True,9,6,True,True,False,cycleway_trajectoires_et_acces_a_verifier,True,False,False,False,cycleway,,yes,,,,,,,,yes,,evalue,6.0,4.0,1.0,True,2.3603011494812614
2019,201900040161,VELO,En agglomération,cycleway,607979644,ile-de-france-190101.geoparquet,ile-de-france-190101.geoparquet,retrouvee,False,2.4535044997224267,False,matched,2,0,0,0,1,True,False,1,3,True,False,False,cycleway_trajectoires_et_acces_a_verifier,True,False,False,False,cycleway,,,,asphalt,,,,,,no,Rue Saint-Antoine,evalue,1.0,1.0,0.0,False,
2019,201900040266,VELO,Hors agglomération,service,243072899,bourgogne-190101.geoparquet,bourgogne-190101.geoparquet,retrouvee,False,57.80974612587928,True,matched,2,0,1,0,1,True,True,1,3,True,False,False,pas_de_conclusion_juridique_automatique,False,False,False,True,service,,,,asphalt,,,,,,yes,,,,,,False,
2019,201900040419,VELO,En agglomération,cycleway,108310871,ile-de-france-190101.geoparquet,ile-de-france-190101.geoparquet,retrouvee,False,26.939344727487804,False,matched,2,0,0,0,1,True,False,1,3,True,False,False,cycleway_trajectoires_et_acces_a_verifier,True,False,False,False,cycleway,,,,,,,,,,yes,Avenue du Stade de France,evalue,0.0,0.0,0.0,False,
2019,201900041194,VELO,En agglomération,cycleway,318326088,ile-de-france-190101.geoparquet,ile-de-france-190101.geoparquet,retrouvee,False,0.11702354230449935,False,matched,2,0,0,0,1,True,False,6,6,True,True,False,cycleway_trajectoires_et_acces_a_verifier,True,False,False,False,cycleway,,,,,,,,,,,,evalue,6.0,6.0,1.0,True,6.752491385856134
2019,201900041219,VELO,En agglomération,service,209343250,ile-de-france-190101.geoparquet,ile-de-france-190101.geoparquet,retrouvee,False,35.73118939170768,True,matched,2,0,1,0,1,True,True,1,3,True,False,False,pas_de_conclusion_juridique_automatique,False,False,False,True,service,private,,,,,,,,,yes,,,,,,False,
2019,201900041334,VELO,En agglomération,cycleway,362976011,ile-de-france-190101.geoparquet,ile-de-france-190101.geoparquet,retrouvee,False,0.8244628333048479,False,matched,2,0,1,0,1,True,True,4,3,True,True,True,cycleway_trajectoires_et_acces_a_verifier,True,False,False,False,cycleway,,,,,,sidewalk,,,,,Mail des Minimes,evalue,6.0,5.0,1.0,True,1.6012012638734334
2019,201900041366,VELO,En agglomération,cycleway,216409892,ile-de-france-190101.geoparquet,ile-de-france-190101.geoparquet,retrouvee,False,0.5844338193564983,False,matched,2,0,0,0,1,True,False,1,3,True,False,False,cycleway_trajectoires_et_acces_a_verifier,True,False,False,False,cycleway,,,,,,,,,,yes,,evalue,7.0,6.0,4.0,False,20.585815675445335
2019,201900041654,VELO,En agglomération,cycleway,219327911,ile-de-france-190101.geoparquet,ile-de-france-190101.geoparquet,retrouvee,False,26.95167283734228,False,matched,2,0,0,0,1,True,False,1,3,True,False,False,cycleway_trajectoires_et_acces_a_verifier,True,False,False,False,cycleway,,,,,,,,,,yes,,evalue,0.0,0.0,0.0,False,
2019,201900042344,VELO,En agglomération,cycleway,459155646,languedoc-roussillon-190101.geoparquet,languedoc-roussillon-190101.geoparquet,retrouvee,False,0.6049851806504549,False,matched,2,0,0,0,1,True,False,1,3,True,False,False,cycleway_trajectoires_et_acces_a_verifier,True,False,False,False,cycleway,no,designated,,,,,,,,yes,,evalue,6.0,5.0,1.0,True,1.7228324862103788
2019,201900042962,VELO,En agglomération,cycleway,531972254,ile-de-france-190101.geoparquet,ile-de-france-190101.geoparquet,retrouvee,False,2.8860933094204784,False,matched,2,0,0,0,1,True,False,6,3,True,True,False,cycleway_trajectoires_et_acces_a_verifier,True,False,False,False,cycleway,,,,,,,,,,,,evalue,10.0,10.0,2.0,True,4.59541706207495
2019,201900043393,VELO,Hors agglomération,tertiary,164931822,aquitaine-190101.geoparquet,aquitaine-190101.geoparquet,retrouvee,False,64.23146028249177,True,matched,2,0,0,0,1,True,False,1,3,True,False,False,pas_de_conclusion_juridique_automatique,False,False,False,True,tertiary,,,,,,,,,,,Route des Pyrénées,,,,,False,
2019,201900043471,VELO,Hors agglomération,cycleway,500419616,poitou-charentes-190101.geoparquet,poitou-charentes-190101.geoparquet,retrouvee,False,0.6596973585713137,False,matched,2,0,1,0,1,True,True,6,3,True,True,False,cycleway_trajectoires_et_acces_a_verifier,True,False,False,False,cycleway,,,,sand,,,,,,,,evalue,7.0,6.0,3.0,True,1.593451593828142
2019,201900043628,VELO,En agglomération,,,languedoc-roussillon-190101.geoparquet,languedoc-roussillon-190101.geoparquet,osm_way_id_absent,False,,True,unmatched,2,0,1,0,1,True,True,9,2,True,True,False,pas_de_conclusion_juridique_automatique,False,False,False,True,,,,,,,,,,,,,,,,,False,
2019,201900044366,VELO,En agglomération,cycleway,139718643,alsace-190101.geoparquet,alsace-190101.geoparquet,retrouvee,False,0.41721282624310224,False,matched,2,0,1,0,1,True,True,1,3,True,False,False,cycleway_trajectoires_et_acces_a_verifier,True,False,False,False,cycleway,,,,,,,,,,,,evalue,11.0,7.0,3.0,True,0.8726279360046472
2019,201900044850,VELO,En agglomération,cycleway,175740623,provence-alpes-cote-d-azur-190101.geoparquet,provence-alpes-cote-d-azur-190101.geoparquet,retrouvee,False,3.0569947841673892,False,matched,2,0,1,0,1,True,True,6,3,True,True,False,cycleway_trajectoires_et_acces_a_verifier,True,False,False,False,cycleway,,,,,,,,,,,,evalue,4.0,4.0,2.0,False,27.006274813552654
2019,201900044868,VELO,En agglomération,tertiary,46771927,alsace-190101.geoparquet,alsace-190101.geoparquet,retrouvee,False,31.84749246888145,True,matched,1,0,0,0,0,False,False,1,7,True,False,False,pas_de_conclusion_juridique_automatique,False,False,False,True,tertiary,,,,,,,,,,,Rue Principale,,,,,False,
2019,201900044898,VELO,Hors agglomération,cycleway,194737484,poitou-charentes-190101.geoparquet,poitou-charentes-190101.geoparquet,retrouvee,False,2.9021281570772195,False,matched,2,0,1,0,1,True,True,9,3,True,True,True,cycleway_trajectoires_et_acces_a_verifier,True,False,False,False,cycleway,,,,,,lane,,,,,,evalue,6.0,5.0,1.0,True,4.600231994931809
2019,201900045081,VELO,En agglomération,service,168606968,ile-de-france-190101.geoparquet,ile-de-france-190101.geoparquet,retrouvee,False,64.73443692765987,True,matched,2,0,1,0,1,True,True,1,3,True,False,False,pas_de_conclusion_juridique_automatique,False,False,False,True,service,,,,,,,,,,yes,,,,,,False,
2019,201900045134,VELO,En agglomération,cycleway,240643600,champagne-ardenne-190101.geoparquet,champagne-ardenne-190101.geoparquet,retrouvee,False,9.711495937598363,False,matched,2,0,1,0,1,True,True,1,3,True,False,False,cycleway_trajectoires_et_acces_a_verifier,True,False,False,False,cycleway,,,,asphalt,,,,,,yes,,evalue,3.0,3.0,1.0,False,15.423883250088858
2019,201900045226,VELO,En agglomération,cycleway,551326635,provence-alpes-cote-d-azur-190101.geoparquet,provence-alpes-cote-d-azur-190101.geoparquet,retrouvee,False,3.42599009332771,False,matched,2,0,1,0,1,True,True,1,3,True,False,False,cycleway_trajectoires_et_acces_a_verifier,True,False,False,False,cycleway,,,,,,,,,,yes,,evalue,3.0,3.0,1.0,False,132.3366003352325
2019,201900045704,VELO,En agglomération,unclassified,43996792,poitou-charentes-190101.geoparquet,poitou-charentes-190101.geoparquet,retrouvee,False,64.19295422353687,True,matched,2,0,1,0,1,True,True,1,3,True,False,False,pas_de_conclusion_juridique_automatique,False,False,False,True,unclassified,,,,,,,,,,,Chemin Rural,,,,,False,
2019,201900045924,VELO,En agglomération,cycleway,171916768,aquitaine-190101.geoparquet,aquitaine-190101.geoparquet,retrouvee,False,1.2069341537614853,False,matched,3,0,1,0,1,True,True,1,5,True,False,False,cycleway_trajectoires_et_acces_a_verifier,True,False,False,False,cycleway,,,,asphalt,excellent,,,,,,,evalue,6.0,5.0,5.0,True,3.971439798511061
2019,201900046054,VELO,En agglomération,cycleway,425912224,ile-de-france-190101.geoparquet,ile-de-france-190101.geoparquet,retrouvee,False,2.110399980114213,False,matched,2,0,0,0,1,True,False,2,3,True,True,False,cycleway_trajectoires_et_acces_a_verifier,True,False,False,False,cycleway,,,,,,,,,,,,evalue,6.0,5.0,1.0,True,3.7364083441479563
2019,201900046258,VELO,En agglomération,cycleway,183655705,alsace-190101.geoparquet,alsace-190101.geoparquet,retrouvee,False,0.9618285723623475,False,matched,2,0,1,0,1,True,True,3,3,True,True,False,cycleway_trajectoires_et_acces_a_verifier,True,False,False,False,cycleway,,,,,,,,,,yes,,evalue,13.0,7.0,2.0,True,1.4401850115095145
2019,201900046480,VELO,En agglomération,cycleway,26150661,languedoc-roussillon-190101.geoparquet,languedoc-roussillon-190101.geoparquet,retrouvee,False,0.27665571091570784,False,matched,2,0,1,0,1,True,True,1,3,True,False,False,cycleway_trajectoires_et_acces_a_verifier,True,False,False,False,cycleway,,,,,,,,,,,,evalue,10.0,7.0,2.0,True,1.2981498449755762
2019,201900046507,VELO,Hors agglomération,track,547415179,provence-alpes-cote-d-azur-190101.geoparquet,provence-alpes-cote-d-azur-190101.geoparquet,retrouvee,False,65.89392964334118,True,matched,1,0,0,0,0,False,False,1,7,True,False,False,pas_de_conclusion_juridique_automatique,False,False,False,True,track,,,,,,,,,,,,,,,,False,
2019,201900046529,VELO,En agglomération,cycleway,386791660,ile-de-france-190101.geoparquet,ile-de-france-190101.geoparquet,retrouvee,False,4.498762354852526,False,matched,2,0,1,0,1,True,True,1,6,True,False,False,cycleway_trajectoires_et_acces_a_verifier,True,False,False,False,cycleway,,,,,,,,,,yes,,evalue,7.0,6.0,1.0,False,95.13989288148285
2019,201900046988,VELO,En agglomération,cycleway,191842432,alsace-190101.geoparquet,alsace-190101.geoparquet,retrouvee,False,3.7465216293203385,False,matched,2,0,0,0,1,True,False,1,3,True,False,False,cycleway_trajectoires_et_acces_a_verifier,True,False,False,False,cycleway,,,,,,,,,,,,evalue,1.0,1.0,0.0,False,
2019,201900047546,VELO,En agglomération,cycleway,225952214,alsace-190101.geoparquet,alsace-190101.geoparquet,retrouvee,False,1.5383953801248158,False,matched,2,1,1,0,1,True,True,1,1,True,False,False,cycleway_trajectoires_et_acces_a_verifier,True,False,False,False,cycleway,,,,,,,,,,,,evalue,10.0,6.0,2.0,True,2.45768582318581
2019,201900047729,VELO,En agglomération,residential,12713902,ile-de-france-190101.geoparquet,ile-de-france-190101.geoparquet,retrouvee,False,40.31711187687129,True,matched,2,0,1,0,1,True,True,4,3,True,True,False,pas_de_conclusion_juridique_automatique,False,False,False,True,residential,,,,asphalt,,,,,,,Rue de Lourmel,,,,,False,
2019,201900048445,VELO,En agglomération,residential,59699514,nord-pas-de-calais-190101.geoparquet,nord-pas-de-calais-190101.geoparquet,retrouvee,False,39.54832066611535,True,matched,2,0,1,0,1,True,True,9,3,True,True,False,pas_de_conclusion_juridique_automatique,False,False,False,True,residential,,,,,,,,,,,Rue de l'Épi d'Or,,,,,False,
2019,201900048662,VELO,En agglomération,cycleway,244426113,basse-normandie-190101.geoparquet,basse-normandie-190101.geoparquet,retrouvee,False,0.12845298756782425,False,matched,2,0,1,0,1,True,True,3,3,True,True,False,cycleway_trajectoires_et_acces_a_verifier,True,False,False,False,cycleway,,,,,,,,,,,,evalue,8.0,6.0,2.0,True,5.0843341697958415
2019,201900048707,VELO,Hors agglomération,primary,394357391,champagne-ardenne-190101.geoparquet,champagne-ardenne-190101.geoparquet,retrouvee,False,31.464492602321947,True,matched,2,0,1,0,1,True,True,1,2,True,False,False,pas_de_conclusion_juridique_automatique,False,False,False,True,primary,,,,,,,,,,,,,,,,False,
2019,201900049757,VELO,En agglomération,cycleway,93215338,aquitaine-190101.geoparquet,aquitaine-190101.geoparquet,retrouvee,False,1.311907854895555,False,matched,2,0,1,0,1,True,True,2,3,True,True,False,cycleway_trajectoires_et_acces_a_verifier,True,False,False,False,cycleway,,,,,,,,,,,,evalue,7.0,7.0,1.0,True,3.2962470977644664
2019,201900050126,VELO,En agglomération,cycleway,35109985,alsace-190101.geoparquet,alsace-190101.geoparquet,retrouvee,False,0.5064244430382266,False,matched,2,0,1,0,1,True,True,1,3,True,False,True,cycleway_trajectoires_et_acces_a_verifier,True,False,False,False,cycleway,,,,,,segregated,,,,,Allée Denis Diderot,evalue,3.0,1.0,1.0,True,1.2115545017031204
2019,201900050330,VELO,Hors agglomération,cycleway,44787327,alsace-190101.geoparquet,alsace-190101.geoparquet,retrouvee,False,96.75893792581029,True,matched,2,0,1,0,1,True,True,3,3,True,True,False,cycleway_trajectoires_et_acces_a_verifier,True,False,False,True,cycleway,,,,paved,,,,,50,yes,,evalue,0.0,0.0,0.0,False,
2019,201900050492,VELO,Hors agglomération,tertiary,356077480,bourgogne-190101.geoparquet,bourgogne-190101.geoparquet,retrouvee,False,35.41995003588354,True,matched,2,0,0,0,0,False,False,1,6,True,False,False,pas_de_conclusion_juridique_automatique,False,False,False,True,tertiary,,,,,,,,,,,Rue de la Perrière,,,,,False,
2019,201900050696,VELO,En agglomération,cycleway,239022373,alsace-190101.geoparquet,alsace-190101.geoparquet,retrouvee,False,3.163862958187957,False,matched,2,0,1,0,1,True,True,1,6,True,False,False,cycleway_trajectoires_et_acces_a_verifier,True,False,False,False,cycleway,,,,paved,,,,,,yes,,evalue,3.0,3.0,0.0,False,
2019,201900050958,VELO,Hors agglomération,tertiary,120480295,provence-alpes-cote-d-azur-190101.geoparquet,provence-alpes-cote-d-azur-190101.geoparquet,retrouvee,False,30.46398322526945,True,matched,2,0,1,0,1,True,True,1,1,True,False,False,pas_de_conclusion_juridique_automatique,False,False,False,True,tertiary,,,,,,,,,,,,,,,,False,
2019,201900051173,VELO,Hors agglomération,cycleway,395690914,bretagne-190101.geoparquet,bretagne-190101.geoparquet,retrouvee,False,0.282230407795099,False,matched,2,0,1,0,1,True,True,6,3,True,True,False,cycleway_trajectoires_et_acces_a_verifier,True,False,False,False,cycleway,,,,,,,,,,,,evalue,11.0,10.0,3.0,True,1.9287258893810937
2019,201900051190,VELO,En agglomération,cycleway,137218763,languedoc-roussillon-190101.geoparquet,languedoc-roussillon-190101.geoparquet,retrouvee,False,1.0875578807194919,False,matched,2,0,1,0,1,True,True,1,3,True,False,False,cycleway_trajectoires_et_acces_a_verifier,True,False,False,False,cycleway,,,,,,,,,,,,evalue,3.0,3.0,1.0,True,2.346422071291233
2019,201900051282,VELO,En agglomération,cycleway,33141552,midi-pyrenees-190101.geoparquet,midi-pyrenees-190101.geoparquet,retrouvee,False,0.39907341569609694,False,matched,2,0,1,0,1,True,True,1,3,True,False,False,cycleway_trajectoires_et_acces_a_verifier,True,False,False,False,cycleway,,,,,,,,,,,,evalue,5.0,5.0,2.0,True,5.364916625352013
2019,201900051351,VELO,En agglomération,residential,452098604,languedoc-roussillon-190101.geoparquet,languedoc-roussillon-190101.geoparquet,retrouvee,False,53.50029897267196,True,matched,2,0,1,0,1,True,True,3,3,True,True,False,pas_de_conclusion_juridique_automatique,False,False,False,True,residential,,,,asphalt,,,,,30,yes,Boulevard Sarrail,,,,,False,
2019,201900052022,VELO,En agglomération,cycleway,230565402,champagne-ardenne-190101.geoparquet,champagne-ardenne-190101.geoparquet,retrouvee,False,1.8689717843404303,False,matched,2,0,1,0,1,True,True,1,3,True,False,False,cycleway_trajectoires_et_acces_a_verifier,True,False,False,False,cycleway,,,,,,,,,,yes,,evalue,7.0,4.0,1.0,True,6.61093142021324
2019,201900052429,VELO,En agglomération,cycleway,167218775,nord-pas-de-calais-190101.geoparquet,nord-pas-de-calais-190101.geoparquet,retrouvee,False,0.11958382179820462,False,matched,2,0,0,0,1,True,False,9,3,True,True,False,cycleway_trajectoires_et_acces_a_verifier,True,False,False,False,cycleway,,designated,,asphalt,,,,,,yes,,evalue,6.0,4.0,0.0,False,
2019,201900052460,VELO,En agglomération,residential,38960997,ile-de-france-190101.geoparquet,ile-de-france-190101.geoparquet,retrouvee,False,37.389935370195595,True,matched,1,1,0,0,0,False,False,1,6,True,False,False,pas_de_conclusion_juridique_automatique,False,False,False,True,residential,,,,,,,,,,,Rue Philippe Pinel,,,,,False,
2019,201900052538,VELO,En agglomération,cycleway,195939206,aquitaine-190101.geoparquet,aquitaine-190101.geoparquet,retrouvee,False,2.6913059607215155,False,matched,2,0,1,0,1,True,True,1,2,True,False,False,cycleway_trajectoires_et_acces_a_verifier,True,False,False,False,cycleway,,,,asphalt,intermediate,,,,,yes,,evalue,2.0,1.0,0.0,False,
2019,201900053092,VELO,En agglomération,cycleway,450630902,provence-alpes-cote-d-azur-190101.geoparquet,provence-alpes-cote-d-azur-190101.geoparquet,retrouvee,False,3.558324970873045,False,matched,3,0,1,0,2,True,True,1,5,True,False,False,cycleway_trajectoires_et_acces_a_verifier,True,False,False,False,cycleway,,,,,,,,,,,,evalue,3.0,2.0,0.0,False,
2019,201900053221,VELO,En agglomération,cycleway,190348114,rhone-alpes-190101.geoparquet,rhone-alpes-190101.geoparquet,retrouvee,False,1.1277016449524597,False,matched,2,0,0,0,1,True,False,6,3,True,True,True,cycleway_trajectoires_et_acces_a_verifier,True,False,False,False,cycleway,,,,,,track,,,,,,evalue,9.0,7.0,2.0,True,1.9504317155101054
2019,201900053249,VELO,En agglomération,cycleway,232417036,midi-pyrenees-190101.geoparquet,midi-pyrenees-190101.geoparquet,retrouvee,False,5.423068184242957,False,matched,2,0,0,0,1,True,False,1,3,True,False,False,cycleway_trajectoires_et_acces_a_verifier,True,False,False,False,cycleway,,,,,,,,,,yes,Boulevard des Minimes,evalue,3.0,2.0,1.0,False,95.29045309387239
2019,201900053253,VELO,En agglomération,cycleway,208448263,midi-pyrenees-190101.geoparquet,midi-pyrenees-190101.geoparquet,retrouvee,False,3.148898904742767,False,matched,2,0,1,0,1,True,True,1,3,True,False,False,cycleway_trajectoires_et_acces_a_verifier,True,False,False,False,cycleway,,,,,,,,,,,,evalue,1.0,1.0,0.0,False,
2019,201900053436,VELO,En agglomération,cycleway,137107694,rhone-alpes-190101.geoparquet,rhone-alpes-190101.geoparquet,retrouvee,False,2.4307112703363316,False,matched,2,0,1,0,1,True,True,1,6,True,False,False,cycleway_trajectoires_et_acces_a_verifier,True,False,False,False,cycleway,,,,,,,,,,yes,,evalue,2.0,1.0,1.0,False,78.77014145301408
2019,201900053463,VELO,En agglomération,,,mayotte-190101.geoparquet,mayotte-190101.geoparquet,osm_way_id_absent,False,,True,unmatched,2,0,1,0,1,True,True,1,1,True,False,False,pas_de_conclusion_juridique_automatique,False,False,False,True,,,,,,,,,,,,,,,,,False,
2019,201900054234,VELO,En agglomération,secondary,304774808,provence-alpes-cote-d-azur-190101.geoparquet,provence-alpes-cote-d-azur-190101.geoparquet,retrouvee,False,34.40379045346627,True,matched,2,0,1,0,1,True,True,1,2,True,False,False,pas_de_conclusion_juridique_automatique,False,False,False,True,secondary,,,,,,,,,,yes,,,,,,False,
2019,201900054330,VELO,En agglomération,service,526139605,centre-190101.geoparquet,centre-190101.geoparquet,retrouvee,False,32.47727312226721,True,matched,2,0,1,0,1,True,True,2,3,True,True,False,pas_de_conclusion_juridique_automatique,False,False,False,True,service,,,,,,,,,,,,,,,,False,
2019,201900054727,VELO,En agglomération,cycleway,25467233,ile-de-france-190101.geoparquet,ile-de-france-190101.geoparquet,retrouvee,False,1.9413709236133299,False,matched,2,0,1,0,1,True,True,1,6,True,False,True,cycleway_trajectoires_et_acces_a_verifier,True,False,False,False,cycleway,,,,asphalt,,sidewalk,,,,,Rue Villiot,evalue,1.0,1.0,1.0,False,18.98054893220006
2019,201900055039,VELO,En agglomération,primary,52984779,ile-de-france-190101.geoparquet,ile-de-france-190101.geoparquet,retrouvee,False,37.03455652056514,True,matched,2,0,0,0,1,True,False,1,3,True,False,True,pas_de_conclusion_juridique_automatique,False,False,False,True,primary,,,,,,,,lane,,yes,Avenue de la Porte de La Chapelle,,,,,False,
2019,201900055251,VELO,En agglomération,cycleway,294840616,ile-de-france-190101.geoparquet,ile-de-france-190101.geoparquet,retrouvee,False,0.05541234551007541,False,matched,2,0,1,0,1,True,True,2,6,True,True,True,cycleway_trajectoires_et_acces_a_verifier,True,False,False,False,cycleway,,,,,,on_street,,,,,Rue Louis Lumière,evalue,3.0,3.0,1.0,True,8.470021937294154
2019,201900055441,VELO,En agglomération,cycleway,286918277,alsace-190101.geoparquet,alsace-190101.geoparquet,retrouvee,False,2.6819643403691455,False,matched,2,0,0,0,1,True,False,1,3,True,False,False,cycleway_trajectoires_et_acces_a_verifier,True,False,False,False,cycleway,,,,,,,,,,,,evalue,4.0,3.0,1.0,True,7.697661375629212
2019,201900055785,VELO,Hors agglomération,,,provence-alpes-cote-d-azur-190101.geoparquet,provence-alpes-cote-d-azur-190101.geoparquet,osm_way_id_absent,False,,True,unmatched,1,0,0,0,0,False,False,1,7,True,False,False,pas_de_conclusion_juridique_automatique,False,False,False,True,,,,,,,,,,,,,,,,,False,
2019,201900056094,VELO,En agglomération,,,basse-normandie-190101.geoparquet,basse-normandie-190101.geoparquet,osm_way_id_absent,False,,True,unmatched,2,0,1,0,1,True,True,3,1,True,True,False,pas_de_conclusion_juridique_automatique,False,False,False,True,,,,,,,,,,,,,,,,,False,
2019,201900056363,VELO,Hors agglomération,tertiary,105833502,nord-pas-de-calais-190101.geoparquet,nord-pas-de-calais-190101.geoparquet,retrouvee,False,32.63595277019386,True,matched,1,0,0,0,0,False,False,1,6,True,False,False,pas_de_conclusion_juridique_automatique,False,False,False,True,tertiary,,,,,,,,,,,,,,,,False,
2019,201900056394,VELO,En agglomération,cycleway,400285508,ile-de-france-190101.geoparquet,ile-de-france-190101.geoparquet,retrouvee,False,0.47770961861997724,False,matched,2,0,1,0,1,True,True,2,3,True,True,True,cycleway_trajectoires_et_acces_a_verifier,True,False,False,False,cycleway,,,,,,on_street,,,,yes,Boulevard Richard Lenoir,evalue,3.0,3.0,1.0,True,0.6792871953081614
2019,201900056513,VELO,En agglomération,cycleway,459155646,languedoc-roussillon-190101.geoparquet,languedoc-roussillon-190101.geoparquet,retrouvee,False,0.47858779902483595,False,matched,2,0,1,0,1,True,True,1,3,True,False,False,cycleway_trajectoires_et_acces_a_verifier,True,False,False,False,cycleway,no,designated,,,,,,,,yes,,evalue,9.0,8.0,4.0,True,2.257553953879354
2019,201900056517,VELO,En agglomération,track,221392876,languedoc-roussillon-190101.geoparquet,languedoc-roussillon-190101.geoparquet,retrouvee,False,39.48780765042152,True,matched,2,0,0,0,0,False,False,2,3,True,True,False,pas_de_conclusion_juridique_automatique,False,False,False,True,track,,,,,,,,,,,,,,,,False,
2019,201900056549,VELO,En agglomération,cycleway,185094763,aquitaine-190101.geoparquet,aquitaine-190101.geoparquet,retrouvee,False,0.1270010287888629,False,matched,2,0,0,0,1,True,False,3,3,True,True,False,cycleway_trajectoires_et_acces_a_verifier,True,False,False,False,cycleway,,,,asphalt,,,,,,,,evalue,10.0,9.0,1.0,True,0.6884204103221407
2019,201900056938,VELO,En agglomération,cycleway,657014803,ile-de-france-190101.geoparquet,ile-de-france-190101.geoparquet,retrouvee,False,0.23074320869701834,False,matched,2,0,0,0,1,True,False,5,3,True,True,False,cycleway_trajectoires_et_acces_a_verifier,True,False,False,False,cycleway,,,,,,,,,,yes,,evalue,7.0,7.0,4.0,True,3.7192997598493016
2019,201900058281,VELO,En agglomération,cycleway,89920378,alsace-190101.geoparquet,alsace-190101.geoparquet,retrouvee,False,1.6681275722782039,False,matched,2,0,0,0,1,True,False,3,3,True,True,False,cycleway_trajectoires_et_acces_a_verifier,True,False,False,False,cycleway,,,,,,,,,,,,evalue,3.0,3.0,2.0,False,90.9101104250845
2019,201900058547,VELO,En agglomération,cycleway,456453678,ile-de-france-190101.geoparquet,ile-de-france-190101.geoparquet,retrouvee,False,16.091839822098887,False,matched,2,0,1,0,1,True,True,4,3,True,True,False,cycleway_trajectoires_et_acces_a_verifier,True,False,False,False,cycleway,,,,,,,,,,,Quai Jean Compagnon,evalue,3.0,3.0,0.0,False,
2019,201900000062,VAE,En agglomération,cycleway,22977502,aquitaine-190101.geoparquet,aquitaine-190101.geoparquet,retrouvee,False,0.794420340432913,False,matched,2,0,1,0,1,True,True,3,3,True,True,False,cycleway_trajectoires_et_acces_a_verifier,True,False,False,False,cycleway,,,,,,,,,,yes,,evalue,3.0,3.0,2.0,True,2.003883422569647
2019,201900001561,VAE,En agglomération,cycleway,573168135,ile-de-france-190101.geoparquet,ile-de-france-190101.geoparquet,retrouvee,False,4.873906919637433,False,matched,2,0,1,0,1,True,True,2,2,True,True,False,cycleway_trajectoires_et_acces_a_verifier,True,False,False,False,cycleway,,,,,,,,,,yes,Avenue Jean Baptiste Clément,evalue,9.0,7.0,3.0,True,8.668103448536753
2019,201900014162,VAE,En agglomération,cycleway,432809725,pays-de-la-loire-190101.geoparquet,pays-de-la-loire-190101.geoparquet,retrouvee,False,1.0075053936500171,False,matched,2,0,1,0,1,True,True,1,3,True,False,False,cycleway_trajectoires_et_acces_a_verifier,True,False,False,False,cycleway,,,,,,,,,,yes,,evalue,3.0,2.0,1.0,False,225.41282961548706
2019,201900015658,VAE,En agglomération,cycleway,89486633,centre-190101.geoparquet,centre-190101.geoparquet,retrouvee,False,0.5717564651432698,False,matched,2,0,1,0,1,True,True,9,6,True,True,False,cycleway_trajectoires_et_acces_a_verifier,True,False,False,False,cycleway,,,,,,,,,,,,evalue,7.0,7.0,2.0,True,2.065288011808664
2019,201900021582,VAE,En agglomération,cycleway,205229339,rhone-alpes-190101.geoparquet,rhone-alpes-190101.geoparquet,retrouvee,False,7.3391440372384675,False,matched,2,0,1,0,1,True,True,2,3,True,True,False,cycleway_trajectoires_et_acces_a_verifier,True,False,False,False,cycleway,,designated,,,,,,,,,,evalue,1.0,1.0,0.0,False,
2019,201900033819,VAE,En agglomération,cycleway,319176003,champagne-ardenne-190101.geoparquet,champagne-ardenne-190101.geoparquet,retrouvee,False,1.676550049255104,False,matched,2,0,1,0,1,True,True,6,3,True,True,False,cycleway_trajectoires_et_acces_a_verifier,True,False,False,False,cycleway,,,,,,,,,,,,evalue,7.0,7.0,4.0,False,11.254944612337438
2019,201900052522,VAE,En agglomération,cycleway,315122537,bretagne-190101.geoparquet,bretagne-190101.geoparquet,retrouvee,False,1.1408269288770576,False,matched,2,0,1,0,1,True,True,6,3,True,True,False,cycleway_trajectoires_et_acces_a_verifier,True,False,False,False,cycleway,,,,,,,,,,yes,,evalue,11.0,8.0,2.0,True,3.654646376921648
2019,201900056544,VAE,En agglomération,cycleway,166055344,languedoc-roussillon-190101.geoparquet,languedoc-roussillon-190101.geoparquet,retrouvee,False,0.9775392882617489,False,matched,2,0,1,0,1,True,True,1,3,True,False,False,cycleway_trajectoires_et_acces_a_verifier,True,False,False,False,cycleway,,,,,,,,,,,,evalue,4.0,3.0,2.0,True,2.023262679471692
2019,201900000855,EDPM,Hors agglomération,tertiary,4348883,rhone-alpes-190101.geoparquet,rhone-alpes-190101.geoparquet,retrouvee,False,0.11999804632382265,False,matched,2,0,1,0,1,True,True,2,3,True,True,False,route_hors_agglo_autorisation_locale_a_verifier,False,True,False,False,tertiary,,,,,,,,,50,,Chemin du Pré-Jacquet,evalue,3.0,3.0,2.0,True,3.900355792113713
2019,201900002314,EDPM,En agglomération,cycleway,324716591,alsace-190101.geoparquet,alsace-190101.geoparquet,retrouvee,False,1.6231719015686383,False,matched,2,0,0,0,1,True,False,1,3,True,False,False,cycleway_trajectoires_et_acces_a_verifier,True,False,False,False,cycleway,,,,,,,,,,yes,,evalue,4.0,3.0,1.0,True,2.4051477825781866
2019,201900004802,EDPM,Hors agglomération,unclassified,126057760,haute-normandie-190101.geoparquet,haute-normandie-190101.geoparquet,retrouvee,False,0.6840592461575437,False,matched,2,0,1,0,1,True,True,4,1,True,True,False,route_hors_agglo_autorisation_locale_a_verifier,False,True,False,False,unclassified,,,,,,,,,,,,evalue,1.0,1.0,1.0,False,118.04573474424905
2019,201900006987,EDPM,En agglomération,unclassified,159488121,ile-de-france-190101.geoparquet,ile-de-france-190101.geoparquet,retrouvee,False,81.94652322908976,True,matched,2,0,0,0,0,False,False,1,1,True,False,False,pas_de_conclusion_juridique_automatique,False,False,False,True,unclassified,yes,no,,asphalt,,,,,30,yes,Souterrain Grande Boucle (Voie BCL),,,,,False,
2019,201900008954,EDPM,En agglomération,cycleway,608058386,ile-de-france-190101.geoparquet,ile-de-france-190101.geoparquet,retrouvee,False,1.4871944627205815,False,matched,2,0,0,0,1,True,False,3,3,True,True,False,cycleway_trajectoires_et_acces_a_verifier,True,False,False,False,cycleway,,,,asphalt,good,,,,,no,Rue d'Aubervilliers,evalue,7.0,6.0,1.0,True,3.7387466227618185
2019,201900011169,EDPM,Hors agglomération,primary,30149524,guyane-190101.geoparquet,guyane-190101.geoparquet,retrouvee,False,0.3722621246404754,False,matched,2,0,0,0,1,True,False,6,3,True,True,False,route_hors_agglo_autorisation_locale_a_verifier,False,True,False,False,primary,,,,asphalt,,,,,80,,Rond-Point les Maringouins,evalue,3.0,3.0,3.0,True,9.918776255930329
2019,201900011351,EDPM,En agglomération,cycleway,37098477,ile-de-france-190101.geoparquet,ile-de-france-190101.geoparquet,retrouvee,False,1.8583239900379447,False,matched,2,0,1,0,1,True,True,1,3,True,False,False,cycleway_trajectoires_et_acces_a_verifier,True,False,False,False,cycleway,,,,,,,,,,yes,,evalue,6.0,5.0,0.0,False,
2019,201900011824,EDPM,Hors agglomération,,,ile-de-france-190101.geoparquet,ile-de-france-190101.geoparquet,osm_way_id_absent,False,,True,unmatched,2,0,1,0,1,True,True,1,2,True,False,False,pas_de_conclusion_juridique_automatique,False,False,False,True,,,,,,,,,,,,,,,,,False,
2019,201900011997,EDPM,En agglomération,cycleway,609971410,ile-de-france-190101.geoparquet,ile-de-france-190101.geoparquet,retrouvee,False,7.5589373927388,False,matched,2,0,0,0,1,True,False,1,3,True,False,False,cycleway_trajectoires_et_acces_a_verifier,True,False,False,False,cycleway,,,,,,,,,,yes,Rue de Châteaudun,evalue,1.0,1.0,1.0,False,20.38068393054724
2019,201900012446,EDPM,Hors agglomération,trunk,221092697,ile-de-france-190101.geoparquet,ile-de-france-190101.geoparquet,retrouvee,False,0.502220321878056,False,matched,2,0,0,0,1,True,False,1,6,True,False,False,route_hors_agglo_autorisation_locale_a_verifier,False,True,False,False,trunk,,no,,asphalt,,,,,70,yes,,evalue,2.0,2.0,0.0,False,
2019,201900014699,EDPM,En agglomération,residential,48349682,ile-de-france-190101.geoparquet,ile-de-france-190101.geoparquet,retrouvee,False,63.98263498045878,True,matched,2,0,1,0,1,True,True,9,3,True,True,True,pas_de_conclusion_juridique_automatique,False,False,False,True,residential,,,,asphalt,,,track,lane,,,Avenue Charles Garcia,,,,,False,
2019,201900030692,EDPM,En agglomération,cycleway,134022813,ile-de-france-190101.geoparquet,ile-de-france-190101.geoparquet,retrouvee,False,0.9479808010865864,False,matched,2,0,1,0,1,True,True,1,3,True,False,False,cycleway_trajectoires_et_acces_a_verifier,True,False,False,False,cycleway,,,,,,,,,,,,evalue,2.0,2.0,1.0,False,456.85028932055064
2019,201900036019,EDPM,En agglomération,cycleway,52511722,ile-de-france-190101.geoparquet,ile-de-france-190101.geoparquet,retrouvee,False,0.39761675551683356,False,matched,2,0,0,0,1,True,False,2,3,True,True,True,cycleway_trajectoires_et_acces_a_verifier,True,False,False,False,cycleway,,,,asphalt,,sidewalk,,,,yes,Boulevard Victor,evalue,11.0,7.0,2.0,True,2.8900339517785287
2019,201900037371,EDPM,En agglomération,cycleway,105586451,alsace-190101.geoparquet,alsace-190101.geoparquet,retrouvee,False,1.273974110914115,False,matched,2,0,1,0,1,True,True,3,3,True,True,False,cycleway_trajectoires_et_acces_a_verifier,True,False,False,False,cycleway,,,,,,,,,,,,evalue,8.0,7.0,3.0,True,2.143951438502456
2019,201900038928,EDPM,En agglomération,cycleway,336848124,ile-de-france-190101.geoparquet,ile-de-france-190101.geoparquet,retrouvee,False,0.3351342571895409,False,matched,2,0,1,0,1,True,True,1,3,True,False,False,cycleway_trajectoires_et_acces_a_verifier,True,False,False,False,cycleway,,,,asphalt,,,,,,,Avenue Pablo Picasso,evalue,3.0,3.0,2.0,True,5.303136405893796
2019,201900039018,EDPM,Hors agglomération,tertiary,23565909,rhone-alpes-190101.geoparquet,rhone-alpes-190101.geoparquet,retrouvee,False,0.4365677016797528,False,matched,1,0,0,0,0,False,False,1,6,True,False,False,route_hors_agglo_autorisation_locale_a_verifier,False,True,False,False,tertiary,,,,,,,,,80,,,evalue,0.0,0.0,0.0,False,
2019,201900046055,EDPM,En agglomération,cycleway,79315552,ile-de-france-190101.geoparquet,ile-de-france-190101.geoparquet,retrouvee,False,1.2713828343639102,False,matched,2,0,0,0,1,True,False,3,3,True,True,False,cycleway_trajectoires_et_acces_a_verifier,True,False,False,False,cycleway,,,,,,,,,,,Avenue Rhin et Danube,evalue,6.0,6.0,1.0,True,2.108477289245138
2019,201900050537,EDPM,Hors agglomération,secondary,28443939,reunion-190101.geoparquet,reunion-190101.geoparquet,retrouvee,False,0.4377032413307762,False,matched,1,0,0,0,0,False,False,9,7,True,True,False,route_hors_agglo_autorisation_locale_a_verifier,False,True,False,False,secondary,,,,asphalt,,,,,,yes,Mon Caprice,evalue,2.0,2.0,2.0,True,7.421306923572383
2019,201900052576,EDPM,En agglomération,residential,32497783,ile-de-france-190101.geoparquet,ile-de-france-190101.geoparquet,retrouvee,False,47.13277875553731,True,matched,1,0,0,0,0,False,False,1,7,True,False,False,pas_de_conclusion_juridique_automatique,False,False,False,True,residential,,,,,,,,,,yes,Rue Jules Cuillerier,,,,,False,
2019,201900052870,EDPM,En agglomération,cycleway,424899809,centre-190101.geoparquet,centre-190101.geoparquet,retrouvee,False,0.3113923619361547,False,matched,2,0,1,0,1,True,True,2,3,True,True,False,cycleway_trajectoires_et_acces_a_verifier,True,False,False,False,cycleway,,,,,,,,,,,Rue de la Gare,evalue,2.0,2.0,1.0,True,2.73438342903744
2019,201900053773,EDPM,En agglomération,cycleway,372047786,nord-pas-de-calais-190101.geoparquet,nord-pas-de-calais-190101.geoparquet,retrouvee,False,0.6052006781642578,False,matched,2,0,1,0,1,True,True,6,3,True,True,False,cycleway_trajectoires_et_acces_a_verifier,True,False,False,False,cycleway,,designated,,asphalt,,,,,,,,evalue,6.0,6.0,3.0,False,11.408567785187355
2019,201900058263,EDPM,En agglomération,cycleway,191588716,rhone-alpes-190101.geoparquet,rhone-alpes-190101.geoparquet,retrouvee,False,0.15558617799545893,False,matched,2,0,1,0,1,True,True,9,3,True,True,False,cycleway_trajectoires_et_acces_a_verifier,True,False,False,False,cycleway,,,,,,,,,,,,evalue,6.0,5.0,1.0,True,4.554737251176047
2019,201900000456,CYCLO,En agglomération,cycleway,236570857,ile-de-france-190101.geoparquet,ile-de-france-190101.geoparquet,retrouvee,False,0.928537688114209,False,matched,2,0,1,1,1,True,True,3,3,True,True,False,cycleway_trajectoires_et_acces_a_verifier,False,False,True,False,cycleway,,,,,,,,,,,,evalue,7.0,6.0,1.0,True,6.31662834593944
2019,201900003357,CYCLO,Hors agglomération,residential,31032715,provence-alpes-cote-d-azur-190101.geoparquet,provence-alpes-cote-d-azur-190101.geoparquet,retrouvee,False,46.253922273708916,True,matched,2,0,1,1,1,True,True,1,3,True,False,False,pas_de_conclusion_juridique_automatique,False,False,False,True,residential,,,,,excellent,,,,,,Via Aurelia,,,,,False,
2019,201900004180,CYCLO,Hors agglomération,cycleway,187044856,rhone-alpes-190101.geoparquet,rhone-alpes-190101.geoparquet,retrouvee,False,0.47339343155961333,False,matched,2,0,1,1,1,True,True,3,3,True,True,False,cycleway_trajectoires_et_acces_a_verifier,False,False,True,False,cycleway,,,,,excellent,,,,,,,evalue,5.0,4.0,3.0,True,0.8167875023295132
2019,201900004310,CYCLO,En agglomération,residential,136091009,aquitaine-190101.geoparquet,aquitaine-190101.geoparquet,retrouvee,False,41.37478890909289,True,matched,2,0,1,1,1,True,True,1,3,True,False,False,pas_de_conclusion_juridique_automatique,False,False,False,True,residential,,,,,,,,,,,Rue Isidore Salles,,,,,False,
2019,201900006688,CYCLO,En agglomération,residential,36894819,bretagne-190101.geoparquet,bretagne-190101.geoparquet,retrouvee,False,35.17589538588832,True,matched,1,0,0,1,0,False,False,1,6,True,False,False,pas_de_conclusion_juridique_automatique,False,False,False,True,residential,,,,paved,,,,,,,Rue de la Forêt,,,,,False,
2019,201900006818,CYCLO,En agglomération,residential,193097154,aquitaine-190101.geoparquet,aquitaine-190101.geoparquet,retrouvee,False,45.814683041601256,True,matched,2,0,1,1,1,True,True,1,1,True,False,False,pas_de_conclusion_juridique_automatique,False,False,False,True,residential,,,,,,,,,50,yes,Chemin Plaza Ondoa,,,,,False,
2019,201900006907,CYCLO,Hors agglomération,,,pays-de-la-loire-190101.geoparquet,pays-de-la-loire-190101.geoparquet,osm_way_id_absent,False,,True,unmatched,2,0,1,1,1,True,True,1,3,True,False,False,pas_de_conclusion_juridique_automatique,False,False,False,True,,,,,,,,,,,,,,,,,False,
2019,201900006998,CYCLO,Hors agglomération,cycleway,181326612,poitou-charentes-190101.geoparquet,poitou-charentes-190101.geoparquet,retrouvee,False,7.375770717892296,False,matched,2,0,1,1,1,True,True,1,1,True,False,False,cycleway_trajectoires_et_acces_a_verifier,False,False,True,False,cycleway,,designated,,asphalt,,,,,,no,,evalue,1.0,1.0,0.0,False,
2019,201900007729,CYCLO,En agglomération,residential,327235139,picardie-190101.geoparquet,picardie-190101.geoparquet,retrouvee,False,45.6750344256916,True,matched,2,0,0,1,1,True,False,1,2,True,False,False,pas_de_conclusion_juridique_automatique,False,False,False,True,residential,,,,,,,,,,yes,Rue Raphaël,,,,,False,
2019,201900007806,CYCLO,En agglomération,cycleway,114127273,ile-de-france-190101.geoparquet,ile-de-france-190101.geoparquet,retrouvee,False,13.310294378616899,False,matched,2,0,1,1,1,True,True,3,3,True,True,False,cycleway_trajectoires_et_acces_a_verifier,False,False,True,False,cycleway,,designated,,concrete:plates,,,,,,,Quai Blanqui,evalue,1.0,1.0,1.0,False,364.4883647620107
2019,201900007955,CYCLO,En agglomération,track,118937381,provence-alpes-cote-d-azur-190101.geoparquet,provence-alpes-cote-d-azur-190101.geoparquet,retrouvee,False,96.9340660644901,True,matched,1,1,0,1,0,False,False,1,6,True,False,False,pas_de_conclusion_juridique_automatique,False,False,False,True,track,,,,,,,,,,,,,,,,False,
2019,201900008677,CYCLO,En agglomération,,,mayotte-190101.geoparquet,mayotte-190101.geoparquet,osm_way_id_absent,False,,True,unmatched,2,0,1,1,1,True,True,1,1,True,False,False,pas_de_conclusion_juridique_automatique,False,False,False,True,,,,,,,,,,,,,,,,,False,
2019,201900008684,CYCLO,Hors agglomération,motorway,102221554,nord-pas-de-calais-190101.geoparquet,nord-pas-de-calais-190101.geoparquet,retrouvee,False,86.77164188772409,True,matched,1,0,0,1,0,False,False,1,6,True,False,False,pas_de_conclusion_juridique_automatique,False,False,False,True,motorway,,,,,,,,,130,yes,,,,,,False,
2019,201900009272,CYCLO,En agglomération,,,basse-normandie-190101.geoparquet,basse-normandie-190101.geoparquet,osm_way_id_absent,False,,True,unmatched,2,0,0,1,1,True,False,1,2,True,False,False,pas_de_conclusion_juridique_automatique,False,False,False,True,,,,,,,,,,,,,,,,,False,
2019,201900009580,CYCLO,En agglomération,service,422447152,reunion-190101.geoparquet,reunion-190101.geoparquet,retrouvee,False,31.714583904634797,True,matched,2,0,1,1,1,True,True,1,3,True,False,False,pas_de_conclusion_juridique_automatique,False,False,False,True,service,,,,,,,,,,,Impasse des Mimosas,,,,,False,
2019,201900010492,CYCLO,Hors agglomération,residential,246576291,alsace-190101.geoparquet,alsace-190101.geoparquet,retrouvee,False,38.801921416349686,True,matched,2,0,0,2,0,False,False,1,2,True,False,False,pas_de_conclusion_juridique_automatique,False,False,False,True,residential,,,,,,,,,,,Rue des Châtaigniers,,,,,False,
2019,201900010693,CYCLO,En agglomération,secondary,173043203,limousin-190101.geoparquet,limousin-190101.geoparquet,retrouvee,False,49.482070352636974,True,matched,2,0,1,1,1,True,True,6,3,True,True,False,pas_de_conclusion_juridique_automatique,False,False,False,True,secondary,,,,asphalt,,,,,50,yes,Avenue Pasteur,,,,,False,
2019,201900010915,CYCLO,En agglomération,,,centre-190101.geoparquet,centre-190101.geoparquet,osm_way_id_absent,False,,True,unmatched,2,0,1,1,1,True,True,1,1,True,False,False,pas_de_conclusion_juridique_automatique,False,False,False,True,,,,,,,,,,,,,,,,,False,
2019,201900010938,CYCLO,En agglomération,residential,32490374,ile-de-france-190101.geoparquet,ile-de-france-190101.geoparquet,retrouvee,False,41.945910364895404,True,matched,2,0,1,1,1,True,True,3,3,True,True,False,pas_de_conclusion_juridique_automatique,False,False,False,True,residential,,,,,,,,,,,Avenue Jean Moulin,,,,,False,
2019,201900010984,CYCLO,Hors agglomération,secondary,453295614,reunion-190101.geoparquet,reunion-190101.geoparquet,retrouvee,False,54.591622703086685,True,matched,1,0,0,1,0,False,False,1,7,True,False,False,pas_de_conclusion_juridique_automatique,False,False,False,True,secondary,,yes,,asphalt,,,,,50,,Route des Canots,,,,,False,
2019,201900011219,CYCLO,Hors agglomération,unclassified,201802053,reunion-190101.geoparquet,reunion-190101.geoparquet,retrouvee,False,63.839039203246955,True,matched,2,0,1,1,1,True,True,1,2,True,False,False,pas_de_conclusion_juridique_automatique,False,False,False,True,unclassified,,,,,,,,,,,Chemin des Anglais,,,,,False,
2019,201900011946,CYCLO,En agglomération,cycleway,600769002,aquitaine-190101.geoparquet,aquitaine-190101.geoparquet,retrouvee,False,0.0714672132092266,False,matched,2,0,1,1,1,True,True,2,1,True,True,False,cycleway_trajectoires_et_acces_a_verifier,False,False,True,False,cycleway,,,,,,,,,,,,evalue,16.0,6.0,3.0,True,2.2155761245358727
2019,201900012285,CYCLO,Hors agglomération,residential,283675664,lorraine-190101.geoparquet,lorraine-190101.geoparquet,retrouvee,False,69.91459356873823,True,matched,1,0,0,1,0,False,False,1,7,True,False,False,pas_de_conclusion_juridique_automatique,False,False,False,True,residential,,,,,,,,,,,Chemin du Jard,,,,,False,
2019,201900012792,CYCLO,Hors agglomération,tertiary,43091304,centre-190101.geoparquet,centre-190101.geoparquet,retrouvee,False,52.074751644513235,True,matched,1,0,0,1,0,False,False,1,7,True,False,False,pas_de_conclusion_juridique_automatique,False,False,False,True,tertiary,,,,,,,,,50,,Grand-Rue,,,,,False,
2019,201900012861,CYCLO,En agglomération,cycleway,233786211,pays-de-la-loire-190101.geoparquet,pays-de-la-loire-190101.geoparquet,retrouvee,False,1.510852213057021,False,matched,2,0,1,1,1,True,True,2,3,True,True,False,cycleway_trajectoires_et_acces_a_verifier,False,False,True,False,cycleway,,yes,no,asphalt,,,,,,yes,,evalue,7.0,5.0,4.0,True,5.64533133710313
2019,201900013030,CYCLO,En agglomération,residential,25884178,pays-de-la-loire-190101.geoparquet,pays-de-la-loire-190101.geoparquet,retrouvee,False,37.62258499695018,True,matched,2,0,1,1,1,True,True,1,3,True,False,False,pas_de_conclusion_juridique_automatique,False,False,False,True,residential,,,,,,,,,,,Chemin de l'Abreuvoir,,,,,False,
2019,201900013230,CYCLO,En agglomération,cycleway,389920986,pays-de-la-loire-190101.geoparquet,pays-de-la-loire-190101.geoparquet,retrouvee,False,1.9744988373822976,False,matched,2,0,1,1,1,True,True,1,3,True,False,False,cycleway_trajectoires_et_acces_a_verifier,False,False,True,False,cycleway,,,,,,,,,,yes,,evalue,6.0,5.0,1.0,False,18.635050636546893
2019,201900015598,CYCLO,En agglomération,primary,659556391,nord-pas-de-calais-190101.geoparquet,nord-pas-de-calais-190101.geoparquet,retrouvee,False,52.88340409356304,True,matched,2,0,0,1,1,True,False,1,2,True,False,False,pas_de_conclusion_juridique_automatique,False,False,False,True,primary,,,,,,,,,,,,,,,,False,
2019,201900016030,CYCLO,Hors agglomération,unclassified,316869794,pays-de-la-loire-190101.geoparquet,pays-de-la-loire-190101.geoparquet,retrouvee,False,32.788623094146324,True,matched,1,0,0,1,0,False,False,1,6,True,False,True,pas_de_conclusion_juridique_automatique,False,False,False,True,unclassified,,,,asphalt,,no,,,50,no,Route de Cormes,,,,,False,
2019,201900016063,CYCLO,Hors agglomération,motorway,170670704,pays-de-la-loire-190101.geoparquet,pays-de-la-loire-190101.geoparquet,retrouvee,False,31.533698281351025,True,matched,1,0,0,1,0,False,False,1,6,True,False,False,pas_de_conclusion_juridique_automatique,False,False,False,True,motorway,,,,asphalt,,,,,110,yes,,,,,,False,
2019,201900017269,CYCLO,En agglomération,cycleway,248054549,alsace-190101.geoparquet,alsace-190101.geoparquet,retrouvee,False,0.807725653782282,False,matched,2,0,0,1,0,False,False,1,1,True,False,False,cycleway_trajectoires_et_acces_a_verifier,False,False,True,False,cycleway,,yes,,,,,,,,,,evalue,6.0,5.0,2.0,False,23.95646108065673
2019,201900017965,CYCLO,Hors agglomération,residential,38000867,alsace-190101.geoparquet,alsace-190101.geoparquet,retrouvee,False,32.281288654404165,True,matched,2,0,1,1,1,True,True,1,2,True,False,False,pas_de_conclusion_juridique_automatique,False,False,False,True,residential,,,,,,,,,,,Rue de l'Église,,,,,False,
2019,201900018363,CYCLO,En agglomération,residential,116484935,nord-pas-de-calais-190101.geoparquet,nord-pas-de-calais-190101.geoparquet,retrouvee,False,61.52571715344355,True,matched,1,0,0,1,0,False,False,1,7,True,False,False,pas_de_conclusion_juridique_automatique,False,False,False,True,residential,,,,,,,,,,,Rue de Fourmies,,,,,False,
2019,201900018688,CYCLO,En agglomération,cycleway,108310871,ile-de-france-190101.geoparquet,ile-de-france-190101.geoparquet,retrouvee,False,0.8528797188043229,False,matched,2,0,0,1,1,True,False,2,3,True,True,False,cycleway_trajectoires_et_acces_a_verifier,False,False,True,False,cycleway,,,,,,,,,,yes,Avenue du Stade de France,evalue,4.0,4.0,4.0,True,3.5353244038791947
2019,201900019024,CYCLO,Hors agglomération,tertiary,28511221,pays-de-la-loire-190101.geoparquet,pays-de-la-loire-190101.geoparquet,retrouvee,False,41.10544961271121,True,matched,2,0,1,1,1,True,True,1,1,True,False,False,pas_de_conclusion_juridique_automatique,False,False,False,True,tertiary,,,,,,,,,,,Route du Grand Clos,,,,,False,
2019,201900019496,CYCLO,En agglomération,secondary,260351723,ile-de-france-190101.geoparquet,ile-de-france-190101.geoparquet,retrouvee,False,55.66198057254639,True,matched,1,0,0,1,0,False,False,6,7,True,True,False,pas_de_conclusion_juridique_automatique,False,False,False,True,secondary,,,,asphalt,,,,,50,,Route d'Égly,,,,,False,
2019,201900020048,CYCLO,En agglomération,primary,30043736,ile-de-france-190101.geoparquet,ile-de-france-190101.geoparquet,retrouvee,False,34.13573952210548,True,matched,2,0,1,1,1,True,True,1,2,True,False,False,pas_de_conclusion_juridique_automatique,False,False,False,True,primary,,,,,,,,,,,Avenue Henri Barbusse,,,,,False,
2019,201900020310,CYCLO,En agglomération,service,635042313,provence-alpes-cote-d-azur-190101.geoparquet,provence-alpes-cote-d-azur-190101.geoparquet,retrouvee,False,63.82293349114084,True,matched,1,0,0,1,0,False,False,1,6,True,False,False,pas_de_conclusion_juridique_automatique,False,False,False,True,service,,,,,,,,,,,,,,,,False,
2019,201900020612,CYCLO,En agglomération,unclassified,205623278,languedoc-roussillon-190101.geoparquet,languedoc-roussillon-190101.geoparquet,retrouvee,False,74.41939052233393,True,matched,2,0,1,1,1,True,True,1,3,True,False,False,pas_de_conclusion_juridique_automatique,False,False,False,True,unclassified,,designated,,,,,,,,,Chemin des Carrières,,,,,False,
2019,201900020826,CYCLO,Hors agglomération,cycleway,270639112,aquitaine-190101.geoparquet,aquitaine-190101.geoparquet,retrouvee,False,2.994511893263825,False,matched,2,0,1,1,1,True,True,1,1,True,False,False,cycleway_trajectoires_et_acces_a_verifier,False,False,True,False,cycleway,,,,asphalt,,,,,,,Piste Cyclable - Léon Seignosse,evalue,1.0,1.0,0.0,False,
2019,201900020873,CYCLO,Hors agglomération,cycleway,497897375,bretagne-190101.geoparquet,bretagne-190101.geoparquet,retrouvee,False,2.2150342260657103,False,matched,2,0,1,1,1,True,True,1,1,True,False,False,cycleway_trajectoires_et_acces_a_verifier,False,False,True,False,cycleway,,,,,,,,,,,,evalue,1.0,1.0,1.0,False,150.0870539954557
2019,201900021617,CYCLO,En agglomération,residential,241753347,rhone-alpes-190101.geoparquet,rhone-alpes-190101.geoparquet,retrouvee,False,48.336265878054704,True,matched,1,0,0,1,0,False,False,4,7,True,True,False,pas_de_conclusion_juridique_automatique,False,False,False,True,residential,,,,,,,,,,,Rue du Général Chambe,,,,,False,
2019,201900022221,CYCLO,En agglomération,,,guyane-190101.geoparquet,guyane-190101.geoparquet,osm_way_id_absent,False,,True,unmatched,1,1,0,1,0,False,False,1,6,True,False,False,pas_de_conclusion_juridique_automatique,False,False,False,True,,,,,,,,,,,,,,,,,False,
2019,201900025344,CYCLO,En agglomération,residential,120722660,alsace-190101.geoparquet,alsace-190101.geoparquet,retrouvee,False,40.498571565307756,True,matched,2,0,1,1,1,True,True,7,2,True,True,False,pas_de_conclusion_juridique_automatique,False,False,False,True,residential,,,,,,,,,,,Rue de la Gare,,,,,False,
2019,201900025448,CYCLO,En agglomération,cycleway,72880942,aquitaine-190101.geoparquet,aquitaine-190101.geoparquet,retrouvee,False,0.49008512040503155,False,matched,2,0,1,1,1,True,True,1,6,True,False,False,cycleway_trajectoires_et_acces_a_verifier,False,False,True,False,cycleway,,,,,,,,,,,,evalue,1.0,1.0,1.0,False,54.967999870303856
2019,201900025645,CYCLO,En agglomération,service,463640062,aquitaine-190101.geoparquet,aquitaine-190101.geoparquet,retrouvee,False,33.23325785516288,True,matched,2,0,1,1,1,True,True,9,3,True,True,False,pas_de_conclusion_juridique_automatique,False,False,False,True,service,,,,,,,,,,,,,,,,False,
2019,201900026604,CYCLO,Hors agglomération,,,basse-normandie-190101.geoparquet,basse-normandie-190101.geoparquet,osm_way_id_absent,False,,True,unmatched,2,0,1,1,1,True,True,1,1,True,False,False,pas_de_conclusion_juridique_automatique,False,False,False,True,,,,,,,,,,,,,,,,,False,
2019,201900026940,CYCLO,Hors agglomération,cycleway,452150439,centre-190101.geoparquet,centre-190101.geoparquet,retrouvee,False,4.812780297722781,False,matched,2,0,0,1,1,True,False,1,1,True,False,False,cycleway_trajectoires_et_acces_a_verifier,False,False,True,False,cycleway,,,,,,,,,,,,evalue,2.0,1.0,1.0,False,325.0712318882368
2019,201900027279,CYCLO,En agglomération,residential,69323255,lorraine-190101.geoparquet,lorraine-190101.geoparquet,retrouvee,False,31.584641125913084,True,matched,2,0,1,1,1,True,True,3,3,True,True,False,pas_de_conclusion_juridique_automatique,False,False,False,True,residential,,,,,,,,,,,Rue Jeanne d'Arc,,,,,False,
2019,201900027982,CYCLO,En agglomération,cycleway,230142725,midi-pyrenees-190101.geoparquet,midi-pyrenees-190101.geoparquet,retrouvee,False,1.495448521462999,False,matched,2,0,1,1,1,True,True,1,2,True,False,False,cycleway_trajectoires_et_acces_a_verifier,False,False,True,False,cycleway,,,,,,,,,,yes,Route d'Albi,evalue,4.0,3.0,2.0,True,7.508160983296749
2019,201900028936,CYCLO,En agglomération,cycleway,423660251,provence-alpes-cote-d-azur-190101.geoparquet,provence-alpes-cote-d-azur-190101.geoparquet,retrouvee,False,0.08142726760759579,False,matched,2,0,1,1,1,True,True,1,3,True,False,False,cycleway_trajectoires_et_acces_a_verifier,False,False,True,False,cycleway,,,,,,,,,,,,evalue,5.0,4.0,2.0,True,3.0836134938868267
2019,201900029059,CYCLO,En agglomération,cycleway,645712331,centre-190101.geoparquet,centre-190101.geoparquet,retrouvee,False,3.03018618806171,False,matched,2,0,1,1,1,True,True,1,3,True,False,False,cycleway_trajectoires_et_acces_a_verifier,False,False,True,False,cycleway,,,,,,,,,,yes,,evalue,2.0,1.0,0.0,False,
2019,201900029484,CYCLO,En agglomération,residential,31369318,bourgogne-190101.geoparquet,bourgogne-190101.geoparquet,retrouvee,False,32.77738946246962,True,matched,2,0,1,1,1,True,True,6,3,True,True,False,pas_de_conclusion_juridique_automatique,False,False,False,True,residential,,,,,,,,,50,,Rue Alfred Brisset,,,,,False,
2019,201900030533,CYCLO,En agglomération,cycleway,355750986,ile-de-france-190101.geoparquet,ile-de-france-190101.geoparquet,retrouvee,False,3.4201440648042634,False,matched,2,0,0,1,1,True,False,1,3,True,False,False,cycleway_trajectoires_et_acces_a_verifier,False,False,True,False,cycleway,,,,,,,,,,,Avenue d'Alfortville,evalue,5.0,3.0,0.0,False,
2019,201900030586,CYCLO,Hors agglomération,cycleway,411280468,centre-190101.geoparquet,centre-190101.geoparquet,retrouvee,False,1.8659177527750457,False,matched,1,0,0,1,0,False,False,3,6,True,True,False,cycleway_trajectoires_et_acces_a_verifier,False,False,True,False,cycleway,,,,asphalt,,,,,,,Voie Verte de la Vallée de l'Eure,evalue,1.0,0.0,0.0,False,
2019,201900030684,CYCLO,En agglomération,cycleway,95790405,ile-de-france-190101.geoparquet,ile-de-france-190101.geoparquet,retrouvee,False,1.9488415963814323,False,matched,2,0,1,1,1,True,True,1,2,True,False,False,cycleway_trajectoires_et_acces_a_verifier,False,False,True,False,cycleway,,,,,,,,,,no,Avenue Jean Jaurès,evalue,3.0,3.0,1.0,False,42.247456070980185
2019,201900033066,CYCLO,En agglomération,cycleway,239571228,ile-de-france-190101.geoparquet,ile-de-france-190101.geoparquet,retrouvee,False,0.3531580351135305,False,matched,2,0,0,1,1,True,False,1,1,True,False,False,cycleway_trajectoires_et_acces_a_verifier,False,False,True,False,cycleway,,,,,,,,,,no,,evalue,1.0,1.0,0.0,False,
2019,201900033418,CYCLO,En agglomération,cycleway,304399522,provence-alpes-cote-d-azur-190101.geoparquet,provence-alpes-cote-d-azur-190101.geoparquet,retrouvee,False,3.1055878880955046,False,matched,2,0,0,1,1,True,False,1,3,True,False,False,cycleway_trajectoires_et_acces_a_verifier,False,False,True,False,cycleway,,designated,,,,,,,,no,,evalue,5.0,5.0,2.0,False,24.530909762327187
2019,201900034096,CYCLO,Hors agglomération,service,324886177,pays-de-la-loire-190101.geoparquet,pays-de-la-loire-190101.geoparquet,retrouvee,False,39.78638188807211,True,matched,2,0,1,1,1,True,True,1,2,True,False,False,pas_de_conclusion_juridique_automatique,False,False,False,True,service,,,,,,,,,,yes,Place de l'Église,,,,,False,
2019,201900034152,CYCLO,En agglomération,cycleway,559237098,guyane-190101.geoparquet,guyane-190101.geoparquet,retrouvee,False,2.630575466131456,False,matched,2,0,1,1,1,True,True,1,3,True,False,False,cycleway_trajectoires_et_acces_a_verifier,False,False,True,False,cycleway,,,,asphalt,,,,,,yes,,evalue,3.0,2.0,2.0,True,4.830849715566923
2019,201900034244,CYCLO,En agglomération,service,394316918,bretagne-190101.geoparquet,bretagne-190101.geoparquet,retrouvee,False,36.54234260673624,True,matched,2,0,1,1,1,True,True,1,3,True,False,False,pas_de_conclusion_juridique_automatique,False,False,False,True,service,,,,,,,,,,,,,,,,False,
2019,201900034445,CYCLO,En agglomération,,,provence-alpes-cote-d-azur-190101.geoparquet,provence-alpes-cote-d-azur-190101.geoparquet,osm_way_id_absent,False,,True,unmatched,2,0,1,1,1,True,True,1,1,True,False,False,pas_de_conclusion_juridique_automatique,False,False,False,True,,,,,,,,,,,,,,,,,False,
2019,201900036253,CYCLO,En agglomération,cycleway,305061174,ile-de-france-190101.geoparquet,ile-de-france-190101.geoparquet,retrouvee,False,0.791303711482006,False,matched,2,0,0,1,0,False,False,1,3,True,False,False,cycleway_trajectoires_et_acces_a_verifier,False,False,True,False,cycleway,,,,,,,,,,yes,,evalue,4.0,3.0,0.0,False,
2019,201900036958,CYCLO,En agglomération,residential,158270683,basse-normandie-190101.geoparquet,basse-normandie-190101.geoparquet,retrouvee,False,43.05637461659989,True,matched,1,0,0,1,0,False,False,6,6,True,True,False,pas_de_conclusion_juridique_automatique,False,False,False,True,residential,,,,,,,,,,,Rue du Pont des Bernes,,,,,False,
2019,201900037009,CYCLO,Hors agglomération,,,corse-190101.geoparquet,corse-190101.geoparquet,osm_way_id_absent,False,,True,unmatched,2,0,1,1,1,True,True,1,2,True,False,False,pas_de_conclusion_juridique_automatique,False,False,False,True,,,,,,,,,,,,,,,,,False,
2019,201900037011,CYCLO,Hors agglomération,tertiary,279618787,provence-alpes-cote-d-azur-190101.geoparquet,provence-alpes-cote-d-azur-190101.geoparquet,retrouvee,False,93.06867939314903,True,matched,1,0,0,1,0,False,False,1,7,True,False,False,pas_de_conclusion_juridique_automatique,False,False,False,True,tertiary,,,,,,,,,,,Route de Roussillon,,,,,False,
2019,201900037398,CYCLO,En agglomération,tertiary,31364653,bourgogne-190101.geoparquet,bourgogne-190101.geoparquet,retrouvee,False,50.93222181443055,True,matched,2,0,1,1,1,True,True,1,2,True,False,False,pas_de_conclusion_juridique_automatique,False,False,False,True,tertiary,,,,,,,,,50,,Boulevard Victor Hugo,,,,,False,
2019,201900038815,CYCLO,Hors agglomération,cycleway,45724989,languedoc-roussillon-190101.geoparquet,languedoc-roussillon-190101.geoparquet,retrouvee,False,3.703831286511549,False,matched,2,0,1,1,1,True,True,3,3,True,True,False,cycleway_trajectoires_et_acces_a_verifier,False,False,True,False,cycleway,,,,,,,,,,,,evalue,1.0,1.0,0.0,False,
2019,201900039917,CYCLO,En agglomération,service,245238262,aquitaine-190101.geoparquet,aquitaine-190101.geoparquet,retrouvee,False,41.79238267247375,True,matched,2,0,1,1,1,True,True,1,2,True,False,False,pas_de_conclusion_juridique_automatique,False,False,False,True,service,,,,,,,,,,yes,,,,,,False,
2019,201900040426,CYCLO,En agglomération,residential,43200969,ile-de-france-190101.geoparquet,ile-de-france-190101.geoparquet,retrouvee,False,40.10020957962181,True,matched,2,0,1,1,1,True,True,4,3,True,True,False,pas_de_conclusion_juridique_automatique,False,False,False,True,residential,,,,,,,,,,yes,Rue Louise Michel,,,,,False,
2019,201900040659,CYCLO,En agglomération,cycleway,123392429,pays-de-la-loire-190101.geoparquet,pays-de-la-loire-190101.geoparquet,retrouvee,False,1.108504873269702,False,matched,2,0,1,1,1,True,True,1,3,True,False,True,cycleway_trajectoires_et_acces_a_verifier,False,False,True,False,cycleway,,,,asphalt,,lane,,,,no,Rue de la Barre,evalue,4.0,4.0,3.0,False,10.796464311097292
2019,201900040999,CYCLO,En agglomération,residential,36912075,ile-de-france-190101.geoparquet,ile-de-france-190101.geoparquet,retrouvee,False,32.594066536351924,True,matched,2,0,0,1,1,True,False,1,1,True,False,False,pas_de_conclusion_juridique_automatique,False,False,False,True,residential,,,,,,,,,,yes,Rue Victor Noir,,,,,False,
2019,201900041173,CYCLO,En agglomération,primary,87349922,ile-de-france-190101.geoparquet,ile-de-france-190101.geoparquet,retrouvee,False,43.42995874051254,True,matched,2,0,0,1,1,True,False,2,3,True,True,False,pas_de_conclusion_juridique_automatique,False,False,False,True,primary,,,,,,,,,50,yes,Boulevard Maurice Berteaux,,,,,False,
2019,201900042122,CYCLO,En agglomération,living_street,40940418,provence-alpes-cote-d-azur-190101.geoparquet,provence-alpes-cote-d-azur-190101.geoparquet,retrouvee,False,32.23844679562728,True,matched,2,0,1,1,1,True,True,2,3,True,True,False,pas_de_conclusion_juridique_automatique,False,False,False,True,living_street,,,,,,,,,,,Rue Homère,,,,,False,
2019,201900042496,CYCLO,En agglomération,track,125743001,languedoc-roussillon-190101.geoparquet,languedoc-roussillon-190101.geoparquet,retrouvee,False,97.731773729606,True,matched,2,0,1,1,1,True,True,7,3,True,True,False,pas_de_conclusion_juridique_automatique,False,False,False,True,track,,,,,,,,,,,Route du Montalet,,,,,False,
2019,201900043139,CYCLO,Hors agglomération,secondary,317408188,languedoc-roussillon-190101.geoparquet,languedoc-roussillon-190101.geoparquet,retrouvee,False,38.22657992662543,True,matched,1,0,0,1,0,False,False,3,6,True,True,False,pas_de_conclusion_juridique_automatique,False,False,False,True,secondary,,,,,,,,,50,no,,,,,,False,
2019,201900043840,CYCLO,En agglomération,residential,61957729,ile-de-france-190101.geoparquet,ile-de-france-190101.geoparquet,retrouvee,False,46.012180487945514,True,matched,2,0,0,1,1,True,False,6,3,True,True,False,pas_de_conclusion_juridique_automatique,False,False,False,True,residential,,,,,,,,,,yes,,,,,,False,
2019,201900043877,CYCLO,En agglomération,cycleway,541903643,ile-de-france-190101.geoparquet,ile-de-france-190101.geoparquet,retrouvee,False,32.03991604966898,True,matched,2,0,1,1,1,True,True,1,2,True,False,False,cycleway_trajectoires_et_acces_a_verifier,False,False,True,True,cycleway,,,,,,,,,,yes,,evalue,0.0,0.0,0.0,False,
2019,201900044124,CYCLO,En agglomération,cycleway,330374611,ile-de-france-190101.geoparquet,ile-de-france-190101.geoparquet,retrouvee,False,19.459272402555627,False,matched,2,0,0,1,1,True,False,1,2,True,False,False,cycleway_trajectoires_et_acces_a_verifier,False,False,True,False,cycleway,,,,,,,,,,yes,Rue des Oliviers,evalue,4.0,3.0,0.0,False,
2019,201900044368,CYCLO,En agglomération,cycleway,157223973,languedoc-roussillon-190101.geoparquet,languedoc-roussillon-190101.geoparquet,retrouvee,False,4.396514165110373,False,matched,2,0,1,1,1,True,True,2,3,True,True,False,cycleway_trajectoires_et_acces_a_verifier,False,False,True,False,cycleway,,,,,,,,,,,,evalue,5.0,5.0,2.0,True,7.862114764314655
2019,201900045224,CYCLO,En agglomération,trunk,385822930,basse-normandie-190101.geoparquet,basse-normandie-190101.geoparquet,retrouvee,False,52.658239906770554,True,matched,2,0,1,1,1,True,True,1,6,True,False,False,pas_de_conclusion_juridique_automatique,False,False,False,True,trunk,,,,,,,,,,yes,,,,,,False,
2019,201900045556,CYCLO,En agglomération,primary,331411358,ile-de-france-190101.geoparquet,ile-de-france-190101.geoparquet,retrouvee,False,75.93470419699003,True,matched,2,0,1,1,1,True,True,9,3,True,True,False,pas_de_conclusion_juridique_automatique,False,False,False,True,primary,,,,asphalt,,,,,70,yes,Quai du Président Paul Doumer,,,,,False,
2019,201900045838,CYCLO,En agglomération,residential,28668614,pays-de-la-loire-190101.geoparquet,pays-de-la-loire-190101.geoparquet,retrouvee,False,33.952551495342696,True,matched,2,0,1,1,1,True,True,1,3,True,False,True,pas_de_conclusion_juridique_automatique,False,False,False,True,residential,,,,asphalt,,no,,,30,no,Impasse des Mûriers,,,,,False,
2019,201900046681,CYCLO,Hors agglomération,tertiary,135330704,pays-de-la-loire-190101.geoparquet,pays-de-la-loire-190101.geoparquet,retrouvee,False,38.5567901603091,True,matched,2,0,1,1,1,True,True,4,3,True,True,False,pas_de_conclusion_juridique_automatique,False,False,False,True,tertiary,,,,asphalt,,,,,,,,,,,,False,
2019,201900047477,CYCLO,En agglomération,residential,142782074,nord-pas-de-calais-190101.geoparquet,nord-pas-de-calais-190101.geoparquet,retrouvee,False,32.791221366217016,True,matched,1,0,0,1,0,False,False,1,7,True,False,False,pas_de_conclusion_juridique_automatique,False,False,False,True,residential,,,,,,,,,,,Rue Vieille Voie,,,,,False,
2019,201900047538,CYCLO,En agglomération,cycleway,90900161,alsace-190101.geoparquet,alsace-190101.geoparquet,retrouvee,False,0.02703148739718618,False,matched,2,0,1,1,1,True,True,3,3,True,True,False,cycleway_trajectoires_et_acces_a_verifier,False,False,True,False,cycleway,,,,,,,,,,yes,,evalue,6.0,4.0,2.0,True,0.829721637170831
2019,201900047548,CYCLO,En agglomération,cycleway,183864498,alsace-190101.geoparquet,alsace-190101.geoparquet,retrouvee,False,0.09348878746270606,False,matched,2,0,1,1,1,True,True,1,3,True,False,False,cycleway_trajectoires_et_acces_a_verifier,False,False,True,False,cycleway,,,,,,,,,,,,evalue,15.0,10.0,4.0,True,1.0124126562617417
2019,201900048734,CYCLO,En agglomération,primary,15966098,languedoc-roussillon-190101.geoparquet,languedoc-roussillon-190101.geoparquet,retrouvee,False,45.952257964239784,True,matched,2,0,1,1,1,True,True,1,3,True,False,False,pas_de_conclusion_juridique_automatique,False,False,False,True,primary,,,,,,,,,,,Avenue Georges Chauvin,,,,,False,
2019,201900049377,CYCLO,En agglomération,residential,97554518,pays-de-la-loire-190101.geoparquet,pays-de-la-loire-190101.geoparquet,retrouvee,False,33.3294077555235,True,matched,2,0,1,1,1,True,True,1,6,True,False,False,pas_de_conclusion_juridique_automatique,False,False,False,True,residential,,,,asphalt,,,,,30,yes,Rue Monfroux,,,,,False,
2019,201900049547,CYCLO,En agglomération,track,565361047,lorraine-190101.geoparquet,lorraine-190101.geoparquet,retrouvee,False,38.45992788208531,True,matched,1,0,0,1,0,False,False,1,6,True,False,False,pas_de_conclusion_juridique_automatique,False,False,False,True,track,,,,,,,,,,,,,,,,False,
2019,201900049563,CYCLO,Hors agglomération,,,mayotte-190101.geoparquet,mayotte-190101.geoparquet,osm_way_id_absent,False,,True,unmatched,2,0,0,1,1,True,False,1,3,True,False,False,pas_de_conclusion_juridique_automatique,False,False,False,True,,,,,,,,,,,,,,,,,False,
2019,201900049978,CYCLO,En agglomération,unclassified,159361904,aquitaine-190101.geoparquet,aquitaine-190101.geoparquet,retrouvee,False,78.15374584062936,True,matched,1,0,0,1,0,False,False,1,7,True,False,False,pas_de_conclusion_juridique_automatique,False,False,False,True,unclassified,,,,,,,,,,,Chemin de Lavigne,,,,,False,
2019,201900050406,CYCLO,En agglomération,service,101290129,ile-de-france-190101.geoparquet,ile-de-france-190101.geoparquet,retrouvee,False,46.10751150843001,True,matched,1,0,0,1,0,False,False,1,6,True,False,False,pas_de_conclusion_juridique_automatique,False,False,False,True,service,,,,,,,,,,,,,,,,False,
2019,201900050896,CYCLO,En agglomération,residential,597063916,bretagne-190101.geoparquet,bretagne-190101.geoparquet,retrouvee,False,58.65948133580273,True,matched,2,0,1,1,1,True,True,1,3,True,False,False,pas_de_conclusion_juridique_automatique,False,False,False,True,residential,,,,,,,,,30,,Chemin du Pavillon,,,,,False,
2019,201900051403,CYCLO,En agglomération,cycleway,305061175,ile-de-france-190101.geoparquet,ile-de-france-190101.geoparquet,retrouvee,False,4.339828483017571,False,matched,3,0,2,1,2,True,True,1,5,True,False,False,cycleway_trajectoires_et_acces_a_verifier,False,False,True,False,cycleway,,,,,,,,,,yes,,evalue,3.0,3.0,0.0,False,
2019,201900051861,CYCLO,Hors agglomération,,,mayotte-190101.geoparquet,mayotte-190101.geoparquet,osm_way_id_absent,False,,True,unmatched,2,0,1,1,1,True,True,1,2,True,False,False,pas_de_conclusion_juridique_automatique,False,False,False,True,,,,,,,,,,,,,,,,,False,
2019,201900053920,CYCLO,En agglomération,cycleway,270538655,aquitaine-190101.geoparquet,aquitaine-190101.geoparquet,retrouvee,False,1.02548730776655,False,matched,1,0,0,1,0,False,False,1,6,True,False,False,cycleway_trajectoires_et_acces_a_verifier,False,False,True,False,cycleway,,,,,,,,,,,Avenue Jean Lartigau,evalue,1.0,1.0,1.0,False,491.34620746349043
2019,201900054327,CYCLO,En agglomération,residential,83609218,picardie-190101.geoparquet,picardie-190101.geoparquet,retrouvee,False,67.96534711549796,True,matched,2,0,1,1,1,True,True,1,2,True,False,False,pas_de_conclusion_juridique_automatique,False,False,False,True,residential,,,,,,,,,,,Rue Ambroise Croizat,,,,,False,
2019,201900056069,CYCLO,En agglomération,cycleway,354622281,basse-normandie-190101.geoparquet,basse-normandie-190101.geoparquet,retrouvee,False,5.638730184577507,False,matched,1,0,0,1,0,False,False,1,6,True,False,False,cycleway_trajectoires_et_acces_a_verifier,False,False,True,False,cycleway,,,,,,,,,,,,evalue,3.0,3.0,1.0,False,228.31149761180862
2019,201900056603,CYCLO,Hors agglomération,residential,23472820,ile-de-france-190101.geoparquet,ile-de-france-190101.geoparquet,retrouvee,False,30.76112128406971,True,matched,1,0,0,1,0,False,False,1,7,True,False,False,pas_de_conclusion_juridique_automatique,False,False,False,True,residential,,,,,,,,,,,Rue Neuve,,,,,False,
2019,201900057000,CYCLO,En agglomération,cycleway,444625481,guyane-190101.geoparquet,guyane-190101.geoparquet,retrouvee,False,0.12139315098764165,False,matched,2,0,1,1,1,True,True,1,3,True,False,False,cycleway_trajectoires_et_acces_a_verifier,False,False,True,False,cycleway,,,,asphalt,,,,,,yes,,evalue,1.0,1.0,1.0,False,256.9051698118511
2019,201900057286,CYCLO,En agglomération,residential,56145331,ile-de-france-190101.geoparquet,ile-de-france-190101.geoparquet,retrouvee,False,34.01861857259241,True,matched,3,0,1,2,1,True,True,1,5,True,False,False,pas_de_conclusion_juridique_automatique,False,False,False,True,residential,,,,,,,,,,,Promenade des Anglais,,,,,False,
2019,201900057429,CYCLO,Hors agglomération,unclassified,126966437,aquitaine-190101.geoparquet,aquitaine-190101.geoparquet,retrouvee,False,37.01221291587277,True,matched,1,0,0,1,0,False,False,1,6,True,False,False,pas_de_conclusion_juridique_automatique,False,False,False,True,unclassified,,,,,,,,,,,,,,,,False,
2019,201900058003,CYCLO,Hors agglomération,residential,153988529,rhone-alpes-190101.geoparquet,rhone-alpes-190101.geoparquet,retrouvee,False,46.28320199081443,True,matched,2,0,1,1,1,True,True,2,1,True,True,False,pas_de_conclusion_juridique_automatique,False,False,False,True,residential,,,,,,,,,,,Montée de la Forge,,,,,False,
2019,201900058388,CYCLO,Hors agglomération,tertiary,352168496,midi-pyrenees-190101.geoparquet,midi-pyrenees-190101.geoparquet,retrouvee,False,42.16742441104523,True,matched,2,0,1,1,1,True,True,1,2,True,False,False,pas_de_conclusion_juridique_automatique,False,False,False,True,tertiary,,,,,,,,,,no,,,,,,False,
2020,202000000498,VELO,En agglomération,tertiary,181778583,aquitaine-200101.geoparquet,aquitaine-200101.geoparquet,retrouvee,False,37.25781492006053,True,matched,1,1,0,0,0,False,False,9,6,True,True,True,pas_de_conclusion_juridique_automatique,False,False,False,True,tertiary,,,,asphalt,,,share_busway,lane,30,yes,Place des Quinconces,,,,,False,
2020,202000001793,VELO,En agglomération,cycleway,240291653,midi-pyrenees-200101.geoparquet,midi-pyrenees-200101.geoparquet,retrouvee,False,1.4453915581835064,False,matched,2,0,1,0,1,True,True,1,3,True,False,False,cycleway_trajectoires_et_acces_a_verifier,True,False,False,False,cycleway,,,,,,,,,,,,evalue,6.0,4.0,3.0,True,2.181969084245359
2020,202000001935,VELO,En agglomération,cycleway,359583024,franche-comte-200101.geoparquet,franche-comte-200101.geoparquet,retrouvee,False,2.0995910755174485,False,matched,2,0,1,0,1,True,True,1,3,True,False,False,cycleway_trajectoires_et_acces_a_verifier,True,False,False,False,cycleway,,,,,,,,,,yes,,evalue,4.0,1.0,1.0,False,206.3702873865839
2020,202000002010,VELO,En agglomération,cycleway,219204453,midi-pyrenees-200101.geoparquet,midi-pyrenees-200101.geoparquet,retrouvee,False,1.0890691792859901,False,matched,2,0,1,0,1,True,True,1,3,True,False,False,cycleway_trajectoires_et_acces_a_verifier,True,False,False,False,cycleway,,,,,,,,,,yes,,evalue,6.0,4.0,1.0,False,21.262106306532647
2020,202000002081,VELO,En agglomération,cycleway,195204180,ile-de-france-200101.geoparquet,ile-de-france-200101.geoparquet,retrouvee,False,0.062026318327629046,False,matched,2,0,0,0,1,True,False,1,3,True,False,True,cycleway_trajectoires_et_acces_a_verifier,True,False,False,False,cycleway,,,,asphalt,,on_street,,,,yes,,evalue,9.0,5.0,0.0,False,
2020,202000002086,VELO,En agglomération,cycleway,54830249,ile-de-france-200101.geoparquet,ile-de-france-200101.geoparquet,retrouvee,False,1.8939008714650467,False,matched,2,0,1,0,1,True,True,1,3,True,False,True,cycleway_trajectoires_et_acces_a_verifier,True,False,False,False,cycleway,,,,,,on_street,,,,yes,Boulevard de Ménilmontant,evalue,3.0,2.0,1.0,False,66.18503594924437
2020,202000002365,VELO,En agglomération,cycleway,155071672,pays-de-la-loire-200101.geoparquet,pays-de-la-loire-200101.geoparquet,retrouvee,False,2.4905833517443106,False,matched,2,0,1,0,1,True,True,1,3,True,False,False,cycleway_trajectoires_et_acces_a_verifier,True,False,False,False,cycleway,,yes,no,,,,,,,yes,,evalue,4.0,3.0,1.0,False,28.99563830983795
2020,202000002504,VELO,En agglomération,cycleway,130630513,poitou-charentes-200101.geoparquet,poitou-charentes-200101.geoparquet,retrouvee,False,1.852809532831966,False,matched,2,0,1,0,1,True,True,1,3,True,False,False,cycleway_trajectoires_et_acces_a_verifier,True,False,False,False,cycleway,,,,,,,,,,,,evalue,5.0,4.0,3.0,True,9.680176472257344
2020,202000002904,VELO,Hors agglomération,cycleway,546601923,ile-de-france-200101.geoparquet,ile-de-france-200101.geoparquet,retrouvee,False,2.753572019343561,False,matched,2,0,1,0,1,True,True,1,3,True,False,False,cycleway_trajectoires_et_acces_a_verifier,True,False,False,False,cycleway,,,,,,,,,,yes,,evalue,7.0,2.0,1.0,True,6.107086797521487
2020,202000003069,VELO,En agglomération,cycleway,47004442,ile-de-france-200101.geoparquet,ile-de-france-200101.geoparquet,retrouvee,False,9.750695302932488,False,matched,2,0,0,0,1,True,False,1,3,True,False,False,cycleway_trajectoires_et_acces_a_verifier,True,False,False,False,cycleway,,,,,,,,,,yes,Avenue Lénine,evalue,2.0,1.0,0.0,False,
2020,202000003243,VELO,En agglomération,service,24293045,languedoc-roussillon-200101.geoparquet,languedoc-roussillon-200101.geoparquet,retrouvee,False,94.20902485095836,True,matched,1,1,0,0,0,False,False,1,6,True,False,False,pas_de_conclusion_juridique_automatique,False,False,False,True,service,,,,asphalt,,,,,,yes,Rue Richelieu,,,,,False,
2020,202000003342,VELO,En agglomération,cycleway,210583250,ile-de-france-200101.geoparquet,ile-de-france-200101.geoparquet,retrouvee,False,0.049622102066837474,False,matched,2,0,1,0,1,True,True,2,3,True,True,True,cycleway_trajectoires_et_acces_a_verifier,True,False,False,False,cycleway,,,no,asphalt,,sidewalk,,,,,Promenade Jules Isaac,evalue,5.0,5.0,0.0,False,
2020,202000003487,VELO,En agglomération,cycleway,680213898,ile-de-france-200101.geoparquet,ile-de-france-200101.geoparquet,retrouvee,False,53.19242219948761,True,matched,2,0,0,0,0,False,False,3,1,True,True,True,cycleway_trajectoires_et_acces_a_verifier,False,False,False,True,cycleway,,,,asphalt,,on_street,,,,no,Boulevard de Sébastopol,,,,,False,
2020,202000003565,VELO,Hors agglomération,service,533451623,reunion-200101.geoparquet,reunion-200101.geoparquet,retrouvee,False,40.60291857346857,True,matched,2,0,1,0,1,True,True,1,3,True,False,False,pas_de_conclusion_juridique_automatique,False,False,False,True,service,,,,,,,,,,yes,,,,,,False,
2020,202000003945,VELO,En agglomération,cycleway,199081642,ile-de-france-200101.geoparquet,ile-de-france-200101.geoparquet,retrouvee,False,0.7051953043719421,False,matched,2,0,0,1,1,True,False,3,3,True,True,False,cycleway_trajectoires_et_acces_a_verifier,True,False,False,False,cycleway,,,,,,,,,,yes,Rue Camille Desmoulins,evalue,6.0,5.0,4.0,True,1.4251988512309508
2020,202000004478,VELO,Hors agglomération,service,213926972,ile-de-france-200101.geoparquet,ile-de-france-200101.geoparquet,retrouvee,False,30.581457580910097,True,matched,2,0,1,0,1,True,True,1,3,True,False,False,pas_de_conclusion_juridique_automatique,False,False,False,True,service,,,,,,,,,,yes,,,,,,False,
2020,202000004507,VELO,Hors agglomération,cycleway,234862187,bretagne-200101.geoparquet,bretagne-200101.geoparquet,retrouvee,False,1.5824214646687451,False,matched,2,0,1,0,1,True,True,3,3,True,True,False,cycleway_trajectoires_et_acces_a_verifier,True,False,False,False,cycleway,,yes,no,asphalt,,,,,,,,evalue,2.0,1.0,1.0,True,3.52146920743044
2020,202000004628,VELO,En agglomération,residential,75468368,pays-de-la-loire-200101.geoparquet,pays-de-la-loire-200101.geoparquet,retrouvee,False,43.62490640997797,True,matched,2,0,1,0,1,True,True,1,3,True,False,False,pas_de_conclusion_juridique_automatique,False,False,False,True,residential,,,,,,,,,,,Avenue Martin Luther King,,,,,False,
2020,202000005801,VELO,En agglomération,residential,125911076,basse-normandie-200101.geoparquet,basse-normandie-200101.geoparquet,retrouvee,False,72.62001298933482,True,matched,1,1,0,0,0,False,False,1,6,True,False,False,pas_de_conclusion_juridique_automatique,False,False,False,True,residential,,,,,,,,,,,Chemin du Noroit,,,,,False,
2020,202000005838,VELO,En agglomération,cycleway,48964365,ile-de-france-200101.geoparquet,ile-de-france-200101.geoparquet,retrouvee,False,1.6319731205438657,False,matched,2,0,1,0,1,True,True,1,3,True,False,True,cycleway_trajectoires_et_acces_a_verifier,True,False,False,False,cycleway,,,,asphalt,,on_street,,,,yes,Quai de Jemmapes,evalue,6.0,6.0,4.0,False,12.413713081465803
2020,202000006031,VELO,En agglomération,cycleway,217352100,midi-pyrenees-200101.geoparquet,midi-pyrenees-200101.geoparquet,retrouvee,False,3.1190049555815063,False,matched,2,0,1,0,1,True,True,1,3,True,False,False,cycleway_trajectoires_et_acces_a_verifier,True,False,False,False,cycleway,,,,,,,,,,,,evalue,6.0,5.0,1.0,True,5.068144546961426
2020,202000006111,VELO,Hors agglomération,cycleway,235050095,pays-de-la-loire-200101.geoparquet,pays-de-la-loire-200101.geoparquet,retrouvee,False,1.1713455251559655,False,matched,2,0,1,0,1,True,True,1,2,True,False,False,cycleway_trajectoires_et_acces_a_verifier,True,False,False,False,cycleway,,yes,no,compacted,,,,,,,,evalue,1.0,1.0,0.0,False,
2020,202000006558,VELO,En agglomération,cycleway,512338038,ile-de-france-200101.geoparquet,ile-de-france-200101.geoparquet,retrouvee,False,3.3921468054920916,False,matched,2,0,1,0,1,True,True,6,3,True,True,False,cycleway_trajectoires_et_acces_a_verifier,True,False,False,False,cycleway,,,,,,,,,,,Avenue du Président Salvador Allende,evalue,9.0,7.0,3.0,True,5.297323648951917
2020,202000006706,VELO,En agglomération,residential,224084648,pays-de-la-loire-200101.geoparquet,pays-de-la-loire-200101.geoparquet,retrouvee,False,31.176482618262117,True,matched,1,1,0,0,0,False,False,9,6,True,True,False,pas_de_conclusion_juridique_automatique,False,False,False,True,residential,,,,,,,,,,,Rue Hélène Boucher,,,,,False,
2020,202000006708,VELO,En agglomération,cycleway,709010406,alsace-200101.geoparquet,alsace-200101.geoparquet,retrouvee,False,1.6378088654735636,False,matched,2,0,1,0,1,True,True,2,3,True,True,False,cycleway_trajectoires_et_acces_a_verifier,True,False,False,False,cycleway,,,,,,,,,,,,evalue,5.0,5.0,2.0,True,2.5546389881069844
2020,202000006925,VELO,Hors agglomération,cycleway,409745517,provence-alpes-cote-d-azur-200101.geoparquet,provence-alpes-cote-d-azur-200101.geoparquet,retrouvee,False,0.08531152106835271,False,matched,2,0,1,0,1,True,True,2,3,True,True,False,cycleway_trajectoires_et_acces_a_verifier,True,False,False,False,cycleway,,,,paved,excellent,,,,,,Ancienne Ligne Cavaillon - Apt (Saint-Maime-Dauphin),evalue,5.0,3.0,2.0,True,0.14013734692337446
2020,202000007219,VELO,En agglomération,primary,35992596,ile-de-france-200101.geoparquet,ile-de-france-200101.geoparquet,retrouvee,False,84.31978011510634,True,matched,2,0,0,0,0,False,False,3,3,True,True,True,pas_de_conclusion_juridique_automatique,False,False,False,True,primary,,,,asphalt,,,,lane,50,no,Place de la République,,,,,False,
2020,202000007286,VELO,En agglomération,cycleway,403538727,aquitaine-200101.geoparquet,aquitaine-200101.geoparquet,retrouvee,False,0.49301065746711753,False,matched,2,0,1,0,1,True,True,3,3,True,True,False,cycleway_trajectoires_et_acces_a_verifier,True,False,False,False,cycleway,,,,asphalt,,,,,,,,evalue,5.0,5.0,1.0,True,3.159069469609826
2020,202000007817,VELO,En agglomération,cycleway,180538105,rhone-alpes-200101.geoparquet,rhone-alpes-200101.geoparquet,retrouvee,False,0.40524784417611204,False,matched,2,0,1,0,1,True,True,6,3,True,True,False,cycleway_trajectoires_et_acces_a_verifier,True,False,False,False,cycleway,,,,,,,,,,,Boulevard de L'Europe,evalue,7.0,5.0,2.0,True,0.9179916412193153
2020,202000008509,VELO,En agglomération,cycleway,316084615,champagne-ardenne-200101.geoparquet,champagne-ardenne-200101.geoparquet,retrouvee,False,1.7171278231575389,False,matched,2,0,1,0,1,True,True,1,3,True,False,False,cycleway_trajectoires_et_acces_a_verifier,True,False,False,False,cycleway,,,,,,,,,,no,Avenue Chomedey de Maisonneuve,evalue,5.0,4.0,0.0,False,
2020,202000009288,VELO,En agglomération,cycleway,227150508,ile-de-france-200101.geoparquet,ile-de-france-200101.geoparquet,retrouvee,False,0.3244492402369511,False,matched,2,0,1,0,1,True,True,7,2,True,True,True,cycleway_trajectoires_et_acces_a_verifier,True,False,False,False,cycleway,,,,asphalt,,sidewalk,,,,yes,Boulevard de Magenta,evalue,15.0,14.0,4.0,True,1.0399708725644767
2020,202000009292,VELO,En agglomération,cycleway,37100010,ile-de-france-200101.geoparquet,ile-de-france-200101.geoparquet,retrouvee,False,0.1308419301332956,False,matched,2,0,0,0,1,True,False,1,3,True,False,False,cycleway_trajectoires_et_acces_a_verifier,True,False,False,False,cycleway,,,,asphalt,,,,,,no,,evalue,3.0,3.0,1.0,True,0.45676255704987545
2020,202000009453,VELO,En agglomération,cycleway,453757466,provence-alpes-cote-d-azur-200101.geoparquet,provence-alpes-cote-d-azur-200101.geoparquet,retrouvee,False,0.10838377067497429,False,matched,2,0,1,0,1,True,True,4,3,True,True,False,cycleway_trajectoires_et_acces_a_verifier,True,False,False,False,cycleway,no,yes,,,,,,,,no,,evalue,7.0,7.0,2.0,True,2.8215399547120725
2020,202000009878,VELO,En agglomération,cycleway,80124276,midi-pyrenees-200101.geoparquet,midi-pyrenees-200101.geoparquet,retrouvee,False,0.09859472056132823,False,matched,2,0,1,0,1,True,True,1,3,True,False,False,cycleway_trajectoires_et_acces_a_verifier,True,False,False,False,cycleway,,,,,,,,,,yes,,evalue,7.0,6.0,1.0,False,28.145838743288554
2020,202000010069,VELO,En agglomération,residential,722776369,rhone-alpes-200101.geoparquet,rhone-alpes-200101.geoparquet,retrouvee,False,49.29267103624751,True,matched,1,0,0,0,0,False,False,1,6,True,False,True,pas_de_conclusion_juridique_automatique,False,False,False,True,residential,,,,asphalt,,,opposite_lane,,,yes,Place Maréchal Lyautey,,,,,False,
2020,202000010731,VELO,En agglomération,cycleway,606371106,ile-de-france-200101.geoparquet,ile-de-france-200101.geoparquet,retrouvee,False,0.235459917620706,False,matched,2,0,1,0,1,True,True,1,3,True,False,True,cycleway_trajectoires_et_acces_a_verifier,True,False,False,False,cycleway,,,,asphalt,,on_street,,,,yes,Avenue Daumesnil,evalue,3.0,2.0,2.0,True,0.8231253912585601
2020,202000011134,VELO,Hors agglomération,residential,205476796,centre-200101.geoparquet,centre-200101.geoparquet,retrouvee,False,70.03826061234697,True,matched,2,0,0,0,1,True,False,1,3,True,False,False,pas_de_conclusion_juridique_automatique,False,False,False,True,residential,,,,,,,,,,,,,,,,False,
2020,202000011297,VELO,En agglomération,cycleway,233629412,ile-de-france-200101.geoparquet,ile-de-france-200101.geoparquet,retrouvee,False,0.8618029497789289,False,matched,2,0,1,0,1,True,True,6,3,True,True,False,cycleway_trajectoires_et_acces_a_verifier,True,False,False,False,cycleway,,,,asphalt,,,,,,,Promenade Leconte de Lisle,evalue,7.0,5.0,0.0,False,
2020,202000011307,VELO,En agglomération,cycleway,695023266,poitou-charentes-200101.geoparquet,poitou-charentes-200101.geoparquet,retrouvee,False,0.10198097274776566,False,matched,2,0,1,0,1,True,True,2,3,True,True,False,cycleway_trajectoires_et_acces_a_verifier,True,False,False,False,cycleway,,designated,,,,,,,,,,evalue,2.0,2.0,2.0,True,1.0831092321354252
2020,202000011772,VELO,En agglomération,cycleway,388201179,pays-de-la-loire-200101.geoparquet,pays-de-la-loire-200101.geoparquet,retrouvee,False,6.1418364887502435,False,matched,2,0,0,0,1,True,False,6,1,True,True,True,cycleway_trajectoires_et_acces_a_verifier,True,False,False,False,cycleway,,,,asphalt,,segregated,,,,yes,,evalue,15.0,12.0,1.0,False,25.35546078714293
2020,202000011860,VELO,En agglomération,cycleway,35802063,ile-de-france-200101.geoparquet,ile-de-france-200101.geoparquet,retrouvee,False,0.05105582832736939,False,matched,2,0,0,0,1,True,False,3,3,True,True,True,cycleway_trajectoires_et_acces_a_verifier,True,False,False,False,cycleway,,,,,,sidewalk,,,,,Coulée Verte René Dumont,evalue,3.0,3.0,2.0,True,1.110537525684854
2020,202000011888,VELO,En agglomération,cycleway,112795442,ile-de-france-200101.geoparquet,ile-de-france-200101.geoparquet,retrouvee,False,2.236179841881853,False,matched,2,0,0,0,1,True,False,2,3,True,True,False,cycleway_trajectoires_et_acces_a_verifier,True,False,False,False,cycleway,,,,,,,,,,yes,,evalue,4.0,3.0,1.0,True,4.806392942393067
2020,202000012377,VELO,En agglomération,cycleway,361152408,alsace-200101.geoparquet,alsace-200101.geoparquet,retrouvee,False,1.287666987025378,False,matched,2,0,0,0,1,True,False,1,1,True,False,False,cycleway_trajectoires_et_acces_a_verifier,True,False,False,False,cycleway,,,,,,,,,,yes,,evalue,3.0,2.0,1.0,False,31.38762185939491
2020,202000012381,VELO,En agglomération,cycleway,234759980,aquitaine-200101.geoparquet,aquitaine-200101.geoparquet,retrouvee,False,2.7369938412672377,False,matched,2,0,1,0,1,True,True,6,3,True,True,False,cycleway_trajectoires_et_acces_a_verifier,True,False,False,False,cycleway,,,,concrete,,,,,,yes,,evalue,7.0,7.0,1.0,True,7.9944736549349775
2020,202000012707,VELO,En agglomération,track,434775338,martinique-200101.geoparquet,martinique-200101.geoparquet,retrouvee,False,31.966292490994437,True,matched,2,0,1,0,1,True,True,1,1,True,False,False,pas_de_conclusion_juridique_automatique,False,False,False,True,track,,,,,,,,,,,,,,,,False,
2020,202000013108,VELO,En agglomération,tertiary,547282217,picardie-200101.geoparquet,picardie-200101.geoparquet,retrouvee,False,31.978998409613734,True,matched,2,0,1,0,1,True,True,1,3,True,False,False,pas_de_conclusion_juridique_automatique,False,False,False,True,tertiary,,,,asphalt,,,,,50,no,Avenue Paul Claudel,,,,,False,
2020,202000013319,VELO,En agglomération,cycleway,168872023,pays-de-la-loire-200101.geoparquet,pays-de-la-loire-200101.geoparquet,retrouvee,False,1.4255252061149661,False,matched,2,0,0,0,1,True,False,2,3,True,True,False,cycleway_trajectoires_et_acces_a_verifier,True,False,False,False,cycleway,,yes,,,,,,,,,,evalue,8.0,5.0,1.0,True,8.451799603254972
2020,202000013854,VELO,En agglomération,cycleway,65493076,aquitaine-200101.geoparquet,aquitaine-200101.geoparquet,retrouvee,False,0.2995926622738084,False,matched,2,0,0,0,1,True,False,2,3,True,True,False,cycleway_trajectoires_et_acces_a_verifier,True,False,False,False,cycleway,,,,paved,excellent,,,,,,Piste Cyclable Lacanau-Arcachon,evalue,1.0,1.0,1.0,True,0.7366924147104188
2020,202000014474,VELO,En agglomération,cycleway,54830267,ile-de-france-200101.geoparquet,ile-de-france-200101.geoparquet,retrouvee,False,1.449096667386147,False,matched,2,0,1,0,1,True,True,1,3,True,False,True,cycleway_trajectoires_et_acces_a_verifier,True,False,False,False,cycleway,,,,,,on_street,,,,yes,Boulevard de Charonne,evalue,5.0,4.0,1.0,False,67.21744150734695
2020,202000014531,VELO,Hors agglomération,service,637160111,ile-de-france-200101.geoparquet,ile-de-france-200101.geoparquet,retrouvee,False,44.367137514390166,True,matched,1,0,0,0,0,False,False,9,7,True,True,False,pas_de_conclusion_juridique_automatique,False,False,False,True,service,,,,asphalt,intermediate,,,,20,,Voie Georges Hutin,,,,,False,
2020,202000015661,VELO,En agglomération,cycleway,345572612,rhone-alpes-200101.geoparquet,rhone-alpes-200101.geoparquet,retrouvee,False,1.3963966603564872,False,matched,2,0,1,0,1,True,True,1,1,True,False,True,cycleway_trajectoires_et_acces_a_verifier,True,False,False,False,cycleway,,,no,asphalt,,crossing,,,,no,,evalue,3.0,2.0,1.0,True,1.8075938141556325
2020,202000017635,VELO,En agglomération,cycleway,173091656,ile-de-france-200101.geoparquet,ile-de-france-200101.geoparquet,retrouvee,False,1.2043943768569823,False,matched,2,0,1,0,1,True,True,4,3,True,True,False,cycleway_trajectoires_et_acces_a_verifier,True,False,False,False,cycleway,,,,,,,,,,,,evalue,7.0,5.0,2.0,True,7.518923889400344
2020,202000017782,VELO,En agglomération,,,centre-200101.geoparquet,centre-200101.geoparquet,osm_way_id_absent,False,,True,unmatched,1,0,0,0,0,False,False,1,7,True,False,False,pas_de_conclusion_juridique_automatique,False,False,False,True,,,,,,,,,,,,,,,,,False,
2020,202000017857,VELO,Hors agglomération,,,bourgogne-200101.geoparquet,bourgogne-200101.geoparquet,osm_way_id_absent,False,,True,unmatched,2,0,1,0,1,True,True,6,3,True,True,False,pas_de_conclusion_juridique_automatique,False,False,False,True,,,,,,,,,,,,,,,,,False,
2020,202000018473,VELO,En agglomération,cycleway,183598123,alsace-200101.geoparquet,alsace-200101.geoparquet,retrouvee,False,0.6888418938529637,False,matched,2,0,1,0,1,True,True,3,3,True,True,False,cycleway_trajectoires_et_acces_a_verifier,True,False,False,False,cycleway,,,,,,,,,,,Rue Paul Reiss,evalue,6.0,5.0,1.0,True,0.9673194157749392
2020,202000019520,VELO,En agglomération,service,362482652,pays-de-la-loire-200101.geoparquet,pays-de-la-loire-200101.geoparquet,retrouvee,False,41.81938073904633,True,matched,2,0,1,0,1,True,True,1,3,True,False,False,pas_de_conclusion_juridique_automatique,False,False,False,True,service,,,,,,,,,,,,,,,,False,
2020,202000019590,VELO,En agglomération,cycleway,54148861,ile-de-france-200101.geoparquet,ile-de-france-200101.geoparquet,retrouvee,False,0.17961665067568625,False,matched,2,0,1,0,1,True,True,3,1,True,True,True,cycleway_trajectoires_et_acces_a_verifier,True,False,False,False,cycleway,,,,asphalt,,sidewalk,,,,yes,Boulevard Kellermann,evalue,12.0,10.0,1.0,True,0.506746247826025
2020,202000019593,VELO,En agglomération,cycleway,43328696,ile-de-france-200101.geoparquet,ile-de-france-200101.geoparquet,retrouvee,False,4.335960554618579,False,matched,3,0,2,0,2,True,True,1,4,True,False,True,cycleway_trajectoires_et_acces_a_verifier,True,False,False,False,cycleway,,,,asphalt,,sidewalk,,,,,Avenue de Gravelle,evalue,1.0,1.0,0.0,False,
2020,202000020043,VELO,En agglomération,cycleway,244576584,aquitaine-200101.geoparquet,aquitaine-200101.geoparquet,retrouvee,False,5.038489877631128,False,matched,2,0,0,0,1,True,False,8,1,True,True,False,cycleway_trajectoires_et_acces_a_verifier,True,False,False,False,cycleway,,,,,,,,,,yes,,evalue,5.0,2.0,0.0,False,
2020,202000020584,VELO,En agglomération,cycleway,88284601,alsace-200101.geoparquet,alsace-200101.geoparquet,retrouvee,False,1.454421621367385,False,matched,2,0,1,0,1,True,True,1,3,True,False,False,cycleway_trajectoires_et_acces_a_verifier,True,False,False,False,cycleway,,,,,,,,,,,,evalue,6.0,4.0,2.0,True,2.037051330177083
2020,202000020720,VELO,En agglomération,service,683281673,rhone-alpes-200101.geoparquet,rhone-alpes-200101.geoparquet,retrouvee,False,48.571663929552464,True,matched,2,0,1,0,1,True,True,1,3,True,False,False,pas_de_conclusion_juridique_automatique,False,False,False,True,service,,,,,,,,,,,,,,,,False,
2020,202000020815,VELO,En agglomération,cycleway,21051416,midi-pyrenees-200101.geoparquet,midi-pyrenees-200101.geoparquet,retrouvee,False,0.02363370257556688,False,matched,2,0,0,0,1,True,False,1,3,True,False,True,cycleway_trajectoires_et_acces_a_verifier,True,False,False,False,cycleway,,,,asphalt,,track,,,,no,,evalue,10.0,8.0,1.0,True,0.8658828500499517
2020,202000020949,VELO,En agglomération,service,166303687,rhone-alpes-200101.geoparquet,rhone-alpes-200101.geoparquet,retrouvee,False,49.774211627876845,True,matched,2,0,1,0,1,True,True,1,3,True,False,False,pas_de_conclusion_juridique_automatique,False,False,False,True,service,,,,,,,,,,yes,,,,,,False,
2020,202000020973,VELO,Hors agglomération,cycleway,134659946,alsace-200101.geoparquet,alsace-200101.geoparquet,retrouvee,False,0.7475995181338392,False,matched,2,0,1,0,1,True,True,3,3,True,True,False,cycleway_trajectoires_et_acces_a_verifier,True,False,False,False,cycleway,no,destination,no,asphalt,,,,,,,Pont des 2 rues,evalue,2.0,1.0,1.0,True,1.2643216946345655
2020,202000021248,VELO,En agglomération,cycleway,394087763,ile-de-france-200101.geoparquet,ile-de-france-200101.geoparquet,retrouvee,False,2.6275606163977954,False,matched,2,0,1,0,1,True,True,9,1,True,True,False,cycleway_trajectoires_et_acces_a_verifier,True,False,False,False,cycleway,,,,,,,,,,,,evalue,1.0,1.0,0.0,False,
2020,202000021413,VELO,En agglomération,cycleway,207823890,aquitaine-200101.geoparquet,aquitaine-200101.geoparquet,retrouvee,False,5.696747185645504,False,matched,2,0,0,1,1,True,False,1,1,True,False,False,cycleway_trajectoires_et_acces_a_verifier,True,False,False,False,cycleway,,,,,,,,,,,Boulevard de Txingudi,evalue,5.0,3.0,1.0,False,35.56587756414446
2020,202000021501,VELO,Hors agglomération,cycleway,129082376,alsace-200101.geoparquet,alsace-200101.geoparquet,retrouvee,False,1.1639727479793716,False,matched,2,0,1,0,1,True,True,2,3,True,True,False,cycleway_trajectoires_et_acces_a_verifier,True,False,False,False,cycleway,,designated,,asphalt,,,,,,,Ligne de Neuf-Brisach à Bantzenheim,evalue,1.0,0.0,0.0,False,
2020,202000021911,VELO,En agglomération,cycleway,51110034,ile-de-france-200101.geoparquet,ile-de-france-200101.geoparquet,retrouvee,False,0.7961619706927743,False,matched,2,0,0,0,1,True,False,3,3,True,True,True,cycleway_trajectoires_et_acces_a_verifier,True,False,False,False,cycleway,,,,asphalt,,sidewalk,,,,yes,Boulevard de Magenta,evalue,5.0,4.0,3.0,True,2.0917612673414867
2020,202000021915,VELO,En agglomération,primary,27353366,ile-de-france-200101.geoparquet,ile-de-france-200101.geoparquet,retrouvee,False,33.31395658458619,True,matched,2,0,1,0,1,True,True,9,3,True,True,False,pas_de_conclusion_juridique_automatique,False,False,False,True,primary,yes,,,asphalt,,,,,50,yes,Avenue Eugène Pelletan,,,,,False,
2020,202000022130,VELO,En agglomération,cycleway,726851781,ile-de-france-200101.geoparquet,ile-de-france-200101.geoparquet,retrouvee,False,1.376875942257657,False,matched,2,0,1,0,1,True,True,1,3,True,False,False,cycleway_trajectoires_et_acces_a_verifier,True,False,False,False,cycleway,,,,,,,,,,yes,,evalue,17.0,16.0,0.0,False,
2020,202000022376,VELO,En agglomération,cycleway,680213115,ile-de-france-200101.geoparquet,ile-de-france-200101.geoparquet,retrouvee,False,0.005908537062496204,False,matched,2,0,1,0,1,True,True,2,3,True,True,True,cycleway_trajectoires_et_acces_a_verifier,True,False,False,False,cycleway,,,,asphalt,,on_street,,,,no,Rue du Temple,evalue,5.0,4.0,0.0,False,
2020,202000022914,VELO,Hors agglomération,primary,600325832,pays-de-la-loire-200101.geoparquet,pays-de-la-loire-200101.geoparquet,retrouvee,False,32.9526984433155,True,matched,2,0,1,0,1,True,True,6,3,True,True,False,pas_de_conclusion_juridique_automatique,False,False,False,True,primary,,,,asphalt,,,,,,,Rond-Point de la Belle Étoile,,,,,False,
2020,202000023110,VELO,En agglomération,service,83428221,ile-de-france-200101.geoparquet,ile-de-france-200101.geoparquet,retrouvee,False,92.92518357848093,True,matched,2,0,0,0,1,True,False,1,3,True,False,False,pas_de_conclusion_juridique_automatique,False,False,False,True,service,,,,,,,,,,yes,,,,,,False,
2020,202000023346,VELO,En agglomération,cycleway,680213115,ile-de-france-200101.geoparquet,ile-de-france-200101.geoparquet,retrouvee,False,0.40435779846414466,False,matched,2,0,1,0,1,True,True,4,3,True,True,True,cycleway_trajectoires_et_acces_a_verifier,True,False,False,False,cycleway,,,,asphalt,,on_street,,,,no,Rue du Temple,evalue,5.0,4.0,0.0,False,
2020,202000023477,VELO,En agglomération,cycleway,133560564,aquitaine-200101.geoparquet,aquitaine-200101.geoparquet,retrouvee,False,0.8981273852284896,False,matched,2,0,1,0,1,True,True,2,3,True,True,False,cycleway_trajectoires_et_acces_a_verifier,True,False,False,False,cycleway,,,,asphalt,intermediate,,,,,yes,,evalue,4.0,3.0,1.0,True,1.6843366629423122
2020,202000023775,VELO,Hors agglomération,cycleway,137218763,languedoc-roussillon-200101.geoparquet,languedoc-roussillon-200101.geoparquet,retrouvee,False,0.7100714894521915,False,matched,2,0,1,0,1,True,True,2,3,True,True,False,cycleway_trajectoires_et_acces_a_verifier,True,False,False,False,cycleway,,,,,,,,,,,,evalue,6.0,5.0,0.0,False,
2020,202000023799,VELO,En agglomération,cycleway,96828516,ile-de-france-200101.geoparquet,ile-de-france-200101.geoparquet,retrouvee,False,7.211233255430228,False,matched,2,0,0,0,1,True,False,9,3,True,True,False,cycleway_trajectoires_et_acces_a_verifier,True,False,False,False,cycleway,,,,,,,,,,yes,Avenue Maurice Thorez,evalue,6.0,4.0,0.0,False,
2020,202000023949,VELO,En agglomération,cycleway,239022726,alsace-200101.geoparquet,alsace-200101.geoparquet,retrouvee,False,0.19825934940669676,False,matched,2,0,1,0,1,True,True,4,3,True,True,False,cycleway_trajectoires_et_acces_a_verifier,True,False,False,False,cycleway,,,,,,,,,,yes,,evalue,5.0,2.0,1.0,True,1.4344442522927554
2020,202000024086,VELO,En agglomération,residential,82680443,martinique-200101.geoparquet,martinique-200101.geoparquet,retrouvee,False,64.73750064293682,True,matched,2,0,1,0,1,True,True,9,1,True,True,False,pas_de_conclusion_juridique_automatique,False,False,False,True,residential,,,,asphalt,,,,,,,Impasse Saint-James,,,,,False,
2020,202000024193,VELO,En agglomération,cycleway,646794003,haute-normandie-200101.geoparquet,haute-normandie-200101.geoparquet,retrouvee,False,7.033756533328096,False,matched,2,0,1,0,1,True,True,3,3,True,True,False,cycleway_trajectoires_et_acces_a_verifier,True,False,False,False,cycleway,,,,,,,,,,yes,,evalue,3.0,2.0,0.0,False,
2020,202000024200,VELO,En agglomération,residential,245342140,centre-200101.geoparquet,centre-200101.geoparquet,retrouvee,False,42.97219938411803,True,matched,1,0,0,0,0,False,False,1,7,True,False,True,pas_de_conclusion_juridique_automatique,False,False,False,True,residential,,,,,,opposite,,,30,yes,Rue Étienne Pallu,,,,,False,
2020,202000024274,VELO,En agglomération,,,aquitaine-200101.geoparquet,aquitaine-200101.geoparquet,osm_way_id_absent,False,,True,unmatched,2,0,1,0,1,True,True,6,3,True,True,False,pas_de_conclusion_juridique_automatique,False,False,False,True,,,,,,,,,,,,,,,,,False,
2020,202000024768,VELO,En agglomération,cycleway,351179982,alsace-200101.geoparquet,alsace-200101.geoparquet,retrouvee,False,0.4717935032098964,False,matched,2,0,0,1,1,True,False,3, -1,True,True,False,cycleway_trajectoires_et_acces_a_verifier,True,False,False,False,cycleway,,,,,,,,,,yes,,evalue,8.0,6.0,1.0,True,8.148835512583595
2020,202000025159,VELO,En agglomération,cycleway,459177946,languedoc-roussillon-200101.geoparquet,languedoc-roussillon-200101.geoparquet,retrouvee,False,2.9413812188656245,False,matched,2,0,1,0,1,True,True,1, -1,True,False,False,cycleway_trajectoires_et_acces_a_verifier,True,False,False,False,cycleway,,,,,,,,,,yes,,evalue,14.0,12.0,0.0,False,
2020,202000025254,VELO,En agglomération,cycleway,606366021,ile-de-france-200101.geoparquet,ile-de-france-200101.geoparquet,retrouvee,False,0.3092261496020212,False,matched,2,0,0,0,1,True,False,2,3,True,True,True,cycleway_trajectoires_et_acces_a_verifier,True,False,False,False,cycleway,,,,,,on_street,,,,yes,Boulevard Masséna,evalue,12.0,8.0,4.0,True,2.025756985339575
2020,202000025812,VELO,En agglomération,cycleway,44026655,ile-de-france-200101.geoparquet,ile-de-france-200101.geoparquet,retrouvee,False,0.03324961335939963,False,matched,2,0,0,0,1,True,False,9,3,True,True,False,cycleway_trajectoires_et_acces_a_verifier,True,False,False,False,cycleway,,,,,,,,,,,,evalue,2.0,1.0,0.0,False,
2020,202000026384,VELO,En agglomération,cycleway,513818521,ile-de-france-200101.geoparquet,ile-de-france-200101.geoparquet,retrouvee,False,0.7891285649303926,False,matched,2,0,1,0,1,True,True,1,3,True,False,True,cycleway_trajectoires_et_acces_a_verifier,True,False,False,False,cycleway,,,,asphalt,,on_street,,,,no,Voie Georges Pompidou,evalue,2.0,2.0,0.0,False,
2020,202000026478,VELO,Hors agglomération,cycleway,264924015,pays-de-la-loire-200101.geoparquet,pays-de-la-loire-200101.geoparquet,retrouvee,False,0.1354298567310149,False,matched,2,0,0,0,1,True,False,1,2,True,False,False,cycleway_trajectoires_et_acces_a_verifier,True,False,False,False,cycleway,,,,asphalt,,,,,,no,,evalue,7.0,7.0,0.0,False,
2020,202000026551,VELO,Hors agglomération,cycleway,727428355,centre-200101.geoparquet,centre-200101.geoparquet,retrouvee,False,4.121945272952301,False,matched,2,0,0,0,1,True,False,1,3,True,False,False,cycleway_trajectoires_et_acces_a_verifier,True,False,False,False,cycleway,,designated,,,,,,,,,,evalue,12.0,10.0,0.0,False,
2020,202000027245,VELO,En agglomération,cycleway,523368869,alsace-200101.geoparquet,alsace-200101.geoparquet,retrouvee,False,1.7148968863663587,False,matched,2,0,1,0,1,True,True,1,3,True,False,False,cycleway_trajectoires_et_acces_a_verifier,True,False,False,False,cycleway,,,,asphalt,,,,,,yes,,evalue,7.0,5.0,1.0,False,24.854713675508233
2020,202000027607,VELO,En agglomération,cycleway,355745124,bretagne-200101.geoparquet,bretagne-200101.geoparquet,retrouvee,False,2.7509061924185394,False,matched,2,0,1,0,1,True,True,1,1,True,False,False,cycleway_trajectoires_et_acces_a_verifier,True,False,False,False,cycleway,,designated,,,,,,,,no,Route de Fougères,evalue,1.0,1.0,0.0,False,
2020,202000028462,VELO,En agglomération,cycleway,104374027,aquitaine-200101.geoparquet,aquitaine-200101.geoparquet,retrouvee,False,3.3434752419618143,False,matched,2,0,1,0,1,True,True,2,3,True,True,False,cycleway_trajectoires_et_acces_a_verifier,True,False,False,False,cycleway,,,,,,,,,,,,evalue,5.0,4.0,1.0,True,6.873865217938122
2020,202000028749,VELO,En agglomération,tertiary,129095715,ile-de-france-200101.geoparquet,ile-de-france-200101.geoparquet,retrouvee,False,49.880006985991045,True,matched,2,0,1,0,1,True,True,1,3,True,False,False,pas_de_conclusion_juridique_automatique,False,False,False,True,tertiary,,,,asphalt,,,,,,,Avenue Ernest Renan,,,,,False,
2020,202000028864,VELO,En agglomération,residential,31050209,pays-de-la-loire-200101.geoparquet,pays-de-la-loire-200101.geoparquet,retrouvee,False,50.46980137073048,True,matched,2,0,1,0,1,True,True,1, -1,True,False,True,pas_de_conclusion_juridique_automatique,False,False,False,True,residential,,,,,,,opposite_lane,,30,yes,Rue Faidherbe,,,,,False,
2020,202000029051,VELO,En agglomération,cycleway,721971963,lorraine-200101.geoparquet,lorraine-200101.geoparquet,retrouvee,False,0.16332667478860083,False,matched,2,0,1,0,1,True,True,1, -1,True,False,False,cycleway_trajectoires_et_acces_a_verifier,True,False,False,False,cycleway,,,,,,,,,,yes,,evalue,8.0,8.0,3.0,True,2.244437364544111
2020,202000029277,VELO,En agglomération,cycleway,56158960,aquitaine-200101.geoparquet,aquitaine-200101.geoparquet,retrouvee,False,0.12650509072706065,False,matched,2,0,1,0,1,True,True,3,3,True,True,False,cycleway_trajectoires_et_acces_a_verifier,True,False,False,False,cycleway,,,,,,,,,,,,evalue,2.0,2.0,1.0,True,3.2241774211095073
2020,202000029395,VELO,En agglomération,cycleway,36948588,ile-de-france-200101.geoparquet,ile-de-france-200101.geoparquet,retrouvee,False,1.3529587257925446,False,matched,2,0,1,0,1,True,True,1,3,True,False,False,cycleway_trajectoires_et_acces_a_verifier,True,False,False,False,cycleway,,,,,,,,,,yes,,evalue,3.0,2.0,1.0,True,3.67392368185072
2020,202000029756,VELO,En agglomération,track,637897503,champagne-ardenne-200101.geoparquet,champagne-ardenne-200101.geoparquet,retrouvee,False,35.891921888239345,True,matched,2,0,1,0,1,True,True,9,3,True,True,False,pas_de_conclusion_juridique_automatique,False,False,False,True,track,,,,,,,,,,,,,,,,False,
2020,202000030292,VELO,En agglomération,cycleway,275354814,franche-comte-200101.geoparquet,franche-comte-200101.geoparquet,retrouvee,False,43.55370871832435,True,matched,1,0,0,0,0,False,False,1,6,True,False,False,cycleway_trajectoires_et_acces_a_verifier,False,False,False,True,cycleway,,,,,,,,,,,,,,,,False,
2020,202000030717,VELO,En agglomération,residential,154134819,ile-de-france-200101.geoparquet,ile-de-france-200101.geoparquet,retrouvee,False,44.19418941480114,True,matched,2,0,0,0,1,True,False,1,1,True,False,False,pas_de_conclusion_juridique_automatique,False,False,False,True,residential,,,,,,,,,,yes,Rue Édouard Vaillant,,,,,False,
2020,202000031300,VELO,En agglomération,cycleway,544739804,alsace-200101.geoparquet,alsace-200101.geoparquet,retrouvee,False,0.07389790535980252,False,matched,2,0,1,0,1,True,True,9,3,True,True,False,cycleway_trajectoires_et_acces_a_verifier,True,False,False,False,cycleway,,,,,,,,,,,,evalue,2.0,2.0,1.0,True,8.181741340112474
2020,202000031352,VELO,En agglomération,track,244596976,picardie-200101.geoparquet,picardie-200101.geoparquet,retrouvee,False,95.23340085600451,True,matched,2,0,1,0,1,True,True,1,3,True,False,False,pas_de_conclusion_juridique_automatique,False,False,False,True,track,,,,,,,,,,,,,,,,False,
2020,202000031378,VELO,En agglomération,cycleway,90254653,alsace-200101.geoparquet,alsace-200101.geoparquet,retrouvee,False,1.7189987470736636,False,matched,2,0,0,0,1,True,False,1,3,True,False,False,cycleway_trajectoires_et_acces_a_verifier,True,False,False,False,cycleway,,,,,,,,,,yes,,evalue,2.0,1.0,1.0,False,257.8107806305943
2020,202000031392,VELO,Hors agglomération,primary,33343031,auvergne-200101.geoparquet,auvergne-200101.geoparquet,retrouvee,False,61.50297738525208,True,matched,2,0,1,0,1,True,True,1,3,True,False,False,pas_de_conclusion_juridique_automatique,False,False,False,True,primary,,,,asphalt,,,,,80,,Route de Toulouse,,,,,False,
2020,202000031751,VELO,En agglomération,service,185464400,aquitaine-200101.geoparquet,aquitaine-200101.geoparquet,retrouvee,False,45.08717845631423,True,matched,2,0,0,0,0,False,False,1,1,True,False,False,pas_de_conclusion_juridique_automatique,False,False,False,True,service,,,,,,,,,,,,,,,,False,
2020,202000031817,VELO,En agglomération,cycleway,397756077,reunion-200101.geoparquet,reunion-200101.geoparquet,retrouvee,False,2.355033851738836,False,matched,2,0,1,0,1,True,True,6,3,True,True,False,cycleway_trajectoires_et_acces_a_verifier,True,False,False,False,cycleway,,,,,,,,,,no,,evalue,3.0,3.0,2.0,True,9.825122189725532
2020,202000031956,VELO,En agglomération,cycleway,17953215,ile-de-france-200101.geoparquet,ile-de-france-200101.geoparquet,retrouvee,False,0.5181249439273712,False,matched,2,0,0,0,1,True,False,1,2,True,False,False,cycleway_trajectoires_et_acces_a_verifier,True,False,False,False,cycleway,,,,asphalt,,,,,,,Rampe Van Loo,evalue,3.0,2.0,2.0,False,42.41636906107656
2020,202000031965,VELO,En agglomération,residential,16405595,ile-de-france-200101.geoparquet,ile-de-france-200101.geoparquet,retrouvee,False,42.42802136148245,True,matched,1,2,0,0,0,False,False,1,6,True,False,False,pas_de_conclusion_juridique_automatique,False,False,False,True,residential,,,,paving_stones,,,,,20,,Rue Joubert,,,,,False,
2020,202000032988,VELO,En agglomération,cycleway,40525745,alsace-200101.geoparquet,alsace-200101.geoparquet,retrouvee,False,0.7044160192961395,False,matched,2,0,1,0,1,True,True,3,3,True,True,False,cycleway_trajectoires_et_acces_a_verifier,True,False,False,False,cycleway,,,,,,,,,,no,Rue de la Brigade Alsace-Lorraine,evalue,3.0,3.0,1.0,True,3.3401468246369777
2020,202000034129,VELO,En agglomération,cycleway,90254814,alsace-200101.geoparquet,alsace-200101.geoparquet,retrouvee,False,2.258908842123461,False,matched,2,0,1,0,1,True,True,1,3,True,False,False,cycleway_trajectoires_et_acces_a_verifier,True,False,False,False,cycleway,,,,,,,,,,yes,,evalue,3.0,2.0,0.0,False,
2020,202000034209,VELO,En agglomération,cycleway,448833812,ile-de-france-200101.geoparquet,ile-de-france-200101.geoparquet,retrouvee,False,0.993303316731236,False,matched,2,0,1,0,1,True,True,6,2,True,True,False,cycleway_trajectoires_et_acces_a_verifier,True,False,False,False,cycleway,,,,,,,,,,yes,,evalue,16.0,12.0,4.0,True,3.0501588623492664
2020,202000034402,VELO,En agglomération,living_street,119104875,pays-de-la-loire-200101.geoparquet,pays-de-la-loire-200101.geoparquet,retrouvee,False,62.9997306240945,True,matched,1,0,0,0,0,False,False,1,7,True,False,True,pas_de_conclusion_juridique_automatique,False,False,False,True,living_street,,,,,,opposite,,,20,yes,Rue Bodinier,,,,,False,
2020,202000034431,VELO,En agglomération,cycleway,305061175,ile-de-france-200101.geoparquet,ile-de-france-200101.geoparquet,retrouvee,False,1.3802850368054465,False,matched,2,0,1,0,1,True,True,9,3,True,True,False,cycleway_trajectoires_et_acces_a_verifier,True,False,False,False,cycleway,,,,,,,,,,yes,,evalue,3.0,2.0,1.0,False,241.26874023644046
2020,202000034694,VELO,En agglomération,cycleway,190520197,alsace-200101.geoparquet,alsace-200101.geoparquet,retrouvee,False,0.23434583544639728,False,matched,2,0,1,0,1,True,True,1,3,True,False,False,cycleway_trajectoires_et_acces_a_verifier,True,False,False,False,cycleway,,,,asphalt,,,,,,yes,,evalue,4.0,4.0,1.0,True,4.384406288153708
2020,202000035558,VELO,En agglomération,tertiary,32074871,provence-alpes-cote-d-azur-200101.geoparquet,provence-alpes-cote-d-azur-200101.geoparquet,retrouvee,False,60.21335297058877,True,matched,1,1,0,0,0,False,False,1,6,True,False,False,pas_de_conclusion_juridique_automatique,False,False,False,True,tertiary,,,,,,,,,,,Quai Charles de Gaulle,,,,,False,
2020,202000036053,VELO,En agglomération,cycleway,42028496,ile-de-france-200101.geoparquet,ile-de-france-200101.geoparquet,retrouvee,False,0.42035016400126185,False,matched,2,0,1,0,1,True,True,1,3,True,False,False,cycleway_trajectoires_et_acces_a_verifier,True,False,False,False,cycleway,,,,asphalt,,,,,,,,evalue,6.0,5.0,1.0,True,1.3539372365917088
2020,202000036414,VELO,Hors agglomération,service,665265213,provence-alpes-cote-d-azur-200101.geoparquet,provence-alpes-cote-d-azur-200101.geoparquet,retrouvee,False,40.96818553193982,True,matched,2,0,1,0,1,True,True,1,2,True,False,False,pas_de_conclusion_juridique_automatique,False,False,False,True,service,,,,,,,,,,,,,,,,False,
2020,202000036762,VELO,En agglomération,cycleway,653756559,ile-de-france-200101.geoparquet,ile-de-france-200101.geoparquet,retrouvee,False,9.815900931609491,False,matched,2,0,1,0,1,True,True,1,3,True,False,False,cycleway_trajectoires_et_acces_a_verifier,True,False,False,False,cycleway,,,,,,,,,,,Quai Jean Compagnon,evalue,2.0,1.0,0.0,False,
2020,202000036884,VELO,En agglomération,cycleway,25813634,alsace-200101.geoparquet,alsace-200101.geoparquet,retrouvee,False,1.2266425331166078,False,matched,2,0,1,0,1,True,True,3,3,True,True,False,cycleway_trajectoires_et_acces_a_verifier,True,False,False,False,cycleway,,,,,,,,,,,,evalue,7.0,5.0,3.0,True,2.324258894898523
2020,202000036942,VELO,En agglomération,cycleway,249945787,rhone-alpes-200101.geoparquet,rhone-alpes-200101.geoparquet,retrouvee,False,0.023687604023443793,False,matched,2,0,1,0,1,True,True,3,3,True,True,False,cycleway_trajectoires_et_acces_a_verifier,True,False,False,False,cycleway,,,,asphalt,,,,,,yes,Place Bellecour,evalue,9.0,8.0,2.0,True,0.7593797088332698
2020,202000037162,VELO,En agglomération,,,bourgogne-200101.geoparquet,bourgogne-200101.geoparquet,osm_way_id_absent,False,,True,unmatched,2,0,1,0,1,True,True,3,3,True,True,False,pas_de_conclusion_juridique_automatique,False,False,False,True,,,,,,,,,,,,,,,,,False,
2020,202000038624,VELO,Hors agglomération,,,reunion-200101.geoparquet,reunion-200101.geoparquet,osm_way_id_absent,False,,True,unmatched,2,0,1,0,1,True,True,2,3,True,True,False,pas_de_conclusion_juridique_automatique,False,False,False,True,,,,,,,,,,,,,,,,,False,
2020,202000039568,VELO,En agglomération,cycleway,105575465,languedoc-roussillon-200101.geoparquet,languedoc-roussillon-200101.geoparquet,retrouvee,False,1.4710347387788816,False,matched,2,0,0,0,1,True,False,3,1,True,True,False,cycleway_trajectoires_et_acces_a_verifier,True,False,False,False,cycleway,,,,,,,,,,yes,,evalue,5.0,5.0,1.0,False,16.863105865017648
2020,202000040382,VELO,Hors agglomération,cycleway,625373614,bretagne-200101.geoparquet,bretagne-200101.geoparquet,retrouvee,False,0.9921662164928856,False,matched,2,0,1,0,1,True,True,1,3,True,False,False,cycleway_trajectoires_et_acces_a_verifier,True,False,False,False,cycleway,,,,asphalt,,,,,,no,,evalue,2.0,1.0,1.0,False,800.841899376451
2020,202000041161,VELO,En agglomération,cycleway,40120632,ile-de-france-200101.geoparquet,ile-de-france-200101.geoparquet,retrouvee,False,0.9121792222042374,False,matched,2,0,1,0,1,True,True,2,3,True,True,True,cycleway_trajectoires_et_acces_a_verifier,True,False,False,False,cycleway,,,,,,on_street,,,,yes,Avenue de la Porte de Vitry,evalue,12.0,8.0,4.0,True,2.264561597081863
2020,202000041756,VELO,En agglomération,cycleway,647658372,ile-de-france-200101.geoparquet,ile-de-france-200101.geoparquet,retrouvee,False,2.28627011359717,False,matched,2,0,1,0,1,True,True,9,3,True,True,False,cycleway_trajectoires_et_acces_a_verifier,True,False,False,False,cycleway,,,,,,,,,,yes,,evalue,8.0,7.0,1.0,False,19.944193127746157
2020,202000041852,VELO,Hors agglomération,primary,321041258,basse-normandie-200101.geoparquet,basse-normandie-200101.geoparquet,retrouvee,False,81.57517942650176,True,matched,2,0,1,0,1,True,True,1,3,True,False,False,pas_de_conclusion_juridique_automatique,False,False,False,True,primary,,,,,,,,,,,La Poste,,,,,False,
2020,202000042030,VELO,En agglomération,cycleway,174359981,pays-de-la-loire-200101.geoparquet,pays-de-la-loire-200101.geoparquet,retrouvee,False,3.5450904607813114,False,matched,2,0,1,0,1,True,True,1,2,True,False,False,cycleway_trajectoires_et_acces_a_verifier,True,False,False,False,cycleway,,,,,,,,,,yes,,evalue,2.0,2.0,1.0,False,272.4920839486589
2020,202000042214,VELO,En agglomération,cycleway,728029441,ile-de-france-200101.geoparquet,ile-de-france-200101.geoparquet,retrouvee,False,1.3500385939941226,False,matched,2,0,0,0,1,True,False,1,3,True,False,False,cycleway_trajectoires_et_acces_a_verifier,True,False,False,False,cycleway,,,,asphalt,good,,,,,no,Quai d'Austerlitz,evalue,1.0,1.0,0.0,False,
2020,202000042480,VELO,En agglomération,service,180126886,centre-200101.geoparquet,centre-200101.geoparquet,retrouvee,False,64.15350200027837,True,matched,2,0,0,0,1,True,False,1,3,True,False,False,pas_de_conclusion_juridique_automatique,False,False,False,True,service,,,,,,,,,30,,,,,,,False,
2020,202000043199,VELO,En agglomération,primary,172654731,ile-de-france-200101.geoparquet,ile-de-france-200101.geoparquet,retrouvee,False,65.50431576768202,True,matched,2,0,0,0,1,True,False,1,3,True,False,False,pas_de_conclusion_juridique_automatique,False,False,False,True,primary,,,,asphalt,,,,,50,yes,Boulevard de Magenta,,,,,False,
2020,202000043370,VELO,En agglomération,cycleway,218375414,poitou-charentes-200101.geoparquet,poitou-charentes-200101.geoparquet,retrouvee,False,0.2549623604215039,False,matched,2,0,1,0,1,True,True,1,2,True,False,False,cycleway_trajectoires_et_acces_a_verifier,True,False,False,False,cycleway,,,,,,,,,,yes,,evalue,1.0,1.0,1.0,True,8.475164961760834
2020,202000043839,VELO,En agglomération,cycleway,291819062,nord-pas-de-calais-200101.geoparquet,nord-pas-de-calais-200101.geoparquet,retrouvee,False,2.65003767798818,False,matched,2,0,1,0,1,True,True,1,3,True,False,False,cycleway_trajectoires_et_acces_a_verifier,True,False,False,False,cycleway,,,,,,,,,,yes,,evalue,7.0,5.0,2.0,True,6.727748062422373
2020,202000044244,VELO,En agglomération,cycleway,326063441,nord-pas-de-calais-200101.geoparquet,nord-pas-de-calais-200101.geoparquet,retrouvee,False,6.988538245425985,False,matched,2,0,1,0,1,True,True,6,3,True,True,False,cycleway_trajectoires_et_acces_a_verifier,True,False,False,False,cycleway,,,,,,,,,,yes,,evalue,10.0,9.0,1.0,False,22.437580240139546
2020,202000044256,VELO,En agglomération,cycleway,107508837,alsace-200101.geoparquet,alsace-200101.geoparquet,retrouvee,False,0.45182690009903786,False,matched,2,0,1,0,1,True,True,1,3,True,False,False,cycleway_trajectoires_et_acces_a_verifier,True,False,False,False,cycleway,,,,,,,,,,,,evalue,10.0,6.0,1.0,True,2.0996695130425636
2020,202000044257,VELO,En agglomération,cycleway,685496734,alsace-200101.geoparquet,alsace-200101.geoparquet,retrouvee,False,1.9015498596639648,False,matched,2,0,1,0,1,True,True,3,3,True,True,False,cycleway_trajectoires_et_acces_a_verifier,True,False,False,False,cycleway,,,,asphalt,excellent,,,,,,,evalue,3.0,2.0,0.0,False,
2020,202000044423,VELO,En agglomération,cycleway,493733337,provence-alpes-cote-d-azur-200101.geoparquet,provence-alpes-cote-d-azur-200101.geoparquet,retrouvee,False,2.308821156417767,False,matched,2,0,1,0,1,True,True,1,3,True,False,False,cycleway_trajectoires_et_acces_a_verifier,True,False,False,False,cycleway,,,,asphalt,,,,,,,,evalue,1.0,1.0,0.0,False,
2020,202000044567,VELO,En agglomération,cycleway,120161233,rhone-alpes-200101.geoparquet,rhone-alpes-200101.geoparquet,retrouvee,False,0.7436500188385494,False,matched,2,0,1,0,1,True,True,2,3,True,True,False,cycleway_trajectoires_et_acces_a_verifier,True,False,False,False,cycleway,,,,,,,,,,,,evalue,4.0,4.0,1.0,True,2.0696332436915745
2020,202000044673,VELO,En agglomération,cycleway,727428355,centre-200101.geoparquet,centre-200101.geoparquet,retrouvee,False,4.143270180625406,False,matched,2,0,0,0,1,True,False,1,3,True,False,False,cycleway_trajectoires_et_acces_a_verifier,True,False,False,False,cycleway,,designated,,,,,,,,,,evalue,12.0,10.0,0.0,False,
2020,202000044742,VELO,En agglomération,service,31052427,pays-de-la-loire-200101.geoparquet,pays-de-la-loire-200101.geoparquet,retrouvee,False,72.75000908298983,True,matched,1,1,0,0,0,False,False,1,6,True,False,True,pas_de_conclusion_juridique_automatique,False,False,False,True,service,,yes,,paving_stones,,,opposite_lane,,20,yes,Sortie Parking du Ralliement,,,,,False,
2020,202000045202,VELO,En agglomération,cycleway,65447012,provence-alpes-cote-d-azur-200101.geoparquet,provence-alpes-cote-d-azur-200101.geoparquet,retrouvee,False,1.1689321163261142,False,matched,2,0,0,0,1,True,False,1, -1,True,False,False,cycleway_trajectoires_et_acces_a_verifier,True,False,False,False,cycleway,,,,,,,,,,,,evalue,4.0,4.0,0.0,False,
2020,202000045464,VELO,En agglomération,cycleway,741262528,basse-normandie-200101.geoparquet,basse-normandie-200101.geoparquet,retrouvee,False,0.47167120657703876,False,matched,2,0,1,0,1,True,True,3,3,True,True,False,cycleway_trajectoires_et_acces_a_verifier,True,False,False,False,cycleway,,,,,,,,,,,,evalue,4.0,2.0,1.0,True,1.2756144403674288
2020,202000045879,VELO,En agglomération,living_street,503514317,alsace-200101.geoparquet,alsace-200101.geoparquet,retrouvee,False,34.77509157119418,True,matched,2,0,0,0,0,False,False,1,2,True,False,True,pas_de_conclusion_juridique_automatique,False,False,False,True,living_street,,,,asphalt,,,shared_lane,,20,yes,Rue du Jeu des Enfants,,,,,False,
2020,202000046426,VELO,En agglomération,cycleway,564832120,auvergne-200101.geoparquet,auvergne-200101.geoparquet,retrouvee,False,2.2391002368187256,False,matched,2,0,1,0,1,True,True,2,3,True,True,False,cycleway_trajectoires_et_acces_a_verifier,True,False,False,False,cycleway,,yes,,asphalt,,,,,,yes,,evalue,6.0,5.0,1.0,True,3.510825679895292
2020,202000046500,VELO,En agglomération,cycleway,239022726,alsace-200101.geoparquet,alsace-200101.geoparquet,retrouvee,False,0.37225327321415813,False,matched,2,0,1,0,1,True,True,3,2,True,True,False,cycleway_trajectoires_et_acces_a_verifier,True,False,False,False,cycleway,,,,,,,,,,yes,,evalue,5.0,2.0,1.0,True,3.259248929955553
2020,202000046761,VELO,En agglomération,cycleway,269173313,rhone-alpes-200101.geoparquet,rhone-alpes-200101.geoparquet,retrouvee,False,1.3693829506197408,False,matched,2,0,1,0,1,True,True,1,2,True,False,False,cycleway_trajectoires_et_acces_a_verifier,True,False,False,False,cycleway,,,,asphalt,,,,,,yes,Rue du Colonel Chambonnet,evalue,4.0,3.0,1.0,False,27.515611191947986
2020,202000046897,VELO,En agglomération,secondary,38503414,champagne-ardenne-200101.geoparquet,champagne-ardenne-200101.geoparquet,retrouvee,False,31.182426323738657,True,matched,2,0,0,0,1,True,False,6, -1,True,True,False,pas_de_conclusion_juridique_automatique,False,False,False,True,secondary,,,,,,,,,50,,,,,,,False,
2020,202000047243,VELO,En agglomération,cycleway,226578873,alsace-200101.geoparquet,alsace-200101.geoparquet,retrouvee,False,0.8183612351876433,False,matched,2,0,1,0,1,True,True,1,3,True,False,False,cycleway_trajectoires_et_acces_a_verifier,True,False,False,False,cycleway,,,,,,,,,,,,evalue,9.0,7.0,2.0,True,1.7656643625133903
2020,202000047393,VELO,En agglomération,cycleway,722863396,ile-de-france-200101.geoparquet,ile-de-france-200101.geoparquet,retrouvee,False,1.5457731945232498,False,matched,2,0,0,0,1,True,False,1,2,True,False,False,cycleway_trajectoires_et_acces_a_verifier,True,False,False,False,cycleway,,,,asphalt,,,,,,yes,Avenue Lénine,evalue,3.0,2.0,0.0,False,
2020,202000007958,VAE,En agglomération,cycleway,86974871,poitou-charentes-200101.geoparquet,poitou-charentes-200101.geoparquet,retrouvee,False,3.4749263626200877,False,matched,2,0,0,0,1,True,False,1,3,True,False,False,cycleway_trajectoires_et_acces_a_verifier,True,False,False,False,cycleway,,,,,,,,,,yes,Avenue du Québec,evalue,10.0,8.0,2.0,True,4.460673652214195
2020,202000008151,VAE,En agglomération,cycleway,335542812,rhone-alpes-200101.geoparquet,rhone-alpes-200101.geoparquet,retrouvee,False,2.5062639891327354,False,matched,2,0,1,0,1,True,True,2,3,True,True,False,cycleway_trajectoires_et_acces_a_verifier,True,False,False,False,cycleway,,,,,,,,,,,,evalue,7.0,7.0,5.0,True,5.002067736753229
2020,202000011980,VAE,Hors agglomération,cycleway,22045489,pays-de-la-loire-200101.geoparquet,pays-de-la-loire-200101.geoparquet,retrouvee,False,1.344933751160192,False,matched,2,0,1,0,1,True,True,3,3,True,True,False,cycleway_trajectoires_et_acces_a_verifier,True,False,False,False,cycleway,yes,yes,no,paved,excellent,,,,,,Piste Cyclable de la Roche-sur-Yon à Coex,evalue,1.0,1.0,1.0,True,2.42248177855333
2020,202000019639,VAE,En agglomération,cycleway,26179565,bretagne-200101.geoparquet,bretagne-200101.geoparquet,retrouvee,False,0.6397730795402813,False,matched,2,0,1,0,1,True,True,3,3,True,True,False,cycleway_trajectoires_et_acces_a_verifier,True,False,False,False,cycleway,,,,,good,,,,,yes,,evalue,14.0,13.0,1.0,True,1.6619087143244262
2020,202000020655,VAE,Hors agglomération,cycleway,275937667,alsace-200101.geoparquet,alsace-200101.geoparquet,retrouvee,False,0.707556063107118,False,matched,3,0,2,0,2,True,True,1,4,True,False,False,cycleway_trajectoires_et_acces_a_verifier,True,False,False,False,cycleway,,,,,,,,,,,,evalue,4.0,2.0,2.0,True,2.896887483253092
2020,202000021249,VAE,En agglomération,cycleway,247253524,ile-de-france-200101.geoparquet,ile-de-france-200101.geoparquet,retrouvee,False,0.27094812449756034,False,matched,2,0,1,0,1,True,True,2,3,True,True,False,cycleway_trajectoires_et_acces_a_verifier,True,False,False,False,cycleway,,,,,,,,,,,,evalue,9.0,8.0,1.0,True,2.179216937379583
2020,202000030735,VAE,En agglomération,cycleway,158735334,aquitaine-200101.geoparquet,aquitaine-200101.geoparquet,retrouvee,False,1.007040881386355,False,matched,2,0,1,0,1,True,True,2,1,True,True,False,cycleway_trajectoires_et_acces_a_verifier,True,False,False,False,cycleway,,,,asphalt,,,,,,,Blaye-Etauliers,evalue,1.0,1.0,1.0,True,6.3209354988989785
2020,202000001137,EDPM,En agglomération,cycleway,36948588,ile-de-france-200101.geoparquet,ile-de-france-200101.geoparquet,retrouvee,False,10.455801231287204,False,matched,2,0,1,0,1,True,True,1,3,True,False,False,cycleway_trajectoires_et_acces_a_verifier,True,False,False,False,cycleway,,,,,,,,,,yes,,evalue,3.0,3.0,1.0,False,15.808897566268858
2020,202000001978,EDPM,En agglomération,cycleway,338324857,ile-de-france-200101.geoparquet,ile-de-france-200101.geoparquet,retrouvee,False,0.529288293097287,False,matched,2,0,0,0,1,True,False,9,3,True,True,False,cycleway_trajectoires_et_acces_a_verifier,True,False,False,False,cycleway,,,,,,,,,,yes,,evalue,3.0,2.0,0.0,False,
2020,202000002353,EDPM,En agglomération,cycleway,702122186,alsace-200101.geoparquet,alsace-200101.geoparquet,retrouvee,False,0.28567460437307896,False,matched,2,0,1,0,1,True,True,2,3,True,True,True,cycleway_trajectoires_et_acces_a_verifier,True,False,False,False,cycleway,,,,,,crossing,,,,,,evalue,14.0,9.0,2.0,True,4.562580646572947
2020,202000005566,EDPM,En agglomération,service,658499735,pays-de-la-loire-200101.geoparquet,pays-de-la-loire-200101.geoparquet,retrouvee,False,95.11858047219961,True,matched,2,0,1,0,1,True,True,1,2,True,False,False,pas_de_conclusion_juridique_automatique,False,False,False,True,service,customers,,,,,,,,,,,,,,,False,
2020,202000009098,EDPM,En agglomération,cycleway,281365727,alsace-200101.geoparquet,alsace-200101.geoparquet,retrouvee,False,0.5540937380982599,False,matched,2,0,1,0,1,True,True,3,2,True,True,False,cycleway_trajectoires_et_acces_a_verifier,True,False,False,False,cycleway,,,,asphalt,,,,,,,,evalue,2.0,2.0,1.0,True,2.3145355083445773
2020,202000009291,EDPM,En agglomération,cycleway,294809904,ile-de-france-200101.geoparquet,ile-de-france-200101.geoparquet,retrouvee,False,0.3758304722907907,False,matched,2,0,1,0,1,True,True,4,3,True,True,True,cycleway_trajectoires_et_acces_a_verifier,True,False,False,False,cycleway,,,,,,sidewalk,,,,,Boulevard Morland,evalue,2.0,2.0,1.0,True,1.767881191428937
2020,202000009910,EDPM,En agglomération,cycleway,680213898,ile-de-france-200101.geoparquet,ile-de-france-200101.geoparquet,retrouvee,False,2.2897337424516038,False,matched,2,0,0,0,1,True,False,3,3,True,True,True,cycleway_trajectoires_et_acces_a_verifier,True,False,False,False,cycleway,,,,asphalt,,on_street,,,,no,Boulevard de Sébastopol,evalue,1.0,1.0,0.0,False,
2020,202000012315,EDPM,Hors agglomération,secondary,42063513,rhone-alpes-200101.geoparquet,rhone-alpes-200101.geoparquet,retrouvee,False,2.5131677381318855,False,matched,2,0,0,0,1,True,False,1,3,True,False,False,route_hors_agglo_autorisation_locale_a_verifier,False,True,False,False,secondary,,,,,,,,,,,Route de Saint-Bernard,evalue,1.0,1.0,1.0,False,24.803665540639106
2020,202000013815,EDPM,Hors agglomération,secondary,30762982,ile-de-france-200101.geoparquet,ile-de-france-200101.geoparquet,retrouvee,False,0.7954267453970431,False,matched,1,0,0,0,0,False,False,1,7,True,False,False,route_hors_agglo_autorisation_locale_a_verifier,False,True,False,False,secondary,,,,,,,,,70,no,,evalue,1.0,0.0,0.0,False,
2020,202000014043,EDPM,Hors agglomération,secondary,55509945,rhone-alpes-200101.geoparquet,rhone-alpes-200101.geoparquet,retrouvee,False,1.2994036966764542,False,matched,2,0,0,0,1,True,False,1,2,True,False,False,route_hors_agglo_autorisation_locale_a_verifier,False,True,False,False,secondary,,,,,,,,,80,,,evalue,0.0,0.0,0.0,False,
2020,202000017317,EDPM,Hors agglomération,primary,185194346,rhone-alpes-200101.geoparquet,rhone-alpes-200101.geoparquet,retrouvee,False,0.16406467963249982,False,matched,2,0,1,0,1,True,True,1,3,True,False,False,route_hors_agglo_autorisation_locale_a_verifier,False,True,False,False,primary,,,,asphalt,,,,,50,yes,Rue Marius Berliet,evalue,0.0,0.0,0.0,False,
2020,202000017854,EDPM,Hors agglomération,tertiary,642298474,provence-alpes-cote-d-azur-200101.geoparquet,provence-alpes-cote-d-azur-200101.geoparquet,retrouvee,False,2.568489684447698,False,matched,2,0,1,0,1,True,True,1,3,True,False,False,route_hors_agglo_autorisation_locale_a_verifier,False,True,False,False,tertiary,,use_sidepath,,,,,,,,,Avenue du Débarquement,evalue,0.0,0.0,0.0,False,
2020,202000019136,EDPM,En agglomération,cycleway,305061174,ile-de-france-200101.geoparquet,ile-de-france-200101.geoparquet,retrouvee,False,22.81599374986792,False,matched,2,0,1,0,1,True,True,1,3,True,False,False,cycleway_trajectoires_et_acces_a_verifier,True,False,False,False,cycleway,,,,,,,,,,yes,,evalue,3.0,2.0,0.0,False,
2020,202000023876,EDPM,Hors agglomération,unclassified,255881316,aquitaine-200101.geoparquet,aquitaine-200101.geoparquet,retrouvee,False,0.047040198117067944,False,matched,2,0,0,1,1,True,False,2,3,True,True,False,route_hors_agglo_autorisation_locale_a_verifier,False,True,False,False,unclassified,,,,,,,,,,,,evalue,3.0,3.0,3.0,True,2.1798893188572763
2020,202000023933,EDPM,Hors agglomération,primary,398385269,martinique-200101.geoparquet,martinique-200101.geoparquet,retrouvee,False,6.63366691911641,False,matched,2,0,0,0,1,True,False,1,2,True,False,False,route_hors_agglo_autorisation_locale_a_verifier,False,True,False,False,primary,,,,asphalt,,,,,70,yes,,evalue,1.0,1.0,0.0,False,
2020,202000024504,EDPM,Hors agglomération,primary,624622745,rhone-alpes-200101.geoparquet,rhone-alpes-200101.geoparquet,retrouvee,False,2.400272368631285,False,matched,2,0,1,0,1,True,True,6,3,True,True,False,route_hors_agglo_autorisation_locale_a_verifier,False,True,False,False,primary,,use_sidepath,,asphalt,,,,,,yes,Route de Meyrin,evalue,2.0,1.0,1.0,False,31.068654734269888
2020,202000024969,EDPM,Hors agglomération,service,221543829,ile-de-france-200101.geoparquet,ile-de-france-200101.geoparquet,retrouvee,False,2.155213502948763,False,matched,2,0,1,0,1,True,True,1,1,True,False,False,route_hors_agglo_autorisation_locale_a_verifier,False,True,False,False,service,,,,,,,,,,,,evalue,0.0,0.0,0.0,False,
2020,202000025724,EDPM,Hors agglomération,tertiary,398037459,picardie-200101.geoparquet,picardie-200101.geoparquet,retrouvee,False,9.2558716676138,False,matched,2,0,1,0,1,True,True,1,1,True,False,False,route_hors_agglo_autorisation_locale_a_verifier,False,True,False,False,tertiary,,,,asphalt,,,,,80,,,evalue,0.0,0.0,0.0,False,
2020,202000026150,EDPM,Hors agglomération,residential,424042058,picardie-200101.geoparquet,picardie-200101.geoparquet,retrouvee,False,2.918159269437305,False,matched,2,0,1,0,1,True,True,2,3,True,True,False,route_hors_agglo_autorisation_locale_a_verifier,False,True,False,False,residential,,,,,,,,,,no,Rue George Samuel Perrottet,evalue,1.0,1.0,1.0,True,5.118633281121492
2020,202000027622,EDPM,En agglomération,tertiary,24614091,ile-de-france-200101.geoparquet,ile-de-france-200101.geoparquet,retrouvee,False,45.61109467188106,True,matched,2,0,1,0,1,True,True,1,3,True,False,False,pas_de_conclusion_juridique_automatique,False,False,False,True,tertiary,,,,,,,,,,,Avenue de Fontenay,,,,,False,
2020,202000029509,EDPM,Hors agglomération,secondary,26187744,alsace-200101.geoparquet,alsace-200101.geoparquet,retrouvee,False,2.948670708688483,False,matched,2,0,0,0,0,False,False,1,1,True,False,False,route_hors_agglo_autorisation_locale_a_verifier,False,True,False,False,secondary,,,,,,,,,,yes,,evalue,5.0,4.0,1.0,False,61.725040762807865
2020,202000033213,EDPM,Hors agglomération,primary,99594497,bretagne-200101.geoparquet,bretagne-200101.geoparquet,retrouvee,False,2.3748231891073157,False,matched,2,0,0,0,1,True,False,6,3,True,True,False,route_hors_agglo_autorisation_locale_a_verifier,False,True,False,False,primary,,,,,,,,,,yes,Route Départementale 70,evalue,3.0,3.0,2.0,True,8.943664312500761
2020,202000033600,EDPM,Hors agglomération,unclassified,488281559,aquitaine-200101.geoparquet,aquitaine-200101.geoparquet,retrouvee,False,2.2659941912126027,False,matched,1,0,0,0,0,False,False,3,7,True,True,False,route_hors_agglo_autorisation_locale_a_verifier,False,True,False,False,unclassified,,,,,,,,,50,yes,Allée de la Réserve,evalue,5.0,3.0,0.0,False,
2020,202000034859,EDPM,En agglomération,cycleway,759807781,midi-pyrenees-200101.geoparquet,midi-pyrenees-200101.geoparquet,retrouvee,False,5.053746313395406,False,matched,2,0,1,0,1,True,True,1,3,True,False,False,cycleway_trajectoires_et_acces_a_verifier,True,False,False,False,cycleway,,,,,,,,,,yes,,evalue,9.0,8.0,5.0,False,11.505312972093314
2020,202000036959,EDPM,En agglomération,cycleway,52719941,ile-de-france-200101.geoparquet,ile-de-france-200101.geoparquet,retrouvee,False,0.5865448137479973,False,matched,2,0,0,0,1,True,False,3,3,True,True,True,cycleway_trajectoires_et_acces_a_verifier,True,False,False,False,cycleway,,,no,asphalt,,on_street,,,,yes,Boulevard de la Villette,evalue,7.0,6.0,2.0,True,1.2599213010015744
2020,202000038095,EDPM,Hors agglomération,tertiary,225556344,alsace-200101.geoparquet,alsace-200101.geoparquet,retrouvee,False,5.021700302249832,False,matched,1,0,0,0,0,False,False,1,7,True,False,False,route_hors_agglo_autorisation_locale_a_verifier,False,True,False,False,tertiary,,,,,,,,,,,Route du Rohrschollen,evalue,0.0,0.0,0.0,False,
2020,202000038526,EDPM,En agglomération,cycleway,495655650,ile-de-france-200101.geoparquet,ile-de-france-200101.geoparquet,retrouvee,False,2.1868772481487095,False,matched,2,0,1,0,1,True,True,1,2,True,False,False,cycleway_trajectoires_et_acces_a_verifier,True,False,False,False,cycleway,,,,,,,,,,yes,Avenue Laplace,evalue,2.0,1.0,0.0,False,
2020,202000039060,EDPM,Hors agglomération,service,678263587,ile-de-france-200101.geoparquet,ile-de-france-200101.geoparquet,retrouvee,False,4.03273590746769,False,matched,2,0,0,0,1,True,False,1,2,True,False,False,route_hors_agglo_autorisation_locale_a_verifier,False,True,False,False,service,no,,,,,,,,,yes,,evalue,2.0,2.0,2.0,False,518.1842909175712
2020,202000041924,EDPM,Hors agglomération,secondary,177833910,languedoc-roussillon-200101.geoparquet,languedoc-roussillon-200101.geoparquet,retrouvee,False,2.898472697158244,False,matched,2,0,0,0,1,True,False,1,3,True,False,False,route_hors_agglo_autorisation_locale_a_verifier,False,True,False,False,secondary,,,,,,,,,,,Avenue Julien Panchot,evalue,5.0,4.0,1.0,True,7.191558271959165
2020,202000046221,EDPM,En agglomération,cycleway,249922250,languedoc-roussillon-200101.geoparquet,languedoc-roussillon-200101.geoparquet,retrouvee,False,0.015469362621324784,False,matched,2,0,1,0,1,True,True,3, -1,True,True,False,cycleway_trajectoires_et_acces_a_verifier,True,False,False,False,cycleway,,,,,,,,,,yes,,evalue,5.0,4.0,2.0,True,1.0355330451421476
2020,202000047419,EDPM,En agglomération,cycleway,305061173,ile-de-france-200101.geoparquet,ile-de-france-200101.geoparquet,retrouvee,False,0.5710898601171241,False,matched,2,0,0,0,1,True,False,1,3,True,False,False,cycleway_trajectoires_et_acces_a_verifier,True,False,False,False,cycleway,,,,,,,,,,yes,,evalue,9.0,8.0,3.0,True,2.6359446171129988
2020,202000000070,CYCLO,Hors agglomération,cycleway,532681499,aquitaine-200101.geoparquet,aquitaine-200101.geoparquet,retrouvee,False,1.1244141036542328,False,matched,1,0,0,1,0,False,False,9,6,True,True,False,cycleway_trajectoires_et_acces_a_verifier,False,False,True,False,cycleway,,,,asphalt,excellent,,,,,,,evalue,1.0,0.0,0.0,False,
2020,202000001575,CYCLO,En agglomération,tertiary,352267677,aquitaine-200101.geoparquet,aquitaine-200101.geoparquet,retrouvee,False,57.17516454653291,True,matched,2,0,1,1,1,True,True,3,3,True,True,False,pas_de_conclusion_juridique_automatique,False,False,False,True,tertiary,,,,asphalt,,,,,,yes,Avenue de Marhum,,,,,False,
2020,202000003016,CYCLO,En agglomération,tertiary,216215965,lorraine-200101.geoparquet,lorraine-200101.geoparquet,retrouvee,False,68.0561567545786,True,matched,1,0,0,1,0,False,False,1,6,True,False,False,pas_de_conclusion_juridique_automatique,False,False,False,True,tertiary,,,,,,,,,,,Rue Koenig,,,,,False,
2020,202000003632,CYCLO,En agglomération,residential,460148974,bretagne-200101.geoparquet,bretagne-200101.geoparquet,retrouvee,False,71.8028998094236,True,matched,1,0,0,1,0,False,False,1,7,True,False,False,pas_de_conclusion_juridique_automatique,False,False,False,True,residential,,,,asphalt,,,,,20,,Rue Pierre Péron,,,,,False,
2020,202000003685,CYCLO,En agglomération,service,136734434,aquitaine-200101.geoparquet,aquitaine-200101.geoparquet,retrouvee,False,31.254461348711178,True,matched,1,0,0,1,0,False,False,1,7,True,False,False,pas_de_conclusion_juridique_automatique,False,False,False,True,service,,,,,,,,,,,Chemin du Pech,,,,,False,
2020,202000003945,CYCLO,En agglomération,cycleway,199081642,ile-de-france-200101.geoparquet,ile-de-france-200101.geoparquet,retrouvee,False,0.7051953043719421,False,matched,2,0,0,1,0,False,False,3,3,True,True,False,cycleway_trajectoires_et_acces_a_verifier,False,False,True,False,cycleway,,,,,,,,,,yes,Rue Camille Desmoulins,evalue,6.0,5.0,4.0,True,1.4251988512309508
2020,202000004378,CYCLO,En agglomération,cycleway,744744226,ile-de-france-200101.geoparquet,ile-de-france-200101.geoparquet,retrouvee,False,2.6121631655643207,False,matched,1,1,0,1,0,False,False,1,6,True,False,False,cycleway_trajectoires_et_acces_a_verifier,False,False,True,False,cycleway,,,,asphalt,,,,,,yes,Avenue de Flandre,evalue,2.0,2.0,1.0,False,124.82015301219143
2020,202000005803,CYCLO,En agglomération,cycleway,194645509,pays-de-la-loire-200101.geoparquet,pays-de-la-loire-200101.geoparquet,retrouvee,False,9.495899736925617,False,matched,2,0,1,1,1,True,True,1,2,True,False,False,cycleway_trajectoires_et_acces_a_verifier,False,False,True,False,cycleway,,designated,,asphalt,,,,,,yes,,evalue,4.0,4.0,2.0,False,20.898896239067223
2020,202000006559,CYCLO,En agglomération,primary,596390549,ile-de-france-200101.geoparquet,ile-de-france-200101.geoparquet,retrouvee,False,35.27447650959737,True,matched,1,0,0,1,0,False,False,1,6,True,False,False,pas_de_conclusion_juridique_automatique,False,False,False,True,primary,,,,asphalt,,,,,30,yes,Avenue du 8 Mai 1945,,,,,False,
2020,202000006798,CYCLO,Hors agglomération,,,aquitaine-200101.geoparquet,aquitaine-200101.geoparquet,osm_way_id_absent,False,,True,unmatched,1,0,0,1,0,False,False,1,7,True,False,False,pas_de_conclusion_juridique_automatique,False,False,False,True,,,,,,,,,,,,,,,,,False,
2020,202000007858,CYCLO,En agglomération,cycleway,757363377,pays-de-la-loire-200101.geoparquet,pays-de-la-loire-200101.geoparquet,retrouvee,False,6.688049455295754,False,matched,2,0,1,1,1,True,True,1,3,True,False,False,cycleway_trajectoires_et_acces_a_verifier,False,False,True,False,cycleway,,,,,,,,,,,,evalue,3.0,2.0,0.0,False,
2020,202000008594,CYCLO,Hors agglomération,cycleway,631096322,guyane-200101.geoparquet,guyane-200101.geoparquet,retrouvee,False,0.965508751607399,False,matched,2,0,0,1,0,False,False,9,2,True,True,False,cycleway_trajectoires_et_acces_a_verifier,False,False,True,False,cycleway,,,,,,,,,,,,evalue,2.0,2.0,0.0,False,
2020,202000010172,CYCLO,En agglomération,cycleway,133133763,rhone-alpes-200101.geoparquet,rhone-alpes-200101.geoparquet,retrouvee,False,1.0712203985036,False,matched,2,0,0,1,1,True,False,3,3,True,True,False,cycleway_trajectoires_et_acces_a_verifier,False,False,True,False,cycleway,,yes,,asphalt,,,,,,yes,Rue du Sergent Michel Berthet,evalue,13.0,11.0,0.0,False,
2020,202000010766,CYCLO,En agglomération,residential,556422666,reunion-200101.geoparquet,reunion-200101.geoparquet,retrouvee,False,31.55792568306406,True,matched,2,0,1,1,1,True,True,1,1,True,False,False,pas_de_conclusion_juridique_automatique,False,False,False,True,residential,,,,,,,,,,,Chemin des Gueri Vit,,,,,False,
2020,202000012889,CYCLO,Hors agglomération,residential,165624137,pays-de-la-loire-200101.geoparquet,pays-de-la-loire-200101.geoparquet,retrouvee,False,56.919766530296975,True,matched,1,0,0,1,0,False,False,1,7,True,False,False,pas_de_conclusion_juridique_automatique,False,False,False,True,residential,,,,,,,,,,,Chemin des Fougères,,,,,False,
2020,202000013717,CYCLO,En agglomération,cycleway,34180339,reunion-200101.geoparquet,reunion-200101.geoparquet,retrouvee,False,2.21482775009277,False,matched,1,0,0,1,0,False,False,1,6,True,False,False,cycleway_trajectoires_et_acces_a_verifier,False,False,True,False,cycleway,,,,,,,,,,,,evalue,0.0,0.0,0.0,False,
2020,202000014361,CYCLO,Hors agglomération,cycleway,616640730,guyane-200101.geoparquet,guyane-200101.geoparquet,retrouvee,False,1.5381924984017215,False,matched,2,0,0,1,1,True,False,6,3,True,True,False,cycleway_trajectoires_et_acces_a_verifier,False,False,True,False,cycleway,,,,,,,,,,,,evalue,3.0,2.0,1.0,False,74.45191111428369
2020,202000014421,CYCLO,En agglomération,cycleway,606070772,ile-de-france-200101.geoparquet,ile-de-france-200101.geoparquet,retrouvee,False,5.223531692069783,False,matched,2,0,1,1,1,True,True,1,3,True,False,False,cycleway_trajectoires_et_acces_a_verifier,False,False,True,False,cycleway,,,,asphalt,,,,,,yes,,evalue,3.0,2.0,0.0,False,
2020,202000015705,CYCLO,En agglomération,,,corse-200101.geoparquet,corse-200101.geoparquet,osm_way_id_absent,False,,True,unmatched,2,0,1,1,1,True,True,3, -1,True,True,False,pas_de_conclusion_juridique_automatique,False,False,False,True,,,,,,,,,,,,,,,,,False,
2020,202000016496,CYCLO,En agglomération,service,375986263,ile-de-france-200101.geoparquet,ile-de-france-200101.geoparquet,retrouvee,False,35.64135239141913,True,matched,1,0,0,1,0,False,False,1,6,True,False,False,pas_de_conclusion_juridique_automatique,False,False,False,True,service,private,,,,,,,,,,,,,,,False,
2020,202000017560,CYCLO,Hors agglomération,cycleway,108896010,martinique-200101.geoparquet,martinique-200101.geoparquet,retrouvee,False,2.400794840714325,False,matched,2,0,1,1,1,True,True,1,2,True,False,False,cycleway_trajectoires_et_acces_a_verifier,False,False,True,False,cycleway,,,,,,,,,,,,evalue,2.0,2.0,0.0,False,
2020,202000017700,CYCLO,En agglomération,cycleway,156850948,centre-200101.geoparquet,centre-200101.geoparquet,retrouvee,False,2.4093135912455432,False,matched,2,0,1,1,1,True,True,1,3,True,False,False,cycleway_trajectoires_et_acces_a_verifier,False,False,True,False,cycleway,,,,,,,,,,,,evalue,1.0,1.0,1.0,False,96.15018660663813
2020,202000018424,CYCLO,En agglomération,service,238131801,midi-pyrenees-200101.geoparquet,midi-pyrenees-200101.geoparquet,retrouvee,False,70.34753419520266,True,matched,1,1,0,1,0,False,False,1,6,True,False,False,pas_de_conclusion_juridique_automatique,False,False,False,True,service,customers,,,,,,,,,,,,,,,False,
2020,202000021413,CYCLO,En agglomération,cycleway,207823890,aquitaine-200101.geoparquet,aquitaine-200101.geoparquet,retrouvee,False,5.696747185645504,False,matched,2,0,0,1,0,False,False,1,1,True,False,False,cycleway_trajectoires_et_acces_a_verifier,False,False,True,False,cycleway,,,,,,,,,,,Boulevard de Txingudi,evalue,5.0,3.0,1.0,False,35.56587756414446
2020,202000022190,CYCLO,Hors agglomération,,,basse-normandie-200101.geoparquet,basse-normandie-200101.geoparquet,osm_way_id_absent,False,,True,unmatched,1,1,0,1,0,False,False,1,6,True,False,False,pas_de_conclusion_juridique_automatique,False,False,False,True,,,,,,,,,,,,,,,,,False,
2020,202000024768,CYCLO,En agglomération,cycleway,351179982,alsace-200101.geoparquet,alsace-200101.geoparquet,retrouvee,False,0.4717935032098964,False,matched,2,0,0,1,0,False,False,3, -1,True,True,False,cycleway_trajectoires_et_acces_a_verifier,False,False,True,False,cycleway,,,,,,,,,,yes,,evalue,8.0,6.0,1.0,True,8.148835512583595
2020,202000024998,CYCLO,Hors agglomération,unclassified,261533612,bretagne-200101.geoparquet,bretagne-200101.geoparquet,retrouvee,False,45.572728777841576,True,matched,1,0,0,1,0,False,False,1,6,True,False,False,pas_de_conclusion_juridique_automatique,False,False,False,True,unclassified,,,,,,,,,,,,,,,,False,
2020,202000025403,CYCLO,En agglomération,residential,27469454,provence-alpes-cote-d-azur-200101.geoparquet,provence-alpes-cote-d-azur-200101.geoparquet,retrouvee,False,38.11687182348156,True,matched,2,0,1,1,1,True,True,9,3,True,True,False,pas_de_conclusion_juridique_automatique,False,False,False,True,residential,,,,,,,,,,,Chemin des Plateaux Fleuris,,,,,False,
2020,202000025606,CYCLO,En agglomération,tertiary,34223862,basse-normandie-200101.geoparquet,basse-normandie-200101.geoparquet,retrouvee,False,73.50558154885202,True,matched,1,0,0,1,0,False,False,1,6,True,False,False,pas_de_conclusion_juridique_automatique,False,False,False,True,tertiary,,,,asphalt,,,,,,,Rue de la Planche,,,,,False,
2020,202000026705,CYCLO,Hors agglomération,cycleway,40115456,franche-comte-200101.geoparquet,franche-comte-200101.geoparquet,retrouvee,False,2.9716866347358235,False,matched,1,0,0,1,0,False,False,1,7,True,False,False,cycleway_trajectoires_et_acces_a_verifier,False,False,True,False,cycleway,,,,asphalt,,,,,,,,evalue,1.0,1.0,0.0,False,
2020,202000027257,CYCLO,En agglomération,service,506884472,picardie-200101.geoparquet,picardie-200101.geoparquet,retrouvee,False,46.888146889017584,True,matched,1,0,0,1,0,False,False,9,7,True,True,False,pas_de_conclusion_juridique_automatique,False,False,False,True,service,,,,,,,,,,,,,,,,False,
2020,202000029527,CYCLO,Hors agglomération,,,haute-normandie-200101.geoparquet,haute-normandie-200101.geoparquet,osm_way_id_absent,False,,True,unmatched,1,0,0,1,0,False,False,1,7,True,False,False,pas_de_conclusion_juridique_automatique,False,False,False,True,,,,,,,,,,,,,,,,,False,
2020,202000030288,CYCLO,En agglomération,residential,46975908,alsace-200101.geoparquet,alsace-200101.geoparquet,retrouvee,False,31.34164752952055,True,matched,1,1,0,1,0,False,False,1,6,True,False,False,pas_de_conclusion_juridique_automatique,False,False,False,True,residential,,,,,,,,,,,Rue de Franche-Comté,,,,,False,
2020,202000031574,CYCLO,En agglomération,cycleway,658946233,ile-de-france-200101.geoparquet,ile-de-france-200101.geoparquet,retrouvee,False,1.0367413780359072,False,matched,2,0,0,1,1,True,False,1,3,True,False,False,cycleway_trajectoires_et_acces_a_verifier,False,False,True,False,cycleway,,,,,,,,,,,,evalue,3.0,2.0,1.0,False,32.17402728830095
2020,202000032311,CYCLO,En agglomération,residential,91718744,auvergne-200101.geoparquet,auvergne-200101.geoparquet,retrouvee,False,90.05981533248803,True,matched,2,0,0,2,0,False,False,1,1,True,False,False,pas_de_conclusion_juridique_automatique,False,False,False,True,residential,,,,,,,,,,,Résidence Petit Bois,,,,,False,
2020,202000034494,CYCLO,En agglomération,cycleway,81408546,nord-pas-de-calais-200101.geoparquet,nord-pas-de-calais-200101.geoparquet,retrouvee,False,4.910466704106958,False,matched,2,0,1,1,1,True,True,1,2,True,False,False,cycleway_trajectoires_et_acces_a_verifier,False,False,True,False,cycleway,,,,asphalt,good,,,,,,,evalue,6.0,6.0,0.0,False,
2020,202000036555,CYCLO,En agglomération,cycleway,402782054,reunion-200101.geoparquet,reunion-200101.geoparquet,retrouvee,False,1.0296667858146442,False,matched,2,0,0,1,0,False,False,1,3,True,False,False,cycleway_trajectoires_et_acces_a_verifier,False,False,True,False,cycleway,,,,,,,,,,,,evalue,3.0,2.0,0.0,False,
2020,202000036760,CYCLO,En agglomération,cycleway,247107401,ile-de-france-200101.geoparquet,ile-de-france-200101.geoparquet,retrouvee,False,3.6312247904141435,False,matched,2,0,1,1,1,True,True,1, -1,True,False,False,cycleway_trajectoires_et_acces_a_verifier,False,False,True,False,cycleway,,,,,,,,,,,,evalue,3.0,3.0,1.0,True,8.455608208699834
2020,202000037247,CYCLO,En agglomération,,,poitou-charentes-200101.geoparquet,poitou-charentes-200101.geoparquet,osm_way_id_absent,False,,True,unmatched,1,0,0,1,0,False,False,1,6,True,False,False,pas_de_conclusion_juridique_automatique,False,False,False,True,,,,,,,,,,,,,,,,,False,
2020,202000039116,CYCLO,En agglomération,cycleway,198900295,midi-pyrenees-200101.geoparquet,midi-pyrenees-200101.geoparquet,retrouvee,False,3.644855191129744,False,matched,1,0,0,1,0,False,False,1,6,True,False,False,cycleway_trajectoires_et_acces_a_verifier,False,False,True,False,cycleway,,,,,,,,,,yes,Route de Grenade,evalue,4.0,3.0,0.0,False,
2020,202000040103,CYCLO,En agglomération,cycleway,667486320,aquitaine-200101.geoparquet,aquitaine-200101.geoparquet,retrouvee,False,1.3530922406791985,False,matched,1,0,0,1,0,False,False,6,7,True,True,False,cycleway_trajectoires_et_acces_a_verifier,False,False,True,False,cycleway,,,,,excellent,,,,,,,evalue,5.0,5.0,0.0,False,
2020,202000041694,CYCLO,Hors agglomération,cycleway,125956363,rhone-alpes-200101.geoparquet,rhone-alpes-200101.geoparquet,retrouvee,False,1.8673003721848989,False,matched,2,0,1,1,1,True,True,1,2,True,False,False,cycleway_trajectoires_et_acces_a_verifier,False,False,True,False,cycleway,,,,,,,,,,yes,,evalue,3.0,3.0,1.0,False,203.6199189548442
2020,202000041849,CYCLO,Hors agglomération,,,aquitaine-200101.geoparquet,aquitaine-200101.geoparquet,osm_way_id_absent,False,,True,unmatched,1,0,0,1,0,False,False,6,7,True,True,False,pas_de_conclusion_juridique_automatique,False,False,False,True,,,,,,,,,,,,,,,,,False,
2020,202000044026,CYCLO,En agglomération,cycleway,594729536,haute-normandie-200101.geoparquet,haute-normandie-200101.geoparquet,retrouvee,False,0.825747239521648,False,matched,1,0,0,1,0,False,False,1,7,True,False,False,cycleway_trajectoires_et_acces_a_verifier,False,False,True,False,cycleway,,,,,,,,,,yes,,evalue,10.0,5.0,2.0,True,1.2463776499312922
2020,202000044196,CYCLO,En agglomération,residential,387206923,martinique-200101.geoparquet,martinique-200101.geoparquet,retrouvee,False,50.74602767577181,True,matched,2,0,1,1,1,True,True,1,1,True,False,False,pas_de_conclusion_juridique_automatique,False,False,False,True,residential,,,,,,,,,,,Chemin Bellevue,,,,,False,
2020,202000044651,CYCLO,En agglomération,,,bourgogne-200101.geoparquet,bourgogne-200101.geoparquet,osm_way_id_absent,False,,True,unmatched,2,0,1,1,1,True,True,6,3,True,True,False,pas_de_conclusion_juridique_automatique,False,False,False,True,,,,,,,,,,,,,,,,,False,
2020,202000045392,CYCLO,En agglomération,cycleway,113222457,ile-de-france-200101.geoparquet,ile-de-france-200101.geoparquet,retrouvee,False,0.16762023331139292,False,matched,2,0,1,1,1,True,True,2,3,True,True,True,cycleway_trajectoires_et_acces_a_verifier,False,False,True,False,cycleway,,,,asphalt,,on_street,,,,yes,Avenue Daumesnil,evalue,9.0,5.0,5.0,True,6.395657039543362
2020,202000045396,CYCLO,En agglomération,cycleway,592967269,aquitaine-200101.geoparquet,aquitaine-200101.geoparquet,retrouvee,False,2.7557391032189895,False,matched,1,0,0,1,0,False,False,1,7,True,False,False,cycleway_trajectoires_et_acces_a_verifier,False,False,True,False,cycleway,,,,,,,,,,yes,,evalue,1.0,1.0,1.0,False,128.29617274695332
2020,202000045872,CYCLO,En agglomération,cycleway,227693407,haute-normandie-200101.geoparquet,haute-normandie-200101.geoparquet,retrouvee,False,27.622912716747727,False,matched,1,1,0,1,0,False,False,1,6,True,False,False,cycleway_trajectoires_et_acces_a_verifier,False,False,True,False,cycleway,,,,,,,,,,no,Quai Jean Moulin,evalue,1.0,0.0,0.0,False,
2020,202000045899,CYCLO,En agglomération,cycleway,564727357,centre-200101.geoparquet,centre-200101.geoparquet,retrouvee,False,0.25439883296112586,False,matched,2,0,1,1,1,True,True,1,2,True,False,False,cycleway_trajectoires_et_acces_a_verifier,False,False,True,False,cycleway,,designated,,,,,,,,,,evalue,6.0,5.0,3.0,True,1.5341762770570926
2020,202000045906,CYCLO,En agglomération,cycleway,437249243,aquitaine-200101.geoparquet,aquitaine-200101.geoparquet,retrouvee,False,2.5715091764341187,False,matched,3,0,2,1,2,True,True,3,5,True,True,False,cycleway_trajectoires_et_acces_a_verifier,False,False,True,False,cycleway,,,,,,,,,,yes,,evalue,3.0,2.0,2.0,False,24.36944783837865
2020,202000046720,CYCLO,En agglomération,cycleway,220600758,haute-normandie-200101.geoparquet,haute-normandie-200101.geoparquet,retrouvee,False,0.7051756969588913,False,matched,1,1,0,1,0,False,False,1,6,True,False,False,cycleway_trajectoires_et_acces_a_verifier,False,False,True,False,cycleway,,,,,,,,,,,,evalue,1.0,1.0,1.0,False,552.9013555906928
2020,202000046860,CYCLO,En agglomération,residential,174608036,reunion-200101.geoparquet,reunion-200101.geoparquet,retrouvee,False,55.47048289448456,True,matched,1,0,0,1,0,False,False,1,7,True,False,False,pas_de_conclusion_juridique_automatique,False,False,False,True,residential,,,,,,,,,,,Chemin Antonin,,,,,False,
2021,202100000226,VELO,En agglomération,cycleway,801974745,rhone-alpes-210101.geoparquet,rhone-alpes-210101.geoparquet,retrouvee,False,1.7527152574479534,False,matched,2,0,1,0,1,True,True,3,3,True,True,False,cycleway_trajectoires_et_acces_a_verifier,True,False,False,False,cycleway,,,,,,,,,,yes,,evalue,6.0,5.0,1.0,True,4.867411167543297
2021,202100001063,VELO,En agglomération,cycleway,749271898,ile-de-france-210101.geoparquet,ile-de-france-210101.geoparquet,retrouvee,False,0.21215376517775117,False,matched,2,0,1,0,1,True,True,2,3,True,True,False,cycleway_trajectoires_et_acces_a_verifier,True,False,False,False,cycleway,,,,asphalt,,,,,,yes,Rue Louis Blanc,evalue,3.0,3.0,2.0,True,0.37735761506770227
2021,202100003688,VELO,En agglomération,cycleway,671791799,poitou-charentes-210101.geoparquet,poitou-charentes-210101.geoparquet,retrouvee,False,6.757033538403742,False,matched,2,0,1,0,1,True,True,9,3,True,True,False,cycleway_trajectoires_et_acces_a_verifier,True,False,False,False,cycleway,,,,,,,,,,no,,evalue,9.0,5.0,0.0,False,
2021,202100004011,VELO,En agglomération,cycleway,183786358,alsace-210101.geoparquet,alsace-210101.geoparquet,retrouvee,False,1.2064227718715563,False,matched,2,0,1,0,1,True,True,3,2,True,True,False,cycleway_trajectoires_et_acces_a_verifier,True,False,False,False,cycleway,,designated,,,,,,,,,,evalue,8.0,6.0,3.0,True,2.4501893520708475
2021,202100004079,VELO,Hors agglomération,cycleway,271740499,poitou-charentes-210101.geoparquet,poitou-charentes-210101.geoparquet,retrouvee,False,0.35359622993532985,False,matched,2,0,0,0,1,True,False,6,3,True,True,False,cycleway_trajectoires_et_acces_a_verifier,True,False,False,False,cycleway,,,,,,,,,,,,evalue,6.0,5.0,2.0,True,3.1136863054477852
2021,202100004124,VELO,En agglomération,cycleway,294809904,ile-de-france-210101.geoparquet,ile-de-france-210101.geoparquet,retrouvee,False,0.08083889638372553,False,matched,2,0,0,0,1,True,False,4,3,True,True,True,cycleway_trajectoires_et_acces_a_verifier,True,False,False,False,cycleway,,,,,,sidewalk,,,,no,Boulevard Morland,evalue,2.0,2.0,1.0,True,1.6073690915146057
2021,202100004827,VELO,En agglomération,cycleway,554636608,ile-de-france-210101.geoparquet,ile-de-france-210101.geoparquet,retrouvee,False,0.13177425441510113,False,matched,2,0,1,0,1,True,True,2,3,True,True,False,cycleway_trajectoires_et_acces_a_verifier,True,False,False,False,cycleway,,,,,,,,,,yes,,evalue,5.0,4.0,2.0,True,6.058707623565788
2021,202100006226,VELO,En agglomération,cycleway,751177823,ile-de-france-210101.geoparquet,ile-de-france-210101.geoparquet,retrouvee,False,0.44655410675299717,False,matched,2,0,1,0,1,True,True,6,1,True,True,False,cycleway_trajectoires_et_acces_a_verifier,True,False,False,False,cycleway,,,,,,,,,,,,evalue,6.0,5.0,1.0,True,5.344921315419259
2021,202100006668,VELO,En agglomération,cycleway,51264958,aquitaine-210101.geoparquet,aquitaine-210101.geoparquet,retrouvee,False,1.1406070253730247,False,matched,2,0,1,0,1,True,True,2,3,True,True,False,cycleway_trajectoires_et_acces_a_verifier,True,False,False,False,cycleway,,,,asphalt,,,,,,,,evalue,15.0,13.0,4.0,True,4.623628062706175
2021,202100007447,VELO,En agglomération,service,637192947,ile-de-france-210101.geoparquet,ile-de-france-210101.geoparquet,retrouvee,False,30.64189664355606,True,matched,1,1,0,0,0,False,False,1,6,True,False,False,pas_de_conclusion_juridique_automatique,False,False,False,True,service,private,,,,,,,,,,,,,,,False,
2021,202100007620,VELO,Hors agglomération,cycleway,589950771,bretagne-210101.geoparquet,bretagne-210101.geoparquet,retrouvee,False,1.977818613017362,False,matched,2,0,1,0,1,True,True,6,6,True,True,False,cycleway_trajectoires_et_acces_a_verifier,True,False,False,False,cycleway,,,,,,,,,,yes,,evalue,6.0,5.0,3.0,True,3.963779609032848
2021,202100007839,VELO,Hors agglomération,cycleway,327534458,champagne-ardenne-210101.geoparquet,champagne-ardenne-210101.geoparquet,retrouvee,False,8.563773021146504,False,matched,2,0,1,0,1,True,True,9,3,True,True,False,cycleway_trajectoires_et_acces_a_verifier,True,False,False,False,cycleway,,,,,,,,,,yes,,evalue,5.0,4.0,1.0,False,20.97056356488458
2021,202100008883,VELO,En agglomération,secondary,222331982,basse-normandie-210101.geoparquet,basse-normandie-210101.geoparquet,retrouvee,False,41.77551350031199,True,matched,2,0,1,0,1,True,True,1,2,True,False,False,pas_de_conclusion_juridique_automatique,False,False,False,True,secondary,,,,,,,,,,,Rue de Quilly,,,,,False,
2021,202100008885,VELO,Hors agglomération,service,65541778,centre-210101.geoparquet,centre-210101.geoparquet,retrouvee,False,37.59899845770306,True,matched,2,0,1,0,1,True,True,1,3,True,False,False,pas_de_conclusion_juridique_automatique,False,False,False,True,service,,,,,,,,,,,,,,,,False,
2021,202100009098,VELO,En agglomération,cycleway,150803183,languedoc-roussillon-210101.geoparquet,languedoc-roussillon-210101.geoparquet,retrouvee,False,1.8597942902799978,False,matched,2,0,1,0,1,True,True,2,3,True,True,False,cycleway_trajectoires_et_acces_a_verifier,True,False,False,False,cycleway,,,,,,,,,,,,evalue,6.0,5.0,3.0,True,4.524053181515325
2021,202100009439,VELO,En agglomération,cycleway,255643521,aquitaine-210101.geoparquet,aquitaine-210101.geoparquet,retrouvee,False,0.009359960334298305,False,matched,2,0,1,0,1,True,True,4,3,True,True,False,cycleway_trajectoires_et_acces_a_verifier,True,False,False,False,cycleway,,,,,,,,,,,,evalue,4.0,4.0,1.0,True,1.7653379094313182
2021,202100009473,VELO,En agglomération,cycleway,305061173,ile-de-france-210101.geoparquet,ile-de-france-210101.geoparquet,retrouvee,False,4.705655568849204,False,matched,2,0,1,0,1,True,True,1,2,True,False,False,cycleway_trajectoires_et_acces_a_verifier,True,False,False,False,cycleway,,,,,,,,,,yes,,evalue,4.0,2.0,0.0,False,
2021,202100009788,VELO,En agglomération,cycleway,40686821,poitou-charentes-210101.geoparquet,poitou-charentes-210101.geoparquet,retrouvee,False,2.9651441727114793,False,matched,2,0,0,0,1,True,False,9,1,True,True,False,cycleway_trajectoires_et_acces_a_verifier,True,False,False,False,cycleway,,,,,,,,,,no,,evalue,1.0,1.0,1.0,False,248.21751973962924
2021,202100010408,VELO,En agglomération,cycleway,277769771,pays-de-la-loire-210101.geoparquet,pays-de-la-loire-210101.geoparquet,retrouvee,False,0.897062928724932,False,matched,2,0,1,0,1,True,True,6,3,True,True,False,cycleway_trajectoires_et_acces_a_verifier,True,False,False,False,cycleway,,,,,,,,,,yes,,evalue,8.0,5.0,1.0,True,3.047433299340965
2021,202100010899,VELO,En agglomération,cycleway,205637574,basse-normandie-210101.geoparquet,basse-normandie-210101.geoparquet,retrouvee,False,1.1449702602306997,False,matched,2,0,1,0,1,True,True,1,3,True,False,False,cycleway_trajectoires_et_acces_a_verifier,True,False,False,False,cycleway,,,,,,,,,,,,evalue,9.0,8.0,1.0,True,5.224647852904511
2021,202100010918,VELO,En agglomération,secondary,50072328,basse-normandie-210101.geoparquet,basse-normandie-210101.geoparquet,retrouvee,False,37.299905517307934,True,matched,2,1,1,0,1,True,True,1,6,True,False,False,pas_de_conclusion_juridique_automatique,False,False,False,True,secondary,,,,,,,,,,,Avenue Charles de Gaulle,,,,,False,
2021,202100010947,VELO,En agglomération,cycleway,304278679,ile-de-france-210101.geoparquet,ile-de-france-210101.geoparquet,retrouvee,False,1.0596645465413486,False,matched,2,0,1,0,1,True,True,3,3,True,True,False,cycleway_trajectoires_et_acces_a_verifier,True,False,False,False,cycleway,,,,,,,,,,yes,,evalue,5.0,4.0,2.0,True,2.1733249944461885
2021,202100011541,VELO,Hors agglomération,tertiary,23257032,ile-de-france-210101.geoparquet,ile-de-france-210101.geoparquet,retrouvee,False,33.04112036120202,True,matched,2,0,1,0,1,True,True,1,1,True,False,False,pas_de_conclusion_juridique_automatique,False,False,False,True,tertiary,,,,,,,,,,,Rue de Ballainvilliers,,,,,False,
2021,202100011852,VELO,En agglomération,cycleway,40120632,ile-de-france-210101.geoparquet,ile-de-france-210101.geoparquet,retrouvee,False,1.4120446082060623,False,matched,2,0,0,0,1,True,False,3,3,True,True,True,cycleway_trajectoires_et_acces_a_verifier,True,False,False,False,cycleway,,,,,,on_street,,,,yes,Avenue de la Porte de Vitry,evalue,5.0,4.0,3.0,True,5.3278871739241955
2021,202100012169,VELO,En agglomération,cycleway,848911212,rhone-alpes-210101.geoparquet,rhone-alpes-210101.geoparquet,retrouvee,False,0.09490184146395955,False,matched,2,0,0,1,1,True,False,1,1,True,False,False,cycleway_trajectoires_et_acces_a_verifier,True,False,False,False,cycleway,,,,asphalt,,,,,,,Montée de la Boucle,evalue,3.0,3.0,0.0,False,
2021,202100012219,VELO,En agglomération,residential,82632419,haute-normandie-210101.geoparquet,haute-normandie-210101.geoparquet,retrouvee,False,36.6015759944388,True,matched,2,0,1,0,1,True,True,1,3,True,False,False,pas_de_conclusion_juridique_automatique,False,False,False,True,residential,,,,,,,,,50,,Rue de la Corniche,,,,,False,
2021,202100012252,VELO,En agglomération,cycleway,548078038,ile-de-france-210101.geoparquet,ile-de-france-210101.geoparquet,retrouvee,False,0.14809421348828922,False,matched,2,0,0,0,1,True,False,3,3,True,True,True,cycleway_trajectoires_et_acces_a_verifier,True,False,False,False,cycleway,,,,asphalt,,sidewalk,,,,yes,Boulevard Arago,evalue,4.0,3.0,3.0,True,0.8011156382758312
2021,202100013122,VELO,En agglomération,primary,162280839,ile-de-france-210101.geoparquet,ile-de-france-210101.geoparquet,retrouvee,False,42.4899111894138,True,matched,2,0,1,0,1,True,True,1,3,True,False,True,pas_de_conclusion_juridique_automatique,False,False,False,True,primary,,,,asphalt,,lane,,,30,,Rue de Paris,,,,,False,
2021,202100013668,VELO,En agglomération,cycleway,847452261,poitou-charentes-210101.geoparquet,poitou-charentes-210101.geoparquet,retrouvee,False,7.778689710924912,False,matched,2,0,1,0,1,True,True,3,1,True,True,False,cycleway_trajectoires_et_acces_a_verifier,True,False,False,False,cycleway,,,,,,,,,,,,evalue,3.0,3.0,1.0,False,11.560887453261522
2021,202100013837,VELO,En agglomération,residential,122002468,pays-de-la-loire-210101.geoparquet,pays-de-la-loire-210101.geoparquet,retrouvee,False,42.20681657726044,True,matched,2,0,1,0,1,True,True,1,3,True,False,True,pas_de_conclusion_juridique_automatique,False,False,False,True,residential,yes,yes,yes,asphalt,,no,,,50,no,Rue de la Mariette,,,,,False,
2021,202100013861,VELO,En agglomération,cycleway,255643521,aquitaine-210101.geoparquet,aquitaine-210101.geoparquet,retrouvee,False,3.234243321568485,False,matched,2,0,1,0,1,True,True,4,6,True,True,False,cycleway_trajectoires_et_acces_a_verifier,True,False,False,False,cycleway,,,,,,,,,,,,evalue,4.0,4.0,1.0,True,4.657294210855318
2021,202100014554,VELO,En agglomération,cycleway,188726317,rhone-alpes-210101.geoparquet,rhone-alpes-210101.geoparquet,retrouvee,False,4.311168364209493,False,matched,3,0,2,0,2,True,True,5,4,True,True,False,cycleway_trajectoires_et_acces_a_verifier,True,False,False,False,cycleway,,,,asphalt,,,,,,,Quai Jules Courmont,evalue,16.0,14.0,3.0,True,6.287154030835905
2021,202100015095,VELO,En agglomération,cycleway,370794492,provence-alpes-cote-d-azur-210101.geoparquet,provence-alpes-cote-d-azur-210101.geoparquet,retrouvee,False,1.036196066982299,False,matched,2,0,0,0,1,True,False,1,3,True,False,False,cycleway_trajectoires_et_acces_a_verifier,True,False,False,False,cycleway,,,,asphalt,,,,,,,,evalue,1.0,1.0,0.0,False,
2021,202100015237,VELO,En agglomération,cycleway,727494578,ile-de-france-210101.geoparquet,ile-de-france-210101.geoparquet,retrouvee,False,0.41380162595465475,False,matched,2,0,1,0,1,True,True,9,1,True,True,False,cycleway_trajectoires_et_acces_a_verifier,True,False,False,False,cycleway,,,,,,,,,,yes,,evalue,2.0,1.0,1.0,False,42.790675272452674
2021,202100015397,VELO,En agglomération,service,294091465,basse-normandie-210101.geoparquet,basse-normandie-210101.geoparquet,retrouvee,False,58.77590085416173,True,matched,2,0,0,1,1,True,False,1,3,True,False,False,pas_de_conclusion_juridique_automatique,False,False,False,True,service,,,,,,,,,,,,,,,,False,
2021,202100015769,VELO,En agglomération,cycleway,666684694,ile-de-france-210101.geoparquet,ile-de-france-210101.geoparquet,retrouvee,False,0.3209565573543644,False,matched,2,0,1,0,1,True,True,3,3,True,True,False,cycleway_trajectoires_et_acces_a_verifier,True,False,False,False,cycleway,,,,,,,,,,yes,,evalue,5.0,4.0,2.0,True,1.1083247075418146
2021,202100016117,VELO,En agglomération,cycleway,109193738,ile-de-france-210101.geoparquet,ile-de-france-210101.geoparquet,retrouvee,False,11.339403240956594,False,matched,2,0,1,0,1,True,True,1,2,True,False,False,cycleway_trajectoires_et_acces_a_verifier,True,False,False,False,cycleway,,,,,,,,,,,,evalue,6.0,5.0,1.0,False,16.284335403031275
2021,202100016187,VELO,En agglomération,cycleway,188067947,aquitaine-210101.geoparquet,aquitaine-210101.geoparquet,retrouvee,False,11.997512994288755,False,matched,2,0,1,0,1,True,True,3,3,True,True,False,cycleway_trajectoires_et_acces_a_verifier,True,False,False,False,cycleway,,,,,,,,,,yes,,evalue,3.0,2.0,1.0,False,327.1870550136006
2021,202100016636,VELO,En agglomération,cycleway,751177823,ile-de-france-210101.geoparquet,ile-de-france-210101.geoparquet,retrouvee,False,0.8170814104206522,False,matched,2,0,1,0,1,True,True,6,3,True,True,False,cycleway_trajectoires_et_acces_a_verifier,True,False,False,False,cycleway,,,,,,,,,,,,evalue,6.0,5.0,1.0,True,1.6492733166165399
2021,202100017227,VELO,Hors agglomération,cycleway,696932301,midi-pyrenees-210101.geoparquet,midi-pyrenees-210101.geoparquet,retrouvee,False,0.4608804475993105,False,matched,2,0,1,0,1,True,True,2,3,True,True,False,cycleway_trajectoires_et_acces_a_verifier,True,False,False,False,cycleway,,designated,,,excellent,,,,,,Chemin de Halage,evalue,5.0,5.0,1.0,True,1.4188672893777634
2021,202100017850,VELO,En agglomération,cycleway,288498750,aquitaine-210101.geoparquet,aquitaine-210101.geoparquet,retrouvee,False,0.5416066316840965,False,matched,2,0,1,0,1,True,True,3,3,True,True,False,cycleway_trajectoires_et_acces_a_verifier,True,False,False,False,cycleway,,,,,,,,,,yes,,evalue,7.0,5.0,5.0,True,1.9317480970956615
2021,202100018939,VELO,En agglomération,cycleway,58490687,auvergne-210101.geoparquet,auvergne-210101.geoparquet,retrouvee,False,1.0605497798905708,False,matched,2,0,1,0,1,True,True,2,3,True,True,False,cycleway_trajectoires_et_acces_a_verifier,True,False,False,False,cycleway,,,,concrete,,,,,,,,evalue,14.0,12.0,1.0,True,2.3594738753652877
2021,202100019688,VELO,En agglomération,cycleway,810361165,languedoc-roussillon-210101.geoparquet,languedoc-roussillon-210101.geoparquet,retrouvee,False,1.5120726214197537,False,matched,2,0,1,0,1,True,True,1,3,True,False,False,cycleway_trajectoires_et_acces_a_verifier,True,False,False,False,cycleway,,,,,,,,,,,,evalue,5.0,4.0,2.0,True,4.750870297780316
2021,202100020100,VELO,En agglomération,cycleway,43955570,ile-de-france-210101.geoparquet,ile-de-france-210101.geoparquet,retrouvee,False,0.44689103506873956,False,matched,2,0,1,0,1,True,True,3,1,True,True,False,cycleway_trajectoires_et_acces_a_verifier,True,False,False,False,cycleway,,,,,,,,,,,,evalue,4.0,3.0,3.0,True,2.100431676399026
2021,202100020291,VELO,En agglomération,cycleway,280187747,aquitaine-210101.geoparquet,aquitaine-210101.geoparquet,retrouvee,False,0.9606041858262214,False,matched,2,0,0,0,1,True,False,2,3,True,True,False,cycleway_trajectoires_et_acces_a_verifier,True,False,False,False,cycleway,,,,,,,,,,yes,,evalue,12.0,12.0,4.0,False,13.6429910288069
2021,202100020951,VELO,Hors agglomération,cycleway,131905620,ile-de-france-210101.geoparquet,ile-de-france-210101.geoparquet,retrouvee,False,0.34290710571925126,False,matched,2,0,1,0,1,True,True,6,1,True,True,False,cycleway_trajectoires_et_acces_a_verifier,True,False,False,False,cycleway,,,,,,,,,,,,evalue,3.0,2.0,2.0,False,21.178887499134447
2021,202100021433,VELO,En agglomération,cycleway,264572800,rhone-alpes-210101.geoparquet,rhone-alpes-210101.geoparquet,retrouvee,False,0.3485190260103242,False,matched,2,0,1,0,1,True,True,2,3,True,True,False,cycleway_trajectoires_et_acces_a_verifier,True,False,False,False,cycleway,,,,,,,,,,,Route de Vaulx-en-Velin,evalue,5.0,4.0,2.0,True,0.9899753527813615
2021,202100021440,VELO,En agglomération,cycleway,190669339,aquitaine-210101.geoparquet,aquitaine-210101.geoparquet,retrouvee,False,2.015447296871995,False,matched,2,0,0,0,1,True,False,1,3,True,False,False,cycleway_trajectoires_et_acces_a_verifier,True,False,False,False,cycleway,,,,,,,,,,,,evalue,4.0,3.0,0.0,False,
2021,202100021970,VELO,En agglomération,cycleway,374774126,rhone-alpes-210101.geoparquet,rhone-alpes-210101.geoparquet,retrouvee,False,2.5053856497501648,False,matched,2,0,1,0,1,True,True,9,3,True,True,False,cycleway_trajectoires_et_acces_a_verifier,True,False,False,False,cycleway,,,,asphalt,,,,,,,,evalue,3.0,3.0,0.0,False,
2021,202100022077,VELO,En agglomération,cycleway,736824610,centre-210101.geoparquet,centre-210101.geoparquet,retrouvee,False,7.008093092072143,False,matched,2,0,1,0,1,True,True,6,3,True,True,False,cycleway_trajectoires_et_acces_a_verifier,True,False,False,False,cycleway,,designated,,,,,,,,,,evalue,5.0,3.0,0.0,False,
2021,202100022306,VELO,En agglomération,cycleway,216409893,ile-de-france-210101.geoparquet,ile-de-france-210101.geoparquet,retrouvee,False,15.032524711575444,False,matched,2,0,1,0,1,True,True,2,3,True,True,False,cycleway_trajectoires_et_acces_a_verifier,True,False,False,False,cycleway,,,,,,,,,,yes,,evalue,1.0,1.0,0.0,False,
2021,202100022689,VELO,En agglomération,cycleway,187150809,rhone-alpes-210101.geoparquet,rhone-alpes-210101.geoparquet,retrouvee,False,0.10562271672193499,False,matched,2,0,1,0,1,True,True,3,3,True,True,False,cycleway_trajectoires_et_acces_a_verifier,True,False,False,False,cycleway,,,,asphalt,good,,,,,,Rue du Général Mouton-Duvernet,evalue,4.0,4.0,2.0,True,0.606888452507626
2021,202100022722,VELO,En agglomération,cycleway,110085342,midi-pyrenees-210101.geoparquet,midi-pyrenees-210101.geoparquet,retrouvee,False,0.6937133037525354,False,matched,2,0,0,0,1,True,False,1,1,True,False,False,cycleway_trajectoires_et_acces_a_verifier,True,False,False,False,cycleway,,,,,,,,,,,,evalue,5.0,3.0,0.0,False,
2021,202100023049,VELO,En agglomération,cycleway,636331129,aquitaine-210101.geoparquet,aquitaine-210101.geoparquet,retrouvee,False,0.4811024907990937,False,matched,2,0,1,0,1,True,True,1,2,True,False,False,cycleway_trajectoires_et_acces_a_verifier,True,False,False,False,cycleway,,,,asphalt,,,,,,,,evalue,3.0,3.0,2.0,True,5.101075381486582
2021,202100023797,VELO,En agglomération,cycleway,287296144,languedoc-roussillon-210101.geoparquet,languedoc-roussillon-210101.geoparquet,retrouvee,False,3.417377691305688,False,matched,3,0,2,0,2,True,True,6,6,True,True,False,cycleway_trajectoires_et_acces_a_verifier,True,False,False,False,cycleway,,designated,no,asphalt,,,,,,,Voie Verte de l'Espiguette,evalue,4.0,3.0,2.0,True,9.671140914399162
2021,202100023877,VELO,En agglomération,cycleway,568934332,aquitaine-210101.geoparquet,aquitaine-210101.geoparquet,retrouvee,False,1.0285552372594784,False,matched,2,0,0,0,1,True,False,1,3,True,False,False,cycleway_trajectoires_et_acces_a_verifier,True,False,False,False,cycleway,,,,,,,,,,,,evalue,2.0,2.0,0.0,False,
2021,202100024694,VELO,En agglomération,cycleway,693975379,aquitaine-210101.geoparquet,aquitaine-210101.geoparquet,retrouvee,False,0.00795704320486855,False,matched,2,0,1,0,1,True,True,1,3,True,False,False,cycleway_trajectoires_et_acces_a_verifier,True,False,False,False,cycleway,,,,asphalt,excellent,,,,,,Piste Cyclable Bordeaux - Lacanau,evalue,1.0,1.0,1.0,True,0.40462117158703154
2021,202100025875,VELO,En agglomération,cycleway,162384242,ile-de-france-210101.geoparquet,ile-de-france-210101.geoparquet,retrouvee,False,0.2981910608398455,False,matched,2,0,1,0,1,True,True,3,3,True,True,False,cycleway_trajectoires_et_acces_a_verifier,True,False,False,False,cycleway,,,,asphalt,,,,,50,yes,Rue de Rivoli,evalue,14.0,13.0,6.0,True,0.5822449121621663
2021,202100026437,VELO,En agglomération,residential,26678230,picardie-210101.geoparquet,picardie-210101.geoparquet,retrouvee,False,56.95429876423071,True,matched,2,0,0,0,0,False,False,1,1,True,False,False,pas_de_conclusion_juridique_automatique,False,False,False,True,residential,,,,asphalt,,,,,30,yes,Rue Pierre Dubois,,,,,False,
2021,202100026788,VELO,Hors agglomération,cycleway,652387759,ile-de-france-210101.geoparquet,ile-de-france-210101.geoparquet,retrouvee,False,4.822113542027207,False,matched,2,0,1,0,1,True,True,9,3,True,True,False,cycleway_trajectoires_et_acces_a_verifier,True,False,False,False,cycleway,,,,,,,,,,,,evalue,5.0,4.0,0.0,False,
2021,202100027198,VELO,En agglomération,,,rhone-alpes-210101.geoparquet,rhone-alpes-210101.geoparquet,osm_way_id_absent,False,,True,unmatched,2,0,0,0,0,False,False,1,1,True,False,False,pas_de_conclusion_juridique_automatique,False,False,False,True,,,,,,,,,,,,,,,,,False,
2021,202100027566,VELO,En agglomération,cycleway,52719941,ile-de-france-210101.geoparquet,ile-de-france-210101.geoparquet,retrouvee,False,0.01374538903068869,False,matched,2,0,1,0,1,True,True,1,3,True,False,True,cycleway_trajectoires_et_acces_a_verifier,True,False,False,False,cycleway,,,no,asphalt,,on_street,,,,yes,Boulevard de la Villette,evalue,4.0,3.0,0.0,False,
2021,202100027789,VELO,En agglomération,cycleway,100995814,ile-de-france-210101.geoparquet,ile-de-france-210101.geoparquet,retrouvee,False,1.6600557376716598,False,matched,2,0,0,0,1,True,False,3,3,True,True,False,cycleway_trajectoires_et_acces_a_verifier,True,False,False,False,cycleway,,,,paved,,,,,,yes,Pont d'Issy-les-Moulineaux,evalue,7.0,6.0,2.0,True,1.8975240100658433
2021,202100029298,VELO,En agglomération,cycleway,466961614,pays-de-la-loire-210101.geoparquet,pays-de-la-loire-210101.geoparquet,retrouvee,False,1.0223482077187545,False,matched,2,0,1,0,1,True,True,1,3,True,False,False,cycleway_trajectoires_et_acces_a_verifier,True,False,False,False,cycleway,,yes,,asphalt,,,,,,yes,,evalue,7.0,6.0,2.0,False,10.632695873459847
2021,202100029833,VELO,En agglomération,service,368539102,ile-de-france-210101.geoparquet,ile-de-france-210101.geoparquet,retrouvee,False,39.01853912965328,True,matched,1,1,0,0,0,False,False,2,6,True,True,False,pas_de_conclusion_juridique_automatique,False,False,False,True,service,,,,,,,,,,yes,Avenue Duquesne,,,,,False,
2021,202100029863,VELO,En agglomération,cycleway,373884269,ile-de-france-210101.geoparquet,ile-de-france-210101.geoparquet,retrouvee,False,1.8857813450890522,False,matched,2,0,1,0,1,True,True,1,3,True,False,False,cycleway_trajectoires_et_acces_a_verifier,True,False,False,False,cycleway,,,,asphalt,,,,,,yes,,evalue,3.0,2.0,0.0,False,
2021,202100029920,VELO,En agglomération,cycleway,225613831,picardie-210101.geoparquet,picardie-210101.geoparquet,retrouvee,False,1.7787274659923429,False,matched,2,0,1,0,1,True,True,2,3,True,True,False,cycleway_trajectoires_et_acces_a_verifier,True,False,False,False,cycleway,,,,,,,,,,,,evalue,5.0,5.0,2.0,True,4.8692971162477185
2021,202100029972,VELO,Hors agglomération,cycleway,208908026,nord-pas-de-calais-210101.geoparquet,nord-pas-de-calais-210101.geoparquet,retrouvee,False,0.3472171079336777,False,matched,2,0,0,0,1,True,False,3,3,True,True,False,cycleway_trajectoires_et_acces_a_verifier,True,False,False,False,cycleway,,,,,,,,,,,,evalue,8.0,5.0,2.0,True,0.669599094155316
2021,202100030167,VELO,En agglomération,cycleway,172297948,alsace-210101.geoparquet,alsace-210101.geoparquet,retrouvee,False,1.844984200289974,False,matched,2,0,0,0,1,True,False,1,3,True,False,False,cycleway_trajectoires_et_acces_a_verifier,True,False,False,False,cycleway,,,,,,,,,,,,evalue,3.0,3.0,0.0,False,
2021,202100030406,VELO,En agglomération,cycleway,218735652,ile-de-france-210101.geoparquet,ile-de-france-210101.geoparquet,retrouvee,False,1.0429771851832261,False,matched,2,0,1,0,1,True,True,3,2,True,True,True,cycleway_trajectoires_et_acces_a_verifier,True,False,False,False,cycleway,,,,sett,,crossing,,,,yes,Rue de Crimée,evalue,6.0,4.0,3.0,True,3.2045234271837155
2021,202100030726,VELO,En agglomération,cycleway,741686661,reunion-210101.geoparquet,reunion-210101.geoparquet,retrouvee,False,0.5766449142417339,False,matched,2,0,0,0,1,True,False,9,3,True,True,False,cycleway_trajectoires_et_acces_a_verifier,True,False,False,False,cycleway,,,,,,,,,,yes,,evalue,3.0,2.0,0.0,False,
2021,202100031006,VELO,Hors agglomération,cycleway,200567206,bourgogne-210101.geoparquet,bourgogne-210101.geoparquet,retrouvee,False,0.49488165583231625,False,matched,2,0,0,0,1,True,False,1,3,True,False,False,cycleway_trajectoires_et_acces_a_verifier,True,False,False,False,cycleway,,,,,,,,,,,,evalue,7.0,5.0,1.0,True,0.858520115894546
2021,202100031355,VELO,Hors agglomération,service,306858367,lorraine-210101.geoparquet,lorraine-210101.geoparquet,retrouvee,False,65.66927194879257,True,matched,1,0,0,0,0,False,False,1,6,True,False,False,pas_de_conclusion_juridique_automatique,False,False,False,True,service,,,,,,,,,,,,,,,,False,
2021,202100031558,VELO,En agglomération,cycleway,708419861,rhone-alpes-210101.geoparquet,rhone-alpes-210101.geoparquet,retrouvee,False,1.3768732328734634,False,matched,2,0,1,0,1,True,True,1,3,True,False,False,cycleway_trajectoires_et_acces_a_verifier,True,False,False,False,cycleway,,,,asphalt,,,,,,,Rue Général Mangin,evalue,8.0,6.0,1.0,True,8.53841448260155
2021,202100032033,VELO,Hors agglomération,,,aquitaine-210101.geoparquet,aquitaine-210101.geoparquet,osm_way_id_absent,False,,True,unmatched,2,0,1,0,1,True,True,1,1,True,False,False,pas_de_conclusion_juridique_automatique,False,False,False,True,,,,,,,,,,,,,,,,,False,
2021,202100032253,VELO,En agglomération,cycleway,857467835,haute-normandie-210101.geoparquet,haute-normandie-210101.geoparquet,retrouvee,False,0.5117209805536623,False,matched,2,0,1,0,1,True,True,2,3,True,True,False,cycleway_trajectoires_et_acces_a_verifier,True,False,False,False,cycleway,,,,,,,,,,yes,,evalue,21.0,21.0,8.0,True,1.672374676581009
2021,202100032302,VELO,Hors agglomération,cycleway,801561173,provence-alpes-cote-d-azur-210101.geoparquet,provence-alpes-cote-d-azur-210101.geoparquet,retrouvee,False,1.4164340514773857,False,matched,2,0,1,0,1,True,True,1,2,True,False,False,cycleway_trajectoires_et_acces_a_verifier,True,False,False,False,cycleway,,designated,,,,,,,,,,evalue,1.0,1.0,1.0,False,267.05919231226807
2021,202100032471,VELO,En agglomération,cycleway,226578873,alsace-210101.geoparquet,alsace-210101.geoparquet,retrouvee,False,2.0669332619245093,False,matched,2,0,0,0,1,True,False,8,3,True,True,False,cycleway_trajectoires_et_acces_a_verifier,True,False,False,False,cycleway,,,,,,,,,,,,evalue,9.0,7.0,2.0,True,7.440493580374341
2021,202100033589,VELO,En agglomération,cycleway,50409860,pays-de-la-loire-210101.geoparquet,pays-de-la-loire-210101.geoparquet,retrouvee,False,0.06181908535613539,False,matched,2,0,1,0,1,True,True,6,3,True,True,False,cycleway_trajectoires_et_acces_a_verifier,True,False,False,False,cycleway,,,,,,,,,,,Route de la Côte d'Amour,evalue,7.0,7.0,3.0,True,0.9569729052003753
2021,202100034051,VELO,Hors agglomération,cycleway,168904227,pays-de-la-loire-210101.geoparquet,pays-de-la-loire-210101.geoparquet,retrouvee,False,1.4501064245291373,False,matched,2,0,1,0,1,True,True,1,2,True,False,False,cycleway_trajectoires_et_acces_a_verifier,True,False,False,False,cycleway,,yes,,paved,,,,,,,,evalue,5.0,2.0,1.0,True,6.824995670454637
2021,202100034934,VELO,En agglomération,cycleway,532902855,ile-de-france-210101.geoparquet,ile-de-france-210101.geoparquet,retrouvee,False,0.7279129208610027,False,matched,2,0,1,0,1,True,True,2,3,True,True,False,cycleway_trajectoires_et_acces_a_verifier,True,False,False,False,cycleway,,,,,,,,,,,,evalue,7.0,7.0,1.0,True,5.781544858857458
2021,202100035332,VELO,En agglomération,unclassified,579046516,ile-de-france-210101.geoparquet,ile-de-france-210101.geoparquet,retrouvee,False,68.34585609576405,True,matched,2,0,1,0,1,True,True,1,3,True,False,False,pas_de_conclusion_juridique_automatique,False,False,False,True,unclassified,,,,asphalt,,,,,30,yes,Rue Edith Cavell,,,,,False,
2021,202100035447,VELO,En agglomération,cycleway,94328846,new-caledonia-210101.geoparquet,new-caledonia-210101.geoparquet,retrouvee,False,0.5467953635660779,False,matched,2,0,0,0,1,True,False,1,3,True,False,False,cycleway_trajectoires_et_acces_a_verifier,True,False,False,False,cycleway,,,,,,,,,,,Piste Cyclable de Pierre Vernier,evalue,3.0,2.0,1.0,True,2.315499585939109
2021,202100035716,VELO,En agglomération,cycleway,589950781,bretagne-210101.geoparquet,bretagne-210101.geoparquet,retrouvee,False,0.010549540878906782,False,matched,2,0,1,0,1,True,True,9,3,True,True,False,cycleway_trajectoires_et_acces_a_verifier,True,False,False,False,cycleway,,,,,,,,,,yes,,evalue,7.0,5.0,2.0,True,1.7909652442093207
2021,202100035717,VELO,En agglomération,cycleway,416170536,bretagne-210101.geoparquet,bretagne-210101.geoparquet,retrouvee,False,2.5177574938562644,False,matched,2,0,0,0,1,True,False,1,3,True,False,False,cycleway_trajectoires_et_acces_a_verifier,True,False,False,False,cycleway,,,,concrete,,,,,,no,Quai Saint-Cast,evalue,2.0,2.0,0.0,False,
2021,202100035813,VELO,Hors agglomération,track,527372758,bretagne-210101.geoparquet,bretagne-210101.geoparquet,retrouvee,False,50.81569539270089,True,matched,2,0,0,0,1,True,False,1,3,True,False,False,pas_de_conclusion_juridique_automatique,False,False,False,True,track,,,,,,,,,,,,,,,,False,
2021,202100035863,VELO,En agglomération,residential,40461834,poitou-charentes-210101.geoparquet,poitou-charentes-210101.geoparquet,retrouvee,False,37.98459807189084,True,matched,1,1,0,0,0,False,False,1,7,True,False,False,pas_de_conclusion_juridique_automatique,False,False,False,True,residential,,,,asphalt,,,,,,yes,Rue du Faisan,,,,,False,
2021,202100035955,VELO,En agglomération,cycleway,135154558,ile-de-france-210101.geoparquet,ile-de-france-210101.geoparquet,retrouvee,False,4.295494396581747,False,matched,2,0,1,0,1,True,True,6,3,True,True,False,cycleway_trajectoires_et_acces_a_verifier,True,False,False,False,cycleway,,,,,,,,,,,,evalue,4.0,4.0,1.0,False,11.034294751338761
2021,202100036264,VELO,En agglomération,cycleway,257350979,ile-de-france-210101.geoparquet,ile-de-france-210101.geoparquet,retrouvee,False,0.9577126418964085,False,matched,2,0,1,0,1,True,True,1,3,True,False,True,cycleway_trajectoires_et_acces_a_verifier,True,False,False,False,cycleway,,,,,,sidewalk,,,,yes,Boulevard Macdonald,evalue,2.0,1.0,0.0,False,
2021,202100036600,VELO,En agglomération,living_street,15804532,alsace-210101.geoparquet,alsace-210101.geoparquet,retrouvee,False,55.907079947000064,True,matched,2,0,0,0,0,False,False,1,1,True,False,True,pas_de_conclusion_juridique_automatique,False,False,False,True,living_street,,,,asphalt,,opposite,,,20,yes,Rue du Temple Neuf,,,,,False,
2021,202100036653,VELO,En agglomération,cycleway,342454387,ile-de-france-210101.geoparquet,ile-de-france-210101.geoparquet,retrouvee,False,0.5504588425919137,False,matched,2,0,1,0,1,True,True,6,1,True,True,False,cycleway_trajectoires_et_acces_a_verifier,True,False,False,False,cycleway,,,,,,,,,,yes,,evalue,8.0,8.0,1.0,True,6.503362886942103
2021,202100037285,VELO,En agglomération,cycleway,840939982,ile-de-france-210101.geoparquet,ile-de-france-210101.geoparquet,retrouvee,False,0.822586359200235,False,matched,2,0,1,0,1,True,True,2,3,True,True,False,cycleway_trajectoires_et_acces_a_verifier,True,False,False,False,cycleway,,,,asphalt,,,,,,no,Rue de Vaugirard,evalue,3.0,3.0,1.0,True,5.327983022555025
2021,202100037336,VELO,En agglomération,cycleway,624110880,aquitaine-210101.geoparquet,aquitaine-210101.geoparquet,retrouvee,False,2.3892476778987457,False,matched,3,0,0,0,2,True,False,1,5,True,False,False,cycleway_trajectoires_et_acces_a_verifier,True,False,False,False,cycleway,,,,asphalt,,,,,,yes,,evalue,1.0,1.0,0.0,False,
2021,202100037478,VELO,Hors agglomération,cycleway,835207824,rhone-alpes-210101.geoparquet,rhone-alpes-210101.geoparquet,retrouvee,False,0.3606105161186721,False,matched,2,0,1,0,1,True,True,2,1,True,True,False,cycleway_trajectoires_et_acces_a_verifier,True,False,False,False,cycleway,,,no,asphalt,excellent,,,,,,,evalue,1.0,1.0,1.0,True,0.8483757434105446
2021,202100037736,VELO,En agglomération,cycleway,753324113,rhone-alpes-210101.geoparquet,rhone-alpes-210101.geoparquet,retrouvee,False,0.18577407737502377,False,matched,2,0,1,0,1,True,True,3,3,True,True,False,cycleway_trajectoires_et_acces_a_verifier,True,False,False,False,cycleway,,,,asphalt,,,,,,yes,,evalue,3.0,2.0,2.0,True,1.919487661879007
2021,202100038010,VELO,En agglomération,cycleway,409866214,bretagne-210101.geoparquet,bretagne-210101.geoparquet,retrouvee,False,0.16485519730234277,False,matched,2,0,1,0,1,True,True,9,3,True,True,False,cycleway_trajectoires_et_acces_a_verifier,True,False,False,False,cycleway,,,,asphalt,,,,,,,Avenue de Cucillé,evalue,2.0,2.0,1.0,True,1.1861159296242874
2021,202100038050,VELO,En agglomération,cycleway,448833811,ile-de-france-210101.geoparquet,ile-de-france-210101.geoparquet,retrouvee,False,8.310233048031433,False,matched,2,0,1,0,1,True,True,1,3,True,False,False,cycleway_trajectoires_et_acces_a_verifier,True,False,False,False,cycleway,,,,,,,,,,yes,Avenue de Fontainebleau,evalue,3.0,2.0,0.0,False,
2021,202100038169,VELO,En agglomération,cycleway,153194366,alsace-210101.geoparquet,alsace-210101.geoparquet,retrouvee,False,0.2749345492852309,False,matched,2,0,0,0,1,True,False,1,3,True,False,False,cycleway_trajectoires_et_acces_a_verifier,True,False,False,False,cycleway,,,,asphalt,,,,,,yes,,evalue,4.0,3.0,1.0,True,6.86341539923323
2021,202100038181,VELO,En agglomération,residential,5069326,bretagne-210101.geoparquet,bretagne-210101.geoparquet,retrouvee,False,55.05829971024556,True,matched,2,0,0,0,1,True,False,1,3,True,False,False,pas_de_conclusion_juridique_automatique,False,False,False,True,residential,,,,asphalt,,,,,,,Rue Armand Rebillon,,,,,False,
2021,202100038604,VELO,En agglomération,cycleway,548838636,rhone-alpes-210101.geoparquet,rhone-alpes-210101.geoparquet,retrouvee,False,0.5697569113980572,False,matched,2,0,1,0,1,True,True,2,3,True,True,False,cycleway_trajectoires_et_acces_a_verifier,True,False,False,False,cycleway,,,,asphalt,,,,,,no,Rue Garibaldi,evalue,4.0,4.0,1.0,True,1.0901440765453971
2021,202100039028,VELO,En agglomération,,,polynesie-francaise-210101.geoparquet,polynesie-francaise-210101.geoparquet,osm_way_id_absent,False,,True,unmatched,2,0,1,0,1,True,True,1,3,True,False,False,pas_de_conclusion_juridique_automatique,False,False,False,True,,,,,,,,,,,,,,,,,False,
2021,202100039062,VELO,En agglomération,cycleway,282085498,rhone-alpes-210101.geoparquet,rhone-alpes-210101.geoparquet,retrouvee,False,5.668701208864244,False,matched,2,0,0,0,1,True,False,2,3,True,True,False,cycleway_trajectoires_et_acces_a_verifier,True,False,False,False,cycleway,,,,asphalt,,,,,,,,evalue,4.0,3.0,1.0,False,10.275451953283268
2021,202100039086,VELO,En agglomération,cycleway,709010403,alsace-210101.geoparquet,alsace-210101.geoparquet,retrouvee,False,0.09162190104657811,False,matched,2,0,1,0,1,True,True,3,3,True,True,False,cycleway_trajectoires_et_acces_a_verifier,True,False,False,False,cycleway,,,,,,,,,,yes,,evalue,4.0,3.0,1.0,True,2.074359088924015
2021,202100039110,VELO,En agglomération,cycleway,24754534,bretagne-210101.geoparquet,bretagne-210101.geoparquet,retrouvee,False,19.7659563564763,False,matched,2,0,1,0,1,True,True,6,3,True,True,False,cycleway_trajectoires_et_acces_a_verifier,True,False,False,False,cycleway,,,,asphalt,,,,,,,,evalue,1.0,1.0,0.0,False,
2021,202100039375,VELO,En agglomération,cycleway,674075802,ile-de-france-210101.geoparquet,ile-de-france-210101.geoparquet,retrouvee,False,2.3544707363963835,False,matched,2,0,1,0,1,True,True,1,6,True,False,False,cycleway_trajectoires_et_acces_a_verifier,True,False,False,False,cycleway,,,,asphalt,,,,,,,,evalue,2.0,2.0,0.0,False,
2021,202100039458,VELO,En agglomération,cycleway,22977502,aquitaine-210101.geoparquet,aquitaine-210101.geoparquet,retrouvee,False,0.1942872761420382,False,matched,2,0,1,0,1,True,True,3,3,True,True,False,cycleway_trajectoires_et_acces_a_verifier,True,False,False,False,cycleway,,,,asphalt,,,,,,yes,,evalue,4.0,4.0,1.0,True,1.848082330041088
2021,202100039459,VELO,En agglomération,cycleway,275660398,aquitaine-210101.geoparquet,aquitaine-210101.geoparquet,retrouvee,False,0.4712854668692251,False,matched,2,0,1,0,1,True,True,6,3,True,True,False,cycleway_trajectoires_et_acces_a_verifier,True,False,False,False,cycleway,,,,asphalt,,,,,,no,,evalue,4.0,4.0,2.0,True,2.2747694459770247
2021,202100040202,VELO,En agglomération,cycleway,4765597,basse-normandie-210101.geoparquet,basse-normandie-210101.geoparquet,retrouvee,False,0.33870896704517967,False,matched,2,0,1,0,1,True,True,1,3,True,False,False,cycleway_trajectoires_et_acces_a_verifier,True,False,False,False,cycleway,,,,,,,,,,yes,Rue Jean Jaurès,evalue,2.0,1.0,1.0,False,232.03643924285018
2021,202100040322,VELO,En agglomération,cycleway,184721042,rhone-alpes-210101.geoparquet,rhone-alpes-210101.geoparquet,retrouvee,False,0.8118919849826913,False,matched,2,0,1,0,1,True,True,3,3,True,True,False,cycleway_trajectoires_et_acces_a_verifier,True,False,False,False,cycleway,,,,,,,,,,,Rue Jean Jaurès,evalue,3.0,3.0,1.0,True,7.514666508863741
2021,202100040497,VELO,En agglomération,cycleway,130573694,provence-alpes-cote-d-azur-210101.geoparquet,provence-alpes-cote-d-azur-210101.geoparquet,retrouvee,False,1.399311016477678,False,matched,2,0,1,0,1,True,True,3,3,True,True,False,cycleway_trajectoires_et_acces_a_verifier,True,False,False,False,cycleway,,,,,,,,,,,,evalue,4.0,4.0,4.0,True,2.722613986433382
2021,202100040503,VELO,En agglomération,cycleway,726837495,ile-de-france-210101.geoparquet,ile-de-france-210101.geoparquet,retrouvee,False,0.32190759756865295,False,matched,2,0,0,0,1,True,False,1,3,True,False,False,cycleway_trajectoires_et_acces_a_verifier,True,False,False,False,cycleway,,,,,,,,,,yes,,evalue,6.0,6.0,4.0,True,3.3351842265402314
2021,202100040746,VELO,En agglomération,cycleway,756230430,rhone-alpes-210101.geoparquet,rhone-alpes-210101.geoparquet,retrouvee,False,0.4609857811894564,False,matched,2,0,1,0,1,True,True,1,3,True,False,False,cycleway_trajectoires_et_acces_a_verifier,True,False,False,False,cycleway,,,,asphalt,,,,,,,Avenue Victor Hugo,evalue,4.0,4.0,1.0,True,4.5771780377636135
2021,202100040778,VELO,En agglomération,cycleway,829114140,ile-de-france-210101.geoparquet,ile-de-france-210101.geoparquet,retrouvee,False,0.42659715971789847,False,matched,2,0,0,0,1,True,False,1,3,True,False,False,cycleway_trajectoires_et_acces_a_verifier,True,False,False,False,cycleway,,,,,,,,,,,,evalue,5.0,5.0,1.0,False,21.033232011368092
2021,202100040895,VELO,En agglomération,cycleway,454494510,aquitaine-210101.geoparquet,aquitaine-210101.geoparquet,retrouvee,False,0.48998316803378944,False,matched,2,0,1,0,1,True,True,3,2,True,True,False,cycleway_trajectoires_et_acces_a_verifier,True,False,False,False,cycleway,,designated,no,concrete,,,,,,,,evalue,8.0,7.0,3.0,True,2.226253370011106
2021,202100040909,VELO,En agglomération,cycleway,741262526,basse-normandie-210101.geoparquet,basse-normandie-210101.geoparquet,retrouvee,False,0.2634525517339982,False,matched,2,0,1,0,1,True,True,1,3,True,False,False,cycleway_trajectoires_et_acces_a_verifier,True,False,False,False,cycleway,,,,,,,,,,,,evalue,2.0,2.0,1.0,True,2.887921852619253
2021,202100040954,VELO,En agglomération,cycleway,860156623,ile-de-france-210101.geoparquet,ile-de-france-210101.geoparquet,retrouvee,False,78.87509978175534,True,matched,2,0,1,0,1,True,True,7,3,True,True,True,cycleway_trajectoires_et_acces_a_verifier,True,False,False,True,cycleway,,,,asphalt,,on_street,,,,yes,Rue du Temple,evalue,0.0,0.0,0.0,False,
2021,202100041097,VELO,En agglomération,cycleway,593750568,champagne-ardenne-210101.geoparquet,champagne-ardenne-210101.geoparquet,retrouvee,False,0.5471267389274015,False,matched,2,0,1,0,1,True,True,1,6,True,False,False,cycleway_trajectoires_et_acces_a_verifier,True,False,False,False,cycleway,,designated,,,,,,,,,,evalue,1.0,1.0,1.0,False,41.58550122396533
2021,202100041683,VELO,En agglomération,cycleway,701883670,ile-de-france-210101.geoparquet,ile-de-france-210101.geoparquet,retrouvee,False,4.988762459128022,False,matched,2,0,1,0,1,True,True,1,3,True,False,True,cycleway_trajectoires_et_acces_a_verifier,True,False,False,False,cycleway,,,,asphalt,,on_street,,,,yes,Route des Tribunes,evalue,1.0,1.0,0.0,False,
2021,202100041889,VELO,En agglomération,cycleway,81408546,nord-pas-de-calais-210101.geoparquet,nord-pas-de-calais-210101.geoparquet,retrouvee,False,0.30540773159321954,False,matched,2,0,1,0,1,True,True,5,3,True,True,False,cycleway_trajectoires_et_acces_a_verifier,True,False,False,False,cycleway,no,designated,no,asphalt,good,,,,,no,,evalue,17.0,17.0,2.0,True,7.39010449576487
2021,202100041930,VELO,En agglomération,cycleway,52719929,ile-de-france-210101.geoparquet,ile-de-france-210101.geoparquet,retrouvee,False,0.6976382067126732,False,matched,2,0,1,0,1,True,True,7,3,True,True,True,cycleway_trajectoires_et_acces_a_verifier,True,False,False,False,cycleway,,,no,,,sidewalk,,,,yes,Boulevard de la Villette,evalue,13.0,12.0,3.0,True,2.9343503902918915
2021,202100042895,VELO,En agglomération,cycleway,233482435,champagne-ardenne-210101.geoparquet,champagne-ardenne-210101.geoparquet,retrouvee,False,2.531276125841108,False,matched,2,0,1,0,1,True,True,3,3,True,True,False,cycleway_trajectoires_et_acces_a_verifier,True,False,False,False,cycleway,,designated,,,,,,,,yes,,evalue,6.0,5.0,1.0,False,20.541506107340673
2021,202100042981,VELO,Hors agglomération,service,25349725,provence-alpes-cote-d-azur-210101.geoparquet,provence-alpes-cote-d-azur-210101.geoparquet,retrouvee,False,51.44491562367,True,matched,2,0,0,0,1,True,False,1,3,True,False,False,pas_de_conclusion_juridique_automatique,False,False,False,True,service,,,,,,,,,,,,,,,,False,
2021,202100043147,VELO,En agglomération,cycleway,609013176,aquitaine-210101.geoparquet,aquitaine-210101.geoparquet,retrouvee,False,2.9036894040498207,False,matched,2,0,0,1,1,True,False,1,3,True,False,False,cycleway_trajectoires_et_acces_a_verifier,True,False,False,False,cycleway,,,,,,,,,,,,evalue,8.0,6.0,2.0,False,22.445036371769618
2021,202100043173,VELO,En agglomération,cycleway,131429572,midi-pyrenees-210101.geoparquet,midi-pyrenees-210101.geoparquet,retrouvee,False,3.142692727056108,False,matched,2,0,1,0,1,True,True,1,3,True,False,False,cycleway_trajectoires_et_acces_a_verifier,True,False,False,False,cycleway,,,,,,,,,,,Boulevard de l'Ouest,evalue,6.0,6.0,3.0,True,4.642556389520587
2021,202100043356,VELO,En agglomération,tertiary,40120027,ile-de-france-210101.geoparquet,ile-de-france-210101.geoparquet,retrouvee,False,33.95844138758302,True,matched,2,0,0,0,1,True,False,1,3,True,False,False,pas_de_conclusion_juridique_automatique,False,False,False,True,tertiary,,,,asphalt,,,,,50,yes,Rue Raspail,,,,,False,
2021,202100043503,VELO,Hors agglomération,cycleway,818700995,midi-pyrenees-210101.geoparquet,midi-pyrenees-210101.geoparquet,retrouvee,False,1.5571798450188508,False,matched,2,0,1,0,1,True,True,2,3,True,True,False,cycleway_trajectoires_et_acces_a_verifier,True,False,False,False,cycleway,,,,,,,,,,,,evalue,2.0,1.0,1.0,True,4.030421728166199
2021,202100043892,VELO,En agglomération,cycleway,89820459,haute-normandie-210101.geoparquet,haute-normandie-210101.geoparquet,retrouvee,False,1.2983477057813417,False,matched,2,0,0,1,1,True,False,1,2,True,False,False,cycleway_trajectoires_et_acces_a_verifier,True,False,False,False,cycleway,,,,asphalt,,,,,,,Voie Verte,evalue,5.0,3.0,1.0,True,2.7337718137332554
2021,202100043935,VELO,En agglomération,secondary,679731149,ile-de-france-210101.geoparquet,ile-de-france-210101.geoparquet,retrouvee,False,78.102432775264,True,matched,1,0,0,0,0,False,False,9,6,True,True,False,pas_de_conclusion_juridique_automatique,False,False,False,True,secondary,,,,,,,,,50,,Route de Paris à Versailles,,,,,False,
2021,202100043984,VELO,En agglomération,cycleway,84585457,poitou-charentes-210101.geoparquet,poitou-charentes-210101.geoparquet,retrouvee,False,2.5216941654686176,False,matched,2,0,1,0,1,True,True,2,3,True,True,False,cycleway_trajectoires_et_acces_a_verifier,True,False,False,False,cycleway,,,,,,,,,,,,evalue,4.0,4.0,1.0,True,4.672992883524232
2021,202100044294,VELO,En agglomération,cycleway,218735652,ile-de-france-210101.geoparquet,ile-de-france-210101.geoparquet,retrouvee,False,1.1867864072033885,False,matched,2,0,1,0,1,True,True,3,3,True,True,True,cycleway_trajectoires_et_acces_a_verifier,True,False,False,False,cycleway,,,,sett,,crossing,,,,yes,Rue de Crimée,evalue,6.0,4.0,3.0,True,3.2808023160067687
2021,202100044656,VELO,En agglomération,cycleway,498928868,rhone-alpes-210101.geoparquet,rhone-alpes-210101.geoparquet,retrouvee,False,0.7236506168178702,False,matched,2,0,1,0,1,True,True,1,3,True,False,False,cycleway_trajectoires_et_acces_a_verifier,True,False,False,False,cycleway,,,,asphalt,,,,,,yes,,evalue,4.0,3.0,1.0,True,1.8825100606350011
2021,202100044661,VELO,En agglomération,tertiary,44134930,limousin-210101.geoparquet,limousin-210101.geoparquet,retrouvee,False,37.37612449522906,True,matched,1,0,0,0,0,False,False,1,7,True,False,False,pas_de_conclusion_juridique_automatique,False,False,False,True,tertiary,,,,asphalt,,,,,50,,Rue Henri Dumont,,,,,False,
2021,202100044686,VELO,En agglomération,cycleway,194592049,pays-de-la-loire-210101.geoparquet,pays-de-la-loire-210101.geoparquet,retrouvee,False,1.3500733253949901,False,matched,2,0,1,0,1,True,True,1,1,True,False,False,cycleway_trajectoires_et_acces_a_verifier,True,False,False,False,cycleway,,yes,,,,,,,,yes,,evalue,6.0,6.0,1.0,True,2.6033598067218655
2021,202100044905,VELO,En agglomération,cycleway,739124092,reunion-210101.geoparquet,reunion-210101.geoparquet,retrouvee,False,0.9610053640776546,False,matched,2,0,1,0,1,True,True,6,3,True,True,False,cycleway_trajectoires_et_acces_a_verifier,True,False,False,False,cycleway,,,,,,,,,,,,evalue,4.0,4.0,2.0,True,2.3437839534856617
2021,202100045119,VELO,En agglomération,cycleway,696258880,provence-alpes-cote-d-azur-210101.geoparquet,provence-alpes-cote-d-azur-210101.geoparquet,retrouvee,False,0.30407421955319935,False,matched,2,0,1,0,1,True,True,6,3,True,True,False,cycleway_trajectoires_et_acces_a_verifier,True,False,False,False,cycleway,,,,asphalt,,,,,,,,evalue,4.0,3.0,2.0,True,7.438105040231006
2021,202100045970,VELO,En agglomération,cycleway,362489572,ile-de-france-210101.geoparquet,ile-de-france-210101.geoparquet,retrouvee,False,1.1707450969889168,False,matched,2,0,0,0,1,True,False,3,3,True,True,False,cycleway_trajectoires_et_acces_a_verifier,True,False,False,False,cycleway,,,,asphalt,,,,,50,yes,Rue de Rivoli,evalue,5.0,2.0,1.0,True,2.4432379876266133
2021,202100046043,VELO,En agglomération,unclassified,345014761,picardie-210101.geoparquet,picardie-210101.geoparquet,retrouvee,False,30.436692104089637,True,matched,2,0,1,0,1,True,True,9,1,True,True,False,pas_de_conclusion_juridique_automatique,False,False,False,True,unclassified,,,,,,,,,,,,,,,,False,
2021,202100046371,VELO,En agglomération,cycleway,37214873,ile-de-france-210101.geoparquet,ile-de-france-210101.geoparquet,retrouvee,False,0.5471795786379876,False,matched,2,0,1,0,1,True,True,1,6,True,False,True,cycleway_trajectoires_et_acces_a_verifier,True,False,False,False,cycleway,,,,asphalt,,sidewalk,,,,yes,Avenue Jean Jaurès,evalue,7.0,6.0,0.0,False,
2021,202100046607,VELO,En agglomération,cycleway,222487965,rhone-alpes-210101.geoparquet,rhone-alpes-210101.geoparquet,retrouvee,False,0.6661597641491885,False,matched,2,0,0,0,1,True,False,2,3,True,True,False,cycleway_trajectoires_et_acces_a_verifier,True,False,False,False,cycleway,,,,asphalt,,,,,,yes,Boulevard Maréchal Foch,evalue,9.0,9.0,4.0,False,10.030992005002705
2021,202100046844,VELO,Hors agglomération,primary,172083163,languedoc-roussillon-210101.geoparquet,languedoc-roussillon-210101.geoparquet,retrouvee,False,33.14518534298837,True,matched,2,0,1,0,1,True,True,1,2,True,False,False,pas_de_conclusion_juridique_automatique,False,False,False,True,primary,,,,,,,,,,,,,,,,False,
2021,202100046873,VELO,En agglomération,cycleway,32085350,ile-de-france-210101.geoparquet,ile-de-france-210101.geoparquet,retrouvee,False,2.6266283186008734,False,matched,2,0,0,0,1,True,False,1,6,True,False,False,cycleway_trajectoires_et_acces_a_verifier,True,False,False,False,cycleway,,,,asphalt,,,,,,,,evalue,3.0,3.0,0.0,False,
2021,202100046948,VELO,En agglomération,cycleway,357222780,ile-de-france-210101.geoparquet,ile-de-france-210101.geoparquet,retrouvee,False,0.4152029588539641,False,matched,2,0,0,0,1,True,False,3,3,True,True,True,cycleway_trajectoires_et_acces_a_verifier,True,False,False,False,cycleway,,,,asphalt,,sidewalk,,,,yes,Avenue Jean Jaurès,evalue,7.0,6.0,4.0,True,2.012492643503238
2021,202100047434,VELO,En agglomération,cycleway,342771416,pays-de-la-loire-210101.geoparquet,pays-de-la-loire-210101.geoparquet,retrouvee,False,1.1221794339033955,False,matched,2,0,1,0,1,True,True,6,1,True,True,False,cycleway_trajectoires_et_acces_a_verifier,True,False,False,False,cycleway,,,,,,,,,,,,evalue,7.0,7.0,2.0,True,2.782391358605692
2021,202100047484,VELO,En agglomération,cycleway,535711571,alsace-210101.geoparquet,alsace-210101.geoparquet,retrouvee,False,0.05205986267115312,False,matched,2,0,1,0,1,True,True,3,3,True,True,False,cycleway_trajectoires_et_acces_a_verifier,True,False,False,False,cycleway,,,,asphalt,,,,,,yes,,evalue,3.0,2.0,0.0,False,
2021,202100047709,VELO,En agglomération,cycleway,115097723,rhone-alpes-210101.geoparquet,rhone-alpes-210101.geoparquet,retrouvee,False,9.505595405909807,False,matched,2,0,1,0,1,True,True,9,3,True,True,False,cycleway_trajectoires_et_acces_a_verifier,True,False,False,False,cycleway,,,no,,,,,,,yes,,evalue,1.0,1.0,0.0,False,
2021,202100048520,VELO,En agglomération,cycleway,264914096,rhone-alpes-210101.geoparquet,rhone-alpes-210101.geoparquet,retrouvee,False,1.0808776129489335,False,matched,2,0,1,0,1,True,True,2,3,True,True,False,cycleway_trajectoires_et_acces_a_verifier,True,False,False,False,cycleway,,,,asphalt,,,,,,,,evalue,4.0,4.0,2.0,True,2.111968698985158
2021,202100048622,VELO,Hors agglomération,cycleway,137159400,provence-alpes-cote-d-azur-210101.geoparquet,provence-alpes-cote-d-azur-210101.geoparquet,retrouvee,False,2.979496762374173,False,matched,2,0,1,0,1,True,True,1,2,True,False,False,cycleway_trajectoires_et_acces_a_verifier,True,False,False,False,cycleway,,designated,no,asphalt,,,,,,,,evalue,5.0,4.0,0.0,False,
2021,202100048750,VELO,En agglomération,residential,126626879,rhone-alpes-210101.geoparquet,rhone-alpes-210101.geoparquet,retrouvee,False,34.20915398924145,True,matched,1,0,0,0,0,False,False,1,7,True,False,False,pas_de_conclusion_juridique_automatique,False,False,False,True,residential,,,,,,,,,,,Rue des Ecorchats,,,,,False,
2021,202100048937,VELO,En agglomération,cycleway,744159315,centre-210101.geoparquet,centre-210101.geoparquet,retrouvee,False,0.32533370717887583,False,matched,2,0,1,0,1,True,True,3,3,True,True,True,cycleway_trajectoires_et_acces_a_verifier,True,False,False,False,cycleway,,,,,,crossing,,,,,,evalue,8.0,4.0,1.0,True,6.999464182115593
2021,202100049086,VELO,En agglomération,cycleway,759635639,champagne-ardenne-210101.geoparquet,champagne-ardenne-210101.geoparquet,retrouvee,False,3.8453693841800356,False,matched,2,0,1,0,1,True,True,3,3,True,True,False,cycleway_trajectoires_et_acces_a_verifier,True,False,False,False,cycleway,,,,,,,,,,yes,,evalue,7.0,4.0,0.0,False,
2021,202100049141,VELO,En agglomération,cycleway,680213898,ile-de-france-210101.geoparquet,ile-de-france-210101.geoparquet,retrouvee,False,55.28738075903614,True,matched,1,0,0,0,0,False,False,2,7,True,True,True,cycleway_trajectoires_et_acces_a_verifier,False,False,False,True,cycleway,,,,asphalt,,on_street,,,,no,Boulevard de Sébastopol,,,,,False,
2021,202100050427,VELO,En agglomération,trunk,31130515,reunion-210101.geoparquet,reunion-210101.geoparquet,retrouvee,False,31.107003067071155,True,matched,2,0,1,0,1,True,True,1,3,True,False,False,pas_de_conclusion_juridique_automatique,False,False,False,True,trunk,,no,,asphalt,,,,,70,yes,Boulevard Lancastel,,,,,False,
2021,202100050470,VELO,En agglomération,cycleway,671579326,rhone-alpes-210101.geoparquet,rhone-alpes-210101.geoparquet,retrouvee,False,6.73493614404177,False,matched,2,0,0,0,1,True,False,9,1,True,True,False,cycleway_trajectoires_et_acces_a_verifier,True,False,False,False,cycleway,,designated,,asphalt,,,,,,yes,,evalue,3.0,2.0,1.0,False,94.57726802586278
2021,202100050814,VELO,Hors agglomération,unclassified,343771327,basse-normandie-210101.geoparquet,basse-normandie-210101.geoparquet,retrouvee,False,39.91364176625531,True,matched,2,0,0,0,0,False,False,1,2,True,False,False,pas_de_conclusion_juridique_automatique,False,False,False,True,unclassified,,,,,,,,,,,,,,,,False,
2021,202100051087,VELO,En agglomération,cycleway,680213115,ile-de-france-210101.geoparquet,ile-de-france-210101.geoparquet,retrouvee,False,0.5237968821019979,False,matched,2,0,1,0,1,True,True,4,1,True,True,True,cycleway_trajectoires_et_acces_a_verifier,True,False,False,False,cycleway,,,,asphalt,,on_street,,,,no,Rue du Temple,evalue,5.0,4.0,0.0,False,
2021,202100052310,VELO,En agglomération,residential,31359665,champagne-ardenne-210101.geoparquet,champagne-ardenne-210101.geoparquet,retrouvee,False,62.2595702839011,True,matched,2,0,0,0,1,True,False,1,1,True,False,False,pas_de_conclusion_juridique_automatique,False,False,False,True,residential,,,,,,,,,30,yes,Rue Henri Jadart,,,,,False,
2021,202100052409,VELO,En agglomération,cycleway,229336399,bourgogne-210101.geoparquet,bourgogne-210101.geoparquet,retrouvee,False,1.0746165013440394,False,matched,2,0,1,0,1,True,True,1,3,True,False,False,cycleway_trajectoires_et_acces_a_verifier,True,False,False,False,cycleway,,,,,,,,,,,,evalue,7.0,6.0,1.0,True,5.492258873412504
2021,202100052608,VELO,Hors agglomération,cycleway,854977188,bretagne-210101.geoparquet,bretagne-210101.geoparquet,retrouvee,False,1.5160551257011734,False,matched,2,0,0,0,1,True,False,1,3,True,False,False,cycleway_trajectoires_et_acces_a_verifier,True,False,False,False,cycleway,,,,,,,,,,yes,,evalue,9.0,6.0,2.0,False,13.133265095981907
2021,202100052668,VELO,En agglomération,service,845155087,champagne-ardenne-210101.geoparquet,champagne-ardenne-210101.geoparquet,retrouvee,False,58.72306398961812,True,matched,1,0,0,0,0,False,False,1,7,True,False,False,pas_de_conclusion_juridique_automatique,False,False,False,True,service,,,,,,,,,,,Rue des Carmélites,,,,,False,
2021,202100052799,VELO,En agglomération,cycleway,217972637,provence-alpes-cote-d-azur-210101.geoparquet,provence-alpes-cote-d-azur-210101.geoparquet,retrouvee,False,5.505733799679173,False,matched,2,0,1,0,1,True,True,9,3,True,True,False,cycleway_trajectoires_et_acces_a_verifier,True,False,False,False,cycleway,,,,asphalt,,,,,,,,evalue,8.0,7.0,0.0,False,
2021,202100052949,VELO,En agglomération,,,polynesie-francaise-210101.geoparquet,polynesie-francaise-210101.geoparquet,osm_way_id_absent,False,,True,unmatched,2,0,1,0,1,True,True,1,2,True,False,False,pas_de_conclusion_juridique_automatique,False,False,False,True,,,,,,,,,,,,,,,,,False,
2021,202100053443,VELO,En agglomération,cycleway,183864480,alsace-210101.geoparquet,alsace-210101.geoparquet,retrouvee,False,0.8835069386054422,False,matched,2,0,1,0,1,True,True,1,3,True,False,False,cycleway_trajectoires_et_acces_a_verifier,True,False,False,False,cycleway,,,,,,,,,,yes,,evalue,5.0,4.0,0.0,False,
2021,202100054109,VELO,En agglomération,unclassified,798432718,ile-de-france-210101.geoparquet,ile-de-france-210101.geoparquet,retrouvee,False,35.430198872717845,True,matched,2,0,1,0,1,True,True,1,6,True,False,False,pas_de_conclusion_juridique_automatique,False,False,False,True,unclassified,,,,asphalt,,,,,,,Allée de l'Hôtel de Ville,,,,,False,
2021,202100054208,VELO,En agglomération,cycleway,44800041,aquitaine-210101.geoparquet,aquitaine-210101.geoparquet,retrouvee,False,1.2091443197056235,False,matched,2,0,1,0,1,True,True,1,2,True,False,False,cycleway_trajectoires_et_acces_a_verifier,True,False,False,False,cycleway,,,,,,,,,,,,evalue,2.0,2.0,2.0,False,13.466871576825138
2021,202100054338,VELO,En agglomération,cycleway,256983110,midi-pyrenees-210101.geoparquet,midi-pyrenees-210101.geoparquet,retrouvee,False,1.9337520956444152,False,matched,2,0,0,0,1,True,False,1,6,True,False,False,cycleway_trajectoires_et_acces_a_verifier,True,False,False,False,cycleway,,,,,,,,,,yes,Route d'Albi,evalue,8.0,7.0,1.0,True,3.1624223115172834
2021,202100055092,VELO,En agglomération,cycleway,43483663,ile-de-france-210101.geoparquet,ile-de-france-210101.geoparquet,retrouvee,False,1.0665763329142526,False,matched,2,0,0,0,1,True,False,6,3,True,True,False,cycleway_trajectoires_et_acces_a_verifier,True,False,False,False,cycleway,,,,,,,,,,yes,,evalue,4.0,3.0,1.0,False,18.173116856549065
2021,202100055321,VELO,En agglomération,cycleway,162539289,bretagne-210101.geoparquet,bretagne-210101.geoparquet,retrouvee,False,4.87014297456504,False,matched,2,0,1,0,1,True,True,2,3,True,True,False,cycleway_trajectoires_et_acces_a_verifier,True,False,False,False,cycleway,,,,,,,,,,yes,Rue de l'Alma,evalue,3.0,3.0,1.0,False,14.741074412777886
2021,202100055363,VELO,En agglomération,unclassified,55697132,ile-de-france-210101.geoparquet,ile-de-france-210101.geoparquet,retrouvee,False,75.92534791491113,True,matched,1,0,0,0,0,False,False,1,7,True,False,False,pas_de_conclusion_juridique_automatique,False,False,False,True,unclassified,,,,asphalt,,,,,,,Rue du Cloître Saint-Merri,,,,,False,
2021,202100055367,VELO,En agglomération,cycleway,160747112,ile-de-france-210101.geoparquet,ile-de-france-210101.geoparquet,retrouvee,False,0.5300795161961299,False,matched,2,0,1,0,1,True,True,1,3,True,False,False,cycleway_trajectoires_et_acces_a_verifier,True,False,False,False,cycleway,,,,asphalt,,,,,,,,evalue,6.0,6.0,2.0,True,8.15680283830341
2021,202100055530,VELO,En agglomération,cycleway,678452030,ile-de-france-210101.geoparquet,ile-de-france-210101.geoparquet,retrouvee,False,0.39139193782167137,False,matched,2,0,1,0,1,True,True,2,3,True,True,False,cycleway_trajectoires_et_acces_a_verifier,True,False,False,False,cycleway,,,,asphalt,,,,,,yes,Rue La Fayette,evalue,7.0,7.0,5.0,True,2.063223748371742
2021,202100055685,VELO,En agglomération,cycleway,680213115,ile-de-france-210101.geoparquet,ile-de-france-210101.geoparquet,retrouvee,False,0.3323156111410353,False,matched,2,0,1,0,1,True,True,4,3,True,True,True,cycleway_trajectoires_et_acces_a_verifier,True,False,False,False,cycleway,,,,asphalt,,on_street,,,,no,Rue du Temple,evalue,5.0,4.0,0.0,False,
2021,202100056189,VELO,En agglomération,cycleway,64122071,ile-de-france-210101.geoparquet,ile-de-france-210101.geoparquet,retrouvee,False,4.883138317555881,False,matched,2,0,0,0,1,True,False,1,3,True,False,False,cycleway_trajectoires_et_acces_a_verifier,True,False,False,False,cycleway,,,,,,,,,,yes,,evalue,2.0,2.0,1.0,False,39.24441056449317
2021,202100004094,VAE,En agglomération,service,790970034,midi-pyrenees-210101.geoparquet,midi-pyrenees-210101.geoparquet,retrouvee,False,57.289242640136095,True,matched,2,0,0,0,1,True,False,1,2,True,False,False,pas_de_conclusion_juridique_automatique,False,False,False,True,service,,,,,,,,,,,,,,,,False,
2021,202100005072,VAE,En agglomération,service,22897033,languedoc-roussillon-210101.geoparquet,languedoc-roussillon-210101.geoparquet,retrouvee,False,80.57163734164216,True,matched,2,0,1,0,1,True,True,9,3,True,True,False,pas_de_conclusion_juridique_automatique,False,False,False,True,service,,,,,,,,,,yes,,,,,,False,
2021,202100010548,VAE,Hors agglomération,unclassified,217321100,rhone-alpes-210101.geoparquet,rhone-alpes-210101.geoparquet,retrouvee,False,45.459394489521436,True,matched,1,1,0,0,0,False,False,9,7,True,True,False,pas_de_conclusion_juridique_automatique,False,False,False,True,unclassified,,,,,,,,,,,,,,,,False,
2021,202100019797,VAE,En agglomération,service,818085001,alsace-210101.geoparquet,alsace-210101.geoparquet,retrouvee,False,31.35682973320824,True,matched,2,0,1,0,1,True,True,1,3,True,False,False,pas_de_conclusion_juridique_automatique,False,False,False,True,service,private,,,,,,,,,,,,,,,False,
2021,202100023451,VAE,En agglomération,cycleway,4527645,ile-de-france-210101.geoparquet,ile-de-france-210101.geoparquet,retrouvee,False,1.0025966990916928,False,matched,2,0,0,0,1,True,False,3,3,True,True,False,cycleway_trajectoires_et_acces_a_verifier,True,False,False,False,cycleway,,,,asphalt,,,,,50,yes,Rue de Rivoli,evalue,9.0,7.0,3.0,True,5.7047152332007425
2021,202100023957,VAE,En agglomération,unclassified,73920568,pays-de-la-loire-210101.geoparquet,pays-de-la-loire-210101.geoparquet,retrouvee,False,70.72136926964139,True,matched,2,0,1,0,1,True,True,1,3,True,False,False,pas_de_conclusion_juridique_automatique,False,False,False,True,unclassified,,,,,,,,,,,Voie de Soullans aux Douêmes,,,,,False,
2021,202100026854,VAE,En agglomération,residential,76928253,ile-de-france-210101.geoparquet,ile-de-france-210101.geoparquet,retrouvee,False,33.208965814580814,True,matched,2,0,1,0,1,True,True,5,3,True,True,False,pas_de_conclusion_juridique_automatique,False,False,False,True,residential,,,,asphalt,,,,,15,,Cour de la Ferme Saint-Lazare,,,,,False,
2021,202100030422,VAE,En agglomération,cycleway,162384242,ile-de-france-210101.geoparquet,ile-de-france-210101.geoparquet,retrouvee,False,1.1049487300834333,False,matched,2,0,0,0,1,True,False,7,3,True,True,False,cycleway_trajectoires_et_acces_a_verifier,True,False,False,False,cycleway,,,,asphalt,,,,,50,yes,Rue de Rivoli,evalue,5.0,3.0,0.0,False,
2021,202100037453,VAE,En agglomération,residential,21816598,ile-de-france-210101.geoparquet,ile-de-france-210101.geoparquet,retrouvee,False,41.339772324877096,True,matched,1,1,0,0,0,False,False,1,6,True,False,False,pas_de_conclusion_juridique_automatique,False,False,False,True,residential,,,,asphalt,,,,,50,yes,Quai aux Fleurs,,,,,False,
2021,202100041910,VAE,En agglomération,cycleway,282079552,bourgogne-210101.geoparquet,bourgogne-210101.geoparquet,retrouvee,False,1.4103212926407904,False,matched,2,0,1,0,1,True,True,9,3,True,True,False,cycleway_trajectoires_et_acces_a_verifier,True,False,False,False,cycleway,,designated,,,,,,,,,,evalue,2.0,2.0,1.0,False,349.91013003902265
2021,202100043054,VAE,En agglomération,cycleway,705282786,ile-de-france-210101.geoparquet,ile-de-france-210101.geoparquet,retrouvee,False,0.14725499843098572,False,matched,2,0,1,0,1,True,True,5,2,True,True,False,cycleway_trajectoires_et_acces_a_verifier,True,False,False,False,cycleway,,,no,asphalt,,,,,30,yes,Boulevard Saint-Michel,evalue,11.0,11.0,5.0,True,0.5155849053166306
2021,202100044167,VAE,En agglomération,tertiary,30394205,ile-de-france-210101.geoparquet,ile-de-france-210101.geoparquet,retrouvee,False,34.23705248861063,True,matched,1,0,0,0,0,False,False,1,7,True,False,False,pas_de_conclusion_juridique_automatique,False,False,False,True,tertiary,,,,asphalt,,,,,50,,Avenue de Gravelle,,,,,False,
2021,202100047256,VAE,En agglomération,cycleway,23040741,ile-de-france-210101.geoparquet,ile-de-france-210101.geoparquet,retrouvee,False,30.090904321246235,True,matched,2,0,1,0,1,True,True,1,2,True,False,False,cycleway_trajectoires_et_acces_a_verifier,True,False,False,True,cycleway,,,,,,,,,,yes,Avenue de Paris,evalue,0.0,0.0,0.0,False,
2021,202100055186,VAE,En agglomération,cycleway,550129324,bretagne-210101.geoparquet,bretagne-210101.geoparquet,retrouvee,False,0.9064203222650714,False,matched,2,0,1,0,1,True,True,3,1,True,True,False,cycleway_trajectoires_et_acces_a_verifier,True,False,False,False,cycleway,,designated,,asphalt,excellent,,,,,,,evalue,6.0,6.0,2.0,True,2.768003886013221
2021,202100000302,EDPM,En agglomération,cycleway,520351595,aquitaine-210101.geoparquet,aquitaine-210101.geoparquet,retrouvee,False,36.52698515368286,True,matched,1,1,0,0,0,False,False,1,6,True,False,False,cycleway_trajectoires_et_acces_a_verifier,False,False,False,True,cycleway,,,,asphalt,,,,,,,,,,,,False,
2021,202100000754,EDPM,En agglomération,cycleway,577293789,haute-normandie-210101.geoparquet,haute-normandie-210101.geoparquet,retrouvee,False,2.6685576924574517,False,matched,2,0,1,0,1,True,True,2,3,True,True,False,cycleway_trajectoires_et_acces_a_verifier,True,False,False,False,cycleway,,,,,,,,,,,,evalue,10.0,5.0,0.0,False,
2021,202100001422,EDPM,Hors agglomération,service,711960173,provence-alpes-cote-d-azur-210101.geoparquet,provence-alpes-cote-d-azur-210101.geoparquet,retrouvee,False,2.683145143508161,False,matched,2,0,1,0,1,True,True,1,2,True,False,False,route_hors_agglo_autorisation_locale_a_verifier,False,True,False,False,service,,,,,,,,,,,,evalue,2.0,2.0,0.0,False,
2021,202100001747,EDPM,En agglomération,cycleway,705837461,ile-de-france-210101.geoparquet,ile-de-france-210101.geoparquet,retrouvee,False,1.8368318654688043,False,matched,2,0,1,0,1,True,True,4,3,True,True,True,cycleway_trajectoires_et_acces_a_verifier,True,False,False,False,cycleway,,,,asphalt,,on_street,,,,no,Boulevard Voltaire,evalue,10.0,7.0,2.0,True,4.573400528516129
2021,202100001996,EDPM,Hors agglomération,primary,619287843,provence-alpes-cote-d-azur-210101.geoparquet,provence-alpes-cote-d-azur-210101.geoparquet,retrouvee,False,1.4494977335645254,False,matched,2,0,1,0,1,True,True,1,1,True,False,True,route_hors_agglo_autorisation_locale_a_verifier,False,True,False,False,primary,,,,,,lane,,,80,,Route de Nice,evalue,2.0,2.0,2.0,False,27.81662215608065
2021,202100002899,EDPM,En agglomération,service,255385486,picardie-210101.geoparquet,picardie-210101.geoparquet,retrouvee,False,33.505767064636196,True,matched,2,0,1,0,1,True,True,1,3,True,False,False,pas_de_conclusion_juridique_automatique,False,False,False,True,service,,,private,,,,,,,,,,,,,False,
2021,202100003610,EDPM,Hors agglomération,primary,510567008,midi-pyrenees-210101.geoparquet,midi-pyrenees-210101.geoparquet,retrouvee,False,0.09698132299877062,False,matched,2,0,1,0,1,True,True,6,3,True,True,False,route_hors_agglo_autorisation_locale_a_verifier,False,True,False,False,primary,,,,,,,,,,yes,Rocade Nord-Ouest,evalue,5.0,5.0,3.0,False,11.870385903628577
2021,202100003779,EDPM,Hors agglomération,secondary,186868566,lorraine-210101.geoparquet,lorraine-210101.geoparquet,retrouvee,False,1.4144409398883897,False,matched,2,0,1,0,1,True,True,1,2,True,False,False,route_hors_agglo_autorisation_locale_a_verifier,False,True,False,False,secondary,,,,,,,,,,,,evalue,0.0,0.0,0.0,False,
2021,202100005260,EDPM,En agglomération,cycleway,713891659,pays-de-la-loire-210101.geoparquet,pays-de-la-loire-210101.geoparquet,retrouvee,False,1.9099015427974537,False,matched,2,0,1,0,1,True,True,2,3,True,True,False,cycleway_trajectoires_et_acces_a_verifier,True,False,False,False,cycleway,,,,asphalt,,,,,,yes,Rue Pasteur,evalue,6.0,6.0,2.0,True,5.114704021189612
2021,202100007417,EDPM,Hors agglomération,tertiary,30430874,pays-de-la-loire-210101.geoparquet,pays-de-la-loire-210101.geoparquet,retrouvee,False,4.13426002019412,False,matched,2,0,1,0,1,True,True,1,1,True,False,False,route_hors_agglo_autorisation_locale_a_verifier,False,True,False,False,tertiary,,,,,,,,,,,Rue de Fontenay,evalue,0.0,0.0,0.0,False,
2021,202100007670,EDPM,En agglomération,cycleway,424376600,ile-de-france-210101.geoparquet,ile-de-france-210101.geoparquet,retrouvee,False,1.7990664686186848,False,matched,2,0,1,0,1,True,True,3,3,True,True,False,cycleway_trajectoires_et_acces_a_verifier,True,False,False,False,cycleway,,,,,,,,,,no,,evalue,14.0,11.0,3.0,True,8.587267707863468
2021,202100008714,EDPM,Hors agglomération,secondary,85459916,basse-normandie-210101.geoparquet,basse-normandie-210101.geoparquet,retrouvee,False,7.4967643805292985,False,matched,1,0,0,0,0,False,False,1,7,True,False,False,route_hors_agglo_autorisation_locale_a_verifier,False,True,False,False,secondary,,,,,,,,,70,,,evalue,0.0,0.0,0.0,False,
2021,202100009540,EDPM,Hors agglomération,unclassified,33741559,picardie-210101.geoparquet,picardie-210101.geoparquet,retrouvee,False,0.4309562038658058,False,matched,2,0,1,0,1,True,True,1,3,True,False,False,route_hors_agglo_autorisation_locale_a_verifier,False,True,False,False,unclassified,,,,,,,,,,,Rue François Truffaut,evalue,2.0,2.0,2.0,False,10.03900530212951
2021,202100009922,EDPM,En agglomération,cycleway,52719941,ile-de-france-210101.geoparquet,ile-de-france-210101.geoparquet,retrouvee,False,1.7083336912502718,False,matched,2,0,1,0,1,True,True,4,2,True,True,True,cycleway_trajectoires_et_acces_a_verifier,True,False,False,False,cycleway,,,no,asphalt,,on_street,,,,yes,Boulevard de la Villette,evalue,7.0,6.0,2.0,True,4.521283897965433
2021,202100010322,EDPM,En agglomération,cycleway,184457248,aquitaine-210101.geoparquet,aquitaine-210101.geoparquet,retrouvee,False,2.046956380022834,False,matched,2,0,1,0,1,True,True,1,3,True,False,False,cycleway_trajectoires_et_acces_a_verifier,True,False,False,False,cycleway,,,,,,,,,,,,evalue,1.0,1.0,0.0,False,
2021,202100012070,EDPM,En agglomération,service,451917526,ile-de-france-210101.geoparquet,ile-de-france-210101.geoparquet,retrouvee,False,31.108224147027613,True,matched,1,0,0,0,0,False,False,1,7,True,False,False,pas_de_conclusion_juridique_automatique,False,False,False,True,service,,,,,,,,,,yes,,,,,,False,
2021,202100012891,EDPM,Hors agglomération,tertiary,39175043,ile-de-france-210101.geoparquet,ile-de-france-210101.geoparquet,retrouvee,False,0.47060250527256603,False,matched,2,0,0,0,1,True,False,9,3,True,True,False,route_hors_agglo_autorisation_locale_a_verifier,False,True,False,False,tertiary,,,,,,,,,,yes,,evalue,3.0,3.0,1.0,False,17.9041977212244
2021,202100014014,EDPM,En agglomération,cycleway,606749604,ile-de-france-210101.geoparquet,ile-de-france-210101.geoparquet,retrouvee,False,0.20042749125664974,False,matched,2,0,1,0,1,True,True,7,3,True,True,True,cycleway_trajectoires_et_acces_a_verifier,True,False,False,False,cycleway,,,,,,crossing,,,,,,evalue,13.0,8.0,3.0,True,2.399364296184214
2021,202100014891,EDPM,Hors agglomération,tertiary,372473255,poitou-charentes-210101.geoparquet,poitou-charentes-210101.geoparquet,retrouvee,False,1.1796195342702105,False,matched,2,0,1,0,1,True,True,2,3,True,True,False,route_hors_agglo_autorisation_locale_a_verifier,False,True,False,False,tertiary,,,,,,,,,,,,evalue,2.0,1.0,1.0,False,30.245876742923638
2021,202100016354,EDPM,En agglomération,cycleway,548078038,ile-de-france-210101.geoparquet,ile-de-france-210101.geoparquet,retrouvee,False,1.116779571069991,False,matched,2,0,0,0,1,True,False,3,3,True,True,True,cycleway_trajectoires_et_acces_a_verifier,True,False,False,False,cycleway,,,,asphalt,,sidewalk,,,,yes,Boulevard Arago,evalue,4.0,3.0,3.0,True,2.3522087108318472
2021,202100016749,EDPM,Hors agglomération,primary,223440422,poitou-charentes-210101.geoparquet,poitou-charentes-210101.geoparquet,retrouvee,False,4.360397467570814,False,matched,1,0,0,0,0,False,False,9,7,True,True,False,route_hors_agglo_autorisation_locale_a_verifier,False,True,False,False,primary,,,,,,,,,80,,Avenue André Dulin,evalue,2.0,0.0,0.0,False,
2021,202100017045,EDPM,En agglomération,cycleway,705987669,ile-de-france-210101.geoparquet,ile-de-france-210101.geoparquet,retrouvee,False,0.09337844791658446,False,matched,2,0,1,0,1,True,True,3,3,True,True,True,cycleway_trajectoires_et_acces_a_verifier,True,False,False,False,cycleway,,,,asphalt,,crossing,,,,yes,,evalue,9.0,5.0,1.0,True,0.2350778835232521
2021,202100017612,EDPM,En agglomération,cycleway,123505245,rhone-alpes-210101.geoparquet,rhone-alpes-210101.geoparquet,retrouvee,False,3.454119508216505,False,matched,4,0,1,0,3,True,True,2,5,True,True,False,cycleway_trajectoires_et_acces_a_verifier,True,False,False,False,cycleway,,,,asphalt,,,,,,,,evalue,8.0,8.0,1.0,True,9.271671941226357
2021,202100017730,EDPM,Hors agglomération,tertiary,321214222,basse-normandie-210101.geoparquet,basse-normandie-210101.geoparquet,retrouvee,False,0.21549923113389752,False,matched,1,0,0,0,0,False,False,1,7,True,False,False,route_hors_agglo_autorisation_locale_a_verifier,False,True,False,False,tertiary,,,,asphalt,,,,,,,Route de Sainte-Croix,evalue,0.0,0.0,0.0,False,
2021,202100018176,EDPM,En agglomération,cycleway,670921873,ile-de-france-210101.geoparquet,ile-de-france-210101.geoparquet,retrouvee,False,3.5128720235406163,False,matched,2,0,1,0,1,True,True,2,3,True,True,True,cycleway_trajectoires_et_acces_a_verifier,True,False,False,False,cycleway,,,,asphalt,,on_street,,,,yes,Boulevard Voltaire,evalue,6.0,3.0,1.0,True,4.64137371076311
2021,202100018892,EDPM,Hors agglomération,motorway,14309928,ile-de-france-210101.geoparquet,ile-de-france-210101.geoparquet,retrouvee,False,3.1135141060037537,False,matched,1,0,0,0,0,False,False,1,7,True,False,False,route_hors_agglo_autorisation_locale_a_verifier,False,True,False,False,motorway,,,,,,,,,70,yes,Tunnel de la Défense,evalue,2.0,2.0,0.0,False,
2021,202100020258,EDPM,En agglomération,residential,124469335,pays-de-la-loire-210101.geoparquet,pays-de-la-loire-210101.geoparquet,retrouvee,False,30.0535504921367,True,matched,2,0,1,0,1,True,True,1,3,True,False,True,pas_de_conclusion_juridique_automatique,False,False,False,True,residential,,,,asphalt,,lane,,,50,no,Rue Pierre Martin,,,,,False,
2021,202100020504,EDPM,En agglomération,cycleway,124968014,languedoc-roussillon-210101.geoparquet,languedoc-roussillon-210101.geoparquet,retrouvee,False,1.1568662490945842,False,matched,2,0,1,0,1,True,True,1,3,True,False,False,cycleway_trajectoires_et_acces_a_verifier,True,False,False,False,cycleway,,,,,,,,,,,,evalue,1.0,1.0,0.0,False,
2021,202100020854,EDPM,En agglomération,cycleway,291434972,rhone-alpes-210101.geoparquet,rhone-alpes-210101.geoparquet,retrouvee,False,0.4431254698485665,False,matched,2,0,1,0,1,True,True,1,2,True,False,False,cycleway_trajectoires_et_acces_a_verifier,True,False,False,False,cycleway,,,,asphalt,,,,,,yes,,evalue,4.0,3.0,3.0,True,9.278153493211812
2021,202100021302,EDPM,Hors agglomération,primary,857006276,ile-de-france-210101.geoparquet,ile-de-france-210101.geoparquet,retrouvee,False,6.312128553510715,False,matched,2,0,1,0,1,True,True,1,3,True,False,True,route_hors_agglo_autorisation_locale_a_verifier,False,True,False,False,primary,,,,asphalt,,lane,,,50,yes,Route de Choisy,evalue,11.0,10.0,2.0,False,14.845059444533044
2021,202100021453,EDPM,En agglomération,cycleway,741707477,centre-210101.geoparquet,centre-210101.geoparquet,retrouvee,False,0.16539923326114983,False,matched,2,0,1,0,1,True,True,1,3,True,False,False,cycleway_trajectoires_et_acces_a_verifier,True,False,False,False,cycleway,,,,asphalt,,,,,,,Rue Eugène Vignat,evalue,2.0,2.0,0.0,False,
2021,202100022302,EDPM,En agglomération,residential,49371026,ile-de-france-210101.geoparquet,ile-de-france-210101.geoparquet,retrouvee,False,66.97069857923775,True,matched,1,0,0,0,0,False,False,3,6,True,True,False,pas_de_conclusion_juridique_automatique,False,False,False,True,residential,,,,asphalt,,,,,,yes,Rue Pernelle,,,,,False,
2021,202100022528,EDPM,Hors agglomération,unclassified,37076813,basse-normandie-210101.geoparquet,basse-normandie-210101.geoparquet,retrouvee,False,1.2868519242816374,False,matched,3,0,0,1,1,True,False,1,5,True,False,False,route_hors_agglo_autorisation_locale_a_verifier,False,True,False,False,unclassified,,,,,,,,,80,,Chemin de la Rue Picot,evalue,0.0,0.0,0.0,False,
2021,202100022704,EDPM,Hors agglomération,secondary,157223961,languedoc-roussillon-210101.geoparquet,languedoc-roussillon-210101.geoparquet,retrouvee,False,0.6370278960941325,False,matched,2,0,1,0,1,True,True,1,3,True,False,False,route_hors_agglo_autorisation_locale_a_verifier,False,True,False,False,secondary,,,,,,,,,,yes,,evalue,0.0,0.0,0.0,False,
2021,202100023040,EDPM,Hors agglomération,secondary,243026076,haute-normandie-210101.geoparquet,haute-normandie-210101.geoparquet,retrouvee,False,0.20086896801107645,False,matched,2,0,0,0,1,True,False,2,3,True,True,False,route_hors_agglo_autorisation_locale_a_verifier,False,True,False,False,secondary,,yes,,,,,,,,,Quai Lamblardie,evalue,13.0,6.0,4.0,True,1.2838600310801853
2021,202100023264,EDPM,En agglomération,cycleway,25376682,alsace-210101.geoparquet,alsace-210101.geoparquet,retrouvee,False,1.8885450459950648,False,matched,2,0,1,0,1,True,True,3,3,True,True,False,cycleway_trajectoires_et_acces_a_verifier,True,False,False,False,cycleway,,,,,,,,,,,,evalue,6.0,6.0,1.0,True,3.5113058967691755
2021,202100024555,EDPM,En agglomération,cycleway,704521613,ile-de-france-210101.geoparquet,ile-de-france-210101.geoparquet,retrouvee,False,0.5745057814271985,False,matched,2,0,1,0,1,True,True,3,3,True,True,False,cycleway_trajectoires_et_acces_a_verifier,True,False,False,False,cycleway,,,,,,,,,,,Rue de Mondovi,evalue,5.0,2.0,1.0,True,1.780360453508614
2021,202100025481,EDPM,En agglomération,service,554898773,ile-de-france-210101.geoparquet,ile-de-france-210101.geoparquet,retrouvee,False,43.70986290972462,True,matched,1,1,0,0,0,False,False,1,6,True,False,False,pas_de_conclusion_juridique_automatique,False,False,False,True,service,,,,,,,,,,,Port Debilly,,,,,False,
2021,202100026437,EDPM,En agglomération,residential,26678230,picardie-210101.geoparquet,picardie-210101.geoparquet,retrouvee,False,56.95429876423071,True,matched,2,0,0,0,0,False,False,1,1,True,False,False,pas_de_conclusion_juridique_automatique,False,False,False,True,residential,,,,asphalt,,,,,30,yes,Rue Pierre Dubois,,,,,False,
2021,202100026541,EDPM,Hors agglomération,primary,23758468,pays-de-la-loire-210101.geoparquet,pays-de-la-loire-210101.geoparquet,retrouvee,False,3.052158275561967,False,matched,2,0,1,0,1,True,True,6,2,True,True,False,route_hors_agglo_autorisation_locale_a_verifier,False,True,False,False,primary,,,,asphalt,,,,,80,,,evalue,5.0,5.0,4.0,False,12.888651162701017
2021,202100027363,EDPM,Hors agglomération,service,281457980,bretagne-210101.geoparquet,bretagne-210101.geoparquet,retrouvee,False,1.231559676593994,False,matched,2,0,1,0,1,True,True,7,3,True,True,False,route_hors_agglo_autorisation_locale_a_verifier,False,True,False,False,service,,,,,,,,,,yes,,evalue,4.0,4.0,3.0,False,10.53150190464102
2021,202100030417,EDPM,En agglomération,cycleway,196549822,ile-de-france-210101.geoparquet,ile-de-france-210101.geoparquet,retrouvee,False,0.2343247237017675,False,matched,2,0,1,0,1,True,True,2,2,True,True,True,cycleway_trajectoires_et_acces_a_verifier,True,False,False,False,cycleway,,,,asphalt,,crossing,,,,yes,,evalue,14.0,8.0,4.0,True,4.8034848469001625
2021,202100030496,EDPM,Hors agglomération,tertiary,232318047,bretagne-210101.geoparquet,bretagne-210101.geoparquet,retrouvee,False,0.6143984529152233,False,matched,2,0,1,0,1,True,True,3,3,True,True,False,route_hors_agglo_autorisation_locale_a_verifier,False,True,False,False,tertiary,,,,,,,,,80,,,evalue,1.0,1.0,1.0,False,10.798890107965194
2021,202100030886,EDPM,Hors agglomération,secondary,57890238,picardie-210101.geoparquet,picardie-210101.geoparquet,retrouvee,False,1.743391403259248,False,matched,1,0,0,0,0,False,False,1,7,True,False,False,route_hors_agglo_autorisation_locale_a_verifier,False,True,False,False,secondary,,,,,,,,,,,,evalue,0.0,0.0,0.0,False,
2021,202100032227,EDPM,Hors agglomération,motorway,105843947,ile-de-france-210101.geoparquet,ile-de-france-210101.geoparquet,retrouvee,False,0.2693404926868447,False,matched,2,0,0,0,1,True,False,9,3,True,True,False,route_hors_agglo_autorisation_locale_a_verifier,False,True,False,False,motorway,,,,,,,,,90,yes,,evalue,3.0,3.0,1.0,False,24.099468107151782
2021,202100032325,EDPM,En agglomération,cycleway,336776410,ile-de-france-210101.geoparquet,ile-de-france-210101.geoparquet,retrouvee,False,0.5110107810267173,False,matched,2,0,0,0,1,True,False,2,3,True,True,True,cycleway_trajectoires_et_acces_a_verifier,True,False,False,False,cycleway,,,,asphalt,,sidewalk,,,,yes,Boulevard Barbès,evalue,6.0,5.0,4.0,True,2.2365924578293512
2021,202100032333,EDPM,En agglomération,cycleway,448833814,ile-de-france-210101.geoparquet,ile-de-france-210101.geoparquet,retrouvee,False,0.5015144087474841,False,matched,2,0,0,0,1,True,False,3,3,True,True,False,cycleway_trajectoires_et_acces_a_verifier,True,False,False,False,cycleway,,,,,,,,,,,,evalue,9.0,6.0,2.0,True,1.076448348080358
2021,202100034096,EDPM,En agglomération,cycleway,874404606,ile-de-france-210101.geoparquet,ile-de-france-210101.geoparquet,retrouvee,False,0.025416388388160634,False,matched,2,0,0,0,1,True,False,2,3,True,True,False,cycleway_trajectoires_et_acces_a_verifier,True,False,False,False,cycleway,,,,,,,,,,yes,Boulevard Arago,evalue,5.0,4.0,4.0,True,0.36232429186052717
2021,202100034563,EDPM,En agglomération,residential,780476380,pays-de-la-loire-210101.geoparquet,pays-de-la-loire-210101.geoparquet,retrouvee,False,32.599302469633336,True,matched,2,0,0,0,1,True,False,3,3,True,True,True,pas_de_conclusion_juridique_automatique,False,False,False,True,residential,yes,designated,,asphalt,,no,,,50,yes,Rue du Vert Galant,,,,,False,
2021,202100034653,EDPM,Hors agglomération,tertiary,45672655,rhone-alpes-210101.geoparquet,rhone-alpes-210101.geoparquet,retrouvee,False,3.8175087942591555,False,matched,1,0,0,0,0,False,False,1,7,True,False,False,route_hors_agglo_autorisation_locale_a_verifier,False,True,False,False,tertiary,,,,,,,,,,,Promenade de l'Arve,evalue,1.0,0.0,0.0,False,
2021,202100035710,EDPM,Hors agglomération,unclassified,741951907,lorraine-210101.geoparquet,lorraine-210101.geoparquet,retrouvee,False,2.114222144028078,False,matched,2,0,0,0,1,True,False,1,3,True,False,False,route_hors_agglo_autorisation_locale_a_verifier,False,True,False,False,unclassified,,,,,,,,,50,yes,,evalue,8.0,5.0,2.0,True,3.7860005853021157
2021,202100035911,EDPM,En agglomération,cycleway,156540807,aquitaine-210101.geoparquet,aquitaine-210101.geoparquet,retrouvee,False,0.4715430184601658,False,matched,2,0,0,0,1,True,False,1,3,True,False,False,cycleway_trajectoires_et_acces_a_verifier,True,False,False,False,cycleway,yes,yes,,paved,excellent,,,,,,,evalue,1.0,1.0,0.0,False,
2021,202100036597,EDPM,En agglomération,cycleway,727266115,bourgogne-210101.geoparquet,bourgogne-210101.geoparquet,retrouvee,False,1.1914654308018162,False,matched,3,0,1,0,1,True,True,1,4,True,False,False,cycleway_trajectoires_et_acces_a_verifier,True,False,False,False,cycleway,,,,,,,,,,,,evalue,4.0,2.0,0.0,False,
2021,202100039271,EDPM,Hors agglomération,unclassified,264613003,rhone-alpes-210101.geoparquet,rhone-alpes-210101.geoparquet,retrouvee,False,1.0088966670982953,False,matched,2,0,1,0,1,True,True,1,2,True,False,False,route_hors_agglo_autorisation_locale_a_verifier,False,True,False,False,unclassified,,,,,,,,,,,Route de Toussieu,evalue,1.0,1.0,1.0,False,12.18141258963639
2021,202100040265,EDPM,Hors agglomération,primary,611610171,pays-de-la-loire-210101.geoparquet,pays-de-la-loire-210101.geoparquet,retrouvee,False,22.037734596960394,False,matched,2,0,0,0,1,True,False,1,2,True,False,True,route_hors_agglo_autorisation_locale_a_verifier,False,True,False,False,primary,,,,asphalt,,no,,,,no,Voie de la Liberté,evalue,0.0,0.0,0.0,False,
2021,202100040351,EDPM,En agglomération,service,209178219,basse-normandie-210101.geoparquet,basse-normandie-210101.geoparquet,retrouvee,False,37.0501479888118,True,matched,1,1,0,0,0,False,False,1,6,True,False,False,pas_de_conclusion_juridique_automatique,False,False,False,True,service,,,,,,,,,,,,,,,,False,
2021,202100040611,EDPM,Hors agglomération,unclassified,348397759,aquitaine-210101.geoparquet,aquitaine-210101.geoparquet,retrouvee,False,49.860007295083214,True,matched,1,0,0,0,0,False,False,1,7,True,False,False,route_hors_agglo_autorisation_locale_a_verifier,False,True,False,True,unclassified,,,,,,,,,,yes,,evalue,0.0,0.0,0.0,False,
2021,202100042440,EDPM,Hors agglomération,residential,33753995,picardie-210101.geoparquet,picardie-210101.geoparquet,retrouvee,False,0.6494246942177968,False,matched,2,0,1,0,1,True,True,2,3,True,True,False,route_hors_agglo_autorisation_locale_a_verifier,False,True,False,False,residential,,,,,,,,,,,Rue François Villon,evalue,3.0,3.0,3.0,True,1.0747467613746777
2021,202100042465,EDPM,En agglomération,cycleway,87071722,champagne-ardenne-210101.geoparquet,champagne-ardenne-210101.geoparquet,retrouvee,False,0.43822170897537543,False,matched,2,0,1,0,1,True,True,9,3,True,True,False,cycleway_trajectoires_et_acces_a_verifier,True,False,False,False,cycleway,no,yes,,asphalt,,,,,,,,evalue,2.0,2.0,1.0,True,1.1736422987393582
2021,202100044048,EDPM,En agglomération,cycleway,740494266,ile-de-france-210101.geoparquet,ile-de-france-210101.geoparquet,retrouvee,False,0.5953420692925104,False,matched,2,0,1,0,1,True,True,5,3,True,True,True,cycleway_trajectoires_et_acces_a_verifier,True,False,False,False,cycleway,,,,asphalt,,on_street,,,,yes,Boulevard de la Chapelle,evalue,6.0,5.0,1.0,True,1.877849420720845
2021,202100046561,EDPM,Hors agglomération,tertiary,298657650,reunion-210101.geoparquet,reunion-210101.geoparquet,retrouvee,False,1.2960193123779449,False,matched,2,0,0,0,1,True,False,1,3,True,False,False,route_hors_agglo_autorisation_locale_a_verifier,False,True,False,False,tertiary,,,,asphalt,,,,,,,,evalue,0.0,0.0,0.0,False,
2021,202100046786,EDPM,En agglomération,cycleway,132021357,ile-de-france-210101.geoparquet,ile-de-france-210101.geoparquet,retrouvee,False,1.2750165507321454,False,matched,2,0,0,0,1,True,False,2,3,True,True,True,cycleway_trajectoires_et_acces_a_verifier,True,False,False,False,cycleway,,,,asphalt,,on_street,,,,yes,Boulevard du Général d'Armée Jean Simon,evalue,11.0,7.0,4.0,True,2.0950548239061733
2021,202100049493,EDPM,Hors agglomération,primary,26005663,nord-pas-de-calais-210101.geoparquet,nord-pas-de-calais-210101.geoparquet,retrouvee,False,0.896312135976846,False,matched,2,0,1,0,1,True,True,6,3,True,True,False,route_hors_agglo_autorisation_locale_a_verifier,False,True,False,False,primary,,,,asphalt,,,,,90,,,evalue,2.0,2.0,2.0,True,3.6483627970104338
2021,202100050420,EDPM,Hors agglomération,primary,497858555,haute-normandie-210101.geoparquet,haute-normandie-210101.geoparquet,retrouvee,False,8.282245609888552,False,matched,2,0,1,0,1,True,True,1,3,True,False,False,route_hors_agglo_autorisation_locale_a_verifier,False,True,False,False,primary,,,,,,,,,,,,evalue,0.0,0.0,0.0,False,
2021,202100050835,EDPM,En agglomération,service,835799248,lorraine-210101.geoparquet,lorraine-210101.geoparquet,retrouvee,False,61.28623952098246,True,matched,2,0,1,0,1,True,True,3,1,True,True,False,pas_de_conclusion_juridique_automatique,False,False,False,True,service,,,,,,,,,,,,,,,,False,
2021,202100051094,EDPM,En agglomération,cycleway,727494578,ile-de-france-210101.geoparquet,ile-de-france-210101.geoparquet,retrouvee,False,0.2520399860402221,False,matched,2,0,1,0,1,True,True,1,1,True,False,False,cycleway_trajectoires_et_acces_a_verifier,True,False,False,False,cycleway,,,,,,,,,,yes,,evalue,7.0,5.0,4.0,False,16.36509821568388
2021,202100051662,EDPM,En agglomération,cycleway,777687175,picardie-210101.geoparquet,picardie-210101.geoparquet,retrouvee,False,3.5111096598789002,False,matched,2,0,1,0,1,True,True,1,2,True,False,False,cycleway_trajectoires_et_acces_a_verifier,True,False,False,False,cycleway,,,,,,,,,,,,evalue,6.0,6.0,1.0,False,11.561211407378645
2021,202100053196,EDPM,En agglomération,cycleway,24957557,lorraine-210101.geoparquet,lorraine-210101.geoparquet,retrouvee,False,0.8307134884909647,False,matched,2,0,1,0,1,True,True,1,3,True,False,False,cycleway_trajectoires_et_acces_a_verifier,True,False,False,False,cycleway,,,,,,,,,,,,evalue,7.0,6.0,2.0,True,1.8452386748855476
2021,202100053399,EDPM,Hors agglomération,primary,772383109,aquitaine-210101.geoparquet,aquitaine-210101.geoparquet,retrouvee,False,0.37070708723828166,False,matched,2,0,0,0,1,True,False,1,3,True,False,False,route_hors_agglo_autorisation_locale_a_verifier,False,True,False,False,primary,,,,asphalt,,,,,,,,evalue,0.0,0.0,0.0,False,
2021,202100054820,EDPM,Hors agglomération,secondary,15696424,ile-de-france-210101.geoparquet,ile-de-france-210101.geoparquet,retrouvee,False,0.5386986715864955,False,matched,2,0,1,0,1,True,True,6,3,True,True,False,route_hors_agglo_autorisation_locale_a_verifier,False,True,False,False,secondary,,,,asphalt,,,,,50,,,evalue,7.0,6.0,5.0,True,8.569602416852533
2021,202100054899,EDPM,Hors agglomération,primary,240823884,aquitaine-210101.geoparquet,aquitaine-210101.geoparquet,retrouvee,False,0.29600514647011517,False,matched,2,0,1,0,1,True,True,6,1,True,True,False,route_hors_agglo_autorisation_locale_a_verifier,False,True,False,False,primary,,,,asphalt,,,,,80,yes,,evalue,5.0,3.0,2.0,False,12.154670147999148
2021,202100055120,EDPM,Hors agglomération,tertiary,162864853,languedoc-roussillon-210101.geoparquet,languedoc-roussillon-210101.geoparquet,retrouvee,False,6.085272231903641,False,matched,2,0,0,0,1,True,False,1,2,True,False,False,route_hors_agglo_autorisation_locale_a_verifier,False,True,False,False,tertiary,,,,,,,,,,,Route de Saint-Brès,evalue,0.0,0.0,0.0,False,
2021,202100056078,EDPM,En agglomération,cycleway,37097286,ile-de-france-210101.geoparquet,ile-de-france-210101.geoparquet,retrouvee,False,4.080980035196427,False,matched,2,0,1,0,1,True,True,1,3,True,False,False,cycleway_trajectoires_et_acces_a_verifier,True,False,False,False,cycleway,,,,,,,,,,yes,,evalue,2.0,2.0,0.0,False,
2021,202100056426,EDPM,En agglomération,cycleway,757679287,ile-de-france-210101.geoparquet,ile-de-france-210101.geoparquet,retrouvee,False,37.0926717589551,True,matched,1,0,0,0,0,False,False,7,7,True,True,False,cycleway_trajectoires_et_acces_a_verifier,False,False,False,True,cycleway,,,,,,,,,,,Place de la Concorde,,,,,False,
2021,202100000696,CYCLO,En agglomération,service,373566670,provence-alpes-cote-d-azur-210101.geoparquet,provence-alpes-cote-d-azur-210101.geoparquet,retrouvee,False,40.9475156150512,True,matched,2,0,1,1,1,True,True,1,2,True,False,False,pas_de_conclusion_juridique_automatique,False,False,False,True,service,,,,,,,,,,,,,,,,False,
2021,202100001090,CYCLO,En agglomération,cycleway,100995814,ile-de-france-210101.geoparquet,ile-de-france-210101.geoparquet,retrouvee,False,1.053587435348531,False,matched,2,0,1,1,1,True,True,5,2,True,True,False,cycleway_trajectoires_et_acces_a_verifier,False,False,True,False,cycleway,,,,paved,,,,,,yes,Pont d'Issy-les-Moulineaux,evalue,7.0,6.0,2.0,True,1.16851040861367
2021,202100001548,CYCLO,En agglomération,,,polynesie-francaise-210101.geoparquet,polynesie-francaise-210101.geoparquet,osm_way_id_absent,False,,True,unmatched,1,0,0,1,0,False,False,1,1,True,False,False,pas_de_conclusion_juridique_automatique,False,False,False,True,,,,,,,,,,,,,,,,,False,
2021,202100002657,CYCLO,En agglomération,cycleway,556790038,ile-de-france-210101.geoparquet,ile-de-france-210101.geoparquet,retrouvee,False,0.6047172012041119,False,matched,3,0,1,1,2,True,True,1,4,True,False,False,cycleway_trajectoires_et_acces_a_verifier,False,False,True,False,cycleway,,,,,,,,,,yes,,evalue,4.0,3.0,1.0,False,156.20977884766435
2021,202100002696,CYCLO,En agglomération,track,525518079,polynesie-francaise-210101.geoparquet,polynesie-francaise-210101.geoparquet,retrouvee,False,76.01923246393338,True,matched,2,0,1,1,1,True,True,9,3,True,True,False,pas_de_conclusion_juridique_automatique,False,False,False,True,track,,,,,,,,,,,,,,,,False,
2021,202100003408,CYCLO,En agglomération,cycleway,167187837,nord-pas-de-calais-210101.geoparquet,nord-pas-de-calais-210101.geoparquet,retrouvee,False,2.8576344024270313,False,matched,2,0,1,1,1,True,True,1,2,True,False,False,cycleway_trajectoires_et_acces_a_verifier,False,False,True,False,cycleway,,,,asphalt,,,,,,yes,,evalue,2.0,2.0,2.0,True,7.248049678505051
2021,202100004978,CYCLO,Hors agglomération,,,polynesie-francaise-210101.geoparquet,polynesie-francaise-210101.geoparquet,osm_way_id_absent,False,,True,unmatched,2,0,1,1,1,True,True,1,3,True,False,False,pas_de_conclusion_juridique_automatique,False,False,False,True,,,,,,,,,,,,,,,,,False,
2021,202100005085,CYCLO,En agglomération,service,151737109,provence-alpes-cote-d-azur-210101.geoparquet,provence-alpes-cote-d-azur-210101.geoparquet,retrouvee,False,37.49393001071091,True,matched,2,0,0,1,1,True,False,1,3,True,False,False,pas_de_conclusion_juridique_automatique,False,False,False,True,service,private,,,,,,,,,,Résidence Saint-Barnabé-Les Hespérides,,,,,False,
2021,202100005702,CYCLO,Hors agglomération,,,polynesie-francaise-210101.geoparquet,polynesie-francaise-210101.geoparquet,osm_way_id_absent,False,,True,unmatched,2,0,1,1,1,True,True,3,3,True,True,False,pas_de_conclusion_juridique_automatique,False,False,False,True,,,,,,,,,,,,,,,,,False,
2021,202100005869,CYCLO,En agglomération,cycleway,444625481,guyane-210101.geoparquet,guyane-210101.geoparquet,retrouvee,False,3.321133990437948,False,matched,2,0,1,1,1,True,True,2,3,True,True,False,cycleway_trajectoires_et_acces_a_verifier,False,False,True,False,cycleway,,,,asphalt,,,,,,yes,,evalue,6.0,6.0,2.0,True,9.27415237067825
2021,202100005998,CYCLO,En agglomération,cycleway,743712323,ile-de-france-210101.geoparquet,ile-de-france-210101.geoparquet,retrouvee,False,0.034086675032419606,False,matched,2,0,1,1,1,True,True,2,2,True,True,True,cycleway_trajectoires_et_acces_a_verifier,False,False,True,False,cycleway,,,,asphalt,,on_street,,,,yes,Boulevard de la Chapelle,evalue,13.0,10.0,5.0,True,0.21727500542193137
2021,202100007037,CYCLO,En agglomération,unclassified,28487061,champagne-ardenne-210101.geoparquet,champagne-ardenne-210101.geoparquet,retrouvee,False,61.46391758862835,True,matched,2,0,1,1,1,True,True,1,3,True,False,False,pas_de_conclusion_juridique_automatique,False,False,False,True,unclassified,,,,,,,,,50,yes,Rue Begand,,,,,False,
2021,202100007239,CYCLO,En agglomération,primary,600324066,pays-de-la-loire-210101.geoparquet,pays-de-la-loire-210101.geoparquet,retrouvee,False,33.073842931350526,True,matched,2,0,1,1,1,True,True,6,3,True,True,True,pas_de_conclusion_juridique_automatique,False,False,False,True,primary,,,,asphalt,,,,no,,,Place de Paris,,,,,False,
2021,202100007788,CYCLO,En agglomération,cycleway,768737628,alsace-210101.geoparquet,alsace-210101.geoparquet,retrouvee,False,6.587230014876066,False,matched,1,1,0,1,0,False,False,1,6,True,False,False,cycleway_trajectoires_et_acces_a_verifier,False,False,True,False,cycleway,,,,,,,,,,,,evalue,2.0,1.0,1.0,False,48.6616938903953
2021,202100008103,CYCLO,Hors agglomération,,,polynesie-francaise-210101.geoparquet,polynesie-francaise-210101.geoparquet,osm_way_id_absent,False,,True,unmatched,1,0,0,1,0,False,False,1,1,True,False,False,pas_de_conclusion_juridique_automatique,False,False,False,True,,,,,,,,,,,,,,,,,False,
2021,202100008332,CYCLO,En agglomération,cycleway,785890223,bretagne-210101.geoparquet,bretagne-210101.geoparquet,retrouvee,False,2.6382609061733193,False,matched,2,0,1,1,1,True,True,1,3,True,False,False,cycleway_trajectoires_et_acces_a_verifier,False,False,True,False,cycleway,,,,asphalt,,,,,,yes,,evalue,2.0,1.0,1.0,False,60.08649269363188
2021,202100009399,CYCLO,En agglomération,cycleway,397756077,reunion-210101.geoparquet,reunion-210101.geoparquet,retrouvee,False,4.193082777076776,False,matched,2,0,1,1,1,True,True,3,3,True,True,False,cycleway_trajectoires_et_acces_a_verifier,False,False,True,False,cycleway,,,,,,,,,,no,,evalue,1.0,1.0,0.0,False,
2021,202100010425,CYCLO,En agglomération,,,polynesie-francaise-210101.geoparquet,polynesie-francaise-210101.geoparquet,osm_way_id_absent,False,,True,unmatched,2,0,0,2,0,False,False,3,3,True,True,False,pas_de_conclusion_juridique_automatique,False,False,False,True,,,,,,,,,,,,,,,,,False,
2021,202100011300,CYCLO,En agglomération,,,polynesie-francaise-210101.geoparquet,polynesie-francaise-210101.geoparquet,osm_way_id_absent,False,,True,unmatched,1,0,0,1,0,False,False,1,7,True,False,False,pas_de_conclusion_juridique_automatique,False,False,False,True,,,,,,,,,,,,,,,,,False,
2021,202100011335,CYCLO,Hors agglomération,cycleway,355750984,ile-de-france-210101.geoparquet,ile-de-france-210101.geoparquet,retrouvee,False,19.383283100784553,False,matched,2,0,0,1,1,True,False,1,2,True,False,False,cycleway_trajectoires_et_acces_a_verifier,False,False,True,False,cycleway,,,,paved,,,,,,,Allée du Moulin des Corbeaux,evalue,0.0,0.0,0.0,False,
2021,202100011404,CYCLO,En agglomération,unclassified,28396379,champagne-ardenne-210101.geoparquet,champagne-ardenne-210101.geoparquet,retrouvee,False,41.5162216502765,True,matched,2,0,1,1,1,True,True,3,1,True,True,False,pas_de_conclusion_juridique_automatique,False,False,False,True,unclassified,,,,sett,,,,,30,yes,Rue Georges Clemenceau,,,,,False,
2021,202100011718,CYCLO,En agglomération,track,525518079,polynesie-francaise-210101.geoparquet,polynesie-francaise-210101.geoparquet,retrouvee,False,76.01923246393338,True,matched,3,0,1,1,2,True,True,1,2,True,False,False,pas_de_conclusion_juridique_automatique,False,False,False,True,track,,,,,,,,,,,,,,,,False,
2021,202100012169,CYCLO,En agglomération,cycleway,848911212,rhone-alpes-210101.geoparquet,rhone-alpes-210101.geoparquet,retrouvee,False,0.09490184146395955,False,matched,2,0,0,1,0,False,False,1,1,True,False,False,cycleway_trajectoires_et_acces_a_verifier,False,False,True,False,cycleway,,,,asphalt,,,,,,,Montée de la Boucle,evalue,3.0,3.0,0.0,False,
2021,202100012749,CYCLO,Hors agglomération,,,polynesie-francaise-210101.geoparquet,polynesie-francaise-210101.geoparquet,osm_way_id_absent,False,,True,unmatched,1,0,0,1,0,False,False,1,3,True,False,False,pas_de_conclusion_juridique_automatique,False,False,False,True,,,,,,,,,,,,,,,,,False,
2021,202100013204,CYCLO,En agglomération,secondary,32276658,mayotte-210101.geoparquet,mayotte-210101.geoparquet,retrouvee,False,49.330552068922266,True,matched,1,0,0,1,0,False,False,1,3,True,False,False,pas_de_conclusion_juridique_automatique,False,False,False,True,secondary,,,,asphalt,,,,,,,Boulevard Younoussa Bamana,,,,,False,
2021,202100013765,CYCLO,En agglomération,track,525518079,polynesie-francaise-210101.geoparquet,polynesie-francaise-210101.geoparquet,retrouvee,False,76.01923246393338,True,matched,2,0,1,1,1,True,True,9,3,True,True,False,pas_de_conclusion_juridique_automatique,False,False,False,True,track,,,,,,,,,,,,,,,,False,
2021,202100013881,CYCLO,En agglomération,cycleway,651606830,provence-alpes-cote-d-azur-210101.geoparquet,provence-alpes-cote-d-azur-210101.geoparquet,retrouvee,False,8.569566206894825,False,matched,2,0,1,1,1,True,True,6,3,True,True,False,cycleway_trajectoires_et_acces_a_verifier,False,False,True,False,cycleway,,,,concrete,,,,,,,,evalue,13.0,12.0,2.0,False,17.867675938685615
2021,202100014377,CYCLO,En agglomération,cycleway,252956219,aquitaine-210101.geoparquet,aquitaine-210101.geoparquet,retrouvee,False,3.0921777021004258,False,matched,2,0,1,1,1,True,True,3,1,True,True,False,cycleway_trajectoires_et_acces_a_verifier,False,False,True,False,cycleway,,,,,,,,,,yes,,evalue,4.0,3.0,2.0,True,4.492834619532948
2021,202100015397,CYCLO,En agglomération,service,294091465,basse-normandie-210101.geoparquet,basse-normandie-210101.geoparquet,retrouvee,False,58.77590085416173,True,matched,2,0,0,1,0,False,False,1,3,True,False,False,pas_de_conclusion_juridique_automatique,False,False,False,True,service,,,,,,,,,,,,,,,,False,
2021,202100015918,CYCLO,En agglomération,primary,15242623,franche-comte-210101.geoparquet,franche-comte-210101.geoparquet,retrouvee,False,32.500931198281314,True,matched,2,0,1,1,1,True,True,9,3,True,True,False,pas_de_conclusion_juridique_automatique,False,False,False,True,primary,,,,asphalt,,,,,50,,Rond-Point de Ludwigsburg,,,,,False,
2021,202100017292,CYCLO,Hors agglomération,service,332095575,reunion-210101.geoparquet,reunion-210101.geoparquet,retrouvee,False,56.29678507601481,True,matched,2,0,1,1,1,True,True,1,1,True,False,False,pas_de_conclusion_juridique_automatique,False,False,False,True,service,,,,concrete,,,,,30,,,,,,,False,
2021,202100017789,CYCLO,En agglomération,cycleway,210626666,reunion-210101.geoparquet,reunion-210101.geoparquet,retrouvee,False,0.15518412940655474,False,matched,2,0,1,1,1,True,True,6,6,True,True,False,cycleway_trajectoires_et_acces_a_verifier,False,False,True,False,cycleway,,,,,,,,,,,,evalue,2.0,2.0,1.0,False,20.58683844535175
2021,202100018407,CYCLO,En agglomération,cycleway,196549822,ile-de-france-210101.geoparquet,ile-de-france-210101.geoparquet,retrouvee,False,0.22734380599146684,False,matched,2,0,1,1,1,True,True,2,3,True,True,True,cycleway_trajectoires_et_acces_a_verifier,False,False,True,False,cycleway,,,,asphalt,,crossing,,,,yes,,evalue,14.0,8.0,4.0,True,5.028317411820777
2021,202100018417,CYCLO,En agglomération,cycleway,815180317,ile-de-france-210101.geoparquet,ile-de-france-210101.geoparquet,retrouvee,False,0.6036109493026781,False,matched,1,1,0,1,0,False,False,3,2,True,True,False,cycleway_trajectoires_et_acces_a_verifier,False,False,True,False,cycleway,,,,,,,,,,,,evalue,3.0,3.0,1.0,True,4.658298366978463
2021,202100020048,CYCLO,En agglomération,,,corse-210101.geoparquet,corse-210101.geoparquet,osm_way_id_absent,False,,True,unmatched,2,0,1,1,1,True,True,1,3,True,False,False,pas_de_conclusion_juridique_automatique,False,False,False,True,,,,,,,,,,,,,,,,,False,
2021,202100020423,CYCLO,Hors agglomération,cycleway,219952713,poitou-charentes-210101.geoparquet,poitou-charentes-210101.geoparquet,retrouvee,False,1.3746805371686066,False,matched,1,0,0,1,0,False,False,1,7,True,False,False,cycleway_trajectoires_et_acces_a_verifier,False,False,True,False,cycleway,,,,,,,,,,,,evalue,1.0,1.0,0.0,False,
2021,202100021162,CYCLO,En agglomération,track,525518079,polynesie-francaise-210101.geoparquet,polynesie-francaise-210101.geoparquet,retrouvee,False,76.01923246393338,True,matched,2,0,1,1,1,True,True,1,1,True,False,False,pas_de_conclusion_juridique_automatique,False,False,False,True,track,,,,,,,,,,,,,,,,False,
2021,202100021508,CYCLO,En agglomération,cycleway,546551054,ile-de-france-210101.geoparquet,ile-de-france-210101.geoparquet,retrouvee,False,2.3896831625019432,False,matched,1,0,0,1,0,False,False,1,6,True,False,False,cycleway_trajectoires_et_acces_a_verifier,False,False,True,False,cycleway,,,,asphalt,,,,,,yes,,evalue,2.0,1.0,1.0,False,227.07221870847113
2021,202100021636,CYCLO,En agglomération,secondary,375686689,provence-alpes-cote-d-azur-210101.geoparquet,provence-alpes-cote-d-azur-210101.geoparquet,retrouvee,False,35.54038306582746,True,matched,2,0,1,1,1,True,True,1,3,True,False,False,pas_de_conclusion_juridique_automatique,False,False,False,True,secondary,,,,asphalt,,,,,,,Boulevard de la Barasse,,,,,False,
2021,202100021695,CYCLO,Hors agglomération,track,203083937,lorraine-210101.geoparquet,lorraine-210101.geoparquet,retrouvee,False,31.322077701184018,True,matched,2,0,0,1,1,True,False,1,3,True,False,False,pas_de_conclusion_juridique_automatique,False,False,False,True,track,,,,,,,,,,,Chemin de Derrière les Jardins,,,,,False,
2021,202100021992,CYCLO,Hors agglomération,unclassified,428994149,rhone-alpes-210101.geoparquet,rhone-alpes-210101.geoparquet,retrouvee,False,41.81331066937344,True,matched,1,0,0,1,0,False,False,1,7,True,False,False,pas_de_conclusion_juridique_automatique,False,False,False,True,unclassified,,,,,,,,,,,Route de Cesarge,,,,,False,
2021,202100022363,CYCLO,Hors agglomération,cycleway,757026328,guyane-210101.geoparquet,guyane-210101.geoparquet,retrouvee,False,0.6999824958849812,False,matched,2,0,1,1,1,True,True,6,2,True,True,False,cycleway_trajectoires_et_acces_a_verifier,False,False,True,False,cycleway,,,,,,,,,,,,evalue,1.0,1.0,0.0,False,
2021,202100023307,CYCLO,En agglomération,cycleway,47014372,provence-alpes-cote-d-azur-210101.geoparquet,provence-alpes-cote-d-azur-210101.geoparquet,retrouvee,False,2.399774231690225,False,matched,2,0,1,1,1,True,True,1,1,True,False,False,cycleway_trajectoires_et_acces_a_verifier,False,False,True,False,cycleway,,,,asphalt,,,,,,,,evalue,1.0,1.0,0.0,False,
2021,202100023369,CYCLO,Hors agglomération,,,guadeloupe-210101.geoparquet,guadeloupe-210101.geoparquet,osm_way_id_absent,False,,True,unmatched,2,0,1,1,1,True,True,1,1,True,False,False,pas_de_conclusion_juridique_automatique,False,False,False,True,,,,,,,,,,,,,,,,,False,
2021,202100023807,CYCLO,Hors agglomération,,,guadeloupe-210101.geoparquet,guadeloupe-210101.geoparquet,osm_way_id_absent,False,,True,unmatched,1,0,0,1,0,False,False,1,7,True,False,False,pas_de_conclusion_juridique_automatique,False,False,False,True,,,,,,,,,,,,,,,,,False,
2021,202100024070,CYCLO,En agglomération,cycleway,700395054,haute-normandie-210101.geoparquet,haute-normandie-210101.geoparquet,retrouvee,False,1.2206081284891832,False,matched,1,0,0,1,0,False,False,1,6,True,False,False,cycleway_trajectoires_et_acces_a_verifier,False,False,True,False,cycleway,,designated,,asphalt,,,,,,,Voie Verte,evalue,3.0,2.0,2.0,True,4.04897642807839
2021,202100025363,CYCLO,En agglomération,service,284078924,pays-de-la-loire-210101.geoparquet,pays-de-la-loire-210101.geoparquet,retrouvee,False,49.383286947975705,True,matched,2,0,0,2,0,False,False,9,3,True,True,False,pas_de_conclusion_juridique_automatique,False,False,False,True,service,private,,,,,,,,,,,,,,,False,
2021,202100026454,CYCLO,En agglomération,service,168961170,bretagne-210101.geoparquet,bretagne-210101.geoparquet,retrouvee,False,41.57173319082208,True,matched,1,1,0,1,0,False,False,1,6,True,False,False,pas_de_conclusion_juridique_automatique,False,False,False,True,service,,,,,,,,,,,,,,,,False,
2021,202100026505,CYCLO,En agglomération,residential,28915107,ile-de-france-210101.geoparquet,ile-de-france-210101.geoparquet,retrouvee,False,48.014886831948424,True,matched,2,0,0,2,0,False,False,1,3,True,False,False,pas_de_conclusion_juridique_automatique,False,False,False,True,residential,,,,,,,,,,no,Passage de l'Égalité,,,,,False,
2021,202100027103,CYCLO,En agglomération,cycleway,625097039,picardie-210101.geoparquet,picardie-210101.geoparquet,retrouvee,False,0.33184770679295583,False,matched,1,0,0,1,0,False,False,1,7,True,False,False,cycleway_trajectoires_et_acces_a_verifier,False,False,True,False,cycleway,,,,,,,,,,,,evalue,2.0,2.0,1.0,False,254.09631821884952
2021,202100028340,CYCLO,En agglomération,residential,370493539,champagne-ardenne-210101.geoparquet,champagne-ardenne-210101.geoparquet,retrouvee,False,54.349923719419124,True,matched,2,0,1,1,1,True,True,1,1,True,False,False,pas_de_conclusion_juridique_automatique,False,False,False,True,residential,,,,,,,,,,,Parc de la Forge,,,,,False,
2021,202100028671,CYCLO,En agglomération,unclassified,67491915,provence-alpes-cote-d-azur-210101.geoparquet,provence-alpes-cote-d-azur-210101.geoparquet,retrouvee,False,42.255637325437455,True,matched,1,0,0,1,0,False,False,1,7,True,False,False,pas_de_conclusion_juridique_automatique,False,False,False,True,unclassified,,,,,,,,,,,Corniche des Oliviers,,,,,False,
2021,202100029233,CYCLO,En agglomération,cycleway,66422935,lorraine-210101.geoparquet,lorraine-210101.geoparquet,retrouvee,False,4.234811616119242,False,matched,1,0,0,1,0,False,False,1,6,True,False,False,cycleway_trajectoires_et_acces_a_verifier,False,False,True,False,cycleway,,,,asphalt,,,,,,,,evalue,2.0,1.0,0.0,False,
2021,202100029385,CYCLO,Hors agglomération,track,713932662,polynesie-francaise-210101.geoparquet,polynesie-francaise-210101.geoparquet,retrouvee,False,68.0063081515368,True,matched,3,0,0,3,0,False,False,1,5,True,False,False,pas_de_conclusion_juridique_automatique,False,False,False,True,track,,,,,,,,,,,,,,,,False,
2021,202100029898,CYCLO,En agglomération,track,525518079,polynesie-francaise-210101.geoparquet,polynesie-francaise-210101.geoparquet,retrouvee,False,76.01923246393338,True,matched,1,0,0,1,0,False,False,1,6,True,False,False,pas_de_conclusion_juridique_automatique,False,False,False,True,track,,,,,,,,,,,,,,,,False,
2021,202100031115,CYCLO,En agglomération,cycleway,602241223,aquitaine-210101.geoparquet,aquitaine-210101.geoparquet,retrouvee,False,2.979994451355502,False,matched,2,0,1,1,1,True,True,3,1,True,True,False,cycleway_trajectoires_et_acces_a_verifier,False,False,True,False,cycleway,,,,,,,,,,yes,,evalue,3.0,2.0,1.0,False,130.5126289699885
2021,202100031845,CYCLO,En agglomération,cycleway,362563195,bourgogne-210101.geoparquet,bourgogne-210101.geoparquet,retrouvee,False,1.4576836523412333,False,matched,2,0,0,1,0,False,False,1,1,True,False,False,cycleway_trajectoires_et_acces_a_verifier,False,False,True,False,cycleway,,designated,,asphalt,,,,,,,,evalue,6.0,4.0,0.0,False,
2021,202100032076,CYCLO,En agglomération,cycleway,444625481,guyane-210101.geoparquet,guyane-210101.geoparquet,retrouvee,False,0.26493337538341266,False,matched,2,0,1,1,1,True,True,9,3,True,True,False,cycleway_trajectoires_et_acces_a_verifier,False,False,True,False,cycleway,,,,asphalt,,,,,,yes,,evalue,2.0,2.0,0.0,False,
2021,202100032115,CYCLO,En agglomération,cycleway,233487952,aquitaine-210101.geoparquet,aquitaine-210101.geoparquet,retrouvee,False,1.7653477514224607,False,matched,2,0,1,1,1,True,True,1,3,True,False,False,cycleway_trajectoires_et_acces_a_verifier,False,False,True,False,cycleway,,,,,,,,,,,,evalue,2.0,2.0,0.0,False,
2021,202100033087,CYCLO,En agglomération,cycleway,34869997,ile-de-france-210101.geoparquet,ile-de-france-210101.geoparquet,retrouvee,False,1.3976736500956728,False,matched,3,0,2,1,2,True,True,3,5,True,True,False,cycleway_trajectoires_et_acces_a_verifier,False,False,True,False,cycleway,,,,,,,,,,,,evalue,5.0,3.0,3.0,True,3.005858812492343
2021,202100033732,CYCLO,Hors agglomération,,,polynesie-francaise-210101.geoparquet,polynesie-francaise-210101.geoparquet,osm_way_id_absent,False,,True,unmatched,2,0,1,1,1,True,True,1,7,True,False,False,pas_de_conclusion_juridique_automatique,False,False,False,True,,,,,,,,,,,,,,,,,False,
2021,202100034385,CYCLO,En agglomération,cycleway,622450896,guyane-210101.geoparquet,guyane-210101.geoparquet,retrouvee,False,2.8401094375298985,False,matched,2,0,1,1,1,True,True,1,3,True,False,False,cycleway_trajectoires_et_acces_a_verifier,False,False,True,False,cycleway,,,,,,,,,,,,evalue,2.0,2.0,1.0,False,16.82820178630224
2021,202100034509,CYCLO,En agglomération,track,525518079,polynesie-francaise-210101.geoparquet,polynesie-francaise-210101.geoparquet,retrouvee,False,76.01923246393338,True,matched,2,0,1,1,1,True,True,1,1,True,False,False,pas_de_conclusion_juridique_automatique,False,False,False,True,track,,,,,,,,,,,,,,,,False,
2021,202100034646,CYCLO,Hors agglomération,motorway,49131343,reunion-210101.geoparquet,reunion-210101.geoparquet,retrouvee,False,34.07094460594816,True,matched,1,0,0,1,0,False,False,1,6,True,False,False,pas_de_conclusion_juridique_automatique,False,False,False,True,motorway,,no,,asphalt,,,,,110,yes,,,,,,False,
2021,202100034808,CYCLO,En agglomération,cycleway,829114140,ile-de-france-210101.geoparquet,ile-de-france-210101.geoparquet,retrouvee,False,1.5116497583503505,False,matched,2,0,1,1,1,True,True,1,3,True,False,False,cycleway_trajectoires_et_acces_a_verifier,False,False,True,False,cycleway,,,,,,,,,,,,evalue,2.0,2.0,0.0,False,
2021,202100035494,CYCLO,En agglomération,residential,4410128,basse-normandie-210101.geoparquet,basse-normandie-210101.geoparquet,retrouvee,False,38.82519208815807,True,matched,2,0,1,1,1,True,True,1,2,True,False,False,pas_de_conclusion_juridique_automatique,False,False,False,True,residential,,,,,,,,,50,,Rue du Bois,,,,,False,
2021,202100035640,CYCLO,Hors agglomération,cycleway,550225499,bretagne-210101.geoparquet,bretagne-210101.geoparquet,retrouvee,False,6.414884577820903,False,matched,1,0,0,1,0,False,False,1,6,True,False,False,cycleway_trajectoires_et_acces_a_verifier,False,False,True,False,cycleway,,,,asphalt,,,,,,no,,evalue,1.0,1.0,0.0,False,
2021,202100037363,CYCLO,En agglomération,,,polynesie-francaise-210101.geoparquet,polynesie-francaise-210101.geoparquet,osm_way_id_absent,False,,True,unmatched,2,0,0,1,1,True,False,1,1,True,False,False,pas_de_conclusion_juridique_automatique,False,False,False,True,,,,,,,,,,,,,,,,,False,
2021,202100038229,CYCLO,En agglomération,cycleway,331231217,ile-de-france-210101.geoparquet,ile-de-france-210101.geoparquet,retrouvee,False,3.1424951558976773,False,matched,3,0,2,1,2,True,True,1,4,True,False,False,cycleway_trajectoires_et_acces_a_verifier,False,False,True,False,cycleway,,,,,,,,,,,Avenue Lucien Français,evalue,1.0,1.0,0.0,False,
2021,202100038634,CYCLO,En agglomération,cycleway,230141938,midi-pyrenees-210101.geoparquet,midi-pyrenees-210101.geoparquet,retrouvee,False,2.6699557878340716,False,matched,2,0,1,1,1,True,True,1,2,True,False,False,cycleway_trajectoires_et_acces_a_verifier,False,False,True,False,cycleway,,,,,,,,,,yes,,evalue,4.0,3.0,1.0,False,24.115093444665433
2021,202100039282,CYCLO,En agglomération,,,basse-normandie-210101.geoparquet,basse-normandie-210101.geoparquet,osm_way_id_absent,False,,True,unmatched,2,0,1,1,1,True,True,1,2,True,False,False,pas_de_conclusion_juridique_automatique,False,False,False,True,,,,,,,,,,,,,,,,,False,
2021,202100039326,CYCLO,En agglomération,cycleway,247107401,ile-de-france-210101.geoparquet,ile-de-france-210101.geoparquet,retrouvee,False,1.5347946337683678,False,matched,2,0,1,1,1,True,True,9,3,True,True,False,cycleway_trajectoires_et_acces_a_verifier,False,False,True,False,cycleway,,,,,,,,,,,,evalue,7.0,7.0,1.0,True,5.358281493611197
2021,202100040071,CYCLO,En agglomération,cycleway,606425897,ile-de-france-210101.geoparquet,ile-de-france-210101.geoparquet,retrouvee,False,5.117912590640518,False,matched,3,0,1,1,2,True,True,7,5,True,True,True,cycleway_trajectoires_et_acces_a_verifier,False,False,True,False,cycleway,,,,sett,,crossing,,,,yes,Place des Ternes,evalue,14.0,9.0,0.0,False,
2021,202100040280,CYCLO,Hors agglomération,unclassified,477578643,aquitaine-210101.geoparquet,aquitaine-210101.geoparquet,retrouvee,False,42.878492055008884,True,matched,2,0,1,1,1,True,True,1,1,True,False,False,pas_de_conclusion_juridique_automatique,False,False,False,True,unclassified,,,,,,,,,,,,,,,,False,
2021,202100040745,CYCLO,En agglomération,residential,371033180,basse-normandie-210101.geoparquet,basse-normandie-210101.geoparquet,retrouvee,False,43.04016529503729,True,matched,2,0,1,1,1,True,True,1,2,True,False,False,pas_de_conclusion_juridique_automatique,False,False,False,True,residential,,,,,,,,,30,,Rue Saint-Nicolas,,,,,False,
2021,202100040991,CYCLO,Hors agglomération,,,auvergne-210101.geoparquet,auvergne-210101.geoparquet,osm_way_id_absent,False,,True,unmatched,2,0,0,1,1,True,False,1,1,True,False,False,pas_de_conclusion_juridique_automatique,False,False,False,True,,,,,,,,,,,,,,,,,False,
2021,202100041204,CYCLO,En agglomération,track,525518079,polynesie-francaise-210101.geoparquet,polynesie-francaise-210101.geoparquet,retrouvee,False,76.01923246393338,True,matched,2,0,0,1,1,True,False,2,3,True,True,False,pas_de_conclusion_juridique_automatique,False,False,False,True,track,,,,,,,,,,,,,,,,False,
2021,202100041973,CYCLO,Hors agglomération,,,polynesie-francaise-210101.geoparquet,polynesie-francaise-210101.geoparquet,osm_way_id_absent,False,,True,unmatched,1,0,0,1,0,False,False,1,1,True,False,False,pas_de_conclusion_juridique_automatique,False,False,False,True,,,,,,,,,,,,,,,,,False,
2021,202100042041,CYCLO,En agglomération,cycleway,224118663,poitou-charentes-210101.geoparquet,poitou-charentes-210101.geoparquet,retrouvee,False,3.3489282146821835,False,matched,2,0,0,1,1,True,False,6,3,True,True,False,cycleway_trajectoires_et_acces_a_verifier,False,False,True,False,cycleway,,,,,,,,,,,,evalue,9.0,9.0,0.0,False,
2021,202100042644,CYCLO,En agglomération,track,525518079,polynesie-francaise-210101.geoparquet,polynesie-francaise-210101.geoparquet,retrouvee,False,76.01923246393338,True,matched,2,0,1,1,1,True,True,1,6,True,False,False,pas_de_conclusion_juridique_automatique,False,False,False,True,track,,,,,,,,,,,,,,,,False,
2021,202100042754,CYCLO,En agglomération,tertiary,7801673,pays-de-la-loire-210101.geoparquet,pays-de-la-loire-210101.geoparquet,retrouvee,False,33.226627808427494,True,matched,2,0,1,1,1,True,True,9,3,True,True,False,pas_de_conclusion_juridique_automatique,False,False,False,True,tertiary,,,,asphalt,,,,,80,no,Rue du Rideray,,,,,False,
2021,202100043147,CYCLO,En agglomération,cycleway,609013176,aquitaine-210101.geoparquet,aquitaine-210101.geoparquet,retrouvee,False,2.9036894040498207,False,matched,2,0,0,1,0,False,False,1,3,True,False,False,cycleway_trajectoires_et_acces_a_verifier,False,False,True,False,cycleway,,,,,,,,,,,,evalue,8.0,6.0,2.0,False,22.445036371769618
2021,202100043266,CYCLO,En agglomération,residential,738020476,polynesie-francaise-210101.geoparquet,polynesie-francaise-210101.geoparquet,retrouvee,False,31.57127284627373,True,matched,1,0,0,1,0,False,False,1,7,True,False,False,pas_de_conclusion_juridique_automatique,False,False,False,True,residential,,,,paved,,,,,,no,,,,,,False,
2021,202100043892,CYCLO,En agglomération,cycleway,89820459,haute-normandie-210101.geoparquet,haute-normandie-210101.geoparquet,retrouvee,False,1.2983477057813417,False,matched,2,0,0,1,0,False,False,1,2,True,False,False,cycleway_trajectoires_et_acces_a_verifier,False,False,True,False,cycleway,,,,asphalt,,,,,,,Voie Verte,evalue,5.0,3.0,1.0,True,2.7337718137332554
2021,202100044598,CYCLO,En agglomération,residential,44288566,ile-de-france-210101.geoparquet,ile-de-france-210101.geoparquet,retrouvee,False,38.17576685081145,True,matched,2,0,1,1,1,True,True,3,1,True,True,False,pas_de_conclusion_juridique_automatique,False,False,False,True,residential,,,,,,,,,,yes,Rue Gérard Philipe,,,,,False,
2021,202100045115,CYCLO,En agglomération,tertiary,342019231,ile-de-france-210101.geoparquet,ile-de-france-210101.geoparquet,retrouvee,False,30.40695220401689,True,matched,1,0,0,1,0,False,False,1,6,True,False,False,pas_de_conclusion_juridique_automatique,False,False,False,True,tertiary,,,,asphalt,,,,,50,,Avenue Charles de Gaulle,,,,,False,
2021,202100045644,CYCLO,En agglomération,cycleway,424376600,ile-de-france-210101.geoparquet,ile-de-france-210101.geoparquet,retrouvee,False,6.971361935238358,False,matched,1,1,0,1,0,False,False,1,6,True,False,False,cycleway_trajectoires_et_acces_a_verifier,False,False,True,False,cycleway,,,,,,,,,,no,,evalue,4.0,4.0,0.0,False,
2021,202100045986,CYCLO,En agglomération,cycleway,569946817,ile-de-france-210101.geoparquet,ile-de-france-210101.geoparquet,retrouvee,False,0.6579153016520434,False,matched,1,1,0,1,0,False,False,3,6,True,True,False,cycleway_trajectoires_et_acces_a_verifier,False,False,True,False,cycleway,,,,asphalt,,,,,,,Rue Pierre Seel,evalue,4.0,2.0,2.0,True,1.7470089385431218
2021,202100046147,CYCLO,En agglomération,cycleway,132631824,ile-de-france-210101.geoparquet,ile-de-france-210101.geoparquet,retrouvee,False,1.431883732145311,False,matched,2,0,0,1,1,True,False,1,3,True,False,True,cycleway_trajectoires_et_acces_a_verifier,False,False,True,False,cycleway,,,,,,sidewalk,,,,yes,,evalue,7.0,4.0,1.0,False,26.38096959808804
2021,202100047095,CYCLO,En agglomération,residential,162008752,reunion-210101.geoparquet,reunion-210101.geoparquet,retrouvee,False,32.144744937882265,True,matched,1,0,0,1,0,False,False,1,7,True,False,False,pas_de_conclusion_juridique_automatique,False,False,False,True,residential,,,,asphalt,,,,,40,,Impasse Des Cypres,,,,,False,
2021,202100048156,CYCLO,En agglomération,cycleway,305061173,ile-de-france-210101.geoparquet,ile-de-france-210101.geoparquet,retrouvee,False,3.436668522740495,False,matched,2,0,1,1,1,True,True,1,2,True,False,False,cycleway_trajectoires_et_acces_a_verifier,False,False,True,False,cycleway,,,,,,,,,,yes,,evalue,3.0,2.0,0.0,False,
2021,202100049483,CYCLO,En agglomération,cycleway,368313438,rhone-alpes-210101.geoparquet,rhone-alpes-210101.geoparquet,retrouvee,False,0.486942404320161,False,matched,2,0,0,1,1,True,False,1,3,True,False,False,cycleway_trajectoires_et_acces_a_verifier,False,False,True,False,cycleway,,,,,,,,,,no,,evalue,9.0,9.0,0.0,False,
2021,202100049541,CYCLO,En agglomération,cycleway,727494578,ile-de-france-210101.geoparquet,ile-de-france-210101.geoparquet,retrouvee,False,0.2648869418516673,False,matched,2,0,1,1,1,True,True,1,2,True,False,False,cycleway_trajectoires_et_acces_a_verifier,False,False,True,False,cycleway,,,,,,,,,,yes,,evalue,2.0,1.0,1.0,False,84.06763357597437
2021,202100050988,CYCLO,En agglomération,,,polynesie-francaise-210101.geoparquet,polynesie-francaise-210101.geoparquet,osm_way_id_absent,False,,True,unmatched,2,0,1,1,1,True,True,1,3,True,False,False,pas_de_conclusion_juridique_automatique,False,False,False,True,,,,,,,,,,,,,,,,,False,
2021,202100051890,CYCLO,En agglomération,tertiary,172048823,languedoc-roussillon-210101.geoparquet,languedoc-roussillon-210101.geoparquet,retrouvee,False,93.58048347003154,True,matched,2,0,1,1,1,True,True,1,3,True,False,False,pas_de_conclusion_juridique_automatique,False,False,False,True,tertiary,,,,,,,,,,no,Avenue Victor Dalbiez,,,,,False,
2021,202100055389,CYCLO,Hors agglomération,cycleway,265759547,pays-de-la-loire-210101.geoparquet,pays-de-la-loire-210101.geoparquet,retrouvee,False,3.675158137350814,False,matched,2,0,0,2,0,False,False,1,1,True,False,False,cycleway_trajectoires_et_acces_a_verifier,False,False,True,False,cycleway,,,,,,,,,,,,evalue,2.0,2.0,0.0,False,
2022,202200000405,VELO,En agglomération,cycleway,164094069,ile-de-france-220101.geoparquet,ile-de-france-220101.geoparquet,retrouvee,False,0.5190195842392041,False,matched,2,0,1,0,1,True,True,2,3,True,True,False,cycleway_trajectoires_et_acces_a_verifier,True,False,False,False,cycleway,,,,asphalt,,,,,,yes,Rue de Rivoli,evalue,11.0,8.0,4.0,True,1.0404687813832485
2022,202200000668,VELO,En agglomération,cycleway,264913755,rhone-alpes-220101.geoparquet,rhone-alpes-220101.geoparquet,retrouvee,False,2.7746267606734847,False,matched,2,0,0,0,1,True,False,4,3,True,True,False,cycleway_trajectoires_et_acces_a_verifier,True,False,False,False,cycleway,,,,asphalt,good,,,,,,,evalue,7.0,5.0,3.0,True,5.785718162013659
2022,202200000678,VELO,En agglomération,cycleway,693975379,aquitaine-220101.geoparquet,aquitaine-220101.geoparquet,retrouvee,False,0.049847666246202314,False,matched,2,0,1,0,1,True,True,9,3,True,True,False,cycleway_trajectoires_et_acces_a_verifier,True,False,False,False,cycleway,,,,asphalt,excellent,,,,,,Piste Cyclable Bordeaux - Lacanau,evalue,1.0,1.0,1.0,True,0.2717727606669703
2022,202200000843,VELO,En agglomération,cycleway,466752284,auvergne-220101.geoparquet,auvergne-220101.geoparquet,retrouvee,False,1.2644929322879095,False,matched,2,0,1,0,1,True,True,4,3,True,True,False,cycleway_trajectoires_et_acces_a_verifier,True,False,False,False,cycleway,,yes,,,,,,,,no,,evalue,5.0,5.0,1.0,True,2.0701920354160617
2022,202200001219,VELO,En agglomération,cycleway,318326079,ile-de-france-220101.geoparquet,ile-de-france-220101.geoparquet,retrouvee,False,2.5372728076123146,False,matched,2,0,1,0,1,True,True,1,1,True,False,False,cycleway_trajectoires_et_acces_a_verifier,True,False,False,False,cycleway,,,,,,,,,,,,evalue,1.0,1.0,0.0,False,
2022,202200001492,VELO,En agglomération,,,polynesie-francaise-220101.geoparquet,polynesie-francaise-220101.geoparquet,osm_way_id_absent,False,,True,unmatched,2,0,0,0,1,True,False,1,1,True,False,False,pas_de_conclusion_juridique_automatique,False,False,False,True,,,,,,,,,,,,,,,,,False,
2022,202200001808,VELO,En agglomération,cycleway,190979498,rhone-alpes-220101.geoparquet,rhone-alpes-220101.geoparquet,retrouvee,False,9.725072334819698,False,matched,2,0,1,0,1,True,True,1,3,True,False,False,cycleway_trajectoires_et_acces_a_verifier,True,False,False,False,cycleway,,,destination,,,,,,,no,Cours Jean Jaurès,evalue,9.0,9.0,2.0,False,27.52709659825918
2022,202200001809,VELO,Hors agglomération,,,polynesie-francaise-220101.geoparquet,polynesie-francaise-220101.geoparquet,osm_way_id_absent,False,,True,unmatched,2,0,1,0,1,True,True,1,3,True,False,False,pas_de_conclusion_juridique_automatique,False,False,False,True,,,,,,,,,,,,,,,,,False,
2022,202200001978,VELO,En agglomération,cycleway,614004234,rhone-alpes-220101.geoparquet,rhone-alpes-220101.geoparquet,retrouvee,False,1.4675660690787642,False,matched,2,0,1,0,1,True,True,6,3,True,True,False,cycleway_trajectoires_et_acces_a_verifier,True,False,False,False,cycleway,,,,,,,,,,yes,,evalue,11.0,10.0,3.0,True,3.5782451564728888
2022,202200002628,VELO,En agglomération,cycleway,130094458,rhone-alpes-220101.geoparquet,rhone-alpes-220101.geoparquet,retrouvee,False,0.814724942089285,False,matched,2,0,1,0,1,True,True,1,1,True,False,False,cycleway_trajectoires_et_acces_a_verifier,True,False,False,False,cycleway,,,,asphalt,,,,,,,Avenue Gaston Berger,evalue,4.0,3.0,1.0,True,1.2808344720341414
2022,202200002830,VELO,En agglomération,cycleway,40525745,alsace-220101.geoparquet,alsace-220101.geoparquet,retrouvee,False,1.2842669261382476,False,matched,2,0,1,0,1,True,True,3,3,True,True,False,cycleway_trajectoires_et_acces_a_verifier,True,False,False,False,cycleway,,,,asphalt,,,,,,no,Rue de la Brigade Alsace-Lorraine,evalue,7.0,6.0,1.0,True,1.8724584842462835
2022,202200003721,VELO,Hors agglomération,,,polynesie-francaise-220101.geoparquet,polynesie-francaise-220101.geoparquet,osm_way_id_absent,False,,True,unmatched,2,0,1,0,1,True,True,1,2,True,False,False,pas_de_conclusion_juridique_automatique,False,False,False,True,,,,,,,,,,,,,,,,,False,
2022,202200004548,VELO,En agglomération,cycleway,82437169,ile-de-france-220101.geoparquet,ile-de-france-220101.geoparquet,retrouvee,False,1.1347010575565135,False,matched,2,0,0,0,1,True,False,1,2,True,False,False,cycleway_trajectoires_et_acces_a_verifier,True,False,False,False,cycleway,,yes,no,,,,,,,,Route de Sèvres à Neuilly,evalue,2.0,1.0,0.0,False,
2022,202200004553,VELO,En agglomération,cycleway,318326088,ile-de-france-220101.geoparquet,ile-de-france-220101.geoparquet,retrouvee,False,2.5507262303637477,False,matched,2,0,1,0,1,True,True,2,3,True,True,False,cycleway_trajectoires_et_acces_a_verifier,True,False,False,False,cycleway,,,,,,,,,,yes,,evalue,8.0,8.0,1.0,False,20.46608393071374
2022,202200004667,VELO,En agglomération,cycleway,475948796,aquitaine-220101.geoparquet,aquitaine-220101.geoparquet,retrouvee,False,0.10011470674473796,False,matched,2,0,1,0,1,True,True,1,1,True,False,False,cycleway_trajectoires_et_acces_a_verifier,True,False,False,False,cycleway,,,,,,,,,,yes,,evalue,13.0,12.0,4.0,True,1.5382625027352783
2022,202200004686,VELO,En agglomération,cycleway,219863346,champagne-ardenne-220101.geoparquet,champagne-ardenne-220101.geoparquet,retrouvee,False,11.629118748081558,False,matched,2,0,1,0,1,True,True,6,3,True,True,False,cycleway_trajectoires_et_acces_a_verifier,True,False,False,False,cycleway,,,,asphalt,,,,,,no,,evalue,3.0,3.0,1.0,False,22.201823381411096
2022,202200004907,VELO,En agglomération,cycleway,741683056,reunion-220101.geoparquet,reunion-220101.geoparquet,retrouvee,False,1.1501372283038105,False,matched,2,0,1,0,1,True,True,1,3,True,False,False,cycleway_trajectoires_et_acces_a_verifier,True,False,False,False,cycleway,,,,,,,,,,,,evalue,3.0,2.0,2.0,False,17.623855249866818
2022,202200005179,VELO,En agglomération,cycleway,232751061,basse-normandie-220101.geoparquet,basse-normandie-220101.geoparquet,retrouvee,False,2.348734973034685,False,matched,2,0,1,0,1,True,True,6,3,True,True,False,cycleway_trajectoires_et_acces_a_verifier,True,False,False,False,cycleway,,,,,,,,,,yes,,evalue,2.0,1.0,0.0,False,
2022,202200005382,VELO,En agglomération,cycleway,940642602,languedoc-roussillon-220101.geoparquet,languedoc-roussillon-220101.geoparquet,retrouvee,False,0.090647556720803,False,matched,2,0,0,0,1,True,False,1,2,True,False,False,cycleway_trajectoires_et_acces_a_verifier,True,False,False,False,cycleway,,,,,,,,,,,,evalue,8.0,6.0,3.0,True,0.5968578494243687
2022,202200005620,VELO,En agglomération,cycleway,806354700,provence-alpes-cote-d-azur-220101.geoparquet,provence-alpes-cote-d-azur-220101.geoparquet,retrouvee,False,1.0203453983563886,False,matched,2,0,1,0,1,True,True,3,3,True,True,False,cycleway_trajectoires_et_acces_a_verifier,True,False,False,False,cycleway,,,,asphalt,,,,,,no,,evalue,4.0,4.0,2.0,True,1.6175899939557883
2022,202200005632,VELO,Hors agglomération,track,525518079,polynesie-francaise-220101.geoparquet,polynesie-francaise-220101.geoparquet,retrouvee,False,76.01923246393338,True,matched,4,0,1,0,1,True,True,9,6,True,True,False,pas_de_conclusion_juridique_automatique,False,False,False,True,track,,,,,,,,,,,,,,,,False,
2022,202200005871,VELO,En agglomération,residential,240371902,pays-de-la-loire-220101.geoparquet,pays-de-la-loire-220101.geoparquet,retrouvee,False,58.38092126496422,True,matched,1,0,0,0,0,False,False,7,7,True,True,True,pas_de_conclusion_juridique_automatique,False,False,False,True,residential,,,,,,,opposite_lane,,,yes,Rue Saint-Jean,,,,,False,
2022,202200005966,VELO,En agglomération,cycleway,635540975,ile-de-france-220101.geoparquet,ile-de-france-220101.geoparquet,retrouvee,False,1.0150491162193933,False,matched,2,0,0,0,1,True,False,3,3,True,True,False,cycleway_trajectoires_et_acces_a_verifier,True,False,False,False,cycleway,,,,asphalt,,,,,,no,Boulevard Chanzy,evalue,10.0,7.0,3.0,True,3.603520646734116
2022,202200005981,VELO,En agglomération,primary,553527787,ile-de-france-220101.geoparquet,ile-de-france-220101.geoparquet,retrouvee,False,35.232225381600436,True,matched,2,0,1,0,1,True,True,1,2,True,False,False,pas_de_conclusion_juridique_automatique,False,False,False,True,primary,,,,asphalt,,,,,50,yes,Avenue du Général Leclerc,,,,,False,
2022,202200006119,VELO,En agglomération,cycleway,359245295,languedoc-roussillon-220101.geoparquet,languedoc-roussillon-220101.geoparquet,retrouvee,False,0.5505180193400042,False,matched,2,0,1,0,1,True,True,1,2,True,False,False,cycleway_trajectoires_et_acces_a_verifier,True,False,False,False,cycleway,,,,,,,,,,yes,,evalue,4.0,4.0,0.0,False,
2022,202200006239,VELO,Hors agglomération,cycleway,493424207,pays-de-la-loire-220101.geoparquet,pays-de-la-loire-220101.geoparquet,retrouvee,False,3.40848431675679,False,matched,3,0,1,0,1,True,True,1,6,True,False,False,cycleway_trajectoires_et_acces_a_verifier,True,False,False,False,cycleway,,designated,,asphalt,,,,,,,,evalue,3.0,1.0,0.0,False,
2022,202200008355,VELO,En agglomération,cycleway,329870916,ile-de-france-220101.geoparquet,ile-de-france-220101.geoparquet,retrouvee,False,0.07023477231797447,False,matched,2,0,0,0,1,True,False,1,1,True,False,False,cycleway_trajectoires_et_acces_a_verifier,True,False,False,False,cycleway,,,,,,,,,,,Rue du Docteur Robert Schapira,evalue,5.0,4.0,0.0,False,
2022,202200008573,VELO,En agglomération,service,238823991,rhone-alpes-220101.geoparquet,rhone-alpes-220101.geoparquet,retrouvee,False,62.40406757102502,True,matched,1,1,0,0,0,False,False,1,6,True,False,False,pas_de_conclusion_juridique_automatique,False,False,False,True,service,,,,asphalt,,,,,,,,,,,,False,
2022,202200008888,VELO,En agglomération,cycleway,71284926,aquitaine-220101.geoparquet,aquitaine-220101.geoparquet,retrouvee,False,0.37703585425763575,False,matched,3,0,1,0,1,True,True,3,5,True,True,False,cycleway_trajectoires_et_acces_a_verifier,True,False,False,False,cycleway,,,,,,,,,,no,,evalue,2.0,2.0,1.0,True,2.0520580883254183
2022,202200009206,VELO,En agglomération,cycleway,239035267,basse-normandie-220101.geoparquet,basse-normandie-220101.geoparquet,retrouvee,False,1.3785681134933747,False,matched,2,0,1,0,1,True,True,2,3,True,True,False,cycleway_trajectoires_et_acces_a_verifier,True,False,False,False,cycleway,,,,,,,,,,yes,,evalue,24.0,22.0,3.0,True,2.236599655107187
2022,202200009250,VELO,En agglomération,cycleway,834042119,ile-de-france-220101.geoparquet,ile-de-france-220101.geoparquet,retrouvee,False,0.7234513847948738,False,matched,2,0,1,0,1,True,True,3,3,True,True,False,cycleway_trajectoires_et_acces_a_verifier,True,False,False,False,cycleway,,,,asphalt,,,,,,yes,,evalue,7.0,5.0,1.0,True,3.002228235273758
2022,202200009285,VELO,En agglomération,cycleway,40525745,alsace-220101.geoparquet,alsace-220101.geoparquet,retrouvee,False,0.3873221649864379,False,matched,2,0,1,0,1,True,True,3,3,True,True,False,cycleway_trajectoires_et_acces_a_verifier,True,False,False,False,cycleway,,,,asphalt,,,,,,no,Rue de la Brigade Alsace-Lorraine,evalue,14.0,7.0,1.0,True,1.815626839535439
2022,202200009355,VELO,En agglomération,cycleway,918226582,pays-de-la-loire-220101.geoparquet,pays-de-la-loire-220101.geoparquet,retrouvee,False,0.7272735053730947,False,matched,2,0,1,0,1,True,True,1,3,True,False,False,cycleway_trajectoires_et_acces_a_verifier,True,False,False,False,cycleway,,,,asphalt,,,,,,,,evalue,9.0,6.0,0.0,False,
2022,202200009933,VELO,Hors agglomération,cycleway,361283368,poitou-charentes-220101.geoparquet,poitou-charentes-220101.geoparquet,retrouvee,False,8.968228611861424,False,matched,2,0,0,1,1,True,False,1,1,True,False,False,cycleway_trajectoires_et_acces_a_verifier,True,False,False,False,cycleway,,,,,,,,,,,,evalue,4.0,4.0,2.0,False,69.78470970670188
2022,202200010732,VELO,Hors agglomération,primary,845142628,provence-alpes-cote-d-azur-220101.geoparquet,provence-alpes-cote-d-azur-220101.geoparquet,retrouvee,False,33.38516887513572,True,matched,2,0,1,0,1,True,True,1,2,True,False,False,pas_de_conclusion_juridique_automatique,False,False,False,True,primary,,yes,,,,,,,70,yes,Tunnel de la Mescla,,,,,False,
2022,202200011014,VELO,En agglomération,service,870317151,polynesie-francaise-220101.geoparquet,polynesie-francaise-220101.geoparquet,retrouvee,False,73.2394231725246,True,matched,2,0,0,0,1,True,False,1,1,True,False,False,pas_de_conclusion_juridique_automatique,False,False,False,True,service,,,,,,,,,,,,,,,,False,
2022,202200011565,VELO,En agglomération,,,polynesie-francaise-220101.geoparquet,polynesie-francaise-220101.geoparquet,osm_way_id_absent,False,,True,unmatched,2,0,0,0,1,True,False,1,3,True,False,False,pas_de_conclusion_juridique_automatique,False,False,False,True,,,,,,,,,,,,,,,,,False,
2022,202200013108,VELO,En agglomération,cycleway,37097286,ile-de-france-220101.geoparquet,ile-de-france-220101.geoparquet,retrouvee,False,2.500875011482315,False,matched,2,0,1,0,1,True,True,1,6,True,False,False,cycleway_trajectoires_et_acces_a_verifier,True,False,False,False,cycleway,,,,,,,,,,yes,,evalue,4.0,3.0,0.0,False,
2022,202200013299,VELO,En agglomération,cycleway,269151667,rhone-alpes-220101.geoparquet,rhone-alpes-220101.geoparquet,retrouvee,False,3.1652600108745332,False,matched,2,0,1,0,1,True,True,6,3,True,True,False,cycleway_trajectoires_et_acces_a_verifier,True,False,False,False,cycleway,,,,,,,,,,yes,Boulevard de L'Europe,evalue,8.0,7.0,2.0,True,4.019605177695762
2022,202200014127,VELO,En agglomération,service,35607258,ile-de-france-220101.geoparquet,ile-de-france-220101.geoparquet,retrouvee,False,88.05366030083344,True,matched,2,0,0,0,0,False,False,1,2,True,False,True,pas_de_conclusion_juridique_automatique,False,False,False,True,service,,designated,private,asphalt,,,,lane,,no,Route Royale de Beauté,,,,,False,
2022,202200015714,VELO,Hors agglomération,cycleway,145037058,languedoc-roussillon-220101.geoparquet,languedoc-roussillon-220101.geoparquet,retrouvee,False,1.8876948539085106,False,matched,2,0,1,0,1,True,True,6,6,True,True,False,cycleway_trajectoires_et_acces_a_verifier,True,False,False,False,cycleway,,,,,,,,,,,,evalue,10.0,7.0,3.0,True,3.4072963533997993
2022,202200016021,VELO,En agglomération,cycleway,513818521,ile-de-france-220101.geoparquet,ile-de-france-220101.geoparquet,retrouvee,False,0.06730782019550648,False,matched,2,0,0,0,1,True,False,1,1,True,False,True,cycleway_trajectoires_et_acces_a_verifier,True,False,False,False,cycleway,,,,asphalt,,on_street,,,,no,Voie Georges Pompidou,evalue,4.0,4.0,0.0,False,
2022,202200016834,VELO,En agglomération,cycleway,71327159,aquitaine-220101.geoparquet,aquitaine-220101.geoparquet,retrouvee,False,1.6580280893235613,False,matched,2,0,1,0,1,True,True,1,3,True,False,False,cycleway_trajectoires_et_acces_a_verifier,True,False,False,False,cycleway,,,,,excellent,,,,,,,evalue,2.0,2.0,2.0,True,4.655338350561677
2022,202200017156,VELO,En agglomération,cycleway,831745737,alsace-220101.geoparquet,alsace-220101.geoparquet,retrouvee,False,60.14155405726583,True,matched,2,0,1,0,1,True,True,1,3,True,False,False,cycleway_trajectoires_et_acces_a_verifier,True,False,False,True,cycleway,,designated,,asphalt,,,,,,,Place Hans-Jean Arp,evalue,0.0,0.0,0.0,False,
2022,202200017299,VELO,En agglomération,residential,176318390,lorraine-220101.geoparquet,lorraine-220101.geoparquet,retrouvee,False,89.6088841795525,True,matched,2,0,1,0,1,True,True,6,2,True,True,False,pas_de_conclusion_juridique_automatique,False,False,False,True,residential,private,,,,,,,,,,,,,,,False,
2022,202200018500,VELO,En agglomération,cycleway,233487952,aquitaine-220101.geoparquet,aquitaine-220101.geoparquet,retrouvee,False,4.642186064664137,False,matched,2,0,1,0,1,True,True,1,3,True,False,False,cycleway_trajectoires_et_acces_a_verifier,True,False,False,False,cycleway,,,,,,,,,,,,evalue,1.0,1.0,0.0,False,
2022,202200018732,VELO,En agglomération,cycleway,932476044,ile-de-france-220101.geoparquet,ile-de-france-220101.geoparquet,retrouvee,False,1.1421446781389086,False,matched,2,0,1,0,1,True,True,9,3,True,True,False,cycleway_trajectoires_et_acces_a_verifier,True,False,False,False,cycleway,,,,,,,,,,,,evalue,2.0,2.0,0.0,False,
2022,202200018791,VELO,En agglomération,cycleway,678452030,ile-de-france-220101.geoparquet,ile-de-france-220101.geoparquet,retrouvee,False,0.1277043480570135,False,matched,2,0,1,0,1,True,True,2,3,True,True,False,cycleway_trajectoires_et_acces_a_verifier,True,False,False,False,cycleway,,,,asphalt,,,,,,yes,Rue La Fayette,evalue,7.0,7.0,5.0,True,0.5676269356273054
2022,202200018828,VELO,Hors agglomération,cycleway,63657864,alsace-220101.geoparquet,alsace-220101.geoparquet,retrouvee,False,3.26458933595395,False,matched,2,0,1,0,1,True,True,1,3,True,False,False,cycleway_trajectoires_et_acces_a_verifier,True,False,False,False,cycleway,,,,paved,,,,,,,,evalue,2.0,1.0,1.0,False,168.63813827906642
2022,202200018910,VELO,En agglomération,cycleway,172141708,pays-de-la-loire-220101.geoparquet,pays-de-la-loire-220101.geoparquet,retrouvee,False,0.8690502658680405,False,matched,2,0,1,0,1,True,True,3,1,True,True,False,cycleway_trajectoires_et_acces_a_verifier,True,False,False,False,cycleway,,,,asphalt,,,,,,,,evalue,4.0,4.0,1.0,False,38.02216902905316
2022,202200019429,VELO,Hors agglomération,track,870891182,polynesie-francaise-220101.geoparquet,polynesie-francaise-220101.geoparquet,retrouvee,False,56.31911896163711,True,matched,2,0,1,0,1,True,True,1,3,True,False,False,pas_de_conclusion_juridique_automatique,False,False,False,True,track,,,,,,,,,,,,,,,,False,
2022,202200019581,VELO,En agglomération,cycleway,122041396,ile-de-france-220101.geoparquet,ile-de-france-220101.geoparquet,retrouvee,False,1.7121675115398083,False,matched,2,0,1,0,1,True,True,2,3,True,True,False,cycleway_trajectoires_et_acces_a_verifier,True,False,False,False,cycleway,,,,,,,,,,,,evalue,8.0,7.0,1.0,True,5.484675423406143
2022,202200020482,VELO,En agglomération,cycleway,721562491,ile-de-france-220101.geoparquet,ile-de-france-220101.geoparquet,retrouvee,False,1.2900568565896489,False,matched,2,0,0,0,1,True,False,3,3,True,True,False,cycleway_trajectoires_et_acces_a_verifier,True,False,False,False,cycleway,,,,asphalt,,,,,,,Rue de Beaune,evalue,4.0,3.0,2.0,True,1.8187272853726548
2022,202200020571,VELO,En agglomération,cycleway,155198077,pays-de-la-loire-220101.geoparquet,pays-de-la-loire-220101.geoparquet,retrouvee,False,0.2611457390745747,False,matched,2,0,1,0,1,True,True,6,3,True,True,False,cycleway_trajectoires_et_acces_a_verifier,True,False,False,False,cycleway,,yes,no,,,,,,,,,evalue,12.0,9.0,2.0,True,0.7455183373831297
2022,202200021649,VELO,En agglomération,residential,33515313,reunion-220101.geoparquet,reunion-220101.geoparquet,retrouvee,False,39.97108364264898,True,matched,2,0,1,0,1,True,True,1,1,True,False,False,pas_de_conclusion_juridique_automatique,False,False,False,True,residential,,,,asphalt,,,,,,yes,Rue de la Cure,,,,,False,
2022,202200021865,VELO,En agglomération,,,centre-220101.geoparquet,centre-220101.geoparquet,osm_way_id_absent,False,,True,unmatched,2,0,1,0,1,True,True,1,2,True,False,False,pas_de_conclusion_juridique_automatique,False,False,False,True,,,,,,,,,,,,,,,,,False,
2022,202200022145,VELO,En agglomération,cycleway,450137682,rhone-alpes-220101.geoparquet,rhone-alpes-220101.geoparquet,retrouvee,False,0.09367190045076293,False,matched,2,0,1,0,1,True,True,1,3,True,False,False,cycleway_trajectoires_et_acces_a_verifier,True,False,False,False,cycleway,,,,,,,,,,yes,,evalue,10.0,10.0,1.0,False,15.882885041866812
2022,202200022488,VELO,En agglomération,secondary,636920484,aquitaine-220101.geoparquet,aquitaine-220101.geoparquet,retrouvee,False,47.649356573222086,True,matched,2,0,1,0,1,True,True,3,3,True,True,True,pas_de_conclusion_juridique_automatique,False,False,False,True,secondary,,,,asphalt,,,,lane,30,yes,Avenue Dufau,,,,,False,
2022,202200023182,VELO,En agglomération,cycleway,556635178,new-caledonia-220101.geoparquet,new-caledonia-220101.geoparquet,retrouvee,False,0.0432387517570998,False,matched,2,0,1,0,1,True,True,3,3,True,True,False,cycleway_trajectoires_et_acces_a_verifier,True,False,False,False,cycleway,,,,,,,,,,,Piste Cyclable,evalue,3.0,3.0,1.0,True,4.801644404022927
2022,202200023342,VELO,En agglomération,unclassified,287314986,bourgogne-220101.geoparquet,bourgogne-220101.geoparquet,retrouvee,False,95.57882123568845,True,matched,1,0,0,0,0,False,False,1,7,True,False,False,pas_de_conclusion_juridique_automatique,False,False,False,True,unclassified,,,,,,,,,,,Rue Jean Monnet,,,,,False,
2022,202200023422,VELO,En agglomération,cycleway,843303024,ile-de-france-220101.geoparquet,ile-de-france-220101.geoparquet,retrouvee,False,2.7369374205729935,False,matched,2,0,1,0,1,True,True,2,3,True,True,False,cycleway_trajectoires_et_acces_a_verifier,True,False,False,False,cycleway,,,,asphalt,,,,,,no,Avenue de Paris,evalue,11.0,8.0,0.0,False,
2022,202200023464,VELO,En agglomération,cycleway,843259073,ile-de-france-220101.geoparquet,ile-de-france-220101.geoparquet,retrouvee,False,3.79145587396926,False,matched,2,0,1,0,1,True,True,2,2,True,True,True,cycleway_trajectoires_et_acces_a_verifier,True,False,False,False,cycleway,,,,asphalt,,sidewalk,,,,no,Quai de la Seine,evalue,9.0,6.0,0.0,False,
2022,202200023467,VELO,En agglomération,cycleway,51736257,ile-de-france-220101.geoparquet,ile-de-france-220101.geoparquet,retrouvee,False,1.3460580145596657,False,matched,2,0,1,0,1,True,True,1,3,True,False,True,cycleway_trajectoires_et_acces_a_verifier,True,False,False,False,cycleway,,,no,asphalt,,on_street,,,,yes,Anneau de Longchamp,evalue,0.0,0.0,0.0,False,
2022,202200023789,VELO,Hors agglomération,,,picardie-220101.geoparquet,picardie-220101.geoparquet,osm_way_id_absent,False,,True,unmatched,2,0,0,0,1,True,False,9,1,True,True,False,pas_de_conclusion_juridique_automatique,False,False,False,True,,,,,,,,,,,,,,,,,False,
2022,202200023808,VELO,Hors agglomération,cycleway,313830172,champagne-ardenne-220101.geoparquet,champagne-ardenne-220101.geoparquet,retrouvee,False,1.6285354795270814,False,matched,3,0,1,0,2,True,True,1,4,True,False,False,cycleway_trajectoires_et_acces_a_verifier,True,False,False,False,cycleway,,,,,,,,,,,,evalue,3.0,3.0,2.0,True,5.136459997823792
2022,202200024128,VELO,En agglomération,cycleway,560657035,aquitaine-220101.geoparquet,aquitaine-220101.geoparquet,retrouvee,False,1.1900065324658344,False,matched,2,0,1,0,1,True,True,1,3,True,False,False,cycleway_trajectoires_et_acces_a_verifier,True,False,False,False,cycleway,,,,concrete,,,,,,no,,evalue,11.0,8.0,3.0,True,2.87528344836065
2022,202200024173,VELO,En agglomération,cycleway,606430538,ile-de-france-220101.geoparquet,ile-de-france-220101.geoparquet,retrouvee,False,1.198221220815288,False,matched,2,0,0,0,1,True,False,4,3,True,True,True,cycleway_trajectoires_et_acces_a_verifier,True,False,False,False,cycleway,,,,,,on_street,,,,yes,Boulevard Voltaire,evalue,9.0,4.0,1.0,False,26.35412422649696
2022,202200024246,VELO,En agglomération,cycleway,93758183,ile-de-france-220101.geoparquet,ile-de-france-220101.geoparquet,retrouvee,False,5.54964990851918,False,matched,2,0,1,0,1,True,True,9,3,True,True,False,cycleway_trajectoires_et_acces_a_verifier,True,False,False,False,cycleway,,,,,,,,,,,,evalue,2.0,2.0,1.0,False,41.77125269581764
2022,202200024444,VELO,En agglomération,cycleway,342454387,ile-de-france-220101.geoparquet,ile-de-france-220101.geoparquet,retrouvee,False,1.8958419977562844,False,matched,2,0,1,0,1,True,True,6,3,True,True,False,cycleway_trajectoires_et_acces_a_verifier,True,False,False,False,cycleway,,,,,,,,,,yes,,evalue,8.0,8.0,1.0,True,4.308642651390419
2022,202200024580,VELO,En agglomération,tertiary,31130895,reunion-220101.geoparquet,reunion-220101.geoparquet,retrouvee,False,34.6625820163673,True,matched,2,0,1,0,1,True,True,6,3,True,True,False,pas_de_conclusion_juridique_automatique,False,False,False,True,tertiary,,,,asphalt,,,,,30,,Avenue Hippolyte Foucque,,,,,False,
2022,202200025068,VELO,En agglomération,cycleway,103268314,alsace-220101.geoparquet,alsace-220101.geoparquet,retrouvee,False,0.7681161777221552,False,matched,2,0,1,0,1,True,True,1,3,True,False,False,cycleway_trajectoires_et_acces_a_verifier,True,False,False,False,cycleway,,,,,,,,,,,,evalue,7.0,7.0,4.0,True,4.1521548861453015
2022,202200025109,VELO,En agglomération,cycleway,920658593,ile-de-france-220101.geoparquet,ile-de-france-220101.geoparquet,retrouvee,False,0.08664121115908703,False,matched,2,0,0,0,1,True,False,2,3,True,True,True,cycleway_trajectoires_et_acces_a_verifier,True,False,False,False,cycleway,,,,,,on_street,,,,no,Avenue Gambetta,evalue,6.0,4.0,4.0,True,0.23246039942260424
2022,202200025212,VELO,En agglomération,,,rhone-alpes-220101.geoparquet,rhone-alpes-220101.geoparquet,osm_way_id_absent,False,,True,unmatched,1,1,0,0,0,False,False,2,2,True,True,False,pas_de_conclusion_juridique_automatique,False,False,False,True,,,,,,,,,,,,,,,,,False,
2022,202200025645,VELO,En agglomération,cycleway,285820203,ile-de-france-220101.geoparquet,ile-de-france-220101.geoparquet,retrouvee,False,1.5849465783244323,False,matched,2,0,1,0,1,True,True,6,3,True,True,False,cycleway_trajectoires_et_acces_a_verifier,True,False,False,False,cycleway,,,,asphalt,,,,,,no,,evalue,16.0,16.0,1.0,True,7.895240712292187
2022,202200025710,VELO,Hors agglomération,,,lorraine-220101.geoparquet,lorraine-220101.geoparquet,osm_way_id_absent,False,,True,unmatched,1,0,0,0,0,False,False,1,7,True,False,False,pas_de_conclusion_juridique_automatique,False,False,False,True,,,,,,,,,,,,,,,,,False,
2022,202200025889,VELO,En agglomération,service,154228986,lorraine-220101.geoparquet,lorraine-220101.geoparquet,retrouvee,False,53.82486779887871,True,matched,2,0,1,0,1,True,True,1,1,True,False,False,pas_de_conclusion_juridique_automatique,False,False,False,True,service,,,,,,,,,,,,,,,,False,
2022,202200026324,VELO,En agglomération,tertiary,148085408,picardie-220101.geoparquet,picardie-220101.geoparquet,retrouvee,False,31.602687640043907,True,matched,2,0,1,0,1,True,True,1,6,True,False,False,pas_de_conclusion_juridique_automatique,False,False,False,True,tertiary,,,,,,,,,,,Route de Paris,,,,,False,
2022,202200027262,VELO,En agglomération,,,polynesie-francaise-220101.geoparquet,polynesie-francaise-220101.geoparquet,osm_way_id_absent,False,,True,unmatched,2,0,0,1,1,True,False,1,1,True,False,False,pas_de_conclusion_juridique_automatique,False,False,False,True,,,,,,,,,,,,,,,,,False,
2022,202200027498,VELO,En agglomération,cycleway,174760710,alsace-220101.geoparquet,alsace-220101.geoparquet,retrouvee,False,14.99463784532902,False,matched,2,0,1,0,1,True,True,1,3,True,False,False,cycleway_trajectoires_et_acces_a_verifier,True,False,False,False,cycleway,,,,,,,,,,,,evalue,3.0,3.0,0.0,False,
2022,202200027735,VELO,En agglomération,cycleway,255910959,midi-pyrenees-220101.geoparquet,midi-pyrenees-220101.geoparquet,retrouvee,False,4.9219230257863265,False,matched,2,0,0,0,1,True,False,1,3,True,False,False,cycleway_trajectoires_et_acces_a_verifier,True,False,False,False,cycleway,,designated,,asphalt,,,,,,no,,evalue,2.0,2.0,0.0,False,
2022,202200027773,VELO,En agglomération,residential,30713016,aquitaine-220101.geoparquet,aquitaine-220101.geoparquet,retrouvee,False,59.38166662382865,True,matched,2,0,0,0,0,False,False,1,3,True,False,False,pas_de_conclusion_juridique_automatique,False,False,False,True,residential,,,,,,,,,30,,Rue Duboué,,,,,False,
2022,202200027877,VELO,En agglomération,residential,248293085,lorraine-220101.geoparquet,lorraine-220101.geoparquet,retrouvee,False,60.770449351086164,True,matched,2,0,0,0,1,True,False,6,3,True,True,False,pas_de_conclusion_juridique_automatique,False,False,False,True,residential,,,,,,,,,50,,Allée du Parc,,,,,False,
2022,202200028509,VELO,En agglomération,cycleway,141085602,ile-de-france-220101.geoparquet,ile-de-france-220101.geoparquet,retrouvee,False,3.1459742976442935,False,matched,2,0,0,0,1,True,False,1,3,True,False,False,cycleway_trajectoires_et_acces_a_verifier,True,False,False,False,cycleway,,,,,,,,,,,,evalue,1.0,1.0,0.0,False,
2022,202200029120,VELO,En agglomération,cycleway,431671453,franche-comte-220101.geoparquet,franche-comte-220101.geoparquet,retrouvee,False,0.32245110037665786,False,matched,2,0,1,0,1,True,True,9,3,True,True,False,cycleway_trajectoires_et_acces_a_verifier,True,False,False,False,cycleway,,,,asphalt,,,,,,,,evalue,12.0,7.0,2.0,True,0.8413568810731181
2022,202200029155,VELO,En agglomération,cycleway,236418837,poitou-charentes-220101.geoparquet,poitou-charentes-220101.geoparquet,retrouvee,False,0.7174506578605186,False,matched,2,0,1,0,1,True,True,6,3,True,True,False,cycleway_trajectoires_et_acces_a_verifier,True,False,False,False,cycleway,,,,,,,,,,,,evalue,11.0,10.0,3.0,True,3.5888364515777713
2022,202200029200,VELO,En agglomération,cycleway,818059654,centre-220101.geoparquet,centre-220101.geoparquet,retrouvee,False,0.4098761999753144,False,matched,2,0,1,0,1,True,True,2,3,True,True,False,cycleway_trajectoires_et_acces_a_verifier,True,False,False,False,cycleway,,,,asphalt,,,,,,yes,,evalue,7.0,6.0,3.0,True,7.059674318467726
2022,202200029497,VELO,En agglomération,cycleway,95790405,ile-de-france-220101.geoparquet,ile-de-france-220101.geoparquet,retrouvee,False,0.47203472812336816,False,matched,2,0,0,0,1,True,False,9,2,True,True,False,cycleway_trajectoires_et_acces_a_verifier,True,False,False,False,cycleway,,,,,,,,,,no,Avenue Jean Jaurès,evalue,6.0,6.0,2.0,False,20.18555634286375
2022,202200029758,VELO,En agglomération,cycleway,496302462,rhone-alpes-220101.geoparquet,rhone-alpes-220101.geoparquet,retrouvee,False,1.6120653696148608,False,matched,2,0,1,0,1,True,True,9,3,True,True,False,cycleway_trajectoires_et_acces_a_verifier,True,False,False,False,cycleway,,,,asphalt,,,,,,,,evalue,12.0,9.0,3.0,True,5.2593699226832
2022,202200030024,VELO,En agglomération,cycleway,40525745,alsace-220101.geoparquet,alsace-220101.geoparquet,retrouvee,False,3.9461866088651565,False,matched,3,0,1,0,1,True,True,3,5,True,True,False,cycleway_trajectoires_et_acces_a_verifier,True,False,False,False,cycleway,,,,asphalt,,,,,,no,Rue de la Brigade Alsace-Lorraine,evalue,3.0,3.0,0.0,False,
2022,202200030522,VELO,En agglomération,cycleway,1010135288,aquitaine-220101.geoparquet,aquitaine-220101.geoparquet,retrouvee,False,1.031840222258353,False,matched,2,0,0,0,1,True,False,1,3,True,False,False,cycleway_trajectoires_et_acces_a_verifier,True,False,False,False,cycleway,,,,,,,,,,yes,,evalue,3.0,2.0,0.0,False,
2022,202200031130,VELO,En agglomération,cycleway,113222457,ile-de-france-220101.geoparquet,ile-de-france-220101.geoparquet,retrouvee,False,0.05842022251261374,False,matched,2,0,0,0,1,True,False,2,3,True,True,True,cycleway_trajectoires_et_acces_a_verifier,True,False,False,False,cycleway,,,,asphalt,,on_street,,,,yes,Avenue Daumesnil,evalue,11.0,6.0,5.0,True,8.059101999990531
2022,202200031677,VELO,Hors agglomération,,,polynesie-francaise-220101.geoparquet,polynesie-francaise-220101.geoparquet,osm_way_id_absent,False,,True,unmatched,2,0,1,0,1,True,True,1,1,True,False,False,pas_de_conclusion_juridique_automatique,False,False,False,True,,,,,,,,,,,,,,,,,False,
2022,202200031726,VELO,Hors agglomération,motorway,694399179,reunion-220101.geoparquet,reunion-220101.geoparquet,retrouvee,False,59.36621643669119,True,matched,1,0,0,0,0,False,False,1,7,True,False,False,pas_de_conclusion_juridique_automatique,False,False,False,True,motorway,,yes,,asphalt,,,,,90,yes,Route du Littoral,,,,,False,
2022,202200032110,VELO,En agglomération,cycleway,682124193,aquitaine-220101.geoparquet,aquitaine-220101.geoparquet,retrouvee,False,0.4339922668570287,False,matched,2,0,0,0,1,True,False,1,3,True,False,False,cycleway_trajectoires_et_acces_a_verifier,True,False,False,False,cycleway,,,,concrete,,,,,,no,,evalue,11.0,9.0,3.0,True,0.9575990827051553
2022,202200032813,VELO,Hors agglomération,,,nord-pas-de-calais-220101.geoparquet,nord-pas-de-calais-220101.geoparquet,osm_way_id_absent,False,,True,unmatched,2,0,0,0,0,False,False,1,3,True,False,False,pas_de_conclusion_juridique_automatique,False,False,False,True,,,,,,,,,,,,,,,,,False,
2022,202200033141,VELO,En agglomération,,,polynesie-francaise-220101.geoparquet,polynesie-francaise-220101.geoparquet,osm_way_id_absent,False,,True,unmatched,2,0,1,0,1,True,True,1,2,True,False,False,pas_de_conclusion_juridique_automatique,False,False,False,True,,,,,,,,,,,,,,,,,False,
2022,202200033714,VELO,En agglomération,cycleway,210624482,reunion-220101.geoparquet,reunion-220101.geoparquet,retrouvee,False,0.10001645221011365,False,matched,2,0,1,0,1,True,True,7,3,True,True,False,cycleway_trajectoires_et_acces_a_verifier,True,False,False,False,cycleway,,,,,,,,,,,,evalue,4.0,3.0,1.0,True,9.151711307273082
2022,202200034235,VELO,En agglomération,cycleway,629063965,ile-de-france-220101.geoparquet,ile-de-france-220101.geoparquet,retrouvee,False,0.005747460001123999,False,matched,2,0,1,0,1,True,True,2,3,True,True,True,cycleway_trajectoires_et_acces_a_verifier,True,False,False,False,cycleway,,,,asphalt,,on_street,,,,yes,Boulevard Voltaire,evalue,3.0,2.0,2.0,True,0.02466403890222405
2022,202200034765,VELO,En agglomération,residential,110570536,provence-alpes-cote-d-azur-220101.geoparquet,provence-alpes-cote-d-azur-220101.geoparquet,retrouvee,False,46.09382467176367,True,matched,2,0,1,0,1,True,True,1,3,True,False,False,pas_de_conclusion_juridique_automatique,False,False,False,True,residential,,,,,,,,,,,,,,,,False,
2022,202200035090,VELO,En agglomération,tertiary,23813040,ile-de-france-220101.geoparquet,ile-de-france-220101.geoparquet,retrouvee,False,35.785058745016094,True,matched,2,0,0,0,1,True,False,1,3,True,False,False,pas_de_conclusion_juridique_automatique,False,False,False,True,tertiary,,,,asphalt,,,,,30,no,Rue Manin,,,,,False,
2022,202200035607,VELO,En agglomération,cycleway,226258671,alsace-220101.geoparquet,alsace-220101.geoparquet,retrouvee,False,1.7297495739604332,False,matched,2,0,1,0,1,True,True,3,3,True,True,False,cycleway_trajectoires_et_acces_a_verifier,True,False,False,False,cycleway,,designated,,,,,,,,,,evalue,16.0,13.0,3.0,True,4.743513596364773
2022,202200035807,VELO,Hors agglomération,,,haute-normandie-220101.geoparquet,haute-normandie-220101.geoparquet,osm_way_id_absent,False,,True,unmatched,1,0,0,0,0,False,False,1,6,True,False,False,pas_de_conclusion_juridique_automatique,False,False,False,True,,,,,,,,,,,,,,,,,False,
2022,202200036022,VELO,En agglomération,cycleway,753509915,ile-de-france-220101.geoparquet,ile-de-france-220101.geoparquet,retrouvee,False,6.248544664492434,False,matched,2,0,0,0,1,True,False,1,3,True,False,False,cycleway_trajectoires_et_acces_a_verifier,True,False,False,False,cycleway,,,,asphalt,good,,,,,,,evalue,5.0,5.0,0.0,False,
2022,202200036130,VELO,En agglomération,cycleway,806064282,ile-de-france-220101.geoparquet,ile-de-france-220101.geoparquet,retrouvee,False,2.224152754370034,False,matched,2,0,1,0,1,True,True,3,7,True,True,False,cycleway_trajectoires_et_acces_a_verifier,True,False,False,False,cycleway,,,,asphalt,,,,,,no,,evalue,8.0,8.0,2.0,True,3.579311915517675
2022,202200036441,VELO,En agglomération,service,114389063,limousin-220101.geoparquet,limousin-220101.geoparquet,retrouvee,False,67.60642758029392,True,matched,2,0,1,0,1,True,True,1,3,True,False,False,pas_de_conclusion_juridique_automatique,False,False,False,True,service,,,,,,,,,,,,,,,,False,
2022,202200036744,VELO,En agglomération,cycleway,234281106,champagne-ardenne-220101.geoparquet,champagne-ardenne-220101.geoparquet,retrouvee,False,0.4051019725086912,False,matched,2,0,1,0,1,True,True,6,3,True,True,False,cycleway_trajectoires_et_acces_a_verifier,True,False,False,False,cycleway,,,,,,,,,,yes,,evalue,5.0,4.0,0.0,False,
2022,202200036771,VELO,En agglomération,cycleway,233487952,aquitaine-220101.geoparquet,aquitaine-220101.geoparquet,retrouvee,False,1.5654027036564109,False,matched,2,0,1,0,1,True,True,1,3,True,False,False,cycleway_trajectoires_et_acces_a_verifier,True,False,False,False,cycleway,,,,,,,,,,,,evalue,6.0,6.0,1.0,False,16.918309050492102
2022,202200036933,VELO,En agglomération,cycleway,25532049,languedoc-roussillon-220101.geoparquet,languedoc-roussillon-220101.geoparquet,retrouvee,False,0.16858588462094265,False,matched,2,0,1,0,1,True,True,6,3,True,True,False,cycleway_trajectoires_et_acces_a_verifier,True,False,False,False,cycleway,,,,,,,,,,,,evalue,12.0,12.0,2.0,True,1.1756663288437934
2022,202200037359,VELO,En agglomération,cycleway,705282786,ile-de-france-220101.geoparquet,ile-de-france-220101.geoparquet,retrouvee,False,0.049959962433654026,False,matched,2,0,1,0,1,True,True,7,3,True,True,False,cycleway_trajectoires_et_acces_a_verifier,True,False,False,False,cycleway,,,no,asphalt,,,,,30,yes,Boulevard Saint-Michel,evalue,11.0,11.0,5.0,True,0.7647366966601661
2022,202200037731,VELO,En agglomération,cycleway,41595980,languedoc-roussillon-220101.geoparquet,languedoc-roussillon-220101.geoparquet,retrouvee,False,1.1761285870377305,False,matched,2,0,1,0,1,True,True,6,6,True,True,False,cycleway_trajectoires_et_acces_a_verifier,True,False,False,False,cycleway,,,,,,,,,,,,evalue,8.0,8.0,4.0,True,1.9232109082299973
2022,202200038175,VELO,En agglomération,cycleway,824483534,champagne-ardenne-220101.geoparquet,champagne-ardenne-220101.geoparquet,retrouvee,False,1.1242276724664968,False,matched,2,0,0,0,1,True,False,1,2,True,False,False,cycleway_trajectoires_et_acces_a_verifier,True,False,False,False,cycleway,,designated,,,,,,,,yes,,evalue,6.0,4.0,0.0,False,
2022,202200038519,VELO,En agglomération,cycleway,658931736,new-caledonia-220101.geoparquet,new-caledonia-220101.geoparquet,retrouvee,False,5.149509232872058,False,matched,2,0,1,0,1,True,True,3,3,True,True,False,cycleway_trajectoires_et_acces_a_verifier,True,False,False,False,cycleway,,yes,no,asphalt,,,,,,,Piste cyclable,evalue,4.0,4.0,0.0,False,
2022,202200038901,VELO,En agglomération,cycleway,316084618,champagne-ardenne-220101.geoparquet,champagne-ardenne-220101.geoparquet,retrouvee,False,5.503776146808549,False,matched,2,0,1,0,1,True,True,1,3,True,False,False,cycleway_trajectoires_et_acces_a_verifier,True,False,False,False,cycleway,,,,,,,,,,,Avenue Chomedey de Maisonneuve,evalue,5.0,4.0,0.0,False,
2022,202200039132,VELO,En agglomération,cycleway,708419861,rhone-alpes-220101.geoparquet,rhone-alpes-220101.geoparquet,retrouvee,False,0.3287103727522661,False,matched,2,0,1,0,1,True,True,1,3,True,False,False,cycleway_trajectoires_et_acces_a_verifier,True,False,False,False,cycleway,,,,asphalt,,,,,,,Rue Général Mangin,evalue,3.0,3.0,0.0,False,
2022,202200040183,VELO,En agglomération,cycleway,573620487,ile-de-france-220101.geoparquet,ile-de-france-220101.geoparquet,retrouvee,False,1.5952626810931692,False,matched,2,0,0,0,1,True,False,1,2,True,False,False,cycleway_trajectoires_et_acces_a_verifier,True,False,False,False,cycleway,,,,,,,,,,,,evalue,1.0,1.0,1.0,False,92.55579287246817
2022,202200040687,VELO,En agglomération,cycleway,121205450,languedoc-roussillon-220101.geoparquet,languedoc-roussillon-220101.geoparquet,retrouvee,False,1.7079039360200006,False,matched,2,0,0,0,1,True,False,1,3,True,False,True,cycleway_trajectoires_et_acces_a_verifier,True,False,False,False,cycleway,,,,,,sidewalk,,,,,,evalue,3.0,3.0,0.0,False,
2022,202200040946,VELO,En agglomération,cycleway,757679287,ile-de-france-220101.geoparquet,ile-de-france-220101.geoparquet,retrouvee,False,42.377183165743276,True,matched,2,0,0,0,0,False,False,7,1,True,True,False,cycleway_trajectoires_et_acces_a_verifier,False,False,False,True,cycleway,,,,,,,,,,,Place de la Concorde,,,,,False,
2022,202200041089,VELO,En agglomération,cycleway,23152464,bretagne-220101.geoparquet,bretagne-220101.geoparquet,retrouvee,False,3.6364820906267257,False,matched,2,0,0,1,1,True,False,6,3,True,True,False,cycleway_trajectoires_et_acces_a_verifier,True,False,False,False,cycleway,,,,,,,,,,,,evalue,6.0,6.0,1.0,False,14.100234251243148
2022,202200041274,VELO,Hors agglomération,cycleway,620967087,haute-normandie-220101.geoparquet,haute-normandie-220101.geoparquet,retrouvee,False,2.02218998365693,False,matched,2,0,1,0,1,True,True,1,3,True,False,False,cycleway_trajectoires_et_acces_a_verifier,True,False,False,False,cycleway,,designated,no,asphalt,excellent,,,,,,Voie verte - véloroute de la pointe de caux,evalue,2.0,1.0,0.0,False,
2022,202200041362,VELO,En agglomération,cycleway,121200889,languedoc-roussillon-220101.geoparquet,languedoc-roussillon-220101.geoparquet,retrouvee,False,0.470500753299416,False,matched,2,0,0,0,1,True,False,1,1,True,False,False,cycleway_trajectoires_et_acces_a_verifier,True,False,False,False,cycleway,,,,,,,,,,,,evalue,6.0,6.0,1.0,True,1.3273021572908217
2022,202200041510,VELO,Hors agglomération,track,120499779,alsace-220101.geoparquet,alsace-220101.geoparquet,retrouvee,False,64.8786040322284,True,matched,2,0,1,0,1,True,True,1,1,True,False,False,pas_de_conclusion_juridique_automatique,False,False,False,True,track,,,,ground,,,,,,,,,,,,False,
2022,202200042279,VELO,En agglomération,cycleway,227136333,haute-normandie-220101.geoparquet,haute-normandie-220101.geoparquet,retrouvee,False,2.1817078702716586,False,matched,2,0,1,0,1,True,True,6,3,True,True,False,cycleway_trajectoires_et_acces_a_verifier,True,False,False,False,cycleway,,,,compacted,,,,,,yes,,evalue,9.0,4.0,2.0,False,26.15264736373553
2022,202200042710,VELO,En agglomération,cycleway,736260891,pays-de-la-loire-220101.geoparquet,pays-de-la-loire-220101.geoparquet,retrouvee,False,5.6634352810919735,False,matched,2,0,0,0,1,True,False,1,6,True,False,False,cycleway_trajectoires_et_acces_a_verifier,True,False,False,False,cycleway,,designated,,,,,,,,yes,Boulevard Vincent Gâche,evalue,6.0,5.0,0.0,False,
2022,202200042732,VELO,En agglomération,cycleway,429669115,bretagne-220101.geoparquet,bretagne-220101.geoparquet,retrouvee,False,2.2105363467996777,False,matched,2,0,1,0,1,True,True,1,3,True,False,False,cycleway_trajectoires_et_acces_a_verifier,True,False,False,False,cycleway,,designated,,,,,,,,yes,,evalue,8.0,4.0,0.0,False,
2022,202200042856,VELO,En agglomération,cycleway,316967270,ile-de-france-220101.geoparquet,ile-de-france-220101.geoparquet,retrouvee,False,0.17295899321853908,False,matched,2,0,1,0,1,True,True,1,3,True,False,False,cycleway_trajectoires_et_acces_a_verifier,True,False,False,False,cycleway,,,,asphalt,,,,,,,Quai de la Bataille de Stalingrad,evalue,5.0,4.0,2.0,True,0.7094717799871119
2022,202200043247,VELO,Hors agglomération,unclassified,128271803,provence-alpes-cote-d-azur-220101.geoparquet,provence-alpes-cote-d-azur-220101.geoparquet,retrouvee,False,87.87352087854852,True,matched,3,0,0,0,1,True,False,1,2,True,False,False,pas_de_conclusion_juridique_automatique,False,False,False,True,unclassified,,,,,,,,,,,,,,,,False,
2022,202200043824,VELO,En agglomération,cycleway,473321308,rhone-alpes-220101.geoparquet,rhone-alpes-220101.geoparquet,retrouvee,False,0.813976970195809,False,matched,2,0,0,0,1,True,False,2,3,True,True,False,cycleway_trajectoires_et_acces_a_verifier,True,False,False,False,cycleway,,,,asphalt,,,,,,yes,,evalue,3.0,3.0,2.0,True,3.165750380843332
2022,202200044420,VELO,En agglomération,cycleway,119503550,alsace-220101.geoparquet,alsace-220101.geoparquet,retrouvee,False,0.23668742657573488,False,matched,2,0,1,0,1,True,True,1,1,True,False,False,cycleway_trajectoires_et_acces_a_verifier,True,False,False,False,cycleway,,,,,,,,,,no,Pont du Danube,evalue,9.0,5.0,2.0,True,4.807524044613748
2022,202200044709,VELO,En agglomération,cycleway,857517442,ile-de-france-220101.geoparquet,ile-de-france-220101.geoparquet,retrouvee,False,1.3206519532641485,False,matched,2,0,0,0,1,True,False,1,1,True,False,True,cycleway_trajectoires_et_acces_a_verifier,True,False,False,False,cycleway,,,,,,crossing,,,,yes,,evalue,23.0,16.0,1.0,True,2.74480447323247
2022,202200044869,VELO,En agglomération,secondary,74768553,lorraine-220101.geoparquet,lorraine-220101.geoparquet,retrouvee,False,38.687558409414144,True,matched,2,0,1,0,1,True,True,1,3,True,False,False,pas_de_conclusion_juridique_automatique,False,False,False,True,secondary,,,,,,,,,,,Route de Thionville,,,,,False,
2022,202200045256,VELO,En agglomération,track,194291240,languedoc-roussillon-220101.geoparquet,languedoc-roussillon-220101.geoparquet,retrouvee,False,55.93065224977791,True,matched,1,0,0,0,0,False,False,1,6,True,False,False,pas_de_conclusion_juridique_automatique,False,False,False,True,track,,,,,,,,,,,,,,,,False,
2022,202200045392,VELO,Hors agglomération,,,polynesie-francaise-220101.geoparquet,polynesie-francaise-220101.geoparquet,osm_way_id_absent,False,,True,unmatched,2,0,1,0,1,True,True,1,2,True,False,False,pas_de_conclusion_juridique_automatique,False,False,False,True,,,,,,,,,,,,,,,,,False,
2022,202200046488,VELO,En agglomération,cycleway,322871877,champagne-ardenne-220101.geoparquet,champagne-ardenne-220101.geoparquet,retrouvee,False,0.5060540536461198,False,matched,2,0,1,0,1,True,True,6,3,True,True,False,cycleway_trajectoires_et_acces_a_verifier,True,False,False,False,cycleway,,,,,,,,,,yes,,evalue,11.0,7.0,1.0,True,7.664183911160414
2022,202200046946,VELO,En agglomération,service,38709071,nord-pas-de-calais-220101.geoparquet,nord-pas-de-calais-220101.geoparquet,retrouvee,False,31.66510273714622,True,matched,2,0,1,0,1,True,True,1,1,True,False,False,pas_de_conclusion_juridique_automatique,False,False,False,True,service,,yes,,,,,,,,,,,,,,False,
2022,202200047408,VELO,En agglomération,cycleway,718304487,pays-de-la-loire-220101.geoparquet,pays-de-la-loire-220101.geoparquet,retrouvee,False,2.1299609078083828,False,matched,2,0,1,0,1,True,True,1,3,True,False,False,cycleway_trajectoires_et_acces_a_verifier,True,False,False,False,cycleway,,designated,,asphalt,,,,,,yes,,evalue,5.0,5.0,2.0,False,35.975345655999426
2022,202200048102,VELO,En agglomération,cycleway,671117358,ile-de-france-220101.geoparquet,ile-de-france-220101.geoparquet,retrouvee,False,0.15936773397578166,False,matched,2,0,0,0,1,True,False,2,3,True,True,False,cycleway_trajectoires_et_acces_a_verifier,True,False,False,False,cycleway,,,,,,,,,,yes,Avenue de la Porte de Montrouge,evalue,5.0,5.0,5.0,True,0.7697616954695151
2022,202200048264,VELO,Hors agglomération,cycleway,963389081,haute-normandie-220101.geoparquet,haute-normandie-220101.geoparquet,retrouvee,False,0.2404070052123904,False,matched,2,0,1,0,1,True,True,3,3,True,True,False,cycleway_trajectoires_et_acces_a_verifier,True,False,False,False,cycleway,,,,asphalt,,,,,,,,evalue,5.0,5.0,1.0,True,4.519120777270634
2022,202200048348,VELO,En agglomération,cycleway,30963688,champagne-ardenne-220101.geoparquet,champagne-ardenne-220101.geoparquet,retrouvee,False,0.585669309860124,False,matched,2,0,1,0,1,True,True,6,3,True,True,False,cycleway_trajectoires_et_acces_a_verifier,True,False,False,False,cycleway,,,,,,,,,,,,evalue,4.0,4.0,2.0,True,1.1164807947051612
2022,202200048409,VELO,En agglomération,cycleway,196629388,ile-de-france-220101.geoparquet,ile-de-france-220101.geoparquet,retrouvee,False,1.8706517998878864,False,matched,2,0,0,0,1,True,False,2,3,True,True,True,cycleway_trajectoires_et_acces_a_verifier,True,False,False,False,cycleway,,,,asphalt,,sidewalk,,,,,Boulevard Davout,evalue,5.0,4.0,0.0,False,
2022,202200048928,VELO,En agglomération,cycleway,801889817,ile-de-france-220101.geoparquet,ile-de-france-220101.geoparquet,retrouvee,False,0.07170680318204445,False,matched,2,0,0,0,1,True,False,2,2,True,True,False,cycleway_trajectoires_et_acces_a_verifier,True,False,False,False,cycleway,,,,asphalt,,,,,,no,Avenue Gabriel Péri,evalue,4.0,4.0,1.0,True,4.93339197607322
2022,202200048950,VELO,En agglomération,cycleway,40037023,ile-de-france-220101.geoparquet,ile-de-france-220101.geoparquet,retrouvee,False,0.5787933587887724,False,matched,2,0,1,0,1,True,True,2,3,True,True,False,cycleway_trajectoires_et_acces_a_verifier,True,False,False,False,cycleway,,,,asphalt,,,,,30,yes,Rue de Rivoli,evalue,6.0,5.0,2.0,True,1.3354157343883286
2022,202200049968,VELO,En agglomération,cycleway,135154558,ile-de-france-220101.geoparquet,ile-de-france-220101.geoparquet,retrouvee,False,1.2158074953539428,False,matched,2,0,1,0,1,True,True,1,3,True,False,False,cycleway_trajectoires_et_acces_a_verifier,True,False,False,False,cycleway,,,,,,,,,,,,evalue,1.0,1.0,0.0,False,
2022,202200050643,VELO,En agglomération,cycleway,115863074,midi-pyrenees-220101.geoparquet,midi-pyrenees-220101.geoparquet,retrouvee,False,1.2678268461165851,False,matched,2,0,1,0,1,True,True,1,3,True,False,False,cycleway_trajectoires_et_acces_a_verifier,True,False,False,False,cycleway,,,,asphalt,,,,,,,Réseau Express Vélo,evalue,6.0,4.0,1.0,True,2.7973665296223826
2022,202200050666,VELO,En agglomération,cycleway,534800284,haute-normandie-220101.geoparquet,haute-normandie-220101.geoparquet,retrouvee,False,2.429706248194408,False,matched,2,0,0,0,1,True,False,1,1,True,False,False,cycleway_trajectoires_et_acces_a_verifier,True,False,False,False,cycleway,,designated,,asphalt,,,,,,,,evalue,0.0,0.0,0.0,False,
2022,202200051076,VELO,En agglomération,cycleway,380126319,rhone-alpes-220101.geoparquet,rhone-alpes-220101.geoparquet,retrouvee,False,0.1856628508717096,False,matched,2,0,0,0,1,True,False,3,3,True,True,False,cycleway_trajectoires_et_acces_a_verifier,True,False,False,False,cycleway,,,,,,,,,,yes,,evalue,8.0,8.0,1.0,True,2.9512535729450695
2022,202200051161,VELO,En agglomération,cycleway,786254860,ile-de-france-220101.geoparquet,ile-de-france-220101.geoparquet,retrouvee,False,41.353230916727355,True,matched,1,0,0,0,0,False,False,1,7,True,False,True,cycleway_trajectoires_et_acces_a_verifier,False,False,False,True,cycleway,,,,asphalt,,on_street,,,,,Quai d'Orsay,,,,,False,
2022,202200051571,VELO,En agglomération,cycleway,179893335,centre-220101.geoparquet,centre-220101.geoparquet,retrouvee,False,3.0825728585528838,False,matched,2,0,1,0,1,True,True,2,3,True,True,False,cycleway_trajectoires_et_acces_a_verifier,True,False,False,False,cycleway,,,,asphalt,,,,,,,Rue Royale,evalue,27.0,17.0,3.0,True,5.153054558850897
2022,202200051583,VELO,En agglomération,cycleway,247107401,ile-de-france-220101.geoparquet,ile-de-france-220101.geoparquet,retrouvee,False,0.4844359360922526,False,matched,2,0,1,0,1,True,True,1,3,True,False,False,cycleway_trajectoires_et_acces_a_verifier,True,False,False,False,cycleway,,,,,,,,,,,,evalue,2.0,2.0,0.0,False,
2022,202200052067,VELO,En agglomération,track,281073941,rhone-alpes-220101.geoparquet,rhone-alpes-220101.geoparquet,retrouvee,False,76.28587959272713,True,matched,1,0,0,0,0,False,False,1,1,True,False,False,pas_de_conclusion_juridique_automatique,False,False,False,True,track,,,,,,,,,,,,,,,,False,
2022,202200052234,VELO,En agglomération,,,polynesie-francaise-220101.geoparquet,polynesie-francaise-220101.geoparquet,osm_way_id_absent,False,,True,unmatched,2,0,1,0,1,True,True,1,3,True,False,False,pas_de_conclusion_juridique_automatique,False,False,False,True,,,,,,,,,,,,,,,,,False,
2022,202200052867,VELO,Hors agglomération,,,polynesie-francaise-220101.geoparquet,polynesie-francaise-220101.geoparquet,osm_way_id_absent,False,,True,unmatched,2,0,1,0,1,True,True,1,3,True,False,False,pas_de_conclusion_juridique_automatique,False,False,False,True,,,,,,,,,,,,,,,,,False,
2022,202200052978,VELO,En agglomération,cycleway,682124193,aquitaine-220101.geoparquet,aquitaine-220101.geoparquet,retrouvee,False,2.8411831678331576,False,matched,2,0,0,0,1,True,False,6,7,True,True,False,cycleway_trajectoires_et_acces_a_verifier,True,False,False,False,cycleway,,,,concrete,,,,,,no,,evalue,16.0,12.0,5.0,True,7.110627697798577
2022,202200053116,VELO,En agglomération,cycleway,207233559,aquitaine-220101.geoparquet,aquitaine-220101.geoparquet,retrouvee,False,1.5865861731924549,False,matched,2,0,1,0,1,True,True,3,1,True,True,False,cycleway_trajectoires_et_acces_a_verifier,True,False,False,False,cycleway,,,,asphalt,,,,,,yes,,evalue,6.0,3.0,2.0,True,4.0418513902661175
2022,202200053272,VELO,En agglomération,cycleway,230950309,aquitaine-220101.geoparquet,aquitaine-220101.geoparquet,retrouvee,False,0.043081648795150744,False,matched,2,0,1,0,1,True,True,1,6,True,False,False,cycleway_trajectoires_et_acces_a_verifier,True,False,False,False,cycleway,,,,asphalt,,,,,,yes,,evalue,4.0,3.0,0.0,False,
2022,202200053638,VELO,En agglomération,cycleway,868171368,ile-de-france-220101.geoparquet,ile-de-france-220101.geoparquet,retrouvee,False,2.586387188931851,False,matched,2,0,1,0,1,True,True,1,2,True,False,False,cycleway_trajectoires_et_acces_a_verifier,True,False,False,False,cycleway,,,,asphalt,,,,,,,Rue Marx Dormoy,evalue,7.0,7.0,0.0,False,
2022,202200053935,VELO,En agglomération,cycleway,393280109,ile-de-france-220101.geoparquet,ile-de-france-220101.geoparquet,retrouvee,False,1.9094350164123677,False,matched,2,0,0,0,1,True,False,2,3,True,True,False,cycleway_trajectoires_et_acces_a_verifier,True,False,False,False,cycleway,,,,asphalt,,,,,,,Quai Saint-Bernard,evalue,12.0,11.0,1.0,True,4.399868953478339
2022,202200054469,VELO,En agglomération,primary,294318220,reunion-220101.geoparquet,reunion-220101.geoparquet,retrouvee,False,35.789474449935966,True,matched,2,0,1,0,1,True,True,1,2,True,False,False,pas_de_conclusion_juridique_automatique,False,False,False,True,primary,,,,asphalt,,,,,50,,,,,,,False,
2022,202200054477,VELO,En agglomération,service,39538441,alsace-220101.geoparquet,alsace-220101.geoparquet,retrouvee,False,85.31606277052789,True,matched,2,0,1,0,1,True,True,1,6,True,False,False,pas_de_conclusion_juridique_automatique,False,False,False,True,service,,,,asphalt,,,,,,yes,,,,,,False,
2022,202200054559,VELO,Hors agglomération,,,polynesie-francaise-220101.geoparquet,polynesie-francaise-220101.geoparquet,osm_way_id_absent,False,,True,unmatched,2,0,1,0,1,True,True,1,3,True,False,False,pas_de_conclusion_juridique_automatique,False,False,False,True,,,,,,,,,,,,,,,,,False,
2022,202200054589,VELO,En agglomération,cycleway,428442664,poitou-charentes-220101.geoparquet,poitou-charentes-220101.geoparquet,retrouvee,False,0.713626732711138,False,matched,2,0,1,0,1,True,True,1,3,True,False,False,cycleway_trajectoires_et_acces_a_verifier,True,False,False,False,cycleway,,designated,yes,,,,,,,,,evalue,4.0,4.0,2.0,True,3.3668735117208968
2022,202200054721,VELO,En agglomération,cycleway,550891054,ile-de-france-220101.geoparquet,ile-de-france-220101.geoparquet,retrouvee,False,0.5294128860861753,False,matched,2,0,1,0,1,True,True,1,3,True,False,False,cycleway_trajectoires_et_acces_a_verifier,True,False,False,False,cycleway,,,,asphalt,,,,,,yes,,evalue,4.0,3.0,1.0,True,2.7665653322583847
2022,202200002821,VAE,En agglomération,cycleway,784187283,haute-normandie-220101.geoparquet,haute-normandie-220101.geoparquet,retrouvee,False,1.2294529836427464,False,matched,2,0,0,0,1,True,False,1,2,True,False,False,cycleway_trajectoires_et_acces_a_verifier,True,False,False,False,cycleway,,,,asphalt,,,,,,,Route de Neufchâtel,evalue,3.0,2.0,0.0,False,
2022,202200002839,VAE,En agglomération,cycleway,897135118,nord-pas-de-calais-220101.geoparquet,nord-pas-de-calais-220101.geoparquet,retrouvee,False,1.1137183936065373,False,matched,2,0,0,0,1,True,False,1,3,True,False,False,cycleway_trajectoires_et_acces_a_verifier,True,False,False,False,cycleway,,designated,,,,,,,,yes,,evalue,3.0,3.0,1.0,False,142.22099033088276
2022,202200006620,VAE,En agglomération,cycleway,866226721,basse-normandie-220101.geoparquet,basse-normandie-220101.geoparquet,retrouvee,False,5.706651421468387,False,matched,2,0,1,0,1,True,True,1,1,True,False,False,cycleway_trajectoires_et_acces_a_verifier,True,False,False,False,cycleway,,,,asphalt,,,,,,,,evalue,1.0,1.0,0.0,False,
2022,202200006940,VAE,Hors agglomération,cycleway,295843442,alsace-220101.geoparquet,alsace-220101.geoparquet,retrouvee,False,2.4056338948956406,False,matched,2,0,1,0,1,True,True,3,3,True,True,False,cycleway_trajectoires_et_acces_a_verifier,True,False,False,False,cycleway,,,,asphalt,,,,,,,,evalue,5.0,3.0,1.0,True,4.124302396458523
2022,202200009850,VAE,En agglomération,,,polynesie-francaise-220101.geoparquet,polynesie-francaise-220101.geoparquet,osm_way_id_absent,False,,True,unmatched,2,0,0,0,0,False,False,1,1,True,False,False,pas_de_conclusion_juridique_automatique,False,False,False,True,,,,,,,,,,,,,,,,,False,
2022,202200012454,VAE,En agglomération,cycleway,139179098,alsace-220101.geoparquet,alsace-220101.geoparquet,retrouvee,False,10.689064471817709,False,matched,2,0,1,0,1,True,True,1,3,True,False,False,cycleway_trajectoires_et_acces_a_verifier,True,False,False,False,cycleway,,,,,,,,,,yes,,evalue,3.0,2.0,1.0,False,24.851374371522134
2022,202200013946,VAE,En agglomération,track,525518079,polynesie-francaise-220101.geoparquet,polynesie-francaise-220101.geoparquet,retrouvee,False,76.01923246393338,True,matched,2,0,1,0,1,True,True,3,1,True,True,False,pas_de_conclusion_juridique_automatique,False,False,False,True,track,,,,,,,,,,,,,,,,False,
2022,202200014546,VAE,En agglomération,cycleway,987357338,franche-comte-220101.geoparquet,franche-comte-220101.geoparquet,retrouvee,False,0.590964502218311,False,matched,2,0,1,0,1,True,True,6,6,True,True,False,cycleway_trajectoires_et_acces_a_verifier,True,False,False,False,cycleway,,,,,,,,,,yes,,evalue,6.0,4.0,2.0,True,2.112542564245727
2022,202200016434,VAE,En agglomération,,,polynesie-francaise-220101.geoparquet,polynesie-francaise-220101.geoparquet,osm_way_id_absent,False,,True,unmatched,1,0,0,0,0,False,False,1,6,True,False,False,pas_de_conclusion_juridique_automatique,False,False,False,True,,,,,,,,,,,,,,,,,False,
2022,202200018313,VAE,En agglomération,cycleway,40525745,alsace-220101.geoparquet,alsace-220101.geoparquet,retrouvee,False,2.711989732834098,False,matched,2,0,1,0,1,True,True,3,6,True,True,False,cycleway_trajectoires_et_acces_a_verifier,True,False,False,False,cycleway,,,,asphalt,,,,,,no,Rue de la Brigade Alsace-Lorraine,evalue,8.0,6.0,1.0,False,15.001623269338067
2022,202200020437,VAE,Hors agglomération,,,polynesie-francaise-220101.geoparquet,polynesie-francaise-220101.geoparquet,osm_way_id_absent,False,,True,unmatched,1,1,0,0,0,False,False,1,7,True,False,False,pas_de_conclusion_juridique_automatique,False,False,False,True,,,,,,,,,,,,,,,,,False,
2022,202200027466,VAE,En agglomération,cycleway,807614113,ile-de-france-220101.geoparquet,ile-de-france-220101.geoparquet,retrouvee,False,2.5365354729038203,False,matched,2,0,1,0,1,True,True,1,3,True,False,False,cycleway_trajectoires_et_acces_a_verifier,True,False,False,False,cycleway,,,,asphalt,,,,,,yes,,evalue,2.0,1.0,1.0,False,92.04197198564357
2022,202200031762,VAE,En agglomération,cycleway,54931401,ile-de-france-220101.geoparquet,ile-de-france-220101.geoparquet,retrouvee,False,0.728493670857069,False,matched,2,0,1,0,1,True,True,2,3,True,True,True,cycleway_trajectoires_et_acces_a_verifier,True,False,False,False,cycleway,,,,,,on_street,,,,yes,Cours Albert 1er,evalue,7.0,7.0,6.0,True,6.284258996870837
2022,202200034561,VAE,En agglomération,cycleway,920658593,ile-de-france-220101.geoparquet,ile-de-france-220101.geoparquet,retrouvee,False,0.0006357700342160766,False,matched,2,0,1,0,1,True,True,2,3,True,True,True,cycleway_trajectoires_et_acces_a_verifier,True,False,False,False,cycleway,,,,,,on_street,,,,no,Avenue Gambetta,evalue,6.0,4.0,4.0,True,0.47818277768638445
2022,202200045091,VAE,En agglomération,cycleway,147069558,auvergne-220101.geoparquet,auvergne-220101.geoparquet,retrouvee,False,1.0572721126018083,False,matched,2,0,1,0,1,True,True,1,3,True,False,False,cycleway_trajectoires_et_acces_a_verifier,True,False,False,False,cycleway,,,,asphalt,,,,,,yes,,evalue,4.0,3.0,2.0,False,21.399618640240725
2022,202200047368,VAE,En agglomération,cycleway,659768869,limousin-220101.geoparquet,limousin-220101.geoparquet,retrouvee,False,1.1505433194813137,False,matched,2,0,1,0,1,True,True,1,3,True,False,False,cycleway_trajectoires_et_acces_a_verifier,True,False,False,False,cycleway,,yes,,asphalt,,,,,,,,evalue,4.0,4.0,0.0,False,
2022,202200049685,VAE,En agglomération,service,278509342,ile-de-france-220101.geoparquet,ile-de-france-220101.geoparquet,retrouvee,False,33.96897634115437,True,matched,2,0,0,0,0,False,False,1,1,True,False,False,pas_de_conclusion_juridique_automatique,False,False,False,True,service,private,,,,,,,,,yes,Rue des Écluses,,,,,False,
2022,202200053995,VAE,En agglomération,cycleway,190975838,haute-normandie-220101.geoparquet,haute-normandie-220101.geoparquet,retrouvee,False,1.72899264260983,False,matched,2,0,1,0,1,True,True,1,3,True,False,False,cycleway_trajectoires_et_acces_a_verifier,True,False,False,False,cycleway,,,,,,,,,,yes,,evalue,2.0,1.0,1.0,False,72.89898924755862
2022,202200054146,VAE,En agglomération,cycleway,879758780,aquitaine-220101.geoparquet,aquitaine-220101.geoparquet,retrouvee,False,0.5307414992631051,False,matched,2,0,1,0,1,True,True,1,3,True,False,False,cycleway_trajectoires_et_acces_a_verifier,True,False,False,False,cycleway,,,,,,,,,,,Avenue de Plantoun,evalue,8.0,8.0,3.0,True,0.7801773803367389
2022,202200000257,EDPM,Hors agglomération,primary,676390595,nord-pas-de-calais-220101.geoparquet,nord-pas-de-calais-220101.geoparquet,retrouvee,False,2.3177459255450144,False,matched,2,0,0,0,1,True,False,6,2,True,True,False,route_hors_agglo_autorisation_locale_a_verifier,False,True,False,False,primary,,,,asphalt,,,,,80,yes,Rue du Grand Chemin,evalue,2.0,2.0,2.0,False,14.982276908208874
2022,202200000504,EDPM,Hors agglomération,primary,399235651,polynesie-francaise-220101.geoparquet,polynesie-francaise-220101.geoparquet,retrouvee,False,2.83695700725691,False,matched,2,0,1,0,1,True,True,1,3,True,False,False,route_hors_agglo_autorisation_locale_a_verifier,False,True,False,False,primary,,,,paved,,,,,,no,Route de Ceinture Ouest,evalue,0.0,0.0,0.0,False,
2022,202200001114,EDPM,Hors agglomération,secondary,35367523,limousin-220101.geoparquet,limousin-220101.geoparquet,retrouvee,False,0.6389554535612688,False,matched,2,0,1,0,1,True,True,1,3,True,False,True,route_hors_agglo_autorisation_locale_a_verifier,False,True,False,False,secondary,,,,asphalt,,,,separate,50,,Avenue Benoit Frachon,evalue,2.0,1.0,1.0,True,0.9560364422930476
2022,202200001902,EDPM,En agglomération,cycleway,366415302,languedoc-roussillon-220101.geoparquet,languedoc-roussillon-220101.geoparquet,retrouvee,False,4.1642799157560875,False,matched,2,0,1,0,1,True,True,6,3,True,True,False,cycleway_trajectoires_et_acces_a_verifier,True,False,False,False,cycleway,,,,asphalt,,,,,,,,evalue,5.0,5.0,0.0,False,
2022,202200002177,EDPM,Hors agglomération,residential,24168253,bretagne-220101.geoparquet,bretagne-220101.geoparquet,retrouvee,False,0.7771061753854623,False,matched,1,0,0,0,0,False,False,1,7,True,False,False,route_hors_agglo_autorisation_locale_a_verifier,False,True,False,False,residential,,,,asphalt,,,,,30,,Rue Émile Zola,evalue,1.0,1.0,1.0,False,19.98442524985337
2022,202200002396,EDPM,Hors agglomération,service,798795381,picardie-220101.geoparquet,picardie-220101.geoparquet,retrouvee,False,0.6237932599034024,False,matched,2,0,1,0,1,True,True,6,1,True,True,False,route_hors_agglo_autorisation_locale_a_verifier,False,True,False,False,service,,,,,,,,,,,,evalue,5.0,5.0,2.0,False,23.635991626873093
2022,202200003288,EDPM,Hors agglomération,residential,39783506,poitou-charentes-220101.geoparquet,poitou-charentes-220101.geoparquet,retrouvee,False,0.7685851669854485,False,matched,2,0,1,0,1,True,True,3,3,True,True,False,route_hors_agglo_autorisation_locale_a_verifier,False,True,False,False,residential,,,,asphalt,,,,,,,Rue Bara,evalue,2.0,2.0,1.0,True,3.984866107595201
2022,202200003550,EDPM,En agglomération,living_street,4262414,rhone-alpes-220101.geoparquet,rhone-alpes-220101.geoparquet,retrouvee,False,32.83095420655009,True,matched,1,1,0,0,0,False,False,7,6,True,True,True,pas_de_conclusion_juridique_automatique,False,False,False,True,living_street,,,,asphalt,,opposite,,,30,yes,Rue Bressieux,,,,,False,
2022,202200003950,EDPM,Hors agglomération,cycleway,40451270,alsace-220101.geoparquet,alsace-220101.geoparquet,retrouvee,False,1.3144069220121897,False,matched,2,0,1,0,1,True,True,1,2,True,False,False,cycleway_trajectoires_et_acces_a_verifier,True,False,False,False,cycleway,,,,paved,,,,,50,yes,,evalue,2.0,1.0,0.0,False,
2022,202200003964,EDPM,Hors agglomération,primary,587518132,provence-alpes-cote-d-azur-220101.geoparquet,provence-alpes-cote-d-azur-220101.geoparquet,retrouvee,False,2.074591354570402,False,matched,1,0,0,0,0,False,False,1,7,True,False,False,route_hors_agglo_autorisation_locale_a_verifier,False,True,False,False,primary,,,,,,,,,80,,,evalue,2.0,2.0,2.0,False,26.080582649554955
2022,202200004302,EDPM,En agglomération,tertiary,47356740,pays-de-la-loire-220101.geoparquet,pays-de-la-loire-220101.geoparquet,retrouvee,False,42.17366544952465,True,matched,2,0,1,0,1,True,True,1,3,True,False,True,pas_de_conclusion_juridique_automatique,False,False,False,True,tertiary,,,,asphalt,,lane,,,,,Rue Emmanuel Camus,,,,,False,
2022,202200004517,EDPM,Hors agglomération,secondary,205282018,franche-comte-220101.geoparquet,franche-comte-220101.geoparquet,retrouvee,False,0.767044748464559,False,matched,2,0,1,0,1,True,True,1,2,True,False,False,route_hors_agglo_autorisation_locale_a_verifier,False,True,False,False,secondary,,,,,,,,,80,,,evalue,0.0,0.0,0.0,False,
2022,202200004970,EDPM,Hors agglomération,unclassified,385142291,pays-de-la-loire-220101.geoparquet,pays-de-la-loire-220101.geoparquet,retrouvee,False,0.5175929782091463,False,matched,1,0,0,0,0,False,False,1,7,True,False,False,route_hors_agglo_autorisation_locale_a_verifier,False,True,False,False,unclassified,,,,,,,,,,,,evalue,1.0,0.0,0.0,False,
2022,202200005210,EDPM,En agglomération,cycleway,612076828,bourgogne-220101.geoparquet,bourgogne-220101.geoparquet,retrouvee,False,6.186038583641662,False,matched,2,0,1,0,1,True,True,3,3,True,True,False,cycleway_trajectoires_et_acces_a_verifier,True,False,False,False,cycleway,,,,asphalt,good,,,,,yes,,evalue,3.0,3.0,2.0,True,9.40044612727455
2022,202200005239,EDPM,En agglomération,cycleway,856478933,haute-normandie-220101.geoparquet,haute-normandie-220101.geoparquet,retrouvee,False,9.828536306656046,False,matched,2,0,1,0,1,True,True,6,3,True,True,False,cycleway_trajectoires_et_acces_a_verifier,True,False,False,False,cycleway,,,,asphalt,,,,,,,,evalue,7.0,7.0,0.0,False,
2022,202200005254,EDPM,En agglomération,cycleway,235873572,rhone-alpes-220101.geoparquet,rhone-alpes-220101.geoparquet,retrouvee,False,0.5197924422104526,False,matched,2,0,0,0,1,True,False,1,1,True,False,False,cycleway_trajectoires_et_acces_a_verifier,True,False,False,False,cycleway,,,,asphalt,,,,,,yes,,evalue,5.0,4.0,1.0,False,31.679468908323322
2022,202200005324,EDPM,Hors agglomération,tertiary,62576837,nord-pas-de-calais-220101.geoparquet,nord-pas-de-calais-220101.geoparquet,retrouvee,False,0.2111181300572113,False,matched,2,0,1,0,1,True,True,1,3,True,False,False,route_hors_agglo_autorisation_locale_a_verifier,False,True,False,False,tertiary,,,,,,,,,,,Rue Suzanne Lanoy,evalue,0.0,0.0,0.0,False,
2022,202200005612,EDPM,En agglomération,cycleway,460922663,auvergne-220101.geoparquet,auvergne-220101.geoparquet,retrouvee,False,1.0404280457723265,False,matched,2,0,1,0,1,True,True,9,3,True,True,False,cycleway_trajectoires_et_acces_a_verifier,True,False,False,False,cycleway,,,,asphalt,,,,,,,,evalue,2.0,2.0,1.0,True,4.551499606000644
2022,202200006170,EDPM,Hors agglomération,unclassified,375684779,nord-pas-de-calais-220101.geoparquet,nord-pas-de-calais-220101.geoparquet,retrouvee,False,3.602053658788992,False,matched,1,0,0,0,0,False,False,1,7,True,False,True,route_hors_agglo_autorisation_locale_a_verifier,False,True,False,False,unclassified,yes,yes,,asphalt,,no,,,50,no,Rue Saint-Jean,evalue,0.0,0.0,0.0,False,
2022,202200006942,EDPM,En agglomération,cycleway,969470054,languedoc-roussillon-220101.geoparquet,languedoc-roussillon-220101.geoparquet,retrouvee,False,1.803200193736147,False,matched,2,0,0,0,1,True,False,2,3,True,True,False,cycleway_trajectoires_et_acces_a_verifier,True,False,False,False,cycleway,,designated,,asphalt,,,,,,no,,evalue,5.0,5.0,1.0,False,11.60983239942711
2022,202200007460,EDPM,Hors agglomération,secondary,305434211,picardie-220101.geoparquet,picardie-220101.geoparquet,retrouvee,False,0.024771460851147092,False,matched,2,0,0,0,0,False,False,5,3,True,True,False,route_hors_agglo_autorisation_locale_a_verifier,False,True,False,False,secondary,,,,,,,,,,yes,,evalue,5.0,5.0,3.0,True,0.4376728835862709
2022,202200007711,EDPM,Hors agglomération,tertiary,669476594,provence-alpes-cote-d-azur-220101.geoparquet,provence-alpes-cote-d-azur-220101.geoparquet,retrouvee,False,7.383880269680596,False,matched,2,0,0,0,1,True,False,9,3,True,True,False,route_hors_agglo_autorisation_locale_a_verifier,False,True,False,False,tertiary,,,,,,,,,,,Route de Saint-Andiol,evalue,0.0,0.0,0.0,False,
2022,202200007982,EDPM,En agglomération,cycleway,579002585,ile-de-france-220101.geoparquet,ile-de-france-220101.geoparquet,retrouvee,False,8.085021871266083,False,matched,2,0,0,0,1,True,False,1,3,True,False,False,cycleway_trajectoires_et_acces_a_verifier,True,False,False,False,cycleway,,,,asphalt,,,,,,yes,Avenue Laplace,evalue,7.0,5.0,3.0,False,17.35455440289076
2022,202200008918,EDPM,En agglomération,cycleway,251027904,rhone-alpes-220101.geoparquet,rhone-alpes-220101.geoparquet,retrouvee,False,0.44780720304103283,False,matched,2,0,1,0,1,True,True,3,3,True,True,False,cycleway_trajectoires_et_acces_a_verifier,True,False,False,False,cycleway,,,,,,,,,,yes,,evalue,16.0,15.0,4.0,True,2.7356569070189507
2022,202200009287,EDPM,Hors agglomération,primary,150476809,picardie-220101.geoparquet,picardie-220101.geoparquet,retrouvee,False,1.180005132473652,False,matched,2,0,0,1,1,True,False,1,3,True,False,False,route_hors_agglo_autorisation_locale_a_verifier,False,True,False,False,primary,,,,asphalt,,,,,80,,,evalue,1.0,1.0,1.0,False,13.07221046950272
2022,202200009483,EDPM,Hors agglomération,secondary,30588078,provence-alpes-cote-d-azur-220101.geoparquet,provence-alpes-cote-d-azur-220101.geoparquet,retrouvee,False,1.517359335618576,False,matched,2,0,1,0,1,True,True,1,3,True,False,False,route_hors_agglo_autorisation_locale_a_verifier,False,True,False,False,secondary,,,,,,,,,,,Route de Saint-Tropez,evalue,1.0,0.0,0.0,False,
2022,202200009954,EDPM,Hors agglomération,trunk,287049278,languedoc-roussillon-220101.geoparquet,languedoc-roussillon-220101.geoparquet,retrouvee,False,2.142120025953152,False,matched,2,0,0,0,1,True,False,1,2,True,False,False,route_hors_agglo_autorisation_locale_a_verifier,False,True,False,False,trunk,,,,,,,,,90,yes,,evalue,2.0,2.0,0.0,False,
2022,202200010893,EDPM,Hors agglomération,unclassified,194279615,rhone-alpes-220101.geoparquet,rhone-alpes-220101.geoparquet,retrouvee,False,0.7932665425858668,False,matched,2,0,1,0,1,True,True,1,2,True,False,False,route_hors_agglo_autorisation_locale_a_verifier,False,True,False,False,unclassified,,,,,,,,,,,Rue Michel Servet,evalue,1.0,0.0,0.0,False,
2022,202200011721,EDPM,En agglomération,cycleway,4302562,basse-normandie-220101.geoparquet,basse-normandie-220101.geoparquet,retrouvee,False,0.10105776131764688,False,matched,2,0,1,0,1,True,True,1,3,True,False,False,cycleway_trajectoires_et_acces_a_verifier,True,False,False,False,cycleway,,,,asphalt,good,,,,,no,Boulevard Yves Guillou,evalue,4.0,4.0,0.0,False,
2022,202200011842,EDPM,Hors agglomération,tertiary,321823801,poitou-charentes-220101.geoparquet,poitou-charentes-220101.geoparquet,retrouvee,False,0.6966979634105933,False,matched,1,0,0,0,0,False,False,1,7,True,False,False,route_hors_agglo_autorisation_locale_a_verifier,False,True,False,False,tertiary,,,,,,,,,,,,evalue,0.0,0.0,0.0,False,
2022,202200012004,EDPM,Hors agglomération,unclassified,97618378,bretagne-220101.geoparquet,bretagne-220101.geoparquet,retrouvee,False,0.003915968088527912,False,matched,1,0,0,0,0,False,False,1,7,True,False,False,route_hors_agglo_autorisation_locale_a_verifier,False,True,False,False,unclassified,,,,,,,,,,,Rue Pierre Carduner,evalue,0.0,0.0,0.0,False,
2022,202200013385,EDPM,Hors agglomération,primary,64659458,alsace-220101.geoparquet,alsace-220101.geoparquet,retrouvee,False,0.004602432787081457,False,matched,2,0,1,0,1,True,True,6,3,True,True,False,route_hors_agglo_autorisation_locale_a_verifier,False,True,False,False,primary,,,,asphalt,,,,,70,yes,,evalue,5.0,4.0,2.0,False,13.963125322503414
2022,202200013512,EDPM,En agglomération,cycleway,244970098,champagne-ardenne-220101.geoparquet,champagne-ardenne-220101.geoparquet,retrouvee,False,0.6343558231561767,False,matched,2,0,0,1,1,True,False,3,3,True,True,False,cycleway_trajectoires_et_acces_a_verifier,True,False,False,False,cycleway,,,,asphalt,,,,,,,,evalue,10.0,7.0,0.0,False,
2022,202200013981,EDPM,En agglomération,service,781501637,nord-pas-de-calais-220101.geoparquet,nord-pas-de-calais-220101.geoparquet,retrouvee,False,41.22817376437431,True,matched,2,0,1,0,1,True,True,9,3,True,True,False,pas_de_conclusion_juridique_automatique,False,False,False,True,service,,,,,,,,,,,,,,,,False,
2022,202200014478,EDPM,Hors agglomération,service,336064023,picardie-220101.geoparquet,picardie-220101.geoparquet,retrouvee,False,0.5920014006464533,False,matched,2,0,1,0,1,True,True,6,1,True,True,False,route_hors_agglo_autorisation_locale_a_verifier,False,True,False,False,service,,,,asphalt,,,,,,,,evalue,6.0,6.0,4.0,True,1.5030319833932784
2022,202200014742,EDPM,Hors agglomération,primary,498500363,aquitaine-220101.geoparquet,aquitaine-220101.geoparquet,retrouvee,False,0.7153409053723336,False,matched,2,0,0,0,1,True,False,1,7,True,False,False,route_hors_agglo_autorisation_locale_a_verifier,False,True,False,False,primary,,,,,,,,,80,,,evalue,1.0,0.0,0.0,False,
2022,202200014893,EDPM,Hors agglomération,secondary,324550933,picardie-220101.geoparquet,picardie-220101.geoparquet,retrouvee,False,0.06897582810720888,False,matched,2,0,1,0,1,True,True,1,3,True,False,False,route_hors_agglo_autorisation_locale_a_verifier,False,True,False,False,secondary,,,,asphalt,,,,,80,no,Rue Arsène Houssaye,evalue,0.0,0.0,0.0,False,
2022,202200015118,EDPM,Hors agglomération,secondary,187370970,champagne-ardenne-220101.geoparquet,champagne-ardenne-220101.geoparquet,retrouvee,False,5.9977489761191505,False,matched,2,0,1,0,1,True,True,1,2,True,False,False,route_hors_agglo_autorisation_locale_a_verifier,False,True,False,False,secondary,,,,,,,,,90,,,evalue,1.0,0.0,0.0,False,
2022,202200015119,EDPM,Hors agglomération,primary,156199314,nord-pas-de-calais-220101.geoparquet,nord-pas-de-calais-220101.geoparquet,retrouvee,False,0.08532076798489627,False,matched,1,0,0,0,0,False,False,1,7,True,False,False,route_hors_agglo_autorisation_locale_a_verifier,False,True,False,False,primary,,,,,,,,,80,,,evalue,0.0,0.0,0.0,False,
2022,202200015696,EDPM,Hors agglomération,secondary,181327164,poitou-charentes-220101.geoparquet,poitou-charentes-220101.geoparquet,retrouvee,False,1.3009834327660637,False,matched,1,1,0,0,0,False,False,1,6,True,False,False,route_hors_agglo_autorisation_locale_a_verifier,False,True,False,False,secondary,,,,asphalt,,,,,80,,Pont de l'Île de Ré,evalue,1.0,0.0,0.0,False,
2022,202200015832,EDPM,En agglomération,cycleway,741686659,reunion-220101.geoparquet,reunion-220101.geoparquet,retrouvee,False,0.8325689864908824,False,matched,2,0,1,0,1,True,True,1,3,True,False,False,cycleway_trajectoires_et_acces_a_verifier,True,False,False,False,cycleway,,,,asphalt,,,,,,yes,,evalue,3.0,2.0,0.0,False,
2022,202200016046,EDPM,Hors agglomération,secondary,49745533,aquitaine-220101.geoparquet,aquitaine-220101.geoparquet,retrouvee,False,3.5268688222301527,False,matched,2,0,1,0,1,True,True,1,2,True,False,False,route_hors_agglo_autorisation_locale_a_verifier,False,True,False,False,secondary,,,,,,,,,,,Route de Louens,evalue,0.0,0.0,0.0,False,
2022,202200016131,EDPM,En agglomération,cycleway,751177823,ile-de-france-220101.geoparquet,ile-de-france-220101.geoparquet,retrouvee,False,0.9159748684593605,False,matched,2,0,1,0,1,True,True,1,6,True,False,False,cycleway_trajectoires_et_acces_a_verifier,True,False,False,False,cycleway,,,,,,,,,,,,evalue,5.0,3.0,0.0,False,
2022,202200016289,EDPM,Hors agglomération,secondary,304571123,provence-alpes-cote-d-azur-220101.geoparquet,provence-alpes-cote-d-azur-220101.geoparquet,retrouvee,False,1.8530319044146586,False,matched,2,0,1,0,1,True,True,3,2,True,True,True,route_hors_agglo_autorisation_locale_a_verifier,False,True,False,False,secondary,,,,asphalt,,lane,,,,yes,Route de Toulon,evalue,2.0,2.0,1.0,True,8.90996347168377
2022,202200016395,EDPM,Hors agglomération,primary,32086499,picardie-220101.geoparquet,picardie-220101.geoparquet,retrouvee,False,0.7757585410041796,False,matched,1,0,0,0,0,False,False,1,6,True,False,False,route_hors_agglo_autorisation_locale_a_verifier,False,True,False,False,primary,,,,,,,,,80,,,evalue,0.0,0.0,0.0,False,
2022,202200016603,EDPM,En agglomération,cycleway,842252642,aquitaine-220101.geoparquet,aquitaine-220101.geoparquet,retrouvee,False,4.40578067207289,False,matched,2,0,1,0,1,True,True,3,3,True,True,False,cycleway_trajectoires_et_acces_a_verifier,True,False,False,False,cycleway,,designated,,,,,,,,no,,evalue,3.0,3.0,1.0,False,13.376882431708957
2022,202200017486,EDPM,Hors agglomération,primary,4951215,bretagne-220101.geoparquet,bretagne-220101.geoparquet,retrouvee,False,0.7155955026594912,False,matched,2,0,1,0,1,True,True,6,3,True,True,True,route_hors_agglo_autorisation_locale_a_verifier,False,True,False,False,primary,,,,asphalt,,,,no,,,Rond-Point de Montgermont,evalue,3.0,3.0,3.0,True,2.8882213381100086
2022,202200017548,EDPM,Hors agglomération,secondary,21115479,bretagne-220101.geoparquet,bretagne-220101.geoparquet,retrouvee,False,0.407728771966977,False,matched,2,0,1,0,1,True,True,6,3,True,True,False,route_hors_agglo_autorisation_locale_a_verifier,False,True,False,False,secondary,,,,asphalt,,,,,,,Rond-Point de Keriven,evalue,6.0,6.0,5.0,True,0.5259033484032107
2022,202200017905,EDPM,En agglomération,service,118274043,bretagne-220101.geoparquet,bretagne-220101.geoparquet,retrouvee,False,69.70566337461412,True,matched,2,0,1,0,1,True,True,1,3,True,False,False,pas_de_conclusion_juridique_automatique,False,False,False,True,service,,,,paved,,,,,,yes,,,,,,False,
2022,202200018237,EDPM,En agglomération,cycleway,243838155,bourgogne-220101.geoparquet,bourgogne-220101.geoparquet,retrouvee,False,1.3378638762027038,False,matched,2,0,1,0,1,True,True,9,3,True,True,False,cycleway_trajectoires_et_acces_a_verifier,True,False,False,False,cycleway,,,,gravel,,,,,,,,evalue,10.0,9.0,1.0,True,2.9814292581225854
2022,202200018331,EDPM,En agglomération,cycleway,90254653,alsace-220101.geoparquet,alsace-220101.geoparquet,retrouvee,False,3.8167632154393156,False,matched,2,0,1,0,1,True,True,3,3,True,True,False,cycleway_trajectoires_et_acces_a_verifier,True,False,False,False,cycleway,,,,,,,,,,yes,,evalue,7.0,6.0,1.0,False,27.14553007861768
2022,202200018447,EDPM,En agglomération,cycleway,256339821,ile-de-france-220101.geoparquet,ile-de-france-220101.geoparquet,retrouvee,False,0.06028807509159478,False,matched,2,0,1,0,1,True,True,3,3,True,True,True,cycleway_trajectoires_et_acces_a_verifier,True,False,False,False,cycleway,,,,asphalt,,on_street,,,,yes,Boulevard Auguste Blanqui,evalue,5.0,5.0,3.0,True,0.992249748537938
2022,202200018763,EDPM,Hors agglomération,primary,255792458,provence-alpes-cote-d-azur-220101.geoparquet,provence-alpes-cote-d-azur-220101.geoparquet,retrouvee,False,11.823048842555409,False,matched,1,0,0,0,0,False,False,1,7,True,False,True,route_hors_agglo_autorisation_locale_a_verifier,False,True,False,False,primary,,,,asphalt,,lane,,,,,Route de l'Almanarre,evalue,1.0,0.0,0.0,False,
2022,202200019525,EDPM,Hors agglomération,secondary,229996940,centre-220101.geoparquet,centre-220101.geoparquet,retrouvee,False,6.884285555982923,False,matched,2,0,1,0,1,True,True,1,6,True,False,True,route_hors_agglo_autorisation_locale_a_verifier,False,True,False,False,secondary,,,,,,,,lane,,,Route Nationale,evalue,1.0,1.0,1.0,True,7.719980277874343
2022,202200021116,EDPM,Hors agglomération,tertiary,366633226,rhone-alpes-220101.geoparquet,rhone-alpes-220101.geoparquet,retrouvee,False,0.2434585283486108,False,matched,2,0,1,0,1,True,True,1,1,True,False,True,route_hors_agglo_autorisation_locale_a_verifier,False,True,False,False,tertiary,,yes,,asphalt,excellent,no,,,80,yes,Route d'Annecy,evalue,1.0,1.0,1.0,False,33.950400863523406
2022,202200021458,EDPM,Hors agglomération,secondary,294735684,nord-pas-de-calais-220101.geoparquet,nord-pas-de-calais-220101.geoparquet,retrouvee,False,6.13243443001957,False,matched,2,0,1,0,1,True,True,1,3,True,False,False,route_hors_agglo_autorisation_locale_a_verifier,False,True,False,False,secondary,,,,asphalt,,,,,50,no,Rue de Pérenchies,evalue,0.0,0.0,0.0,False,
2022,202200021480,EDPM,Hors agglomération,tertiary,594570167,lorraine-220101.geoparquet,lorraine-220101.geoparquet,retrouvee,False,1.7447692274640758,False,matched,2,0,1,0,1,True,True,1,1,True,False,False,route_hors_agglo_autorisation_locale_a_verifier,False,True,False,False,tertiary,,,,,,,,,,,Rue du Faisceau,evalue,1.0,1.0,1.0,False,16.335876877908518
2022,202200022051,EDPM,Hors agglomération,tertiary,37725733,basse-normandie-220101.geoparquet,basse-normandie-220101.geoparquet,retrouvee,False,0.31796851192205755,False,matched,2,0,1,0,1,True,True,1,3,True,False,False,route_hors_agglo_autorisation_locale_a_verifier,False,True,False,False,tertiary,,,,asphalt,,,,,,,Route des Cinq Chemins,evalue,3.0,2.0,2.0,True,5.257809685543165
2022,202200023044,EDPM,Hors agglomération,secondary,144703855,languedoc-roussillon-220101.geoparquet,languedoc-roussillon-220101.geoparquet,retrouvee,False,0.8622155669819267,False,matched,2,0,0,0,1,True,False,1,2,True,False,False,route_hors_agglo_autorisation_locale_a_verifier,False,True,False,False,secondary,,,,asphalt,,,,,,,Avenue de la Salanque,evalue,1.0,1.0,0.0,False,
2022,202200023049,EDPM,En agglomération,residential,159002124,lorraine-220101.geoparquet,lorraine-220101.geoparquet,retrouvee,False,34.58645802451211,True,matched,1,0,0,0,0,False,False,1,7,True,False,False,pas_de_conclusion_juridique_automatique,False,False,False,True,residential,,,,,,,,,,,Rue de la Ferme,,,,,False,
2022,202200023234,EDPM,Hors agglomération,residential,14643194,haute-normandie-220101.geoparquet,haute-normandie-220101.geoparquet,retrouvee,False,0.18891536270819329,False,matched,2,0,1,0,1,True,True,2,3,True,True,False,route_hors_agglo_autorisation_locale_a_verifier,False,True,False,False,residential,,,,asphalt,,,,,,,Rue des Érables,evalue,1.0,1.0,1.0,True,2.6902040434616965
2022,202200024339,EDPM,Hors agglomération,primary,195813890,rhone-alpes-220101.geoparquet,rhone-alpes-220101.geoparquet,retrouvee,False,2.1713888095579885,False,matched,2,0,1,0,1,True,True,6,2,True,True,True,route_hors_agglo_autorisation_locale_a_verifier,False,True,False,False,primary,,,,,,lane,,,,,,evalue,6.0,6.0,4.0,True,6.715538887803511
2022,202200025351,EDPM,Hors agglomération,tertiary,216157825,basse-normandie-220101.geoparquet,basse-normandie-220101.geoparquet,retrouvee,False,1.7603680076456807,False,matched,1,0,0,0,0,False,False,1,7,True,False,False,route_hors_agglo_autorisation_locale_a_verifier,False,True,False,False,tertiary,,,,,,,,,,,,evalue,1.0,1.0,1.0,False,12.408175834420542
2022,202200025530,EDPM,En agglomération,cycleway,492304837,pays-de-la-loire-220101.geoparquet,pays-de-la-loire-220101.geoparquet,retrouvee,False,0.9602365912004462,False,matched,2,0,1,0,1,True,True,1,3,True,False,False,cycleway_trajectoires_et_acces_a_verifier,True,False,False,False,cycleway,,,,,,,,,,yes,,evalue,7.0,6.0,4.0,False,10.406290661416115
2022,202200025905,EDPM,En agglomération,cycleway,308702019,bretagne-220101.geoparquet,bretagne-220101.geoparquet,retrouvee,False,2.852978290788677,False,matched,2,0,1,0,1,True,True,6,3,True,True,False,cycleway_trajectoires_et_acces_a_verifier,True,False,False,False,cycleway,,,,,,,,,,yes,,evalue,4.0,4.0,2.0,True,9.015612177324705
2022,202200025947,EDPM,Hors agglomération,trunk,8610027,centre-220101.geoparquet,centre-220101.geoparquet,retrouvee,False,0.7762991001913909,False,matched,2,0,1,0,1,True,True,1,3,True,False,False,route_hors_agglo_autorisation_locale_a_verifier,False,True,False,False,trunk,,,,,,,,,110,yes,,evalue,1.0,1.0,0.0,False,
2022,202200027114,EDPM,En agglomération,cycleway,491973163,pays-de-la-loire-220101.geoparquet,pays-de-la-loire-220101.geoparquet,retrouvee,False,12.331819250715423,False,matched,2,0,1,0,1,True,True,1,1,True,False,False,cycleway_trajectoires_et_acces_a_verifier,True,False,False,False,cycleway,,designated,,concrete,,,,,,yes,,evalue,3.0,2.0,1.0,False,85.40454222134544
2022,202200027512,EDPM,En agglomération,cycleway,238562949,alsace-220101.geoparquet,alsace-220101.geoparquet,retrouvee,False,0.739983742337618,False,matched,2,0,0,0,1,True,False,3,3,True,True,False,cycleway_trajectoires_et_acces_a_verifier,True,False,False,False,cycleway,,,,,,,,,,,,evalue,8.0,8.0,3.0,True,4.55004752599302
2022,202200027773,EDPM,En agglomération,residential,30713016,aquitaine-220101.geoparquet,aquitaine-220101.geoparquet,retrouvee,False,59.38166662382865,True,matched,2,0,0,0,0,False,False,1,3,True,False,False,pas_de_conclusion_juridique_automatique,False,False,False,True,residential,,,,,,,,,30,,Rue Duboué,,,,,False,
2022,202200027860,EDPM,Hors agglomération,secondary,420325884,nord-pas-de-calais-220101.geoparquet,nord-pas-de-calais-220101.geoparquet,retrouvee,False,0.619526137721093,False,matched,2,0,1,0,1,True,True,6,3,True,True,False,route_hors_agglo_autorisation_locale_a_verifier,False,True,False,False,secondary,,,,asphalt,,,,,,no,,evalue,2.0,2.0,2.0,True,3.2938149809399477
2022,202200028459,EDPM,En agglomération,cycleway,233482433,champagne-ardenne-220101.geoparquet,champagne-ardenne-220101.geoparquet,retrouvee,False,2.6690579196805766,False,matched,2,0,1,0,1,True,True,3,3,True,True,False,cycleway_trajectoires_et_acces_a_verifier,True,False,False,False,cycleway,,designated,,,,,,,,yes,,evalue,4.0,3.0,0.0,False,
2022,202200028963,EDPM,En agglomération,tertiary,43366519,ile-de-france-220101.geoparquet,ile-de-france-220101.geoparquet,retrouvee,False,39.583072071412836,True,matched,1,0,0,0,0,False,False,1,7,True,False,True,pas_de_conclusion_juridique_automatique,False,False,False,True,tertiary,,,,,,separate,,,,yes,,,,,,False,
2022,202200029084,EDPM,Hors agglomération,secondary,410240377,ile-de-france-220101.geoparquet,ile-de-france-220101.geoparquet,retrouvee,False,1.4399128162398862,False,matched,1,1,0,0,0,False,False,1,6,True,False,False,route_hors_agglo_autorisation_locale_a_verifier,False,True,False,False,secondary,,,,asphalt,,,,,80,yes,,evalue,1.0,1.0,0.0,False,
2022,202200029569,EDPM,En agglomération,cycleway,933349500,rhone-alpes-220101.geoparquet,rhone-alpes-220101.geoparquet,retrouvee,False,2.2681056375485413,False,matched,2,0,1,0,1,True,True,7,3,True,True,False,cycleway_trajectoires_et_acces_a_verifier,True,False,False,False,cycleway,,designated,,,,,,,,yes,,evalue,14.0,12.0,1.0,False,28.983906555020035
2022,202200030305,EDPM,En agglomération,cycleway,756230430,rhone-alpes-220101.geoparquet,rhone-alpes-220101.geoparquet,retrouvee,False,1.7518313271147081,False,matched,2,0,1,0,1,True,True,1,1,True,False,False,cycleway_trajectoires_et_acces_a_verifier,True,False,False,False,cycleway,,,,asphalt,,,,,,,Avenue Victor Hugo,evalue,6.0,5.0,1.0,False,21.092371921569296
2022,202200030940,EDPM,Hors agglomération,primary,154654297,provence-alpes-cote-d-azur-220101.geoparquet,provence-alpes-cote-d-azur-220101.geoparquet,retrouvee,False,0.5959760655667548,False,matched,2,0,1,0,1,True,True,1,2,True,False,False,route_hors_agglo_autorisation_locale_a_verifier,False,True,False,False,primary,,,,,,,,,90,,,evalue,0.0,0.0,0.0,False,
2022,202200031956,EDPM,Hors agglomération,secondary,140050294,languedoc-roussillon-220101.geoparquet,languedoc-roussillon-220101.geoparquet,retrouvee,False,0.5548951222519889,False,matched,2,0,1,0,1,True,True,3,3,True,True,False,route_hors_agglo_autorisation_locale_a_verifier,False,True,False,False,secondary,,,,asphalt,,,,,,yes,Avenue de Figuières,evalue,15.0,11.0,3.0,True,1.8456934218480818
2022,202200032003,EDPM,Hors agglomération,service,424844656,ile-de-france-220101.geoparquet,ile-de-france-220101.geoparquet,retrouvee,False,0.25360720478801946,False,matched,1,0,0,0,0,False,False,1,7,True,False,False,route_hors_agglo_autorisation_locale_a_verifier,False,True,False,False,service,,,,,,,,,,,,evalue,1.0,1.0,1.0,False,11.271356809182862
2022,202200032121,EDPM,Hors agglomération,secondary,486232768,pays-de-la-loire-220101.geoparquet,pays-de-la-loire-220101.geoparquet,retrouvee,False,1.580799519992555,False,matched,2,0,0,0,1,True,False,1,1,True,False,False,route_hors_agglo_autorisation_locale_a_verifier,False,True,False,False,secondary,,,,,,,,,50,,Route de Rochefort,evalue,1.0,1.0,1.0,False,12.5237800108626
2022,202200032283,EDPM,Hors agglomération,primary,388698253,rhone-alpes-220101.geoparquet,rhone-alpes-220101.geoparquet,retrouvee,False,1.0312371794288495,False,matched,1,0,0,0,0,False,False,1,6,True,False,False,route_hors_agglo_autorisation_locale_a_verifier,False,True,False,False,primary,,,,,,,,,80,,Route de Megève,evalue,2.0,2.0,1.0,False,17.030519068067832
2022,202200032406,EDPM,Hors agglomération,primary,502350261,provence-alpes-cote-d-azur-220101.geoparquet,provence-alpes-cote-d-azur-220101.geoparquet,retrouvee,False,1.5411375345366074,False,matched,2,0,1,0,1,True,True,1,2,True,False,True,route_hors_agglo_autorisation_locale_a_verifier,False,True,False,False,primary,,,,asphalt,,lane,,,70,,,evalue,0.0,0.0,0.0,False,
2022,202200033166,EDPM,Hors agglomération,primary,290036464,bourgogne-220101.geoparquet,bourgogne-220101.geoparquet,retrouvee,False,7.2428820297859415,False,matched,2,0,1,0,1,True,True,1,3,True,False,False,route_hors_agglo_autorisation_locale_a_verifier,False,True,False,False,primary,,,,asphalt,,,,,50,,Rue du Petit Mouësse,evalue,5.0,5.0,4.0,False,22.970520350564193
2022,202200033942,EDPM,Hors agglomération,residential,542073045,reunion-220101.geoparquet,reunion-220101.geoparquet,retrouvee,False,0.1684973702964538,False,matched,1,0,0,0,0,False,False,1,7,True,False,False,route_hors_agglo_autorisation_locale_a_verifier,False,True,False,False,residential,,,,,,,,,,no,Impasse du fruit rouge,evalue,0.0,0.0,0.0,False,
2022,202200033972,EDPM,En agglomération,residential,26471258,pays-de-la-loire-220101.geoparquet,pays-de-la-loire-220101.geoparquet,retrouvee,False,33.14421402509295,True,matched,2,0,1,0,1,True,True,3,3,True,True,True,pas_de_conclusion_juridique_automatique,False,False,False,True,residential,,,,asphalt,,no,,,50,,Impasse Deforge,,,,,False,
2022,202200033992,EDPM,En agglomération,cycleway,249716845,aquitaine-220101.geoparquet,aquitaine-220101.geoparquet,retrouvee,False,0.27588738814452224,False,matched,2,0,1,0,1,True,True,1,3,True,False,False,cycleway_trajectoires_et_acces_a_verifier,True,False,False,False,cycleway,,,,asphalt,,,,,,no,,evalue,8.0,7.0,1.0,True,0.5011890712751723
2022,202200034957,EDPM,Hors agglomération,tertiary,218802514,basse-normandie-220101.geoparquet,basse-normandie-220101.geoparquet,retrouvee,False,9.919597437477167,False,matched,2,0,0,0,1,True,False,6,3,True,True,False,route_hors_agglo_autorisation_locale_a_verifier,False,True,False,False,tertiary,,,,asphalt,,,,,,,,evalue,4.0,4.0,4.0,False,10.376088086295326
2022,202200035118,EDPM,En agglomération,cycleway,530041291,ile-de-france-220101.geoparquet,ile-de-france-220101.geoparquet,retrouvee,False,1.332942571374967,False,matched,2,0,1,0,1,True,True,1,3,True,False,False,cycleway_trajectoires_et_acces_a_verifier,True,False,False,False,cycleway,,,,,,,,,,yes,Avenue Jean Jaurès,evalue,3.0,3.0,1.0,False,155.61809924166587
2022,202200035321,EDPM,En agglomération,residential,53255175,provence-alpes-cote-d-azur-220101.geoparquet,provence-alpes-cote-d-azur-220101.geoparquet,retrouvee,False,47.02488146171976,True,matched,2,0,0,0,1,True,False,1,1,True,False,False,pas_de_conclusion_juridique_automatique,False,False,False,True,residential,,,,,,,,,,,Boulevard Rey,,,,,False,
2022,202200035375,EDPM,En agglomération,cycleway,52719929,ile-de-france-220101.geoparquet,ile-de-france-220101.geoparquet,retrouvee,False,1.6363515189145772,False,matched,2,0,1,0,1,True,True,3,3,True,True,True,cycleway_trajectoires_et_acces_a_verifier,True,False,False,False,cycleway,,,no,,,sidewalk,,,,yes,Boulevard de la Villette,evalue,5.0,4.0,2.0,True,2.212547650240008
2022,202200035671,EDPM,Hors agglomération,primary,213926960,ile-de-france-220101.geoparquet,ile-de-france-220101.geoparquet,retrouvee,False,3.182254770303584,False,matched,2,0,0,0,0,False,False,1,6,True,False,False,route_hors_agglo_autorisation_locale_a_verifier,False,True,False,False,primary,,,,asphalt,,,,,90,yes,,evalue,1.0,1.0,0.0,False,
2022,202200035758,EDPM,En agglomération,cycleway,37097286,ile-de-france-220101.geoparquet,ile-de-france-220101.geoparquet,retrouvee,False,0.9478573288582972,False,matched,2,0,0,0,1,True,False,1,3,True,False,False,cycleway_trajectoires_et_acces_a_verifier,True,False,False,False,cycleway,,,,,,,,,,yes,,evalue,3.0,2.0,0.0,False,
2022,202200036652,EDPM,En agglomération,cycleway,316508927,champagne-ardenne-220101.geoparquet,champagne-ardenne-220101.geoparquet,retrouvee,False,3.0607432863005934,False,matched,2,0,1,0,1,True,True,1,3,True,False,False,cycleway_trajectoires_et_acces_a_verifier,True,False,False,False,cycleway,,,,,,,,,,yes,,evalue,9.0,6.0,2.0,True,6.280840996850695
2022,202200036668,EDPM,En agglomération,cycleway,779254895,provence-alpes-cote-d-azur-220101.geoparquet,provence-alpes-cote-d-azur-220101.geoparquet,retrouvee,False,0.3468652453351108,False,matched,2,0,1,0,1,True,True,1,3,True,False,False,cycleway_trajectoires_et_acces_a_verifier,True,False,False,False,cycleway,,,,concrete,,,,,,no,,evalue,7.0,4.0,2.0,True,1.875200794944455
2022,202200036799,EDPM,En agglomération,cycleway,840286527,ile-de-france-220101.geoparquet,ile-de-france-220101.geoparquet,retrouvee,False,2.4894638468734214,False,matched,2,0,1,0,1,True,True,2,3,True,True,True,cycleway_trajectoires_et_acces_a_verifier,True,False,False,False,cycleway,,,,asphalt,,on_street,,,,no,Avenue Ferdinand Buisson,evalue,7.0,6.0,6.0,True,4.44230883487578
2022,202200036910,EDPM,Hors agglomération,secondary,117048042,alsace-220101.geoparquet,alsace-220101.geoparquet,retrouvee,False,0.5659263942101757,False,matched,2,0,1,0,1,True,True,1,3,True,False,False,route_hors_agglo_autorisation_locale_a_verifier,False,True,False,False,secondary,,,,,,,,,,,Route de Brumath,evalue,3.0,2.0,1.0,False,65.0235349869697
2022,202200037244,EDPM,En agglomération,,,centre-220101.geoparquet,centre-220101.geoparquet,osm_way_id_absent,False,,True,unmatched,1,0,0,0,0,False,False,3,6,True,True,False,pas_de_conclusion_juridique_automatique,False,False,False,True,,,,,,,,,,,,,,,,,False,
2022,202200037251,EDPM,En agglomération,cycleway,305061175,ile-de-france-220101.geoparquet,ile-de-france-220101.geoparquet,retrouvee,False,3.102105646676386,False,matched,2,0,1,0,1,True,True,1,6,True,False,False,cycleway_trajectoires_et_acces_a_verifier,True,False,False,False,cycleway,,,,,,,,,,yes,Avenue de Paris,evalue,8.0,6.0,1.0,False,22.09378577673599
2022,202200037326,EDPM,En agglomération,residential,192960358,centre-220101.geoparquet,centre-220101.geoparquet,retrouvee,False,48.77259828063111,True,matched,1,0,0,0,0,False,False,1,7,True,False,True,pas_de_conclusion_juridique_automatique,False,False,False,True,residential,,,,asphalt,,opposite_lane,,,30,yes,Rue Émile Zola,,,,,False,
2022,202200037525,EDPM,En agglomération,cycleway,923779233,rhone-alpes-220101.geoparquet,rhone-alpes-220101.geoparquet,retrouvee,False,2.2205247468636884,False,matched,2,0,1,0,1,True,True,3,3,True,True,False,cycleway_trajectoires_et_acces_a_verifier,True,False,False,False,cycleway,,designated,,,,,,,,yes,,evalue,2.0,1.0,1.0,False,44.52346315657178
2022,202200037945,EDPM,Hors agglomération,tertiary,41644868,rhone-alpes-220101.geoparquet,rhone-alpes-220101.geoparquet,retrouvee,False,13.260796312968363,False,matched,1,0,0,0,0,False,False,1,6,True,False,False,route_hors_agglo_autorisation_locale_a_verifier,False,True,False,False,tertiary,,,,asphalt,,,,,30,,Rue Henri Wallon,evalue,1.0,1.0,0.0,False,
2022,202200039469,EDPM,En agglomération,cycleway,753422603,pays-de-la-loire-220101.geoparquet,pays-de-la-loire-220101.geoparquet,retrouvee,False,5.143451603443642,False,matched,2,0,1,0,1,True,True,2,3,True,True,False,cycleway_trajectoires_et_acces_a_verifier,True,False,False,False,cycleway,,,,asphalt,,,,,,yes,,evalue,5.0,4.0,1.0,False,11.464848337797768
2022,202200041077,EDPM,Hors agglomération,secondary,971470608,ile-de-france-220101.geoparquet,ile-de-france-220101.geoparquet,retrouvee,False,0.11313279156569245,False,matched,2,0,1,0,1,True,True,6,3,True,True,False,route_hors_agglo_autorisation_locale_a_verifier,False,True,False,False,secondary,,,,asphalt,,,,,70,yes,,evalue,5.0,5.0,2.0,False,22.052643340070475
2022,202200041605,EDPM,En agglomération,cycleway,682124193,aquitaine-220101.geoparquet,aquitaine-220101.geoparquet,retrouvee,False,2.5066738440682084,False,matched,2,0,1,0,1,True,True,1,3,True,False,False,cycleway_trajectoires_et_acces_a_verifier,True,False,False,False,cycleway,,,,concrete,,,,,,no,,evalue,10.0,7.0,3.0,True,5.09493118011167
2022,202200041816,EDPM,En agglomération,cycleway,36948588,ile-de-france-220101.geoparquet,ile-de-france-220101.geoparquet,retrouvee,False,2.325271477422143,False,matched,2,0,1,0,1,True,True,1,3,True,False,False,cycleway_trajectoires_et_acces_a_verifier,True,False,False,False,cycleway,,,,asphalt,,,,,,yes,piste cyclable de la D19 - CD94,evalue,3.0,2.0,1.0,True,5.050546399313586
2022,202200042333,EDPM,En agglomération,cycleway,903761484,ile-de-france-220101.geoparquet,ile-de-france-220101.geoparquet,retrouvee,False,0.4100516790220564,False,matched,2,0,1,0,1,True,True,5,1,True,True,False,cycleway_trajectoires_et_acces_a_verifier,True,False,False,False,cycleway,,,,,,,,,,,,evalue,7.0,7.0,2.0,True,2.2387196214606786
2022,202200042686,EDPM,Hors agglomération,tertiary,4311594,rhone-alpes-220101.geoparquet,rhone-alpes-220101.geoparquet,retrouvee,False,0.5004980493219571,False,matched,1,0,0,0,0,False,False,1,6,True,False,True,route_hors_agglo_autorisation_locale_a_verifier,False,True,False,False,tertiary,,,,asphalt,,,lane,,50,,Avenue Debourg,evalue,1.0,0.0,0.0,False,
2022,202200043601,EDPM,En agglomération,cycleway,305061173,ile-de-france-220101.geoparquet,ile-de-france-220101.geoparquet,retrouvee,False,5.2695131532435155,False,matched,2,0,0,0,1,True,False,1,2,True,False,False,cycleway_trajectoires_et_acces_a_verifier,True,False,False,False,cycleway,,,,,,,,,,yes,,evalue,4.0,2.0,0.0,False,
2022,202200043831,EDPM,Hors agglomération,tertiary,800467321,provence-alpes-cote-d-azur-220101.geoparquet,provence-alpes-cote-d-azur-220101.geoparquet,retrouvee,False,0.4077650596522872,False,matched,2,0,1,0,1,True,True,3,3,True,True,False,route_hors_agglo_autorisation_locale_a_verifier,False,True,False,False,tertiary,,,,asphalt,,,,,,yes,Rue de Nice,evalue,5.0,5.0,4.0,True,8.14457506792353
2022,202200044423,EDPM,En agglomération,cycleway,969470057,languedoc-roussillon-220101.geoparquet,languedoc-roussillon-220101.geoparquet,retrouvee,False,5.056346698858771,False,matched,2,0,1,0,1,True,True,3,1,True,True,False,cycleway_trajectoires_et_acces_a_verifier,True,False,False,False,cycleway,,designated,,,,,,,,yes,,evalue,8.0,5.0,1.0,False,12.603410489292841
2022,202200044512,EDPM,En agglomération,cycleway,700025491,poitou-charentes-220101.geoparquet,poitou-charentes-220101.geoparquet,retrouvee,False,4.474700219759351,False,matched,2,0,1,0,1,True,True,1,1,True,False,False,cycleway_trajectoires_et_acces_a_verifier,True,False,False,False,cycleway,,,,,,,,,,no,,evalue,2.0,2.0,0.0,False,
2022,202200044786,EDPM,Hors agglomération,unclassified,391046367,centre-220101.geoparquet,centre-220101.geoparquet,retrouvee,False,16.89226156561985,False,matched,1,0,0,0,0,False,False,1,7,True,False,False,route_hors_agglo_autorisation_locale_a_verifier,False,True,False,False,unclassified,,,,,,,,,,,Chemin du Moulin du Porteau,evalue,0.0,0.0,0.0,False,
2022,202200045241,EDPM,En agglomération,cycleway,95686081,rhone-alpes-220101.geoparquet,rhone-alpes-220101.geoparquet,retrouvee,False,0.5414072409458947,False,matched,2,0,0,0,1,True,False,1,3,True,False,False,cycleway_trajectoires_et_acces_a_verifier,True,False,False,False,cycleway,,,,asphalt,,,,,,,Allée du Rondeau,evalue,1.0,1.0,1.0,True,1.0236930057515872
2022,202200045868,EDPM,Hors agglomération,primary,39610868,rhone-alpes-220101.geoparquet,rhone-alpes-220101.geoparquet,retrouvee,False,3.53206789455151,False,matched,2,0,1,0,1,True,True,6,3,True,True,True,route_hors_agglo_autorisation_locale_a_verifier,False,True,False,False,primary,,,,asphalt,,,,no,,,,evalue,4.0,4.0,4.0,True,8.382781224637357
2022,202200046457,EDPM,Hors agglomération,primary,117507918,alsace-220101.geoparquet,alsace-220101.geoparquet,retrouvee,False,1.3075765034465174,False,matched,2,0,0,0,0,False,False,1,2,True,False,True,route_hors_agglo_autorisation_locale_a_verifier,False,True,False,False,primary,,,,,,lane,,,,no,Rue des Trois Maires,evalue,2.0,2.0,2.0,True,8.000719446292546
2022,202200046544,EDPM,En agglomération,cycleway,881921774,ile-de-france-220101.geoparquet,ile-de-france-220101.geoparquet,retrouvee,False,0.8440111139095227,False,matched,2,0,0,0,1,True,False,2,3,True,True,False,cycleway_trajectoires_et_acces_a_verifier,True,False,False,False,cycleway,,,,asphalt,,,,,,,Rue de Vaugirard,evalue,5.0,4.0,4.0,True,2.7779222173152824
2022,202200046775,EDPM,Hors agglomération,secondary,56995358,provence-alpes-cote-d-azur-220101.geoparquet,provence-alpes-cote-d-azur-220101.geoparquet,retrouvee,False,0.3174811483124936,False,matched,2,0,1,0,1,True,True,6,3,True,True,False,route_hors_agglo_autorisation_locale_a_verifier,False,True,False,False,secondary,,,,,,,,,,yes,Route d'Avignon,evalue,5.0,5.0,3.0,True,4.287740217984716
2022,202200046808,EDPM,Hors agglomération,unclassified,974372428,aquitaine-220101.geoparquet,aquitaine-220101.geoparquet,retrouvee,False,3.680643997017403,False,matched,2,0,1,0,1,True,True,1,1,True,False,False,route_hors_agglo_autorisation_locale_a_verifier,False,True,False,False,unclassified,,,,,,,,,,,Route de la Pichardie,evalue,2.0,1.0,1.0,False,22.079421933955036
2022,202200047460,EDPM,Hors agglomération,unclassified,439792891,rhone-alpes-220101.geoparquet,rhone-alpes-220101.geoparquet,retrouvee,False,0.45154165391308687,False,matched,2,0,1,0,1,True,True,6,3,True,True,False,route_hors_agglo_autorisation_locale_a_verifier,False,True,False,False,unclassified,,,,asphalt,,,,,,yes,Rue Denis Papin,evalue,11.0,9.0,2.0,False,12.833299121447572
2022,202200047847,EDPM,En agglomération,residential,27488514,champagne-ardenne-220101.geoparquet,champagne-ardenne-220101.geoparquet,retrouvee,False,32.476431823848316,True,matched,2,0,1,0,1,True,True,2,1,True,True,False,pas_de_conclusion_juridique_automatique,False,False,False,True,residential,,,,asphalt,,,,,30,yes,Rue Clovis,,,,,False,
2022,202200048174,EDPM,En agglomération,cycleway,32205959,midi-pyrenees-220101.geoparquet,midi-pyrenees-220101.geoparquet,retrouvee,False,0.026627503834411488,False,matched,2,0,1,0,1,True,True,2,3,True,True,False,cycleway_trajectoires_et_acces_a_verifier,True,False,False,False,cycleway,,,,asphalt,,,,,,,,evalue,10.0,6.0,2.0,True,5.1106424736144005
2022,202200048841,EDPM,En agglomération,tertiary,66767132,ile-de-france-220101.geoparquet,ile-de-france-220101.geoparquet,retrouvee,False,60.80026826161115,True,matched,1,0,0,0,0,False,False,2,7,True,True,True,pas_de_conclusion_juridique_automatique,False,False,False,True,tertiary,,,,asphalt,,,opposite_share_busway,share_busway,30,yes,Rue Étienne Marcel,,,,,False,
2022,202200049016,EDPM,Hors agglomération,primary,229383980,haute-normandie-220101.geoparquet,haute-normandie-220101.geoparquet,retrouvee,False,3.0503904189330373,False,matched,2,0,1,0,1,True,True,6,1,True,True,False,route_hors_agglo_autorisation_locale_a_verifier,False,True,False,False,primary,,,,asphalt,,,,,70,,Rond-Point aux Vaches,evalue,6.0,6.0,4.0,True,3.3969677273109915
2022,202200049269,EDPM,Hors agglomération,service,530068135,rhone-alpes-220101.geoparquet,rhone-alpes-220101.geoparquet,retrouvee,False,0.4291443352050586,False,matched,2,0,1,0,1,True,True,1,3,True,False,False,route_hors_agglo_autorisation_locale_a_verifier,False,True,False,False,service,,,,,,,,,,,,evalue,7.0,7.0,1.0,True,5.692343747039248
2022,202200049685,EDPM,En agglomération,service,278509342,ile-de-france-220101.geoparquet,ile-de-france-220101.geoparquet,retrouvee,False,33.96897634115437,True,matched,2,0,0,0,0,False,False,1,1,True,False,False,pas_de_conclusion_juridique_automatique,False,False,False,True,service,private,,,,,,,,,yes,Rue des Écluses,,,,,False,
2022,202200049794,EDPM,Hors agglomération,tertiary,289088725,bourgogne-220101.geoparquet,bourgogne-220101.geoparquet,retrouvee,False,1.017597549253939,False,matched,3,0,2,0,2,True,True,1,4,True,False,False,route_hors_agglo_autorisation_locale_a_verifier,False,True,False,False,tertiary,,,,,,,,,,,,evalue,1.0,0.0,0.0,False,
2022,202200050660,EDPM,En agglomération,residential,15919440,ile-de-france-220101.geoparquet,ile-de-france-220101.geoparquet,retrouvee,False,34.750486676735704,True,matched,2,0,0,0,1,True,False,1,2,True,False,False,pas_de_conclusion_juridique_automatique,False,False,False,True,residential,private,,,sett,,,,,30,,Villa Letellier,,,,,False,
2022,202200050832,EDPM,En agglomération,cycleway,844039616,ile-de-france-220101.geoparquet,ile-de-france-220101.geoparquet,retrouvee,False,0.2189339296439537,False,matched,2,0,1,0,1,True,True,3,3,True,True,False,cycleway_trajectoires_et_acces_a_verifier,True,False,False,False,cycleway,,,,asphalt,,,,,,yes,Rue de Vaugirard,evalue,8.0,6.0,3.0,True,0.5345317178965122
2022,202200051468,EDPM,En agglomération,cycleway,114540111,ile-de-france-220101.geoparquet,ile-de-france-220101.geoparquet,retrouvee,False,0.6149852566134613,False,matched,2,0,0,0,1,True,False,3,1,True,True,False,cycleway_trajectoires_et_acces_a_verifier,True,False,False,False,cycleway,,,,,,,,,,,,evalue,5.0,3.0,3.0,True,1.3817402920921442
2022,202200051550,EDPM,En agglomération,living_street,224633399,pays-de-la-loire-220101.geoparquet,pays-de-la-loire-220101.geoparquet,retrouvee,False,75.76933883052698,True,matched,1,1,0,0,0,False,False,1,6,True,False,True,pas_de_conclusion_juridique_automatique,False,False,False,True,living_street,,,,asphalt,,opposite,,,20,yes,Rue Saint-Julien,,,,,False,
2022,202200051986,EDPM,Hors agglomération,residential,23269954,ile-de-france-220101.geoparquet,ile-de-france-220101.geoparquet,retrouvee,False,1.7689365070774454,False,matched,2,0,1,0,1,True,True,1,1,True,False,True,route_hors_agglo_autorisation_locale_a_verifier,False,True,False,False,residential,,,,asphalt,,opposite,,,30,yes,Rue du Maine,evalue,1.0,1.0,1.0,True,9.061341576528084
2022,202200052333,EDPM,Hors agglomération,secondary,26758288,provence-alpes-cote-d-azur-220101.geoparquet,provence-alpes-cote-d-azur-220101.geoparquet,retrouvee,False,5.284421720958256,False,matched,1,0,0,0,0,False,False,1,7,True,False,False,route_hors_agglo_autorisation_locale_a_verifier,False,True,False,False,secondary,,,,,,,,,,,,evalue,0.0,0.0,0.0,False,
2022,202200052961,EDPM,Hors agglomération,residential,164212688,rhone-alpes-220101.geoparquet,rhone-alpes-220101.geoparquet,retrouvee,False,2.981635267188878,False,matched,2,0,1,0,1,True,True,3,3,True,True,False,route_hors_agglo_autorisation_locale_a_verifier,False,True,False,False,residential,,,,asphalt,,,,,50,,Rue Pierre Montet,evalue,4.0,4.0,1.0,True,7.9223311893867026
2022,202200054024,EDPM,En agglomération,cycleway,571113319,pays-de-la-loire-220101.geoparquet,pays-de-la-loire-220101.geoparquet,retrouvee,False,2.9126768319061087,False,matched,2,0,1,0,1,True,True,3,3,True,True,False,cycleway_trajectoires_et_acces_a_verifier,True,False,False,False,cycleway,,,,,,,,,,yes,Boulevard Pierre Lefaucheux,evalue,6.0,6.0,2.0,True,6.29001788780849
2022,202200054072,EDPM,Hors agglomération,unclassified,32913098,pays-de-la-loire-220101.geoparquet,pays-de-la-loire-220101.geoparquet,retrouvee,False,0.27033833026813303,False,matched,2,0,1,0,1,True,True,3,3,True,True,False,route_hors_agglo_autorisation_locale_a_verifier,False,True,False,False,unclassified,,,,,,,,,,,Route de l'Epinay,evalue,1.0,1.0,1.0,True,0.44575558621356676
2022,202200055035,EDPM,Hors agglomération,unclassified,885168143,bretagne-220101.geoparquet,bretagne-220101.geoparquet,retrouvee,False,3.615554614626731,False,matched,1,0,0,0,0,False,False,1,6,True,False,False,route_hors_agglo_autorisation_locale_a_verifier,False,True,False,False,unclassified,,,,,,,,,,,,evalue,0.0,0.0,0.0,False,
2022,202200000194,CYCLO,En agglomération,cycleway,889550265,ile-de-france-220101.geoparquet,ile-de-france-220101.geoparquet,retrouvee,False,0.307106668564553,False,matched,3,0,1,1,2,True,True,2,5,True,True,False,cycleway_trajectoires_et_acces_a_verifier,False,False,True,False,cycleway,,,,asphalt,,,,,,yes,Avenue Gambetta,evalue,4.0,3.0,2.0,True,0.8459881896078186
2022,202200002081,CYCLO,En agglomération,cycleway,894000142,ile-de-france-220101.geoparquet,ile-de-france-220101.geoparquet,retrouvee,False,2.808169249587,False,matched,2,0,0,1,1,True,False,1,3,True,False,False,cycleway_trajectoires_et_acces_a_verifier,False,False,True,False,cycleway,,yes,,asphalt,,,,,,yes,Avenue Jean Lolive,evalue,3.0,2.0,0.0,False,
2022,202200004100,CYCLO,Hors agglomération,primary,37914107,reunion-220101.geoparquet,reunion-220101.geoparquet,retrouvee,False,99.32143982708735,True,matched,1,0,0,1,0,False,False,4,7,True,True,False,pas_de_conclusion_juridique_automatique,False,False,False,True,primary,,no,,asphalt,,,,,70,yes,,,,,,False,
2022,202200004615,CYCLO,Hors agglomération,,,polynesie-francaise-220101.geoparquet,polynesie-francaise-220101.geoparquet,osm_way_id_absent,False,,True,unmatched,2,0,0,1,1,True,False,1,3,True,False,False,pas_de_conclusion_juridique_automatique,False,False,False,True,,,,,,,,,,,,,,,,,False,
2022,202200004729,CYCLO,En agglomération,cycleway,99059493,pays-de-la-loire-220101.geoparquet,pays-de-la-loire-220101.geoparquet,retrouvee,False,0.25113006981660224,False,matched,1,0,0,1,0,False,False,6,6,True,True,False,cycleway_trajectoires_et_acces_a_verifier,False,False,True,False,cycleway,,,,,,,,,,,,evalue,4.0,2.0,1.0,True,3.322367648832583
2022,202200005216,CYCLO,En agglomération,residential,56195001,provence-alpes-cote-d-azur-220101.geoparquet,provence-alpes-cote-d-azur-220101.geoparquet,retrouvee,False,54.74589856243245,True,matched,1,2,0,1,0,False,False,3,6,True,True,True,pas_de_conclusion_juridique_automatique,False,False,False,True,residential,,,,paving_stones,,opposite,,,30,yes,Rue Francis Davso,,,,,False,
2022,202200006234,CYCLO,En agglomération,,,polynesie-francaise-220101.geoparquet,polynesie-francaise-220101.geoparquet,osm_way_id_absent,False,,True,unmatched,3,0,2,1,2,True,True,1,1,True,False,False,pas_de_conclusion_juridique_automatique,False,False,False,True,,,,,,,,,,,,,,,,,False,
2022,202200006471,CYCLO,Hors agglomération,,,polynesie-francaise-220101.geoparquet,polynesie-francaise-220101.geoparquet,osm_way_id_absent,False,,True,unmatched,1,0,0,1,0,False,False,1,1,True,False,False,pas_de_conclusion_juridique_automatique,False,False,False,True,,,,,,,,,,,,,,,,,False,
2022,202200006598,CYCLO,Hors agglomération,cycleway,605409601,rhone-alpes-220101.geoparquet,rhone-alpes-220101.geoparquet,retrouvee,False,0.13633481463188682,False,matched,2,0,1,1,1,True,True,1,2,True,False,False,cycleway_trajectoires_et_acces_a_verifier,False,False,True,False,cycleway,,,,asphalt,,,,,,yes,,evalue,7.0,5.0,2.0,True,1.9539630431765298
2022,202200007083,CYCLO,En agglomération,,,polynesie-francaise-220101.geoparquet,polynesie-francaise-220101.geoparquet,osm_way_id_absent,False,,True,unmatched,2,0,0,2,0,False,False,1,1,True,False,False,pas_de_conclusion_juridique_automatique,False,False,False,True,,,,,,,,,,,,,,,,,False,
2022,202200008113,CYCLO,Hors agglomération,primary,743321146,polynesie-francaise-220101.geoparquet,polynesie-francaise-220101.geoparquet,retrouvee,False,90.5631832599451,True,matched,2,0,1,1,1,True,True,1,1,True,False,False,pas_de_conclusion_juridique_automatique,False,False,False,True,primary,,,,paved,,,,,,no,Route de Ceinture Est,,,,,False,
2022,202200008565,CYCLO,En agglomération,cycleway,901237235,champagne-ardenne-220101.geoparquet,champagne-ardenne-220101.geoparquet,retrouvee,False,1.9065654823405573,False,matched,2,0,0,1,1,True,False,6,2,True,True,False,cycleway_trajectoires_et_acces_a_verifier,False,False,True,False,cycleway,,,,asphalt,,,,,,,,evalue,9.0,4.0,2.0,True,4.91086415340149
2022,202200008954,CYCLO,Hors agglomération,cycleway,4407101,basse-normandie-220101.geoparquet,basse-normandie-220101.geoparquet,retrouvee,False,34.7846825743138,True,matched,2,0,1,1,1,True,True,1,3,True,False,False,cycleway_trajectoires_et_acces_a_verifier,False,False,True,True,cycleway,,,,,,,,,,,,evalue,0.0,0.0,0.0,False,
2022,202200009284,CYCLO,En agglomération,cycleway,647658375,ile-de-france-220101.geoparquet,ile-de-france-220101.geoparquet,retrouvee,False,2.161649626690577,False,matched,1,1,0,1,0,False,False,1,6,True,False,False,cycleway_trajectoires_et_acces_a_verifier,False,False,True,False,cycleway,,,,asphalt,,,,,,yes,,evalue,4.0,3.0,1.0,False,23.4631915634817
2022,202200009848,CYCLO,En agglomération,,,polynesie-francaise-220101.geoparquet,polynesie-francaise-220101.geoparquet,osm_way_id_absent,False,,True,unmatched,1,0,0,1,0,False,False,1,1,True,False,False,pas_de_conclusion_juridique_automatique,False,False,False,True,,,,,,,,,,,,,,,,,False,
2022,202200009933,CYCLO,Hors agglomération,cycleway,361283368,poitou-charentes-220101.geoparquet,poitou-charentes-220101.geoparquet,retrouvee,False,8.968228611861424,False,matched,2,0,0,1,0,False,False,1,1,True,False,False,cycleway_trajectoires_et_acces_a_verifier,False,False,True,False,cycleway,,,,,,,,,,,,evalue,4.0,4.0,2.0,False,69.78470970670188
2022,202200011035,CYCLO,En agglomération,cycleway,959878434,rhone-alpes-220101.geoparquet,rhone-alpes-220101.geoparquet,retrouvee,False,1.8160468879972862,False,matched,1,0,0,1,0,False,False,6,7,True,True,False,cycleway_trajectoires_et_acces_a_verifier,False,False,True,False,cycleway,,,,asphalt,,,,,,yes,,evalue,15.0,14.0,4.0,True,3.628175332091753
2022,202200012085,CYCLO,En agglomération,residential,66862347,languedoc-roussillon-220101.geoparquet,languedoc-roussillon-220101.geoparquet,retrouvee,False,30.989866190234075,True,matched,2,0,1,1,1,True,True,2,3,True,True,False,pas_de_conclusion_juridique_automatique,False,False,False,True,residential,,,,,,,,,,,Chemin de l'Ermitage,,,,,False,
2022,202200012293,CYCLO,En agglomération,primary,43904125,ile-de-france-220101.geoparquet,ile-de-france-220101.geoparquet,retrouvee,False,42.95952614571012,True,matched,1,1,0,1,0,False,False,5,6,True,True,True,pas_de_conclusion_juridique_automatique,False,False,False,True,primary,,,,asphalt,,,share_busway,,30,,Boulevard de l'Hôpital,,,,,False,
2022,202200013361,CYCLO,En agglomération,,,polynesie-francaise-220101.geoparquet,polynesie-francaise-220101.geoparquet,osm_way_id_absent,False,,True,unmatched,1,0,0,1,0,False,False,7,7,True,True,False,pas_de_conclusion_juridique_automatique,False,False,False,True,,,,,,,,,,,,,,,,,False,
2022,202200013512,CYCLO,En agglomération,cycleway,244970098,champagne-ardenne-220101.geoparquet,champagne-ardenne-220101.geoparquet,retrouvee,False,0.6343558231561767,False,matched,2,0,0,1,0,False,False,3,3,True,True,False,cycleway_trajectoires_et_acces_a_verifier,False,False,True,False,cycleway,,,,asphalt,,,,,,,,evalue,10.0,7.0,0.0,False,
2022,202200014349,CYCLO,En agglomération,cycleway,469463485,aquitaine-220101.geoparquet,aquitaine-220101.geoparquet,retrouvee,False,0.3936751800286481,False,matched,2,0,1,1,1,True,True,4,6,True,True,False,cycleway_trajectoires_et_acces_a_verifier,False,False,True,False,cycleway,,,,asphalt,,,,,,,,evalue,7.0,5.0,4.0,True,4.466546544816101
2022,202200015082,CYCLO,Hors agglomération,tertiary,23636820,corse-220101.geoparquet,corse-220101.geoparquet,retrouvee,False,57.11745378174338,True,matched,2,0,1,1,1,True,True,1,1,True,False,False,pas_de_conclusion_juridique_automatique,False,False,False,True,tertiary,,,,asphalt,,,,,,,Route de la Canonica,,,,,False,
2022,202200015278,CYCLO,En agglomération,cycleway,840633207,pays-de-la-loire-220101.geoparquet,pays-de-la-loire-220101.geoparquet,retrouvee,False,0.7081990350780648,False,matched,1,0,0,1,0,False,False,1,7,True,False,False,cycleway_trajectoires_et_acces_a_verifier,False,False,True,False,cycleway,,,,,,,,,,yes,,evalue,6.0,5.0,2.0,False,22.411227056945094
2022,202200015680,CYCLO,Hors agglomération,,,polynesie-francaise-220101.geoparquet,polynesie-francaise-220101.geoparquet,osm_way_id_absent,False,,True,unmatched,2,0,0,2,0,False,False,1,3,True,False,False,pas_de_conclusion_juridique_automatique,False,False,False,True,,,,,,,,,,,,,,,,,False,
2022,202200016244,CYCLO,En agglomération,cycleway,509591328,ile-de-france-220101.geoparquet,ile-de-france-220101.geoparquet,retrouvee,False,2.4181440615632224,False,matched,2,0,1,1,1,True,True,9,1,True,True,False,cycleway_trajectoires_et_acces_a_verifier,False,False,True,False,cycleway,,,,,,,,,,yes,,evalue,4.0,3.0,0.0,False,
2022,202200016428,CYCLO,En agglomération,track,444201453,polynesie-francaise-220101.geoparquet,polynesie-francaise-220101.geoparquet,retrouvee,False,46.77664338903985,True,matched,2,0,1,1,1,True,True,1,1,True,False,False,pas_de_conclusion_juridique_automatique,False,False,False,True,track,,,,,,,,,,,,,,,,False,
2022,202200018054,CYCLO,En agglomération,cycleway,882695304,aquitaine-220101.geoparquet,aquitaine-220101.geoparquet,retrouvee,False,0.6588569410941548,False,matched,2,0,0,1,1,True,False,1,6,True,False,False,cycleway_trajectoires_et_acces_a_verifier,False,False,True,False,cycleway,,,,asphalt,excellent,,,,,yes,,evalue,8.0,7.0,0.0,False,
2022,202200018130,CYCLO,En agglomération,,,polynesie-francaise-220101.geoparquet,polynesie-francaise-220101.geoparquet,osm_way_id_absent,False,,True,unmatched,1,0,0,1,0,False,False,1,7,True,False,False,pas_de_conclusion_juridique_automatique,False,False,False,True,,,,,,,,,,,,,,,,,False,
2022,202200018318,CYCLO,En agglomération,cycleway,952726321,alsace-220101.geoparquet,alsace-220101.geoparquet,retrouvee,False,2.6804601944014985,False,matched,2,0,1,1,1,True,True,1,2,True,False,False,cycleway_trajectoires_et_acces_a_verifier,False,False,True,False,cycleway,,,,asphalt,,,,,,,,evalue,4.0,3.0,2.0,True,3.4042190735989535
2022,202200018847,CYCLO,Hors agglomération,cycleway,354186124,bretagne-220101.geoparquet,bretagne-220101.geoparquet,retrouvee,False,1.8184539117163352,False,matched,2,0,1,1,1,True,True,1,2,True,False,False,cycleway_trajectoires_et_acces_a_verifier,False,False,True,False,cycleway,,,,asphalt,,,,,,,,evalue,1.0,1.0,0.0,False,
2022,202200019949,CYCLO,Hors agglomération,,,polynesie-francaise-220101.geoparquet,polynesie-francaise-220101.geoparquet,osm_way_id_absent,False,,True,unmatched,1,0,0,1,0,False,False,1,3,True,False,False,pas_de_conclusion_juridique_automatique,False,False,False,True,,,,,,,,,,,,,,,,,False,
2022,202200020695,CYCLO,En agglomération,track,525518079,polynesie-francaise-220101.geoparquet,polynesie-francaise-220101.geoparquet,retrouvee,False,76.01923246393338,True,matched,1,0,0,1,0,False,False,1,3,True,False,False,pas_de_conclusion_juridique_automatique,False,False,False,True,track,,,,,,,,,,,,,,,,False,
2022,202200021469,CYCLO,En agglomération,cycleway,770718617,ile-de-france-220101.geoparquet,ile-de-france-220101.geoparquet,retrouvee,False,0.4156948394453149,False,matched,2,0,1,1,1,True,True,1,2,True,False,False,cycleway_trajectoires_et_acces_a_verifier,False,False,True,False,cycleway,,,no,asphalt,,,,,,,,evalue,3.0,3.0,0.0,False,
2022,202200021513,CYCLO,En agglomération,cycleway,523870245,nord-pas-de-calais-220101.geoparquet,nord-pas-de-calais-220101.geoparquet,retrouvee,False,0.7744447191517744,False,matched,2,0,1,1,1,True,True,1,3,True,False,False,cycleway_trajectoires_et_acces_a_verifier,False,False,True,False,cycleway,,yes,,,,,,,,yes,,evalue,5.0,2.0,1.0,True,1.7704254572275246
2022,202200021845,CYCLO,En agglomération,,,polynesie-francaise-220101.geoparquet,polynesie-francaise-220101.geoparquet,osm_way_id_absent,False,,True,unmatched,2,0,0,1,1,True,False,1,1,True,False,False,pas_de_conclusion_juridique_automatique,False,False,False,True,,,,,,,,,,,,,,,,,False,
2022,202200022219,CYCLO,En agglomération,track,525518079,polynesie-francaise-220101.geoparquet,polynesie-francaise-220101.geoparquet,retrouvee,False,76.01923246393338,True,matched,1,0,0,1,0,False,False,1,1,True,False,False,pas_de_conclusion_juridique_automatique,False,False,False,True,track,,,,,,,,,,,,,,,,False,
2022,202200022446,CYCLO,En agglomération,track,525518079,polynesie-francaise-220101.geoparquet,polynesie-francaise-220101.geoparquet,retrouvee,False,76.01923246393338,True,matched,1,0,0,1,0,False,False,1,2,True,False,False,pas_de_conclusion_juridique_automatique,False,False,False,True,track,,,,,,,,,,,,,,,,False,
2022,202200023319,CYCLO,Hors agglomération,residential,423000081,reunion-220101.geoparquet,reunion-220101.geoparquet,retrouvee,False,47.02929211855225,True,matched,2,0,1,1,1,True,True,9,3,True,True,False,pas_de_conclusion_juridique_automatique,False,False,False,True,residential,,,,,,,,,,,Chemin la Chaîne,,,,,False,
2022,202200023612,CYCLO,En agglomération,cycleway,114037017,nord-pas-de-calais-220101.geoparquet,nord-pas-de-calais-220101.geoparquet,retrouvee,False,12.038260185134236,False,matched,1,0,0,1,0,False,False,1,6,True,False,False,cycleway_trajectoires_et_acces_a_verifier,False,False,True,False,cycleway,,,,,,,,,,yes,,evalue,2.0,1.0,1.0,False,339.9795662934095
2022,202200025345,CYCLO,Hors agglomération,cycleway,130053982,midi-pyrenees-220101.geoparquet,midi-pyrenees-220101.geoparquet,retrouvee,False,24.929886181769838,False,matched,1,0,0,1,0,False,False,1,7,True,False,False,cycleway_trajectoires_et_acces_a_verifier,False,False,True,False,cycleway,,,,,excellent,,,,,,,evalue,0.0,0.0,0.0,False,
2022,202200025711,CYCLO,En agglomération,residential,44646552,basse-normandie-220101.geoparquet,basse-normandie-220101.geoparquet,retrouvee,False,69.76908330743655,True,matched,2,0,0,2,0,False,False,1,3,True,False,False,pas_de_conclusion_juridique_automatique,False,False,False,True,residential,,,,,,,,,,,Rue des Capucines,,,,,False,
2022,202200025777,CYCLO,En agglomération,unclassified,310279745,provence-alpes-cote-d-azur-220101.geoparquet,provence-alpes-cote-d-azur-220101.geoparquet,retrouvee,False,41.19232078401973,True,matched,1,1,0,1,0,False,False,1,6,True,False,False,pas_de_conclusion_juridique_automatique,False,False,False,True,unclassified,,,,asphalt,,,,,50,,Montée des Vraies Richesses,,,,,False,
2022,202200026039,CYCLO,En agglomération,cycleway,393412186,pays-de-la-loire-220101.geoparquet,pays-de-la-loire-220101.geoparquet,retrouvee,False,1.8757160910833222,False,matched,2,0,1,1,1,True,True,1,3,True,False,False,cycleway_trajectoires_et_acces_a_verifier,False,False,True,False,cycleway,,,,,,,,,,yes,,evalue,2.0,1.0,1.0,False,21.704194921774562
2022,202200027262,CYCLO,En agglomération,,,polynesie-francaise-220101.geoparquet,polynesie-francaise-220101.geoparquet,osm_way_id_absent,False,,True,unmatched,2,0,0,1,0,False,False,1,1,True,False,False,pas_de_conclusion_juridique_automatique,False,False,False,True,,,,,,,,,,,,,,,,,False,
2022,202200027947,CYCLO,En agglomération,cycleway,25813634,alsace-220101.geoparquet,alsace-220101.geoparquet,retrouvee,False,2.066749096036952,False,matched,1,1,0,1,0,False,False,1,6,True,False,False,cycleway_trajectoires_et_acces_a_verifier,False,False,True,False,cycleway,,,,asphalt,,,,,,,,evalue,7.0,6.0,1.0,False,73.11375203037021
2022,202200028409,CYCLO,En agglomération,cycleway,217975469,provence-alpes-cote-d-azur-220101.geoparquet,provence-alpes-cote-d-azur-220101.geoparquet,retrouvee,False,1.3285026690040882,False,matched,1,1,0,1,0,False,False,1, -1,True,False,False,cycleway_trajectoires_et_acces_a_verifier,False,False,True,False,cycleway,,designated,,,,,,,,,,evalue,6.0,6.0,1.0,False,36.38039432184206
2022,202200028772,CYCLO,En agglomération,cycleway,52511653,ile-de-france-220101.geoparquet,ile-de-france-220101.geoparquet,retrouvee,False,16.258258143864897,False,matched,1,1,0,1,0,False,False,7,6,True,True,True,cycleway_trajectoires_et_acces_a_verifier,False,False,True,False,cycleway,,,,asphalt,,sidewalk,,,,yes,Boulevard Lefebvre,evalue,4.0,4.0,2.0,False,28.126426010753192
2022,202200029172,CYCLO,En agglomération,residential,236358075,mayotte-220101.geoparquet,mayotte-220101.geoparquet,retrouvee,False,33.43535574076164,True,matched,2,0,0,1,1,True,False,6,3,True,True,False,pas_de_conclusion_juridique_automatique,False,False,False,True,residential,,,,asphalt,,,,,,,,,,,,False,
2022,202200029613,CYCLO,En agglomération,,,polynesie-francaise-220101.geoparquet,polynesie-francaise-220101.geoparquet,osm_way_id_absent,False,,True,unmatched,2,0,1,1,1,True,True,1,1,True,False,False,pas_de_conclusion_juridique_automatique,False,False,False,True,,,,,,,,,,,,,,,,,False,
2022,202200029638,CYCLO,En agglomération,,,aquitaine-220101.geoparquet,aquitaine-220101.geoparquet,osm_way_id_absent,False,,True,unmatched,1,0,0,1,0,False,False,1,7,True,False,False,pas_de_conclusion_juridique_automatique,False,False,False,True,,,,,,,,,,,,,,,,,False,
2022,202200030131,CYCLO,En agglomération,,,polynesie-francaise-220101.geoparquet,polynesie-francaise-220101.geoparquet,osm_way_id_absent,False,,True,unmatched,2,0,0,1,1,True,False,1,1,True,False,False,pas_de_conclusion_juridique_automatique,False,False,False,True,,,,,,,,,,,,,,,,,False,
2022,202200032196,CYCLO,En agglomération,,,polynesie-francaise-220101.geoparquet,polynesie-francaise-220101.geoparquet,osm_way_id_absent,False,,True,unmatched,2,0,1,1,1,True,True,1,2,True,False,False,pas_de_conclusion_juridique_automatique,False,False,False,True,,,,,,,,,,,,,,,,,False,
2022,202200033489,CYCLO,En agglomération,,,polynesie-francaise-220101.geoparquet,polynesie-francaise-220101.geoparquet,osm_way_id_absent,False,,True,unmatched,3,0,1,1,2,True,True,1,1,True,False,False,pas_de_conclusion_juridique_automatique,False,False,False,True,,,,,,,,,,,,,,,,,False,
2022,202200033519,CYCLO,En agglomération,cycleway,509227362,bourgogne-220101.geoparquet,bourgogne-220101.geoparquet,retrouvee,False,0.4855154938553305,False,matched,1,0,0,1,0,False,False,1,6,True,False,False,cycleway_trajectoires_et_acces_a_verifier,False,False,True,False,cycleway,destination,yes,no,asphalt,,,,,,,Voie Cyclable de l'Ancienne Voie Ferrée,evalue,1.0,1.0,0.0,False,
2022,202200034087,CYCLO,En agglomération,,,polynesie-francaise-220101.geoparquet,polynesie-francaise-220101.geoparquet,osm_way_id_absent,False,,True,unmatched,1,0,0,1,0,False,False,1,7,True,False,False,pas_de_conclusion_juridique_automatique,False,False,False,True,,,,,,,,,,,,,,,,,False,
2022,202200034320,CYCLO,En agglomération,,,polynesie-francaise-220101.geoparquet,polynesie-francaise-220101.geoparquet,osm_way_id_absent,False,,True,unmatched,1,1,0,1,0,False,False,1,1,True,False,False,pas_de_conclusion_juridique_automatique,False,False,False,True,,,,,,,,,,,,,,,,,False,
2022,202200035296,CYCLO,En agglomération,,,polynesie-francaise-220101.geoparquet,polynesie-francaise-220101.geoparquet,osm_way_id_absent,False,,True,unmatched,2,0,1,1,1,True,True,9,3,True,True,False,pas_de_conclusion_juridique_automatique,False,False,False,True,,,,,,,,,,,,,,,,,False,
2022,202200035826,CYCLO,Hors agglomération,,,polynesie-francaise-220101.geoparquet,polynesie-francaise-220101.geoparquet,osm_way_id_absent,False,,True,unmatched,2,0,0,1,1,True,False,1,2,True,False,False,pas_de_conclusion_juridique_automatique,False,False,False,True,,,,,,,,,,,,,,,,,False,
2022,202200035975,CYCLO,En agglomération,cycleway,921329887,centre-220101.geoparquet,centre-220101.geoparquet,retrouvee,False,3.2228021923441053,False,matched,2,0,1,1,1,True,True,1,3,True,False,False,cycleway_trajectoires_et_acces_a_verifier,False,False,True,False,cycleway,,,,asphalt,,,,,,,,evalue,2.0,2.0,0.0,False,
2022,202200036638,CYCLO,En agglomération,cycleway,779254895,provence-alpes-cote-d-azur-220101.geoparquet,provence-alpes-cote-d-azur-220101.geoparquet,retrouvee,False,4.240075111353842,False,matched,1,1,0,1,0,False,False,1,1,True,False,False,cycleway_trajectoires_et_acces_a_verifier,False,False,True,False,cycleway,,,,concrete,,,,,,no,,evalue,2.0,2.0,2.0,False,10.737123927663625
2022,202200037189,CYCLO,Hors agglomération,cycleway,233485841,basse-normandie-220101.geoparquet,basse-normandie-220101.geoparquet,retrouvee,False,3.2759726381445056,False,matched,2,0,1,1,1,True,True,1,3,True,False,False,cycleway_trajectoires_et_acces_a_verifier,False,False,True,False,cycleway,,,,asphalt,intermediate,,,,,,,evalue,1.0,1.0,0.0,False,
2022,202200037592,CYCLO,Hors agglomération,service,385037170,aquitaine-220101.geoparquet,aquitaine-220101.geoparquet,retrouvee,False,55.58217614324855,True,matched,2,0,1,1,1,True,True,1,1,True,False,False,pas_de_conclusion_juridique_automatique,False,False,False,True,service,,,,,,,,,,,,,,,,False,
2022,202200038116,CYCLO,En agglomération,,,polynesie-francaise-220101.geoparquet,polynesie-francaise-220101.geoparquet,osm_way_id_absent,False,,True,unmatched,2,0,0,2,0,False,False,3,1,True,True,False,pas_de_conclusion_juridique_automatique,False,False,False,True,,,,,,,,,,,,,,,,,False,
2022,202200038899,CYCLO,En agglomération,cycleway,311642587,alsace-220101.geoparquet,alsace-220101.geoparquet,retrouvee,False,3.3592269833846085,False,matched,2,0,0,1,1,True,False,2,3,True,True,False,cycleway_trajectoires_et_acces_a_verifier,False,False,True,False,cycleway,,,,,,,,,,,,evalue,4.0,4.0,0.0,False,
2022,202200040152,CYCLO,En agglomération,cycleway,135049693,nord-pas-de-calais-220101.geoparquet,nord-pas-de-calais-220101.geoparquet,retrouvee,False,3.4650111695561465,False,matched,2,0,1,1,1,True,True,1,3,True,False,False,cycleway_trajectoires_et_acces_a_verifier,False,False,True,False,cycleway,,,,,,,,,,yes,,evalue,3.0,1.0,0.0,False,
2022,202200041089,CYCLO,En agglomération,cycleway,23152464,bretagne-220101.geoparquet,bretagne-220101.geoparquet,retrouvee,False,3.6364820906267257,False,matched,2,0,0,1,0,False,False,6,3,True,True,False,cycleway_trajectoires_et_acces_a_verifier,False,False,True,False,cycleway,,,,,,,,,,,,evalue,6.0,6.0,1.0,False,14.100234251243148
2022,202200041291,CYCLO,En agglomération,cycleway,39842854,centre-220101.geoparquet,centre-220101.geoparquet,retrouvee,False,0.5841583727601131,False,matched,2,0,1,1,1,True,True,2,3,True,True,False,cycleway_trajectoires_et_acces_a_verifier,False,False,True,False,cycleway,,,,,,,,,,,Rue de Bourges,evalue,9.0,8.0,2.0,True,4.575888708604457
2022,202200042605,CYCLO,En agglomération,,,polynesie-francaise-220101.geoparquet,polynesie-francaise-220101.geoparquet,osm_way_id_absent,False,,True,unmatched,1,0,0,1,0,False,False,1,7,True,False,False,pas_de_conclusion_juridique_automatique,False,False,False,True,,,,,,,,,,,,,,,,,False,
2022,202200042978,CYCLO,En agglomération,secondary,726773789,bourgogne-220101.geoparquet,bourgogne-220101.geoparquet,retrouvee,False,46.176456604343535,True,matched,2,0,0,2,0,False,False,1,2,True,False,False,pas_de_conclusion_juridique_automatique,False,False,False,True,secondary,,,,,,,,,50,,Boulevard Pasteur,,,,,False,
2022,202200043057,CYCLO,Hors agglomération,,,polynesie-francaise-220101.geoparquet,polynesie-francaise-220101.geoparquet,osm_way_id_absent,False,,True,unmatched,2,0,1,1,1,True,True,1,6,True,False,False,pas_de_conclusion_juridique_automatique,False,False,False,True,,,,,,,,,,,,,,,,,False,
2022,202200043629,CYCLO,En agglomération,service,34180306,reunion-220101.geoparquet,reunion-220101.geoparquet,retrouvee,False,52.43602626468579,True,matched,1,0,0,1,0,False,False,1,7,True,False,False,pas_de_conclusion_juridique_automatique,False,False,False,True,service,,,,,,,,,,,,,,,,False,
2022,202200044214,CYCLO,Hors agglomération,secondary,316354774,champagne-ardenne-220101.geoparquet,champagne-ardenne-220101.geoparquet,retrouvee,False,40.89776947138404,True,matched,1,0,0,1,0,False,False,1,7,True,False,False,pas_de_conclusion_juridique_automatique,False,False,False,True,secondary,,,,,,,,,,,,,,,,False,
2022,202200044839,CYCLO,En agglomération,track,444201453,polynesie-francaise-220101.geoparquet,polynesie-francaise-220101.geoparquet,retrouvee,False,46.77664338903985,True,matched,2,0,1,1,1,True,True,3,3,True,True,False,pas_de_conclusion_juridique_automatique,False,False,False,True,track,,,,,,,,,,,,,,,,False,
2022,202200045165,CYCLO,Hors agglomération,,,polynesie-francaise-220101.geoparquet,polynesie-francaise-220101.geoparquet,osm_way_id_absent,False,,True,unmatched,2,0,1,1,1,True,True,1,3,True,False,False,pas_de_conclusion_juridique_automatique,False,False,False,True,,,,,,,,,,,,,,,,,False,
2022,202200045338,CYCLO,En agglomération,cycleway,756230430,rhone-alpes-220101.geoparquet,rhone-alpes-220101.geoparquet,retrouvee,False,3.8887386069468617,False,matched,2,0,1,1,1,True,True,3,3,True,True,False,cycleway_trajectoires_et_acces_a_verifier,False,False,True,False,cycleway,,,,asphalt,,,,,,,Avenue Victor Hugo,evalue,6.0,6.0,1.0,True,6.896526146955186
2022,202200046861,CYCLO,Hors agglomération,tertiary,53586304,wallis-et-futuna-220101.geoparquet,wallis-et-futuna-220101.geoparquet,retrouvee,False,36.01208317484339,True,matched,1,0,0,1,0,False,False,1,7,True,False,False,pas_de_conclusion_juridique_automatique,False,False,False,True,tertiary,,,,,,,,,,,,,,,,False,
2022,202200047186,CYCLO,En agglomération,cycleway,834042119,ile-de-france-220101.geoparquet,ile-de-france-220101.geoparquet,retrouvee,False,0.5161584793093563,False,matched,2,0,1,1,1,True,True,3,3,True,True,False,cycleway_trajectoires_et_acces_a_verifier,False,False,True,False,cycleway,,,,asphalt,,,,,,yes,,evalue,8.0,7.0,1.0,True,1.8304523975717855
2022,202200047189,CYCLO,En agglomération,cycleway,834042117,ile-de-france-220101.geoparquet,ile-de-france-220101.geoparquet,retrouvee,False,0.3621172950544714,False,matched,2,0,1,1,1,True,True,2,3,True,True,False,cycleway_trajectoires_et_acces_a_verifier,False,False,True,False,cycleway,,,,asphalt,,,,,,yes,,evalue,5.0,4.0,3.0,True,3.0574422932816723
2022,202200048173,CYCLO,En agglomération,cycleway,133432987,ile-de-france-220101.geoparquet,ile-de-france-220101.geoparquet,retrouvee,False,0.056003377765576214,False,matched,2,0,1,1,1,True,True,1,3,True,False,False,cycleway_trajectoires_et_acces_a_verifier,False,False,True,False,cycleway,,,,,,,,,,yes,,evalue,6.0,5.0,1.0,True,7.346672244635964
2022,202200048501,CYCLO,En agglomération,cycleway,826233308,provence-alpes-cote-d-azur-220101.geoparquet,provence-alpes-cote-d-azur-220101.geoparquet,retrouvee,False,2.9694479110626264,False,matched,2,0,1,1,1,True,True,1,2,True,False,False,cycleway_trajectoires_et_acces_a_verifier,False,False,True,False,cycleway,,designated,,,,,,,,no,,evalue,9.0,7.0,1.0,False,21.499225428271405
2022,202200048719,CYCLO,Hors agglomération,,,basse-normandie-220101.geoparquet,basse-normandie-220101.geoparquet,osm_way_id_absent,False,,True,unmatched,1,0,0,1,0,False,False,1,7,True,False,False,pas_de_conclusion_juridique_automatique,False,False,False,True,,,,,,,,,,,,,,,,,False,
2022,202200049236,CYCLO,En agglomération,,,polynesie-francaise-220101.geoparquet,polynesie-francaise-220101.geoparquet,osm_way_id_absent,False,,True,unmatched,2,0,1,1,1,True,True,1,3,True,False,False,pas_de_conclusion_juridique_automatique,False,False,False,True,,,,,,,,,,,,,,,,,False,
2022,202200050985,CYCLO,En agglomération,residential,351541106,ile-de-france-220101.geoparquet,ile-de-france-220101.geoparquet,retrouvee,False,38.982411445621494,True,matched,1,1,0,1,0,False,False,1,6,True,False,False,pas_de_conclusion_juridique_automatique,False,False,False,True,residential,permissive,,,,,,,,,,Passage Marco Polo,,,,,False,
2022,202200051217,CYCLO,En agglomération,,,polynesie-francaise-220101.geoparquet,polynesie-francaise-220101.geoparquet,osm_way_id_absent,False,,True,unmatched,2,0,1,1,1,True,True,3,1,True,True,False,pas_de_conclusion_juridique_automatique,False,False,False,True,,,,,,,,,,,,,,,,,False,
2022,202200051509,CYCLO,Hors agglomération,cycleway,550891115,ile-de-france-220101.geoparquet,ile-de-france-220101.geoparquet,retrouvee,False,1.3501426330896065,False,matched,2,0,1,1,1,True,True,1,2,True,False,False,cycleway_trajectoires_et_acces_a_verifier,False,False,True,False,cycleway,,,,asphalt,,,,,,,,evalue,1.0,1.0,0.0,False,
2022,202200051988,CYCLO,En agglomération,cycleway,185194091,pays-de-la-loire-220101.geoparquet,pays-de-la-loire-220101.geoparquet,retrouvee,False,3.2873363599333936,False,matched,1,0,0,1,0,False,False,1,6,True,False,False,cycleway_trajectoires_et_acces_a_verifier,False,False,True,False,cycleway,,,,asphalt,,,,,,,,evalue,0.0,0.0,0.0,False,
2022,202200052546,CYCLO,Hors agglomération,,,auvergne-220101.geoparquet,auvergne-220101.geoparquet,osm_way_id_absent,False,,True,unmatched,2,0,1,1,1,True,True,1,6,True,False,False,pas_de_conclusion_juridique_automatique,False,False,False,True,,,,,,,,,,,,,,,,,False,
2022,202200052752,CYCLO,Hors agglomération,,,polynesie-francaise-220101.geoparquet,polynesie-francaise-220101.geoparquet,osm_way_id_absent,False,,True,unmatched,2,0,1,1,1,True,True,1,1,True,False,False,pas_de_conclusion_juridique_automatique,False,False,False,True,,,,,,,,,,,,,,,,,False,
2022,202200052873,CYCLO,Hors agglomération,primary,220773916,polynesie-francaise-220101.geoparquet,polynesie-francaise-220101.geoparquet,retrouvee,False,42.46843517857334,True,matched,1,0,0,1,0,False,False,1,1,True,False,False,pas_de_conclusion_juridique_automatique,False,False,False,True,primary,,,,paved,,,,,90,no,Route de ceinture,,,,,False,
2022,202200054145,CYCLO,En agglomération,cycleway,377267441,bretagne-220101.geoparquet,bretagne-220101.geoparquet,retrouvee,False,1.444931875081263,False,matched,2,0,0,2,0,False,False,1,3,True,False,False,cycleway_trajectoires_et_acces_a_verifier,False,False,True,False,cycleway,,,,,,,,,,yes,,evalue,2.0,1.0,1.0,False,10.243515881997713
2022,202200054513,CYCLO,Hors agglomération,track,170397290,mayotte-220101.geoparquet,mayotte-220101.geoparquet,retrouvee,False,64.49294225329221,True,matched,2,0,1,1,1,True,True,1,2,True,False,False,pas_de_conclusion_juridique_automatique,False,False,False,True,track,,,,,,,,,,,,,,,,False,
2022,202200055101,CYCLO,En agglomération,cycleway,32901002,centre-220101.geoparquet,centre-220101.geoparquet,retrouvee,False,3.0084327256094956,False,matched,2,0,1,1,1,True,True,4,3,True,True,False,cycleway_trajectoires_et_acces_a_verifier,False,False,True,False,cycleway,,,,,,,,,,,,evalue,7.0,3.0,0.0,False,
2023,202300000064,VELO,En agglomération,cycleway,755438348,aquitaine-230101.geoparquet,aquitaine-230101.geoparquet,retrouvee,False,4.669412748385555,False,matched,2,0,1,0,1,True,True,1,3,True,False,False,cycleway_trajectoires_et_acces_a_verifier,True,False,False,False,cycleway,,,,,,,,,,,,evalue,4.0,2.0,0.0,False,
2023,202300000279,VELO,En agglomération,cycleway,20337041,alsace-230101.geoparquet,alsace-230101.geoparquet,retrouvee,False,1.411648871732923,False,matched,2,0,1,0,1,True,True,3,3,True,True,False,cycleway_trajectoires_et_acces_a_verifier,True,False,False,False,cycleway,,,,asphalt,,,,,,no,Avenue Herrenschmidt,evalue,7.0,4.0,1.0,True,5.412612663737604
2023,202300000284,VELO,En agglomération,cycleway,1044271686,midi-pyrenees-230101.geoparquet,midi-pyrenees-230101.geoparquet,retrouvee,False,49.93591307421768,True,matched,2,1,1,0,1,True,True,9,6,True,True,False,cycleway_trajectoires_et_acces_a_verifier,True,False,False,True,cycleway,,,,,,,,,,,,evalue,0.0,0.0,0.0,False,
2023,202300000567,VELO,En agglomération,cycleway,316124587,rhone-alpes-230101.geoparquet,rhone-alpes-230101.geoparquet,retrouvee,False,0.8270588955465322,False,matched,2,0,0,0,1,True,False,8,3,True,True,False,cycleway_trajectoires_et_acces_a_verifier,True,False,False,False,cycleway,,designated,,asphalt,,,,,,,Rue de la Houille Blanche,evalue,3.0,3.0,0.0,False,
2023,202300000570,VELO,En agglomération,cycleway,1066155040,nord-pas-de-calais-230101.geoparquet,nord-pas-de-calais-230101.geoparquet,retrouvee,False,17.623267404001442,False,matched,2,0,1,0,1,True,True,4,1,True,True,True,cycleway_trajectoires_et_acces_a_verifier,True,False,False,False,cycleway,,,,,,crossing,,,,,,evalue,7.0,7.0,2.0,False,20.852374138789852
2023,202300000723,VELO,En agglomération,cycleway,1098741645,ile-de-france-230101.geoparquet,ile-de-france-230101.geoparquet,retrouvee,False,1.8243974380655394,False,matched,2,0,1,0,1,True,True,3,3,True,True,True,cycleway_trajectoires_et_acces_a_verifier,True,False,False,False,cycleway,,,,asphalt,,on_street,,,,no,Rue de Vaugirard,evalue,9.0,7.0,3.0,True,4.048489055358873
2023,202300001416,VELO,En agglomération,cycleway,228253041,ile-de-france-230101.geoparquet,ile-de-france-230101.geoparquet,retrouvee,False,0.18543849436639964,False,matched,2,0,1,0,1,True,True,2,1,True,True,True,cycleway_trajectoires_et_acces_a_verifier,True,False,False,False,cycleway,,,,asphalt,good,crossing,,,,,Boulevard de Magenta,evalue,13.0,10.0,3.0,True,9.509570258823375
2023,202300001568,VELO,En agglomération,primary,314123118,rhone-alpes-230101.geoparquet,rhone-alpes-230101.geoparquet,retrouvee,False,32.36796998320114,True,matched,2,0,0,0,1,True,False,1,1,True,False,True,pas_de_conclusion_juridique_automatique,False,False,False,True,primary,,,,asphalt,,,,share_busway,50,yes,,,,,,False,
2023,202300001634,VELO,En agglomération,cycleway,183786363,alsace-230101.geoparquet,alsace-230101.geoparquet,retrouvee,False,0.8933109497438116,False,matched,2,0,1,0,1,True,True,3,3,True,True,False,cycleway_trajectoires_et_acces_a_verifier,True,False,False,False,cycleway,,designated,,,,,,,,yes,Avenue du Rhin,evalue,9.0,7.0,1.0,True,3.6540574465866205
2023,202300001939,VELO,Hors agglomération,track,302430080,centre-230101.geoparquet,centre-230101.geoparquet,retrouvee,False,83.94715668080663,True,matched,2,0,1,0,1,True,True,1,3,True,False,False,pas_de_conclusion_juridique_automatique,False,False,False,True,track,,,,,,,,,,,,,,,,False,
2023,202300002184,VELO,En agglomération,cycleway,183973910,languedoc-roussillon-230101.geoparquet,languedoc-roussillon-230101.geoparquet,retrouvee,False,0.3763708832346734,False,matched,2,0,0,0,1,True,False,1,3,True,False,False,cycleway_trajectoires_et_acces_a_verifier,True,False,False,False,cycleway,,,,,,,,,,,,evalue,7.0,6.0,2.0,True,1.165510678168791
2023,202300002668,VELO,En agglomération,cycleway,757679287,ile-de-france-230101.geoparquet,ile-de-france-230101.geoparquet,retrouvee,False,42.8385191144208,True,matched,2,0,0,0,0,False,False,1,3,True,False,True,cycleway_trajectoires_et_acces_a_verifier,False,False,False,True,cycleway,,,,sett,,crossing,,,,,Place de la Concorde,,,,,False,
2023,202300002671,VELO,En agglomération,cycleway,721562491,ile-de-france-230101.geoparquet,ile-de-france-230101.geoparquet,retrouvee,False,0.5088821033099487,False,matched,2,0,0,0,1,True,False,3,3,True,True,True,cycleway_trajectoires_et_acces_a_verifier,True,False,False,False,cycleway,,,,asphalt,,crossing,,,,,Rue de Beaune,evalue,4.0,3.0,2.0,True,1.5219691573191596
2023,202300002853,VELO,En agglomération,cycleway,178762862,pays-de-la-loire-230101.geoparquet,pays-de-la-loire-230101.geoparquet,retrouvee,False,0.5754785030900157,False,matched,2,0,1,0,1,True,True,1,3,True,False,False,cycleway_trajectoires_et_acces_a_verifier,True,False,False,False,cycleway,,,,asphalt,,,,,,yes,,evalue,9.0,4.0,0.0,False,
2023,202300003011,VELO,En agglomération,service,284212999,pays-de-la-loire-230101.geoparquet,pays-de-la-loire-230101.geoparquet,retrouvee,False,58.03510299007521,True,matched,1,0,0,0,0,False,False,1,7,True,False,False,pas_de_conclusion_juridique_automatique,False,False,False,True,service,,,,,,,,,,no,,,,,,False,
2023,202300003434,VELO,En agglomération,unclassified,911262397,aquitaine-230101.geoparquet,aquitaine-230101.geoparquet,retrouvee,False,37.94722889542977,True,matched,2,0,1,0,1,True,True,3,3,True,True,False,pas_de_conclusion_juridique_automatique,False,False,False,True,unclassified,,,,asphalt,,,,,,,,,,,,False,
2023,202300003492,VELO,En agglomération,cycleway,313444013,bretagne-230101.geoparquet,bretagne-230101.geoparquet,retrouvee,False,2.2494317735471787,False,matched,2,0,1,0,1,True,True,6,3,True,True,False,cycleway_trajectoires_et_acces_a_verifier,True,False,False,False,cycleway,,,,asphalt,,,,,,,,evalue,10.0,9.0,4.0,True,4.538398924758895
2023,202300004104,VELO,En agglomération,cycleway,951490948,rhone-alpes-230101.geoparquet,rhone-alpes-230101.geoparquet,retrouvee,False,0.6944738733290706,False,matched,2,0,1,0,1,True,True,3,3,True,True,False,cycleway_trajectoires_et_acces_a_verifier,True,False,False,False,cycleway,,designated,no,asphalt,,,,,,no,,evalue,9.0,8.0,2.0,True,2.2177164179191604
2023,202300004234,VELO,En agglomération,cycleway,24985978,alsace-230101.geoparquet,alsace-230101.geoparquet,retrouvee,False,0.9278130421812599,False,matched,2,0,0,0,1,True,False,1,3,True,False,False,cycleway_trajectoires_et_acces_a_verifier,True,False,False,False,cycleway,,,,asphalt,,,,,,yes,,evalue,5.0,3.0,1.0,True,2.033770996121171
2023,202300004285,VELO,En agglomération,service,744111318,nord-pas-de-calais-230101.geoparquet,nord-pas-de-calais-230101.geoparquet,retrouvee,False,36.361562553745316,True,matched,1,1,0,0,0,False,False,1,6,True,False,False,pas_de_conclusion_juridique_automatique,False,False,False,True,service,,,,,,,,,,yes,,,,,,False,
2023,202300004518,VELO,Hors agglomération,,,polynesie-francaise-230101.geoparquet,polynesie-francaise-230101.geoparquet,osm_way_id_absent,False,,True,unmatched,2,0,1,0,1,True,True,3,3,True,True,False,pas_de_conclusion_juridique_automatique,False,False,False,True,,,,,,,,,,,,,,,,,False,
2023,202300004671,VELO,En agglomération,cycleway,571681334,ile-de-france-230101.geoparquet,ile-de-france-230101.geoparquet,retrouvee,False,0.10148598596224156,False,matched,2,0,1,0,1,True,True,1,2,True,False,True,cycleway_trajectoires_et_acces_a_verifier,True,False,False,False,cycleway,,,,asphalt,,on_street,,,,no,Rue Vercingétorix,evalue,2.0,2.0,0.0,False,
2023,202300005732,VELO,Hors agglomération,cycleway,482279052,pays-de-la-loire-230101.geoparquet,pays-de-la-loire-230101.geoparquet,retrouvee,False,1.514673131928012,False,matched,2,0,1,0,1,True,True,3,3,True,True,False,cycleway_trajectoires_et_acces_a_verifier,True,False,False,False,cycleway,,,,asphalt,,,,,,yes,,evalue,0.0,0.0,0.0,False,
2023,202300005838,VELO,En agglomération,cycleway,1092440295,bretagne-230101.geoparquet,bretagne-230101.geoparquet,retrouvee,False,0.4376049683710495,False,matched,2,0,0,0,1,True,False,1,3,True,False,True,cycleway_trajectoires_et_acces_a_verifier,True,False,False,False,cycleway,,,,,,crossing,,,,yes,,evalue,10.0,5.0,1.0,True,1.3087253247069341
2023,202300005929,VELO,En agglomération,cycleway,259174129,midi-pyrenees-230101.geoparquet,midi-pyrenees-230101.geoparquet,retrouvee,False,0.996794550843904,False,matched,2,0,1,0,1,True,True,1,3,True,False,False,cycleway_trajectoires_et_acces_a_verifier,True,False,False,False,cycleway,,designated,,asphalt,,,,,,,,evalue,6.0,6.0,1.0,False,26.978861934524854
2023,202300005988,VELO,En agglomération,cycleway,383693588,pays-de-la-loire-230101.geoparquet,pays-de-la-loire-230101.geoparquet,retrouvee,False,0.18390541600478105,False,matched,2,0,0,0,1,True,False,1,3,True,False,False,cycleway_trajectoires_et_acces_a_verifier,True,False,False,False,cycleway,,,,,,,,,,yes,,evalue,4.0,2.0,0.0,False,
2023,202300006415,VELO,En agglomération,cycleway,1002574933,bretagne-230101.geoparquet,bretagne-230101.geoparquet,retrouvee,False,1.606580057264713,False,matched,2,0,1,0,1,True,True,2,3,True,True,False,cycleway_trajectoires_et_acces_a_verifier,True,False,False,False,cycleway,,designated,,,,,,,,no,,evalue,12.0,8.0,2.0,True,3.665237780767734
2023,202300006433,VELO,En agglomération,cycleway,139671232,alsace-230101.geoparquet,alsace-230101.geoparquet,retrouvee,False,0.7734688575829651,False,matched,2,0,1,0,1,True,True,3,3,True,True,False,cycleway_trajectoires_et_acces_a_verifier,True,False,False,False,cycleway,,,,asphalt,,,,,,yes,,evalue,4.0,3.0,1.0,False,10.202937256496153
2023,202300006611,VELO,En agglomération,cycleway,1080329710,pays-de-la-loire-230101.geoparquet,pays-de-la-loire-230101.geoparquet,retrouvee,False,1.1200219494238226,False,matched,2,0,1,0,1,True,True,6,3,True,True,False,cycleway_trajectoires_et_acces_a_verifier,True,False,False,False,cycleway,,,,asphalt,,,,,,yes,,evalue,12.0,11.0,4.0,False,11.531986453435989
2023,202300006861,VELO,En agglomération,cycleway,473321308,rhone-alpes-230101.geoparquet,rhone-alpes-230101.geoparquet,retrouvee,False,0.7992905960103243,False,matched,2,0,1,0,1,True,True,3,3,True,True,False,cycleway_trajectoires_et_acces_a_verifier,True,False,False,False,cycleway,,,,asphalt,,,,,,yes,,evalue,4.0,4.0,3.0,True,9.604154983572808
2023,202300006996,VELO,Hors agglomération,cycleway,846436298,poitou-charentes-230101.geoparquet,poitou-charentes-230101.geoparquet,retrouvee,False,0.11123171489189633,False,matched,3,0,2,0,2,True,True,9,4,True,True,False,cycleway_trajectoires_et_acces_a_verifier,True,False,False,False,cycleway,,,,,,,,,,,,evalue,7.0,6.0,5.0,True,1.490437256075442
2023,202300006998,VELO,En agglomération,cycleway,448833825,ile-de-france-230101.geoparquet,ile-de-france-230101.geoparquet,retrouvee,False,0.8013108069432995,False,matched,2,0,1,0,1,True,True,6,3,True,True,False,cycleway_trajectoires_et_acces_a_verifier,True,False,False,False,cycleway,,,,asphalt,,,,,,yes,,evalue,15.0,13.0,3.0,False,11.902124473162196
2023,202300007014,VELO,En agglomération,cycleway,296221840,ile-de-france-230101.geoparquet,ile-de-france-230101.geoparquet,retrouvee,False,24.44861303014337,False,matched,2,0,1,0,1,True,True,1,3,True,False,True,cycleway_trajectoires_et_acces_a_verifier,True,False,False,False,cycleway,,,,asphalt,,sidewalk,,,,yes,Avenue Maurice Thorez,evalue,1.0,0.0,0.0,False,
2023,202300007035,VELO,En agglomération,cycleway,918473425,ile-de-france-230101.geoparquet,ile-de-france-230101.geoparquet,retrouvee,False,0.2812691482982843,False,matched,2,0,1,0,1,True,True,1,3,True,False,True,cycleway_trajectoires_et_acces_a_verifier,True,False,False,False,cycleway,,,,asphalt,,crossing,,,,yes,,evalue,13.0,6.0,2.0,True,4.2369862301817385
2023,202300007231,VELO,En agglomération,cycleway,858670583,pays-de-la-loire-230101.geoparquet,pays-de-la-loire-230101.geoparquet,retrouvee,False,1.8343225587313694,False,matched,2,0,1,0,1,True,True,1,3,True,False,False,cycleway_trajectoires_et_acces_a_verifier,True,False,False,False,cycleway,,,,,,,,,,,,evalue,6.0,5.0,0.0,False,
2023,202300008192,VELO,En agglomération,cycleway,944844350,ile-de-france-230101.geoparquet,ile-de-france-230101.geoparquet,retrouvee,False,1.3323717163975484,False,matched,2,0,1,0,1,True,True,3,3,True,True,False,cycleway_trajectoires_et_acces_a_verifier,True,False,False,False,cycleway,,yes,,asphalt,,,,,,yes,Avenue Jean Lolive,evalue,6.0,5.0,1.0,True,2.1361283065086356
2023,202300008314,VELO,En agglomération,cycleway,720658099,languedoc-roussillon-230101.geoparquet,languedoc-roussillon-230101.geoparquet,retrouvee,False,1.2962473672159427,False,matched,2,0,0,0,1,True,False,1,3,True,False,False,cycleway_trajectoires_et_acces_a_verifier,True,False,False,False,cycleway,,,,,,,,,,,,evalue,6.0,4.0,2.0,False,13.554733771001573
2023,202300008771,VELO,En agglomération,cycleway,914444955,alsace-230101.geoparquet,alsace-230101.geoparquet,retrouvee,False,0.2709236324695996,False,matched,2,0,1,0,1,True,True,1,3,True,False,False,cycleway_trajectoires_et_acces_a_verifier,True,False,False,False,cycleway,,,,asphalt,,,,,,,,evalue,3.0,3.0,1.0,True,1.0835125744171807
2023,202300009107,VELO,En agglomération,cycleway,638675626,aquitaine-230101.geoparquet,aquitaine-230101.geoparquet,retrouvee,False,0.5303003277266355,False,matched,2,0,1,0,1,True,True,2,3,True,True,False,cycleway_trajectoires_et_acces_a_verifier,True,False,False,False,cycleway,,,,asphalt,excellent,,,,,,,evalue,6.0,5.0,2.0,True,3.610893396260835
2023,202300009475,VELO,En agglomération,cycleway,205658090,midi-pyrenees-230101.geoparquet,midi-pyrenees-230101.geoparquet,retrouvee,False,5.294300914381659,False,matched,2,0,1,0,1,True,True,3,3,True,True,False,cycleway_trajectoires_et_acces_a_verifier,True,False,False,False,cycleway,,yes,,,,,,,,,,evalue,1.0,1.0,1.0,False,37.03981329956332
2023,202300009540,VELO,En agglomération,cycleway,718990438,champagne-ardenne-230101.geoparquet,champagne-ardenne-230101.geoparquet,retrouvee,False,2.7166116360738912,False,matched,2,0,0,0,1,True,False,4,3,True,True,False,cycleway_trajectoires_et_acces_a_verifier,True,False,False,False,cycleway,,,,asphalt,,,,,,yes,,evalue,5.0,1.0,0.0,False,
2023,202300009847,VELO,En agglomération,cycleway,1086157459,provence-alpes-cote-d-azur-230101.geoparquet,provence-alpes-cote-d-azur-230101.geoparquet,retrouvee,False,0.7096512699267621,False,matched,2,0,1,0,1,True,True,1,3,True,False,False,cycleway_trajectoires_et_acces_a_verifier,True,False,False,False,cycleway,,,,asphalt,,,,,,,Jean Moulin - Berlioz,evalue,1.0,1.0,0.0,False,
2023,202300010063,VELO,En agglomération,cycleway,1054288710,ile-de-france-230101.geoparquet,ile-de-france-230101.geoparquet,retrouvee,False,2.0496802214467875,False,matched,2,0,1,0,1,True,True,2,3,True,True,True,cycleway_trajectoires_et_acces_a_verifier,True,False,False,False,cycleway,,,,asphalt,good,on_street,,,,yes,Avenue de la République,evalue,8.0,5.0,1.0,True,5.331957229958978
2023,202300011073,VELO,En agglomération,cycleway,807614113,ile-de-france-230101.geoparquet,ile-de-france-230101.geoparquet,retrouvee,False,0.6225558203885371,False,matched,2,0,0,0,1,True,False,3,3,True,True,False,cycleway_trajectoires_et_acces_a_verifier,True,False,False,False,cycleway,,,,asphalt,,,,,,yes,,evalue,10.0,7.0,3.0,True,4.561345684491503
2023,202300011544,VELO,En agglomération,cycleway,1015742996,ile-de-france-230101.geoparquet,ile-de-france-230101.geoparquet,retrouvee,False,1.396249203053499,False,matched,2,0,1,0,1,True,True,2,3,True,True,False,cycleway_trajectoires_et_acces_a_verifier,True,False,False,False,cycleway,,,,asphalt,,,,,,yes,Pont d'Issy,evalue,12.0,9.0,2.0,True,6.078707833227241
2023,202300011760,VELO,En agglomération,cycleway,247107401,ile-de-france-230101.geoparquet,ile-de-france-230101.geoparquet,retrouvee,False,5.659143224534492,False,matched,2,0,0,0,1,True,False,1,2,True,False,False,cycleway_trajectoires_et_acces_a_verifier,True,False,False,False,cycleway,,,,asphalt,,,,,,,,evalue,1.0,1.0,0.0,False,
2023,202300012123,VELO,En agglomération,cycleway,484025037,auvergne-230101.geoparquet,auvergne-230101.geoparquet,retrouvee,False,0.7927024431764378,False,matched,2,0,1,0,1,True,True,9,3,True,True,False,cycleway_trajectoires_et_acces_a_verifier,True,False,False,False,cycleway,,designated,,asphalt,,,,,50,,Voie Verte du Velay,evalue,4.0,3.0,1.0,True,1.6119582595813549
2023,202300012510,VELO,En agglomération,cycleway,191588716,rhone-alpes-230101.geoparquet,rhone-alpes-230101.geoparquet,retrouvee,False,0.22713206384701412,False,matched,2,0,0,0,1,True,False,1,7,True,False,False,cycleway_trajectoires_et_acces_a_verifier,True,False,False,False,cycleway,,designated,,asphalt,,,,,,,,evalue,6.0,5.0,1.0,True,2.1795732903447123
2023,202300012667,VELO,En agglomération,cycleway,843187455,champagne-ardenne-230101.geoparquet,champagne-ardenne-230101.geoparquet,retrouvee,False,1.5174685774307275,False,matched,2,0,1,0,1,True,True,6,3,True,True,False,cycleway_trajectoires_et_acces_a_verifier,True,False,False,False,cycleway,,,,asphalt,excellent,,,,,yes,,evalue,7.0,6.0,2.0,True,2.157787884193217
2023,202300012876,VELO,En agglomération,cycleway,884208290,poitou-charentes-230101.geoparquet,poitou-charentes-230101.geoparquet,retrouvee,False,1.9208068688918087,False,matched,2,0,0,0,1,True,False,6,3,True,True,False,cycleway_trajectoires_et_acces_a_verifier,True,False,False,False,cycleway,no,yes,,,,,,,,,Avenue de Saintonge,evalue,7.0,6.0,1.0,False,12.172357793322975
2023,202300013505,VELO,En agglomération,cycleway,175473717,alsace-230101.geoparquet,alsace-230101.geoparquet,retrouvee,False,2.4067856967734085,False,matched,2,0,1,0,1,True,True,3,2,True,True,False,cycleway_trajectoires_et_acces_a_verifier,True,False,False,False,cycleway,,,,,,,,,,,,evalue,4.0,4.0,0.0,False,
2023,202300014262,VELO,En agglomération,cycleway,141087250,ile-de-france-230101.geoparquet,ile-de-france-230101.geoparquet,retrouvee,False,0.5098280324301596,False,matched,2,0,0,0,1,True,False,1,1,True,False,False,cycleway_trajectoires_et_acces_a_verifier,True,False,False,False,cycleway,,,,asphalt,,,,,,,Chemin de Halage,evalue,0.0,0.0,0.0,False,
2023,202300014334,VELO,En agglomération,unclassified,386527068,limousin-230101.geoparquet,limousin-230101.geoparquet,retrouvee,False,32.421161806187726,True,matched,1,0,0,0,0,False,False,1,7,True,False,False,pas_de_conclusion_juridique_automatique,False,False,False,True,unclassified,,,,,,,,,,,Allée de Puy la Rue,,,,,False,
2023,202300015279,VELO,En agglomération,cycleway,199081642,ile-de-france-230101.geoparquet,ile-de-france-230101.geoparquet,retrouvee,False,0.9832748291895387,False,matched,2,0,0,0,1,True,False,2,3,True,True,False,cycleway_trajectoires_et_acces_a_verifier,True,False,False,False,cycleway,,,,asphalt,,,,,,yes,Rue Camille Desmoulins,evalue,6.0,5.0,4.0,True,2.0598679407161504
2023,202300015312,VELO,En agglomération,cycleway,754313226,pays-de-la-loire-230101.geoparquet,pays-de-la-loire-230101.geoparquet,retrouvee,False,1.4436007159915956,False,matched,2,0,1,0,1,True,True,9,6,True,True,False,cycleway_trajectoires_et_acces_a_verifier,True,False,False,False,cycleway,,,,asphalt,,,,,,yes,,evalue,6.0,5.0,1.0,False,33.218211649243706
2023,202300015433,VELO,En agglomération,cycleway,217972637,provence-alpes-cote-d-azur-230101.geoparquet,provence-alpes-cote-d-azur-230101.geoparquet,retrouvee,False,0.06847422113532714,False,matched,2,0,1,0,1,True,True,4,3,True,True,False,cycleway_trajectoires_et_acces_a_verifier,True,False,False,False,cycleway,,,,asphalt,,,,,,,,evalue,6.0,6.0,1.0,True,0.28282003988834187
2023,202300015570,VELO,En agglomération,cycleway,591762898,ile-de-france-230101.geoparquet,ile-de-france-230101.geoparquet,retrouvee,False,1.2315207266535355,False,matched,2,0,1,0,1,True,True,1,3,True,False,True,cycleway_trajectoires_et_acces_a_verifier,True,False,False,False,cycleway,,,,asphalt,,on_street,,,,yes,Boulevard Exelmans,evalue,7.0,6.0,1.0,False,49.084352515616196
2023,202300015854,VELO,En agglomération,cycleway,606366018,ile-de-france-230101.geoparquet,ile-de-france-230101.geoparquet,retrouvee,False,0.25812586657805336,False,matched,2,0,0,0,1,True,False,3,3,True,True,True,cycleway_trajectoires_et_acces_a_verifier,True,False,False,False,cycleway,,,,asphalt,,crossing,,,,yes,Avenue de la Porte d'Ivry,evalue,11.0,3.0,3.0,True,1.024645933189963
2023,202300016138,VELO,En agglomération,cycleway,1069660605,ile-de-france-230101.geoparquet,ile-de-france-230101.geoparquet,retrouvee,False,2.5944698973965186,False,matched,2,0,1,0,1,True,True,6,3,True,True,False,cycleway_trajectoires_et_acces_a_verifier,True,False,False,False,cycleway,,,,asphalt,,,,,,yes,,evalue,10.0,6.0,0.0,False,
2023,202300017480,VELO,En agglomération,cycleway,609971410,ile-de-france-230101.geoparquet,ile-de-france-230101.geoparquet,retrouvee,False,1.9455550411029814,False,matched,2,0,0,0,1,True,False,1,3,True,False,False,cycleway_trajectoires_et_acces_a_verifier,True,False,False,False,cycleway,,,,,,,,,,yes,Rue de Châteaudun,evalue,1.0,1.0,1.0,False,60.55149726964529
2023,202300017538,VELO,En agglomération,,,polynesie-francaise-230101.geoparquet,polynesie-francaise-230101.geoparquet,osm_way_id_absent,False,,True,unmatched,2,0,0,0,1,True,False,1,1,True,False,False,pas_de_conclusion_juridique_automatique,False,False,False,True,,,,,,,,,,,,,,,,,False,
2023,202300017553,VELO,En agglomération,,,polynesie-francaise-230101.geoparquet,polynesie-francaise-230101.geoparquet,osm_way_id_absent,False,,True,unmatched,2,0,0,0,1,True,False,1,3,True,False,False,pas_de_conclusion_juridique_automatique,False,False,False,True,,,,,,,,,,,,,,,,,False,
2023,202300017649,VELO,En agglomération,cycleway,616640732,guyane-230101.geoparquet,guyane-230101.geoparquet,retrouvee,False,0.7382840110902429,False,matched,2,0,1,0,1,True,True,3,3,True,True,False,cycleway_trajectoires_et_acces_a_verifier,True,False,False,False,cycleway,,,,asphalt,,,,,,,,evalue,5.0,5.0,1.0,False,10.695648379327775
2023,202300017757,VELO,Hors agglomération,,,polynesie-francaise-230101.geoparquet,polynesie-francaise-230101.geoparquet,osm_way_id_absent,False,,True,unmatched,2,0,1,0,1,True,True,1,2,True,False,False,pas_de_conclusion_juridique_automatique,False,False,False,True,,,,,,,,,,,,,,,,,False,
2023,202300018105,VELO,Hors agglomération,cycleway,215255786,aquitaine-230101.geoparquet,aquitaine-230101.geoparquet,retrouvee,False,0.6046821972457901,False,matched,2,0,1,0,1,True,True,9,3,True,True,False,cycleway_trajectoires_et_acces_a_verifier,True,False,False,False,cycleway,,,,concrete,,,,,,yes,,evalue,9.0,9.0,1.0,True,3.8344351021573555
2023,202300018485,VELO,En agglomération,cycleway,558740106,ile-de-france-230101.geoparquet,ile-de-france-230101.geoparquet,retrouvee,False,0.2532168660220286,False,matched,2,0,0,0,1,True,False,3,3,True,True,True,cycleway_trajectoires_et_acces_a_verifier,True,False,False,False,cycleway,,,,asphalt,good,crossing,,,,,Rue Jules César,evalue,3.0,2.0,2.0,True,0.8879554468265931
2023,202300018579,VELO,En agglomération,cycleway,572433217,centre-230101.geoparquet,centre-230101.geoparquet,retrouvee,False,1.073032359629642,False,matched,2,0,1,0,1,True,True,6,3,True,True,False,cycleway_trajectoires_et_acces_a_verifier,True,False,False,False,cycleway,,designated,,asphalt,,,,,,,,evalue,8.0,6.0,3.0,True,3.393389930172113
2023,202300018711,VELO,En agglomération,cycleway,864184299,champagne-ardenne-230101.geoparquet,champagne-ardenne-230101.geoparquet,retrouvee,False,12.36107984779786,False,matched,2,0,1,0,1,True,True,1,3,True,False,False,cycleway_trajectoires_et_acces_a_verifier,True,False,False,False,cycleway,,,,,,,,,,yes,,evalue,1.0,1.0,0.0,False,
2023,202300019313,VELO,En agglomération,cycleway,709384100,alsace-230101.geoparquet,alsace-230101.geoparquet,retrouvee,False,11.143445373108573,False,matched,2,0,0,0,1,True,False,8,3,True,True,False,cycleway_trajectoires_et_acces_a_verifier,True,False,False,False,cycleway,,,,asphalt,,,,,,,,evalue,2.0,2.0,1.0,False,34.08118534918269
2023,202300020196,VELO,En agglomération,cycleway,54830267,ile-de-france-230101.geoparquet,ile-de-france-230101.geoparquet,retrouvee,False,0.7781622577937523,False,matched,2,0,0,0,1,True,False,2,3,True,True,True,cycleway_trajectoires_et_acces_a_verifier,True,False,False,False,cycleway,,,,asphalt,,on_street,,,,yes,Boulevard de Charonne,evalue,8.0,7.0,1.0,True,1.616076902098508
2023,202300020358,VELO,En agglomération,cycleway,119424944,ile-de-france-230101.geoparquet,ile-de-france-230101.geoparquet,retrouvee,False,0.1724110459312235,False,matched,2,0,1,0,1,True,True,2,1,True,True,True,cycleway_trajectoires_et_acces_a_verifier,True,False,False,False,cycleway,,,,asphalt,good,sidewalk,,,,no,Rue La Fayette,evalue,7.0,6.0,3.0,True,0.7960412205212068
2023,202300020541,VELO,En agglomération,cycleway,740955158,centre-230101.geoparquet,centre-230101.geoparquet,retrouvee,False,0.7256327241576508,False,matched,2,0,1,0,1,True,True,3,3,True,True,True,cycleway_trajectoires_et_acces_a_verifier,True,False,False,False,cycleway,,,,asphalt,,crossing,,,,,,evalue,5.0,4.0,1.0,True,2.635073754557405
2023,202300021207,VELO,En agglomération,cycleway,728729323,franche-comte-230101.geoparquet,franche-comte-230101.geoparquet,retrouvee,False,3.4221875697876225,False,matched,2,0,0,0,1,True,False,6,3,True,True,False,cycleway_trajectoires_et_acces_a_verifier,True,False,False,False,cycleway,,,,,,,,,,,,evalue,10.0,7.0,1.0,True,7.432400857925599
2023,202300021596,VELO,En agglomération,cycleway,606333596,ile-de-france-230101.geoparquet,ile-de-france-230101.geoparquet,retrouvee,False,0.20115359847964362,False,matched,2,0,0,0,1,True,False,4,3,True,True,True,cycleway_trajectoires_et_acces_a_verifier,True,False,False,False,cycleway,,,,asphalt,,on_street,,,,yes,Rue Friant,evalue,4.0,3.0,2.0,True,1.5135240732430661
2023,202300021619,VELO,En agglomération,service,83521122,ile-de-france-230101.geoparquet,ile-de-france-230101.geoparquet,retrouvee,False,43.08906413990972,True,matched,1,0,0,0,0,False,False,1,7,True,False,False,pas_de_conclusion_juridique_automatique,False,False,False,True,service,destination,,,,,,,,30,,Rond-Point du Pont de Sèvres,,,,,False,
2023,202300021980,VELO,En agglomération,cycleway,27620404,guadeloupe-230101.geoparquet,guadeloupe-230101.geoparquet,retrouvee,False,1.562539167448699,False,matched,2,0,1,0,1,True,True,9,3,True,True,True,cycleway_trajectoires_et_acces_a_verifier,True,False,False,False,cycleway,,designated,,,,yes,,,,,,evalue,3.0,2.0,1.0,True,4.379980419072155
2023,202300022125,VELO,En agglomération,residential,32812562,lorraine-230101.geoparquet,lorraine-230101.geoparquet,retrouvee,False,30.212852086888418,True,matched,2,0,1,0,1,True,True,1,6,True,False,False,pas_de_conclusion_juridique_automatique,False,False,False,True,residential,,,,,,,,,50,,Allée de Monjardin,,,,,False,
2023,202300022811,VELO,En agglomération,cycleway,567764321,centre-230101.geoparquet,centre-230101.geoparquet,retrouvee,False,1.0244737985980545,False,matched,2,0,1,0,1,True,True,3,3,True,True,False,cycleway_trajectoires_et_acces_a_verifier,True,False,False,False,cycleway,,designated,,asphalt,,,,,,,,evalue,6.0,6.0,3.0,True,3.6260855980330287
2023,202300023035,VELO,En agglomération,service,317498545,nord-pas-de-calais-230101.geoparquet,nord-pas-de-calais-230101.geoparquet,retrouvee,False,33.245533997207495,True,matched,2,0,0,0,1,True,False,1,2,True,False,False,pas_de_conclusion_juridique_automatique,False,False,False,True,service,,,,,,,,,,,Impasse Ducamp,,,,,False,
2023,202300023052,VELO,En agglomération,cycleway,182152197,rhone-alpes-230101.geoparquet,rhone-alpes-230101.geoparquet,retrouvee,False,7.591788478934833,False,matched,2,0,1,0,1,True,True,9,3,True,True,False,cycleway_trajectoires_et_acces_a_verifier,True,False,False,False,cycleway,,,no,asphalt,,,,,,,,evalue,3.0,3.0,1.0,False,18.55631787834738
2023,202300023080,VELO,Hors agglomération,cycleway,183779391,lorraine-230101.geoparquet,lorraine-230101.geoparquet,retrouvee,False,0.4430079963540204,False,matched,2,0,1,0,1,True,True,2,3,True,True,False,cycleway_trajectoires_et_acces_a_verifier,True,False,False,False,cycleway,,designated,no,asphalt,,,,,,no,Voie Verte des Hautes-Vosges,evalue,1.0,1.0,1.0,True,1.7248310189580476
2023,202300023251,VELO,En agglomération,unclassified,28398888,champagne-ardenne-230101.geoparquet,champagne-ardenne-230101.geoparquet,retrouvee,False,30.277759588785194,True,matched,2,0,1,0,1,True,True,1,1,True,False,False,pas_de_conclusion_juridique_automatique,False,False,False,True,unclassified,,,,,,,,,50,yes,Rue du Premier Bataillon de Chasseurs à Pieds,,,,,False,
2023,202300023505,VELO,En agglomération,cycleway,385827107,nord-pas-de-calais-230101.geoparquet,nord-pas-de-calais-230101.geoparquet,retrouvee,False,1.703391835801275,False,matched,2,0,0,0,1,True,False,1,3,True,False,False,cycleway_trajectoires_et_acces_a_verifier,True,False,False,False,cycleway,,,,,,,,,,,,evalue,3.0,3.0,1.0,False,20.77282156523521
2023,202300023541,VELO,En agglomération,cycleway,838184722,champagne-ardenne-230101.geoparquet,champagne-ardenne-230101.geoparquet,retrouvee,False,12.530236422190086,False,matched,2,0,1,0,1,True,True,2,3,True,True,False,cycleway_trajectoires_et_acces_a_verifier,True,False,False,False,cycleway,no,yes,,asphalt,,,,,,yes,,evalue,5.0,2.0,1.0,False,21.41263989358748
2023,202300024172,VELO,En agglomération,residential,232982055,champagne-ardenne-230101.geoparquet,champagne-ardenne-230101.geoparquet,retrouvee,False,43.85476334465316,True,matched,2,0,1,0,1,True,True,2,3,True,True,False,pas_de_conclusion_juridique_automatique,False,False,False,True,residential,,,,,,,,,,,Rue Fallot,,,,,False,
2023,202300024996,VELO,En agglomération,,,corse-230101.geoparquet,corse-230101.geoparquet,osm_way_id_absent,False,,True,unmatched,2,0,1,0,1,True,True,9,3,True,True,False,pas_de_conclusion_juridique_automatique,False,False,False,True,,,,,,,,,,,,,,,,,False,
2023,202300025042,VELO,En agglomération,cycleway,185844208,haute-normandie-230101.geoparquet,haute-normandie-230101.geoparquet,retrouvee,False,20.668277276099666,False,matched,2,0,1,0,1,True,True,1,3,True,False,False,cycleway_trajectoires_et_acces_a_verifier,True,False,False,False,cycleway,,,,,,,,,,,,evalue,2.0,2.0,0.0,False,
2023,202300025242,VELO,En agglomération,cycleway,903761484,ile-de-france-230101.geoparquet,ile-de-france-230101.geoparquet,retrouvee,False,1.6433835943055626,False,matched,2,0,0,0,1,True,False,9,3,True,True,False,cycleway_trajectoires_et_acces_a_verifier,True,False,False,False,cycleway,,,,asphalt,,,,,,,,evalue,1.0,1.0,1.0,False,452.07922851019845
2023,202300026058,VELO,En agglomération,,,centre-230101.geoparquet,centre-230101.geoparquet,osm_way_id_absent,False,,True,unmatched,2,0,0,0,0,False,False,1,2,True,False,False,pas_de_conclusion_juridique_automatique,False,False,False,True,,,,,,,,,,,,,,,,,False,
2023,202300026233,VELO,En agglomération,,,polynesie-francaise-230101.geoparquet,polynesie-francaise-230101.geoparquet,osm_way_id_absent,False,,True,unmatched,1,0,0,0,0,False,False,1,7,True,False,False,pas_de_conclusion_juridique_automatique,False,False,False,True,,,,,,,,,,,,,,,,,False,
2023,202300027060,VELO,En agglomération,cycleway,748937377,pays-de-la-loire-230101.geoparquet,pays-de-la-loire-230101.geoparquet,retrouvee,False,5.379202176744392,False,matched,2,0,1,0,1,True,True,1,2,True,False,False,cycleway_trajectoires_et_acces_a_verifier,True,False,False,False,cycleway,,,,,,,,,,yes,,evalue,7.0,4.0,1.0,True,8.250593180773214
2023,202300027180,VELO,En agglomération,service,35607258,ile-de-france-230101.geoparquet,ile-de-france-230101.geoparquet,retrouvee,False,32.11272580691193,True,matched,2,0,0,0,0,False,False,3,2,True,True,True,pas_de_conclusion_juridique_automatique,False,False,False,True,service,,designated,no,asphalt,,,,lane,,no,Route Royale de Beauté,,,,,False,
2023,202300027302,VELO,En agglomération,cycleway,383750055,pays-de-la-loire-230101.geoparquet,pays-de-la-loire-230101.geoparquet,retrouvee,False,0.7046218712310622,False,matched,2,0,1,0,1,True,True,9,3,True,True,False,cycleway_trajectoires_et_acces_a_verifier,True,False,False,False,cycleway,,,,asphalt,,,,,,yes,,evalue,2.0,1.0,1.0,False,151.21854847745604
2023,202300027818,VELO,En agglomération,cycleway,981192649,pays-de-la-loire-230101.geoparquet,pays-de-la-loire-230101.geoparquet,retrouvee,False,2.6216282152973838,False,matched,2,0,1,0,1,True,True,4,3,True,True,False,cycleway_trajectoires_et_acces_a_verifier,True,False,False,False,cycleway,,designated,,asphalt,excellent,,,,,,,evalue,6.0,5.0,2.0,True,5.020213477935522
2023,202300028020,VELO,En agglomération,cycleway,775640508,ile-de-france-230101.geoparquet,ile-de-france-230101.geoparquet,retrouvee,False,0.18156562385355027,False,matched,2,0,0,0,1,True,False,1,3,True,False,False,cycleway_trajectoires_et_acces_a_verifier,True,False,False,False,cycleway,,,,,,,,,,yes,,evalue,8.0,6.0,2.0,True,6.252997777330203
2023,202300028151,VELO,En agglomération,cycleway,52719953,ile-de-france-230101.geoparquet,ile-de-france-230101.geoparquet,retrouvee,False,0.8362518510259056,False,matched,2,0,1,0,1,True,True,1,3,True,False,True,cycleway_trajectoires_et_acces_a_verifier,True,False,False,False,cycleway,,,,asphalt,,on_street,,,,yes,Boulevard de la Villette,evalue,2.0,2.0,2.0,False,17.151323310351284
2023,202300028173,VELO,En agglomération,cycleway,607979644,ile-de-france-230101.geoparquet,ile-de-france-230101.geoparquet,retrouvee,False,1.286162576467318,False,matched,2,0,1,0,1,True,True,2,1,True,True,True,cycleway_trajectoires_et_acces_a_verifier,True,False,False,False,cycleway,,,,asphalt,good,on_street,,,,no,Rue Saint-Antoine,evalue,5.0,4.0,1.0,True,1.694740003548457
2023,202300028487,VELO,En agglomération,cycleway,1098696411,rhone-alpes-230101.geoparquet,rhone-alpes-230101.geoparquet,retrouvee,False,2.357037030136047,False,matched,2,0,1,0,1,True,True,4,3,True,True,True,cycleway_trajectoires_et_acces_a_verifier,True,False,False,False,cycleway,,,,,,crossing,,,,yes,,evalue,9.0,6.0,1.0,True,4.993791752785334
2023,202300028710,VELO,En agglomération,cycleway,469966217,ile-de-france-230101.geoparquet,ile-de-france-230101.geoparquet,retrouvee,False,0.732904747237069,False,matched,2,0,1,0,1,True,True,9,1,True,True,False,cycleway_trajectoires_et_acces_a_verifier,True,False,False,False,cycleway,,,,asphalt,,,,,,,,evalue,3.0,3.0,2.0,True,2.468317033413017
2023,202300029364,VELO,En agglomération,cycleway,990960269,bretagne-230101.geoparquet,bretagne-230101.geoparquet,retrouvee,False,0.022906137582078642,False,matched,2,0,1,0,1,True,True,6,3,True,True,False,cycleway_trajectoires_et_acces_a_verifier,True,False,False,False,cycleway,,,,asphalt,,,,,,yes,,evalue,6.0,5.0,1.0,True,3.3370445574681584
2023,202300029439,VELO,En agglomération,secondary,203509461,midi-pyrenees-230101.geoparquet,midi-pyrenees-230101.geoparquet,retrouvee,False,46.50326413391145,True,matched,2,0,1,0,1,True,True,1,3,True,False,False,pas_de_conclusion_juridique_automatique,False,False,False,True,secondary,,,,,,,,,50,yes,Route de Toulouse,,,,,False,
2023,202300029869,VELO,Hors agglomération,unclassified,229754650,ile-de-france-230101.geoparquet,ile-de-france-230101.geoparquet,retrouvee,False,39.058204030382726,True,matched,1,0,0,0,0,False,False,1,7,True,False,False,pas_de_conclusion_juridique_automatique,False,False,False,True,unclassified,,,,asphalt,,,,,45,,Allée de Marnes,,,,,False,
2023,202300030220,VELO,En agglomération,cycleway,657216333,alsace-230101.geoparquet,alsace-230101.geoparquet,retrouvee,False,2.9540950093165512,False,matched,2,0,1,0,1,True,True,1,1,True,False,False,cycleway_trajectoires_et_acces_a_verifier,True,False,False,False,cycleway,,,,asphalt,,,,,,,,evalue,4.0,2.0,1.0,False,10.308016413170384
2023,202300030382,VELO,En agglomération,cycleway,661463551,alsace-230101.geoparquet,alsace-230101.geoparquet,retrouvee,False,2.318777231214157,False,matched,2,0,1,0,1,True,True,4,3,True,True,False,cycleway_trajectoires_et_acces_a_verifier,True,False,False,False,cycleway,,,,asphalt,,,,,,,Boulevard Ohmacht,evalue,14.0,9.0,1.0,True,5.476386602314219
2023,202300031371,VELO,En agglomération,cycleway,78522659,alsace-230101.geoparquet,alsace-230101.geoparquet,retrouvee,False,0.8683348780101867,False,matched,2,0,1,0,1,True,True,1,3,True,False,False,cycleway_trajectoires_et_acces_a_verifier,True,False,False,False,cycleway,,designated,,,,,,,,,,evalue,6.0,4.0,2.0,True,6.2955307594973915
2023,202300031406,VELO,En agglomération,cycleway,758422224,pays-de-la-loire-230101.geoparquet,pays-de-la-loire-230101.geoparquet,retrouvee,False,1.1615027889673406,False,matched,2,0,1,0,1,True,True,3,2,True,True,False,cycleway_trajectoires_et_acces_a_verifier,True,False,False,False,cycleway,,,,,,,,,,yes,,evalue,7.0,4.0,1.0,True,6.6473537495729005
2023,202300031559,VELO,En agglomération,cycleway,756230430,rhone-alpes-230101.geoparquet,rhone-alpes-230101.geoparquet,retrouvee,False,1.4334419770499371,False,matched,2,0,1,0,1,True,True,3,3,True,True,False,cycleway_trajectoires_et_acces_a_verifier,True,False,False,False,cycleway,,,,asphalt,,,,,,,Avenue Victor Hugo,evalue,6.0,6.0,1.0,True,2.9938983936543275
2023,202300032391,VELO,En agglomération,cycleway,146052688,haute-normandie-230101.geoparquet,haute-normandie-230101.geoparquet,retrouvee,False,1.3184464342114433,False,matched,2,0,1,0,1,True,True,6,3,True,True,False,cycleway_trajectoires_et_acces_a_verifier,True,False,False,False,cycleway,,,,,,,,,,,,evalue,5.0,4.0,1.0,True,2.079709453374356
2023,202300032593,VELO,Hors agglomération,cycleway,640205673,reunion-230101.geoparquet,reunion-230101.geoparquet,retrouvee,False,15.118790115241934,False,matched,2,0,0,0,1,True,False,1,2,True,False,False,cycleway_trajectoires_et_acces_a_verifier,True,False,False,False,cycleway,,,,asphalt,,,,,,,,evalue,0.0,0.0,0.0,False,
2023,202300032756,VELO,En agglomération,cycleway,236562621,alsace-230101.geoparquet,alsace-230101.geoparquet,retrouvee,False,0.9887543191674204,False,matched,2,0,1,0,1,True,True,1,3,True,False,False,cycleway_trajectoires_et_acces_a_verifier,True,False,False,False,cycleway,,,,asphalt,,,,,,yes,,evalue,7.0,5.0,3.0,True,2.2302042874448866
2023,202300033037,VELO,En agglomération,cycleway,108496073,nord-pas-de-calais-230101.geoparquet,nord-pas-de-calais-230101.geoparquet,retrouvee,False,2.1794197002981597,False,matched,2,0,1,0,1,True,True,1,3,True,False,False,cycleway_trajectoires_et_acces_a_verifier,True,False,False,False,cycleway,,,,asphalt,,,,,,,Avenue Oscar Lambret,evalue,1.0,1.0,0.0,False,
2023,202300033114,VELO,En agglomération,living_street,307130432,ile-de-france-230101.geoparquet,ile-de-france-230101.geoparquet,retrouvee,False,44.21710334511645,True,matched,1,1,0,0,0,False,False,3,6,True,True,True,pas_de_conclusion_juridique_automatique,False,False,False,True,living_street,,,,asphalt,,opposite,,,20,yes,Rue Pierre Bonnard,,,,,False,
2023,202300033256,VELO,En agglomération,cycleway,650600828,ile-de-france-230101.geoparquet,ile-de-france-230101.geoparquet,retrouvee,False,0.30447374648272263,False,matched,2,0,1,0,1,True,True,3,3,True,True,False,cycleway_trajectoires_et_acces_a_verifier,True,False,False,False,cycleway,,,,asphalt,,,,,,,Quai Marcel Boyer,evalue,15.0,12.0,1.0,True,3.254244599994488
2023,202300033386,VELO,En agglomération,cycleway,217569964,aquitaine-230101.geoparquet,aquitaine-230101.geoparquet,retrouvee,False,0.13167365714146112,False,matched,2,0,1,0,1,True,True,6,3,True,True,False,cycleway_trajectoires_et_acces_a_verifier,True,False,False,False,cycleway,,,,,,,,,,,,evalue,8.0,8.0,5.0,True,2.8555894640581605
2023,202300033529,VELO,Hors agglomération,,,polynesie-francaise-230101.geoparquet,polynesie-francaise-230101.geoparquet,osm_way_id_absent,False,,True,unmatched,2,0,1,0,1,True,True,1,3,True,False,False,pas_de_conclusion_juridique_automatique,False,False,False,True,,,,,,,,,,,,,,,,,False,
2023,202300033778,VELO,En agglomération,cycleway,571681334,ile-de-france-230101.geoparquet,ile-de-france-230101.geoparquet,retrouvee,False,0.2742155745057877,False,matched,2,0,1,0,1,True,True,2,3,True,True,True,cycleway_trajectoires_et_acces_a_verifier,True,False,False,False,cycleway,,,,asphalt,,on_street,,,,no,Rue Vercingétorix,evalue,5.0,4.0,1.0,True,1.20997932804911
2023,202300034185,VELO,En agglomération,living_street,80185977,provence-alpes-cote-d-azur-230101.geoparquet,provence-alpes-cote-d-azur-230101.geoparquet,retrouvee,False,37.706260873263155,True,matched,1,0,0,0,0,False,False,7,1,True,True,False,pas_de_conclusion_juridique_automatique,False,False,False,True,living_street,yes,yes,destination,asphalt,,,,,20,yes,Rue de la Calade,,,,,False,
2023,202300034790,VELO,En agglomération,cycleway,268569687,provence-alpes-cote-d-azur-230101.geoparquet,provence-alpes-cote-d-azur-230101.geoparquet,retrouvee,False,3.7408961466578035,False,matched,2,0,1,0,1,True,True,9,3,True,True,False,cycleway_trajectoires_et_acces_a_verifier,True,False,False,False,cycleway,,,,,,,,,,yes,Avenue Paul Sirvent,evalue,5.0,5.0,1.0,False,17.884450011752023
2023,202300034822,VELO,Hors agglomération,unclassified,360604630,aquitaine-230101.geoparquet,aquitaine-230101.geoparquet,retrouvee,False,60.82916322593399,True,matched,1,0,0,0,0,False,False,9,7,True,True,True,pas_de_conclusion_juridique_automatique,False,False,False,True,unclassified,,,,asphalt,,share_busway,,,,yes,Avenue de l'Adour,,,,,False,
2023,202300035107,VELO,En agglomération,cycleway,52719989,ile-de-france-230101.geoparquet,ile-de-france-230101.geoparquet,retrouvee,False,0.02861704770622246,False,matched,2,0,0,0,1,True,False,2,3,True,True,True,cycleway_trajectoires_et_acces_a_verifier,True,False,False,False,cycleway,,,,asphalt,,on_street,,,,yes,Boulevard de la Villette,evalue,8.0,6.0,4.0,True,0.2977386408194795
2023,202300035351,VELO,En agglomération,cycleway,225386419,champagne-ardenne-230101.geoparquet,champagne-ardenne-230101.geoparquet,retrouvee,False,0.6075926951245558,False,matched,2,0,1,0,1,True,True,6,3,True,True,False,cycleway_trajectoires_et_acces_a_verifier,True,False,False,False,cycleway,,,,,,,,,,yes,,evalue,2.0,2.0,2.0,False,13.224564544590113
2023,202300035883,VELO,En agglomération,cycleway,24511041,alsace-230101.geoparquet,alsace-230101.geoparquet,retrouvee,False,1.3731518540621752,False,matched,4,0,2,0,2,True,True,1,5,True,False,False,cycleway_trajectoires_et_acces_a_verifier,True,False,False,False,cycleway,,designated,,asphalt,excellent,,,,,,,evalue,4.0,4.0,0.0,False,
2023,202300035994,VELO,En agglomération,cycleway,162539289,bretagne-230101.geoparquet,bretagne-230101.geoparquet,retrouvee,False,2.811380995557923,False,matched,2,0,1,0,1,True,True,1,2,True,False,False,cycleway_trajectoires_et_acces_a_verifier,True,False,False,False,cycleway,,,,paving_stones,,,,,,yes,Rue de l'Alma,evalue,1.0,1.0,0.0,False,
2023,202300036084,VELO,Hors agglomération,,,polynesie-francaise-230101.geoparquet,polynesie-francaise-230101.geoparquet,osm_way_id_absent,False,,True,unmatched,2,0,0,0,0,False,False,1,1,True,False,False,pas_de_conclusion_juridique_automatique,False,False,False,True,,,,,,,,,,,,,,,,,False,
2023,202300036213,VELO,En agglomération,cycleway,332647330,aquitaine-230101.geoparquet,aquitaine-230101.geoparquet,retrouvee,False,1.8250306660716824,False,matched,2,0,1,0,1,True,True,9,2,True,True,False,cycleway_trajectoires_et_acces_a_verifier,True,False,False,False,cycleway,,,,asphalt,excellent,,,,,,,evalue,2.0,2.0,1.0,False,20.1720717645394
2023,202300036961,VELO,En agglomération,,,centre-230101.geoparquet,centre-230101.geoparquet,osm_way_id_absent,False,,True,unmatched,1,1,0,0,0,False,False,1,6,True,False,False,pas_de_conclusion_juridique_automatique,False,False,False,True,,,,,,,,,,,,,,,,,False,
2023,202300037014,VELO,En agglomération,cycleway,123767453,champagne-ardenne-230101.geoparquet,champagne-ardenne-230101.geoparquet,retrouvee,False,1.7194966569992498,False,matched,2,0,0,0,1,True,False,9,6,True,True,False,cycleway_trajectoires_et_acces_a_verifier,True,False,False,False,cycleway,,designated,,compacted,,,,,,,Voie Verte des Viennes,evalue,2.0,2.0,1.0,True,2.6324888049013024
2023,202300039405,VELO,En agglomération,,,centre-230101.geoparquet,centre-230101.geoparquet,osm_way_id_absent,False,,True,unmatched,1,1,0,0,0,False,False,1,6,True,False,False,pas_de_conclusion_juridique_automatique,False,False,False,True,,,,,,,,,,,,,,,,,False,
2023,202300039995,VELO,En agglomération,cycleway,903746407,rhone-alpes-230101.geoparquet,rhone-alpes-230101.geoparquet,retrouvee,False,1.6260773907038204,False,matched,2,0,1,0,1,True,True,2,3,True,True,True,cycleway_trajectoires_et_acces_a_verifier,True,False,False,False,cycleway,,designated,,asphalt,,crossing,,,,,,evalue,9.0,6.0,1.0,True,4.215975530838004
2023,202300040730,VELO,En agglomération,cycleway,1000478422,alsace-230101.geoparquet,alsace-230101.geoparquet,retrouvee,False,0.7070334213172926,False,matched,2,0,0,0,1,True,False,1,1,True,False,False,cycleway_trajectoires_et_acces_a_verifier,True,False,False,False,cycleway,,yes,,asphalt,,,,,,no,,evalue,5.0,5.0,1.0,False,19.578418600748787
2023,202300041011,VELO,En agglomération,cycleway,43013864,alsace-230101.geoparquet,alsace-230101.geoparquet,retrouvee,False,35.262503058156916,True,matched,2,0,1,0,1,True,True,1,3,True,False,False,cycleway_trajectoires_et_acces_a_verifier,True,False,False,True,cycleway,,designated,,asphalt,,,,,,yes,Route de Bischwiller,evalue,0.0,0.0,0.0,False,
2023,202300041404,VELO,Hors agglomération,,,polynesie-francaise-230101.geoparquet,polynesie-francaise-230101.geoparquet,osm_way_id_absent,False,,True,unmatched,2,0,0,0,0,False,False,1,3,True,False,False,pas_de_conclusion_juridique_automatique,False,False,False,True,,,,,,,,,,,,,,,,,False,
2023,202300041966,VELO,En agglomération,cycleway,190520191,alsace-230101.geoparquet,alsace-230101.geoparquet,retrouvee,False,0.6928775181731932,False,matched,2,0,1,0,1,True,True,1,3,True,False,False,cycleway_trajectoires_et_acces_a_verifier,True,False,False,False,cycleway,,,,,,,,,,-1,,evalue,5.0,4.0,1.0,True,6.9238038266304525
2023,202300041987,VELO,En agglomération,tertiary,440120217,bretagne-230101.geoparquet,bretagne-230101.geoparquet,retrouvee,False,31.833611263330244,True,matched,2,0,0,0,1,True,False,1,3,True,False,False,pas_de_conclusion_juridique_automatique,False,False,False,True,tertiary,,,,,,,,,,,Rue des Bouessières,,,,,False,
2023,202300042051,VELO,En agglomération,living_street,230882880,champagne-ardenne-230101.geoparquet,champagne-ardenne-230101.geoparquet,retrouvee,False,50.60676007242516,True,matched,1,2,0,0,0,False,False,1,6,True,False,False,pas_de_conclusion_juridique_automatique,False,False,False,True,living_street,,,,,,,,,20,,Place Audiffred,,,,,False,
2023,202300042760,VELO,En agglomération,cycleway,1111614195,champagne-ardenne-230101.geoparquet,champagne-ardenne-230101.geoparquet,retrouvee,False,0.278420552280113,False,matched,2,0,1,0,1,True,True,3,3,True,True,False,cycleway_trajectoires_et_acces_a_verifier,True,False,False,False,cycleway,,designated,no,asphalt,,,,,,no,,evalue,4.0,4.0,1.0,True,0.5754537619237813
2023,202300042891,VELO,Hors agglomération,primary,172413585,rhone-alpes-230101.geoparquet,rhone-alpes-230101.geoparquet,retrouvee,False,58.29382280882038,True,matched,1,0,0,0,0,False,False,1,7,True,False,False,pas_de_conclusion_juridique_automatique,False,False,False,True,primary,,,,asphalt,,,,,,,,,,,,False,
2023,202300043096,VELO,En agglomération,cycleway,1079493891,alsace-230101.geoparquet,alsace-230101.geoparquet,retrouvee,False,8.01496303652949,False,matched,2,0,1,0,1,True,True,3,3,True,True,False,cycleway_trajectoires_et_acces_a_verifier,True,False,False,False,cycleway,,designated,,,,,,,,,Rue Edmond Michelet,evalue,8.0,8.0,1.0,False,21.776764600879037
2023,202300043418,VELO,En agglomération,cycleway,188121274,alsace-230101.geoparquet,alsace-230101.geoparquet,retrouvee,False,0.9891385820310735,False,matched,2,0,0,0,1,True,False,3,3,True,True,False,cycleway_trajectoires_et_acces_a_verifier,True,False,False,False,cycleway,,,,asphalt,,,,,,no,,evalue,11.0,7.0,2.0,True,1.078968906209966
2023,202300043483,VELO,En agglomération,cycleway,635540976,ile-de-france-230101.geoparquet,ile-de-france-230101.geoparquet,retrouvee,False,2.474861077599679,False,matched,2,0,1,0,1,True,True,7,1,True,True,False,cycleway_trajectoires_et_acces_a_verifier,True,False,False,False,cycleway,,,,,,,,,,no,,evalue,9.0,7.0,2.0,True,4.584307417577465
2023,202300043573,VELO,Hors agglomération,,,polynesie-francaise-230101.geoparquet,polynesie-francaise-230101.geoparquet,osm_way_id_absent,False,,True,unmatched,2,0,1,0,1,True,True,1,1,True,False,False,pas_de_conclusion_juridique_automatique,False,False,False,True,,,,,,,,,,,,,,,,,False,
2023,202300044173,VELO,En agglomération,cycleway,139671232,alsace-230101.geoparquet,alsace-230101.geoparquet,retrouvee,False,1.801519308346318,False,matched,2,0,1,0,1,True,True,3,6,True,True,False,cycleway_trajectoires_et_acces_a_verifier,True,False,False,False,cycleway,,,,asphalt,,,,,,yes,,evalue,11.0,7.0,1.0,False,18.041866351904
2023,202300044426,VELO,En agglomération,unclassified,112669025,nord-pas-de-calais-230101.geoparquet,nord-pas-de-calais-230101.geoparquet,retrouvee,False,37.026987743187654,True,matched,2,0,1,0,1,True,True,1,1,True,False,False,pas_de_conclusion_juridique_automatique,False,False,False,True,unclassified,,,,asphalt,,,,,,,,,,,,False,
2023,202300044550,VELO,En agglomération,cycleway,1079813429,rhone-alpes-230101.geoparquet,rhone-alpes-230101.geoparquet,retrouvee,False,2.107086802191794,False,matched,2,0,1,0,1,True,True,2,6,True,True,False,cycleway_trajectoires_et_acces_a_verifier,True,False,False,False,cycleway,,,,,,,,,,no,,evalue,6.0,5.0,2.0,True,6.491986052250505
2023,202300044716,VELO,En agglomération,cycleway,31536775,ile-de-france-230101.geoparquet,ile-de-france-230101.geoparquet,retrouvee,False,0.3080576737607938,False,matched,2,0,0,0,1,True,False,2,3,True,True,False,cycleway_trajectoires_et_acces_a_verifier,True,False,False,False,cycleway,,,,,,,,,,yes,Rue Marcel Carné,evalue,4.0,4.0,3.0,True,3.2909170589554284
2023,202300044995,VELO,En agglomération,cycleway,682229540,aquitaine-230101.geoparquet,aquitaine-230101.geoparquet,retrouvee,False,0.3121758952537705,False,matched,2,0,1,0,1,True,True,1,3,True,False,False,cycleway_trajectoires_et_acces_a_verifier,True,False,False,False,cycleway,,,,concrete,,,,,,yes,,evalue,11.0,10.0,3.0,True,1.894548163570263
2023,202300045008,VELO,En agglomération,cycleway,402562219,aquitaine-230101.geoparquet,aquitaine-230101.geoparquet,retrouvee,False,2.8981471265400267,False,matched,2,0,0,0,1,True,False,2,3,True,True,False,cycleway_trajectoires_et_acces_a_verifier,True,False,False,False,cycleway,,,,,,,,,,yes,,evalue,9.0,8.0,2.0,True,9.23678469894794
2023,202300045970,VELO,En agglomération,cycleway,224623398,midi-pyrenees-230101.geoparquet,midi-pyrenees-230101.geoparquet,retrouvee,False,2.6789432436627227,False,matched,2,0,1,0,1,True,True,1,3,True,False,False,cycleway_trajectoires_et_acces_a_verifier,True,False,False,False,cycleway,,,,,,,,,,,Avenue de Rangueil,evalue,3.0,2.0,0.0,False,
2023,202300045976,VELO,En agglomération,cycleway,429673515,bretagne-230101.geoparquet,bretagne-230101.geoparquet,retrouvee,False,0.4791028182858401,False,matched,2,0,1,0,1,True,True,6,3,True,True,False,cycleway_trajectoires_et_acces_a_verifier,True,False,False,False,cycleway,,designated,,,,,,,,,,evalue,6.0,4.0,2.0,True,1.1925322122324893
2023,202300046193,VELO,En agglomération,cycleway,148673974,ile-de-france-230101.geoparquet,ile-de-france-230101.geoparquet,retrouvee,False,2.4790905061117763,False,matched,2,0,0,0,1,True,False,1,3,True,False,False,cycleway_trajectoires_et_acces_a_verifier,True,False,False,False,cycleway,,,,,,,,,,,,evalue,6.0,6.0,0.0,False,
2023,202300046563,VELO,En agglomération,cycleway,1024570948,alsace-230101.geoparquet,alsace-230101.geoparquet,retrouvee,False,1.0817962485296888,False,matched,2,0,1,0,1,True,True,3,3,True,True,False,cycleway_trajectoires_et_acces_a_verifier,True,False,False,False,cycleway,,,,asphalt,,,,,,yes,,evalue,12.0,10.0,1.0,True,2.871466791466821
2023,202300047364,VELO,En agglomération,cycleway,579643047,ile-de-france-230101.geoparquet,ile-de-france-230101.geoparquet,retrouvee,False,0.14526663622833197,False,matched,2,0,1,0,1,True,True,9,3,True,True,False,cycleway_trajectoires_et_acces_a_verifier,True,False,False,False,cycleway,,,,asphalt,,,,,,yes,Avenue Laplace,evalue,5.0,4.0,4.0,True,0.7395274942378967
2023,202300048347,VELO,En agglomération,cycleway,668878769,ile-de-france-230101.geoparquet,ile-de-france-230101.geoparquet,retrouvee,False,2.2747924073750694,False,matched,2,0,1,0,1,True,True,3,3,True,True,True,cycleway_trajectoires_et_acces_a_verifier,True,False,False,False,cycleway,,,,asphalt,,on_street,,,,no,Quai Saint-Michel,evalue,12.0,11.0,2.0,True,7.356248601420277
2023,202300048580,VELO,En agglomération,primary,53373079,champagne-ardenne-230101.geoparquet,champagne-ardenne-230101.geoparquet,retrouvee,False,53.29278097371658,True,matched,2,0,0,0,1,True,False,1,2,True,False,True,pas_de_conclusion_juridique_automatique,False,False,False,True,primary,,,,,,lane,,,50,yes,Boulevard Danton,,,,,False,
2023,202300048697,VELO,En agglomération,primary,35992596,ile-de-france-230101.geoparquet,ile-de-france-230101.geoparquet,retrouvee,False,82.62254072596585,True,matched,2,0,0,0,0,False,False,3,3,True,True,True,pas_de_conclusion_juridique_automatique,False,False,False,True,primary,,,,asphalt,good,,,lane,30,no,Place de la République,,,,,False,
2023,202300048893,VELO,En agglomération,track,1049551548,lorraine-230101.geoparquet,lorraine-230101.geoparquet,retrouvee,False,49.64068076317627,True,matched,2,0,0,0,1,True,False,1,1,True,False,False,pas_de_conclusion_juridique_automatique,False,False,False,True,track,no,,,,,,,,,,,,,,,False,
2023,202300049133,VELO,En agglomération,cycleway,881921775,ile-de-france-230101.geoparquet,ile-de-france-230101.geoparquet,retrouvee,False,0.921231264856814,False,matched,2,0,1,0,1,True,True,2,2,True,True,True,cycleway_trajectoires_et_acces_a_verifier,True,False,False,False,cycleway,,,,asphalt,,on_street,,,,no,Rue de Vaugirard,evalue,5.0,4.0,1.0,True,1.7157709966910135
2023,202300049701,VELO,Hors agglomération,,,polynesie-francaise-230101.geoparquet,polynesie-francaise-230101.geoparquet,osm_way_id_absent,False,,True,unmatched,2,0,1,0,1,True,True,1,1,True,False,False,pas_de_conclusion_juridique_automatique,False,False,False,True,,,,,,,,,,,,,,,,,False,
2023,202300049845,VELO,En agglomération,cycleway,253003947,aquitaine-230101.geoparquet,aquitaine-230101.geoparquet,retrouvee,False,2.572324259454815,False,matched,2,0,1,0,1,True,True,1,3,True,False,False,cycleway_trajectoires_et_acces_a_verifier,True,False,False,False,cycleway,,designated,,,,,,,,no,,evalue,4.0,4.0,0.0,False,
2023,202300050637,VELO,En agglomération,cycleway,79870102,centre-230101.geoparquet,centre-230101.geoparquet,retrouvee,False,2.6547516957517456,False,matched,2,0,1,0,1,True,True,3,3,True,True,False,cycleway_trajectoires_et_acces_a_verifier,True,False,False,False,cycleway,,,,asphalt,,,,,,yes,Avenue André Maginot,evalue,6.0,5.0,2.0,True,3.818302144027221
2023,202300050783,VELO,En agglomération,primary,35992596,ile-de-france-230101.geoparquet,ile-de-france-230101.geoparquet,retrouvee,False,82.4925925471702,True,matched,2,0,1,0,1,True,True,7,3,True,True,True,pas_de_conclusion_juridique_automatique,False,False,False,True,primary,,,,asphalt,good,,,lane,30,no,Place de la République,,,,,False,
2023,202300051094,VELO,En agglomération,cycleway,801889817,ile-de-france-230101.geoparquet,ile-de-france-230101.geoparquet,retrouvee,False,1.1954131698400392,False,matched,2,0,1,0,1,True,True,2,3,True,True,False,cycleway_trajectoires_et_acces_a_verifier,True,False,False,False,cycleway,,,,asphalt,,,,,,no,Avenue Gabriel Péri,evalue,4.0,4.0,1.0,True,2.4161222737955685
2023,202300051240,VELO,En agglomération,cycleway,623392925,pays-de-la-loire-230101.geoparquet,pays-de-la-loire-230101.geoparquet,retrouvee,False,2.8054011142838644,False,matched,2,0,0,0,1,True,False,1,3,True,False,False,cycleway_trajectoires_et_acces_a_verifier,True,False,False,False,cycleway,no,yes,,asphalt,,,,,,no,Chemin de la Fuye,evalue,2.0,2.0,1.0,True,5.994444126674517
2023,202300051437,VELO,En agglomération,residential,22911813,provence-alpes-cote-d-azur-230101.geoparquet,provence-alpes-cote-d-azur-230101.geoparquet,retrouvee,False,42.321482080374885,True,matched,2,0,0,0,1,True,False,2,3,True,True,False,pas_de_conclusion_juridique_automatique,False,False,False,True,residential,,,,asphalt,,,,,,,Rue Négresko,,,,,False,
2023,202300051896,VELO,En agglomération,cycleway,1090459697,reunion-230101.geoparquet,reunion-230101.geoparquet,retrouvee,False,16.075597318537564,False,matched,2,0,0,0,1,True,False,3,3,True,True,False,cycleway_trajectoires_et_acces_a_verifier,True,False,False,False,cycleway,,,,,,,,,,,,evalue,0.0,0.0,0.0,False,
2023,202300052287,VELO,Hors agglomération,trunk,23695074,provence-alpes-cote-d-azur-230101.geoparquet,provence-alpes-cote-d-azur-230101.geoparquet,retrouvee,False,69.03578539319686,True,matched,2,0,0,0,1,True,False,4,2,True,True,False,pas_de_conclusion_juridique_automatique,False,False,False,True,trunk,,,,,,,,,90,yes,,,,,,False,
2023,202300053041,VELO,En agglomération,cycleway,1046104081,picardie-230101.geoparquet,picardie-230101.geoparquet,retrouvee,False,0.11125972506388829,False,matched,2,0,1,0,1,True,True,3,3,True,True,False,cycleway_trajectoires_et_acces_a_verifier,True,False,False,False,cycleway,,designated,,asphalt,,,,,,yes,,evalue,5.0,3.0,1.0,True,2.315801417151412
2023,202300053070,VELO,En agglomération,cycleway,653209382,provence-alpes-cote-d-azur-230101.geoparquet,provence-alpes-cote-d-azur-230101.geoparquet,retrouvee,False,4.31410368766169,False,matched,2,0,1,0,1,True,True,1,3,True,False,False,cycleway_trajectoires_et_acces_a_verifier,True,False,False,False,cycleway,,,,concrete,,,,,,,,evalue,4.0,4.0,1.0,True,6.82037654633615
2023,202300053842,VELO,En agglomération,service,533980117,centre-230101.geoparquet,centre-230101.geoparquet,retrouvee,False,30.034727807183284,True,matched,1,1,0,0,0,False,False,1,6,True,False,False,pas_de_conclusion_juridique_automatique,False,False,False,True,service,private,,,,,,,,,,,,,,,False,
2023,202300054326,VELO,En agglomération,service,329464371,bretagne-230101.geoparquet,bretagne-230101.geoparquet,retrouvee,False,73.82231173345663,True,matched,2,0,0,0,0,False,False,1,3,True,False,False,pas_de_conclusion_juridique_automatique,False,False,False,True,service,,,,,,,,,,,,,,,,False,
2023,202300054362,VELO,En agglomération,cycleway,609924670,champagne-ardenne-230101.geoparquet,champagne-ardenne-230101.geoparquet,retrouvee,False,0.8149908125795882,False,matched,2,0,1,0,1,True,True,3,3,True,True,False,cycleway_trajectoires_et_acces_a_verifier,True,False,False,False,cycleway,,designated,no,asphalt,,,,,,no,,evalue,6.0,6.0,1.0,True,1.426731694975008
2023,202300054427,VELO,En agglomération,cycleway,448833815,ile-de-france-230101.geoparquet,ile-de-france-230101.geoparquet,retrouvee,False,1.1314798599602776,False,matched,2,0,1,0,1,True,True,6,3,True,True,False,cycleway_trajectoires_et_acces_a_verifier,True,False,False,False,cycleway,,,,asphalt,,,,,,yes,,evalue,11.0,7.0,2.0,True,2.105416081719263
2023,202300000620,VAE,En agglomération,cycleway,227150508,ile-de-france-230101.geoparquet,ile-de-france-230101.geoparquet,retrouvee,False,3.0229507237325484,False,matched,2,0,1,0,1,True,True,4,3,True,True,True,cycleway_trajectoires_et_acces_a_verifier,True,False,False,False,cycleway,,,,asphalt,good,sidewalk,,,,yes,Boulevard de Magenta,evalue,5.0,4.0,2.0,True,8.678461764967084
2023,202300001989,VAE,Hors agglomération,cycleway,589534273,bourgogne-230101.geoparquet,bourgogne-230101.geoparquet,retrouvee,False,0.1709058482598089,False,matched,2,0,1,0,1,True,True,2,3,True,True,False,cycleway_trajectoires_et_acces_a_verifier,True,False,False,False,cycleway,,yes,,,,,,,,,,evalue,3.0,2.0,1.0,True,0.41447203334125343
2023,202300002668,VAE,En agglomération,cycleway,757679287,ile-de-france-230101.geoparquet,ile-de-france-230101.geoparquet,retrouvee,False,42.8385191144208,True,matched,2,0,0,0,0,False,False,1,3,True,False,True,cycleway_trajectoires_et_acces_a_verifier,False,False,False,True,cycleway,,,,sett,,crossing,,,,,Place de la Concorde,,,,,False,
2023,202300004838,VAE,En agglomération,cycleway,840188437,haute-normandie-230101.geoparquet,haute-normandie-230101.geoparquet,retrouvee,False,2.3114461450840946,False,matched,2,0,1,0,1,True,True,6,3,True,True,False,cycleway_trajectoires_et_acces_a_verifier,True,False,False,False,cycleway,,,,,,,,,,,,evalue,6.0,6.0,1.0,False,14.42418044510087
2023,202300007762,VAE,En agglomération,service,538466958,reunion-230101.geoparquet,reunion-230101.geoparquet,retrouvee,False,30.879965859034982,True,matched,2,0,0,0,0,False,False,9,6,True,True,False,pas_de_conclusion_juridique_automatique,False,False,False,True,service,,,,,,,,,,,,,,,,False,
2023,202300007771,VAE,En agglomération,primary,390229098,limousin-230101.geoparquet,limousin-230101.geoparquet,retrouvee,False,41.40072884941974,True,matched,2,0,1,0,1,True,True,1,6,True,False,True,pas_de_conclusion_juridique_automatique,False,False,False,True,primary,,,,asphalt,,share_busway,,,70,yes,,,,,,False,
2023,202300009545,VAE,En agglomération,cycleway,941074580,pays-de-la-loire-230101.geoparquet,pays-de-la-loire-230101.geoparquet,retrouvee,False,0.9828336542120839,False,matched,2,0,1,0,1,True,True,6,3,True,True,False,cycleway_trajectoires_et_acces_a_verifier,True,False,False,False,cycleway,,,,,,,,,,,,evalue,5.0,3.0,2.0,True,3.428780429637395
2023,202300010692,VAE,En agglomération,cycleway,596585744,aquitaine-230101.geoparquet,aquitaine-230101.geoparquet,retrouvee,False,2.2750609331014515,False,matched,2,0,1,0,1,True,True,1,3,True,False,False,cycleway_trajectoires_et_acces_a_verifier,True,False,False,False,cycleway,no,designated,,,,,,,,yes,,evalue,4.0,4.0,2.0,False,12.909086924997183
2023,202300012548,VAE,En agglomération,cycleway,857467835,haute-normandie-230101.geoparquet,haute-normandie-230101.geoparquet,retrouvee,False,0.39609680859602725,False,matched,2,0,0,0,1,True,False,2,3,True,True,False,cycleway_trajectoires_et_acces_a_verifier,True,False,False,False,cycleway,,,,,,,,,,yes,,evalue,24.0,19.0,5.0,True,2.669286253840218
2023,202300014544,VAE,En agglomération,cycleway,619272139,aquitaine-230101.geoparquet,aquitaine-230101.geoparquet,retrouvee,False,2.2523082359290685,False,matched,2,0,1,0,1,True,True,3,3,True,True,False,cycleway_trajectoires_et_acces_a_verifier,True,False,False,False,cycleway,,,,,,,,,,,,evalue,6.0,4.0,0.0,False,
2023,202300020756,VAE,En agglomération,cycleway,1026681654,ile-de-france-230101.geoparquet,ile-de-france-230101.geoparquet,retrouvee,False,0.6266079601467119,False,matched,2,0,1,0,1,True,True,3,3,True,True,False,cycleway_trajectoires_et_acces_a_verifier,True,False,False,False,cycleway,,,,,,,,,,,,evalue,3.0,2.0,1.0,True,3.0179850946237905
2023,202300021273,VAE,En agglomération,cycleway,193057876,alsace-230101.geoparquet,alsace-230101.geoparquet,retrouvee,False,2.3242962928809656,False,matched,2,0,1,0,1,True,True,2,1,True,True,False,cycleway_trajectoires_et_acces_a_verifier,True,False,False,False,cycleway,,,,,,,,,,,,evalue,6.0,6.0,1.0,True,5.5582942221594385
2023,202300023021,VAE,Hors agglomération,cycleway,159326483,provence-alpes-cote-d-azur-230101.geoparquet,provence-alpes-cote-d-azur-230101.geoparquet,retrouvee,False,0.18911899220878475,False,matched,2,0,1,0,1,True,True,2,3,True,True,False,cycleway_trajectoires_et_acces_a_verifier,True,False,False,False,cycleway,,,,asphalt,,,,,,,,evalue,5.0,5.0,1.0,True,4.415162612316876
2023,202300024347,VAE,En agglomération,,,polynesie-francaise-230101.geoparquet,polynesie-francaise-230101.geoparquet,osm_way_id_absent,False,,True,unmatched,1,0,0,0,0,False,False,9,7,True,True,False,pas_de_conclusion_juridique_automatique,False,False,False,True,,,,,,,,,,,,,,,,,False,
2023,202300025649,VAE,Hors agglomération,,,polynesie-francaise-230101.geoparquet,polynesie-francaise-230101.geoparquet,osm_way_id_absent,False,,True,unmatched,2,0,0,0,1,True,False,1,1,True,False,False,pas_de_conclusion_juridique_automatique,False,False,False,True,,,,,,,,,,,,,,,,,False,
2023,202300026058,VAE,En agglomération,,,centre-230101.geoparquet,centre-230101.geoparquet,osm_way_id_absent,False,,True,unmatched,2,0,0,0,0,False,False,1,2,True,False,False,pas_de_conclusion_juridique_automatique,False,False,False,True,,,,,,,,,,,,,,,,,False,
2023,202300026268,VAE,En agglomération,cycleway,238697829,basse-normandie-230101.geoparquet,basse-normandie-230101.geoparquet,retrouvee,False,3.103519536695462,False,matched,2,0,1,0,1,True,True,1,3,True,False,False,cycleway_trajectoires_et_acces_a_verifier,True,False,False,False,cycleway,,,,asphalt,excellent,,,,,,Quai Jean Charcot,evalue,6.0,6.0,0.0,False,
2023,202300026425,VAE,En agglomération,cycleway,609924670,champagne-ardenne-230101.geoparquet,champagne-ardenne-230101.geoparquet,retrouvee,False,13.592061117429832,False,matched,2,0,1,0,1,True,True,2,3,True,True,False,cycleway_trajectoires_et_acces_a_verifier,True,False,False,False,cycleway,,designated,no,asphalt,,,,,,no,,evalue,1.0,1.0,0.0,False,
2023,202300027035,VAE,En agglomération,cycleway,1000697979,reunion-230101.geoparquet,reunion-230101.geoparquet,retrouvee,False,5.451404880030786,False,matched,2,0,0,0,1,True,False,6,3,True,True,False,cycleway_trajectoires_et_acces_a_verifier,True,False,False,False,cycleway,,,,,,,,,,yes,,evalue,2.0,2.0,0.0,False,
2023,202300030379,VAE,En agglomération,cycleway,24960869,alsace-230101.geoparquet,alsace-230101.geoparquet,retrouvee,False,2.2050681179779557,False,matched,2,0,1,0,1,True,True,3,3,True,True,False,cycleway_trajectoires_et_acces_a_verifier,True,False,False,False,cycleway,,,,asphalt,,,,,,,Piste Maurice Garin,evalue,3.0,1.0,1.0,True,2.6557523962947567
2023,202300031977,VAE,En agglomération,cycleway,289269434,provence-alpes-cote-d-azur-230101.geoparquet,provence-alpes-cote-d-azur-230101.geoparquet,retrouvee,False,2.624462355232829,False,matched,2,0,0,0,1,True,False,9,3,True,True,False,cycleway_trajectoires_et_acces_a_verifier,True,False,False,False,cycleway,,,,,,,,,,,,evalue,6.0,4.0,2.0,True,4.150633015948793
2023,202300038340,VAE,En agglomération,cycleway,422817093,ile-de-france-230101.geoparquet,ile-de-france-230101.geoparquet,retrouvee,False,2.645980086727874,False,matched,2,0,1,0,1,True,True,1,3,True,False,False,cycleway_trajectoires_et_acces_a_verifier,True,False,False,False,cycleway,,,,asphalt,,,,,,yes,,evalue,1.0,1.0,1.0,False,76.81454572842463
2023,202300039278,VAE,Hors agglomération,residential,161909829,bretagne-230101.geoparquet,bretagne-230101.geoparquet,retrouvee,False,33.861284198696474,True,matched,1,0,0,0,0,False,False,1,6,True,False,False,pas_de_conclusion_juridique_automatique,False,False,False,True,residential,,,,asphalt,,,,,,,Rue du Port Coubar,,,,,False,
2023,202300039617,VAE,En agglomération,cycleway,25485929,ile-de-france-230101.geoparquet,ile-de-france-230101.geoparquet,retrouvee,False,0.5933849991856488,False,matched,2,0,0,0,1,True,False,3,1,True,True,True,cycleway_trajectoires_et_acces_a_verifier,True,False,False,False,cycleway,,,,asphalt,,on_street,,,30,yes,Rue de Rivoli,evalue,7.0,3.0,0.0,False,
2023,202300041377,VAE,En agglomération,living_street,123486088,ile-de-france-230101.geoparquet,ile-de-france-230101.geoparquet,retrouvee,False,72.58514520625076,True,matched,1,0,0,0,0,False,False,3,7,True,True,True,pas_de_conclusion_juridique_automatique,False,False,False,True,living_street,,,,asphalt,,opposite,,,20,yes,Rue Saint-Martin,,,,,False,
2023,202300044063,VAE,En agglomération,cycleway,635793356,ile-de-france-230101.geoparquet,ile-de-france-230101.geoparquet,retrouvee,False,0.06444219522627737,False,matched,2,0,1,0,1,True,True,3,3,True,True,True,cycleway_trajectoires_et_acces_a_verifier,True,False,False,False,cycleway,,,,sett,,on_street,,,,yes,Avenue des Champs-Élysées,evalue,4.0,3.0,1.0,True,1.625017521792226
2023,202300044181,VAE,En agglomération,cycleway,1016241420,bretagne-230101.geoparquet,bretagne-230101.geoparquet,retrouvee,False,6.336101973106011,False,matched,2,0,0,0,1,True,False,1,3,True,False,False,cycleway_trajectoires_et_acces_a_verifier,True,False,False,False,cycleway,,,,,,,,,,,,evalue,3.0,3.0,0.0,False,
2023,202300046647,VAE,En agglomération,cycleway,39481517,ile-de-france-230101.geoparquet,ile-de-france-230101.geoparquet,retrouvee,False,0.01128508466406035,False,matched,2,0,0,0,1,True,False,4,3,True,True,True,cycleway_trajectoires_et_acces_a_verifier,True,False,False,False,cycleway,,,,asphalt,,sidewalk,,,,,Avenue Ibsen,evalue,5.0,4.0,0.0,False,
2023,202300047815,VAE,En agglomération,cycleway,711068819,bretagne-230101.geoparquet,bretagne-230101.geoparquet,retrouvee,False,0.5060313820201825,False,matched,2,0,1,0,1,True,True,3,3,True,True,False,cycleway_trajectoires_et_acces_a_verifier,True,False,False,False,cycleway,,,,,,,,,,,Voie Verte Lorient-Plouay,evalue,2.0,2.0,1.0,True,3.0068981795232657
2023,202300049373,VAE,En agglomération,cycleway,153522956,alsace-230101.geoparquet,alsace-230101.geoparquet,retrouvee,False,2.4606793555301625,False,matched,2,0,1,0,1,True,True,3,3,True,True,False,cycleway_trajectoires_et_acces_a_verifier,True,False,False,False,cycleway,,,,,,,,,,,,evalue,6.0,4.0,1.0,True,4.611737842335144
2023,202300049954,VAE,En agglomération,cycleway,831152037,alsace-230101.geoparquet,alsace-230101.geoparquet,retrouvee,False,0.5456002019693793,False,matched,2,0,1,0,1,True,True,3,3,True,True,False,cycleway_trajectoires_et_acces_a_verifier,True,False,False,False,cycleway,,designated,,asphalt,,,,,30,,,evalue,2.0,2.0,1.0,True,2.5042952447681697
2023,202300050257,VAE,En agglomération,cycleway,217654409,picardie-230101.geoparquet,picardie-230101.geoparquet,retrouvee,False,0.5768674019619381,False,matched,2,0,1,0,1,True,True,1,3,True,False,False,cycleway_trajectoires_et_acces_a_verifier,True,False,False,False,cycleway,,,,asphalt,,,,,,,,evalue,3.0,3.0,0.0,False,
2023,202300052727,VAE,En agglomération,tertiary,71122991,ile-de-france-230101.geoparquet,ile-de-france-230101.geoparquet,retrouvee,False,37.91801782557852,True,matched,1,0,0,0,0,False,False,2,7,True,True,True,pas_de_conclusion_juridique_automatique,False,False,False,True,tertiary,,,,asphalt,,,,share_busway,30,,Rue Étienne Marcel,,,,,False,
2023,202300000513,EDPM,Hors agglomération,tertiary,101995373,ile-de-france-230101.geoparquet,ile-de-france-230101.geoparquet,retrouvee,False,3.052728145682606,False,matched,2,0,0,0,1,True,False,1,3,True,False,False,route_hors_agglo_autorisation_locale_a_verifier,False,True,False,False,tertiary,,,,,,,,,80,,,evalue,0.0,0.0,0.0,False,
2023,202300000540,EDPM,Hors agglomération,primary,5017165,lorraine-230101.geoparquet,lorraine-230101.geoparquet,retrouvee,False,2.143767767954928,False,matched,2,0,1,0,1,True,True,1,6,True,False,False,route_hors_agglo_autorisation_locale_a_verifier,False,True,False,False,primary,,,,,,,,,90,yes,,evalue,6.0,6.0,4.0,True,3.319987485708489
2023,202300000605,EDPM,Hors agglomération,unclassified,152993653,rhone-alpes-230101.geoparquet,rhone-alpes-230101.geoparquet,retrouvee,False,1.8746088200403908,False,matched,2,0,1,0,1,True,True,1,2,True,False,False,route_hors_agglo_autorisation_locale_a_verifier,False,True,False,False,unclassified,,,,,,,,,,,Chemin du Loup,evalue,3.0,3.0,1.0,True,8.819523900887754
2023,202300000851,EDPM,Hors agglomération,service,5094912,rhone-alpes-230101.geoparquet,rhone-alpes-230101.geoparquet,retrouvee,False,0.9235803450390616,False,matched,2,0,1,0,1,True,True,3,2,True,True,False,route_hors_agglo_autorisation_locale_a_verifier,False,True,False,False,service,,,,,,,,,,no,,evalue,2.0,2.0,2.0,True,1.7059518066228694
2023,202300001455,EDPM,Hors agglomération,secondary,44504974,auvergne-230101.geoparquet,auvergne-230101.geoparquet,retrouvee,False,0.06699570654898296,False,matched,2,0,1,0,1,True,True,1,2,True,False,False,route_hors_agglo_autorisation_locale_a_verifier,False,True,False,False,secondary,,,,asphalt,,,,,80,,Rue de Bourdon,evalue,0.0,0.0,0.0,False,
2023,202300001620,EDPM,En agglomération,cycleway,492304832,pays-de-la-loire-230101.geoparquet,pays-de-la-loire-230101.geoparquet,retrouvee,False,2.766386750172876,False,matched,2,0,0,0,1,True,False,9,3,True,True,False,cycleway_trajectoires_et_acces_a_verifier,True,False,False,False,cycleway,,,,asphalt,,,,,,no,,evalue,5.0,5.0,1.0,True,5.589207753603365
2023,202300001636,EDPM,Hors agglomération,secondary,32263444,picardie-230101.geoparquet,picardie-230101.geoparquet,retrouvee,False,1.0243268113305717,False,matched,2,0,1,0,1,True,True,6,3,True,True,False,route_hors_agglo_autorisation_locale_a_verifier,False,True,False,False,secondary,,,,,,,,,50,yes,,evalue,4.0,4.0,1.0,True,7.058440108207695
2023,202300002141,EDPM,En agglomération,service,1034097508,ile-de-france-230101.geoparquet,ile-de-france-230101.geoparquet,retrouvee,False,56.48954154616503,True,matched,1,1,0,0,0,False,False,1,6,True,False,False,pas_de_conclusion_juridique_automatique,False,False,False,True,service,,,,,,,,,,,,,,,,False,
2023,202300002146,EDPM,Hors agglomération,secondary,891325360,rhone-alpes-230101.geoparquet,rhone-alpes-230101.geoparquet,retrouvee,False,0.7328704745954623,False,matched,2,0,1,0,1,True,True,3,3,True,True,False,route_hors_agglo_autorisation_locale_a_verifier,False,True,False,False,secondary,,,,asphalt,,,,,,,Rue des Potiers,evalue,2.0,2.0,2.0,True,2.423825237336046
2023,202300002436,EDPM,En agglomération,cycleway,418077167,languedoc-roussillon-230101.geoparquet,languedoc-roussillon-230101.geoparquet,retrouvee,False,6.326212662882713,False,matched,2,0,1,0,1,True,True,3,3,True,True,False,cycleway_trajectoires_et_acces_a_verifier,True,False,False,False,cycleway,no,yes,,asphalt,,,,,,no,,evalue,3.0,3.0,1.0,False,10.684136086427367
2023,202300003025,EDPM,En agglomération,cycleway,182042755,ile-de-france-230101.geoparquet,ile-de-france-230101.geoparquet,retrouvee,False,0.08326216162369719,False,matched,2,0,1,0,1,True,True,3,3,True,True,False,cycleway_trajectoires_et_acces_a_verifier,True,False,False,False,cycleway,,,,asphalt,,,,,,yes,Rue Camille Desmoulins,evalue,7.0,6.0,4.0,True,0.930911650145318
2023,202300003401,EDPM,Hors agglomération,primary,172332174,bourgogne-230101.geoparquet,bourgogne-230101.geoparquet,retrouvee,False,5.0092067855184235,False,matched,2,0,1,0,1,True,True,1,6,True,False,False,route_hors_agglo_autorisation_locale_a_verifier,False,True,False,False,primary,,,,,,,,,90,no,,evalue,0.0,0.0,0.0,False,
2023,202300004933,EDPM,Hors agglomération,unclassified,168771592,provence-alpes-cote-d-azur-230101.geoparquet,provence-alpes-cote-d-azur-230101.geoparquet,retrouvee,False,1.0308174139120285,False,matched,2,1,1,0,1,True,True,2,6,True,True,False,route_hors_agglo_autorisation_locale_a_verifier,False,True,False,False,unclassified,,,,,,,,,,,Route des Nourrats,evalue,2.0,2.0,2.0,True,1.6295928967203914
2023,202300006413,EDPM,En agglomération,cycleway,1082328915,pays-de-la-loire-230101.geoparquet,pays-de-la-loire-230101.geoparquet,retrouvee,False,2.643725446858025,False,matched,2,0,1,0,1,True,True,3,3,True,True,False,cycleway_trajectoires_et_acces_a_verifier,True,False,False,False,cycleway,,,,,,,,,,yes,,evalue,9.0,9.0,3.0,True,3.856489331774448
2023,202300006744,EDPM,Hors agglomération,unclassified,142654618,ile-de-france-230101.geoparquet,ile-de-france-230101.geoparquet,retrouvee,False,0.1547691500752812,False,matched,2,0,0,0,1,True,False,1,3,True,False,False,route_hors_agglo_autorisation_locale_a_verifier,False,True,False,False,unclassified,,,,,,,,,,,Rue des Pyrénées,evalue,0.0,0.0,0.0,False,
2023,202300007114,EDPM,Hors agglomération,secondary,161281322,ile-de-france-230101.geoparquet,ile-de-france-230101.geoparquet,retrouvee,False,2.193475353109067,False,matched,2,0,1,0,1,True,True,1,6,True,False,False,route_hors_agglo_autorisation_locale_a_verifier,False,True,False,False,secondary,,,,asphalt,,,,,,yes,Avenue Chevreul,evalue,17.0,17.0,4.0,False,17.050991607977412
2023,202300007650,EDPM,En agglomération,service,624087515,pays-de-la-loire-230101.geoparquet,pays-de-la-loire-230101.geoparquet,retrouvee,False,47.225893782228326,True,matched,1,1,0,0,0,False,False,1,6,True,False,False,pas_de_conclusion_juridique_automatique,False,False,False,True,service,destination,,,,,,,,,,,,,,,False,
2023,202300008230,EDPM,En agglomération,cycleway,206903421,ile-de-france-230101.geoparquet,ile-de-france-230101.geoparquet,retrouvee,False,2.8210617662850557,False,matched,2,0,0,0,1,True,False,1,1,True,False,False,cycleway_trajectoires_et_acces_a_verifier,True,False,False,False,cycleway,,,,,,,,,,yes,Avenue de Ceinture,evalue,3.0,1.0,1.0,False,29.954020783138958
2023,202300008509,EDPM,Hors agglomération,tertiary,304258790,poitou-charentes-230101.geoparquet,poitou-charentes-230101.geoparquet,retrouvee,False,0.9367182706553613,False,matched,1,0,0,0,0,False,False,1,7,True,False,False,route_hors_agglo_autorisation_locale_a_verifier,False,True,False,False,tertiary,,,,,,,,,,,,evalue,0.0,0.0,0.0,False,
2023,202300008904,EDPM,Hors agglomération,secondary,187006710,provence-alpes-cote-d-azur-230101.geoparquet,provence-alpes-cote-d-azur-230101.geoparquet,retrouvee,False,4.136897341516542,False,matched,2,0,1,0,1,True,True,6,3,True,True,False,route_hors_agglo_autorisation_locale_a_verifier,False,True,False,False,secondary,,,,asphalt,,,,,,,Rond-Point des Médaillés Militaires,evalue,4.0,4.0,4.0,True,4.388706042894404
2023,202300009167,EDPM,Hors agglomération,secondary,207886365,provence-alpes-cote-d-azur-230101.geoparquet,provence-alpes-cote-d-azur-230101.geoparquet,retrouvee,False,3.108962244086063,False,matched,2,0,0,0,1,True,False,1,2,True,False,False,route_hors_agglo_autorisation_locale_a_verifier,False,True,False,False,secondary,,,,,,,,,,no,Route de Saint-André,evalue,0.0,0.0,0.0,False,
2023,202300009189,EDPM,Hors agglomération,primary,240131297,franche-comte-230101.geoparquet,franche-comte-230101.geoparquet,retrouvee,False,15.646378143323505,False,matched,2,0,1,0,1,True,True,6,2,True,True,False,route_hors_agglo_autorisation_locale_a_verifier,False,True,False,False,primary,,,,asphalt,,,,,70,,,evalue,4.0,4.0,3.0,False,15.861532780263195
2023,202300010522,EDPM,Hors agglomération,unclassified,25889922,languedoc-roussillon-230101.geoparquet,languedoc-roussillon-230101.geoparquet,retrouvee,False,0.9390423461831515,False,matched,2,0,1,0,1,True,True,1,1,True,False,False,route_hors_agglo_autorisation_locale_a_verifier,False,True,False,False,unclassified,,,,,,,,,,,Chemin des Moulières,evalue,4.0,2.0,2.0,False,26.5301264571099
2023,202300010603,EDPM,Hors agglomération,tertiary,1056667452,basse-normandie-230101.geoparquet,basse-normandie-230101.geoparquet,retrouvee,False,0.10221309101558054,False,matched,2,0,0,1,1,True,False,1,2,True,False,False,route_hors_agglo_autorisation_locale_a_verifier,False,True,False,False,tertiary,,,,asphalt,,,,,,no,Rue de Nihault,evalue,0.0,0.0,0.0,False,
2023,202300011470,EDPM,En agglomération,cycleway,946790811,rhone-alpes-230101.geoparquet,rhone-alpes-230101.geoparquet,retrouvee,False,4.4904902363191574,False,matched,2,0,1,0,1,True,True,2,3,True,True,False,cycleway_trajectoires_et_acces_a_verifier,True,False,False,False,cycleway,,,,asphalt,,,,,,,,evalue,15.0,12.0,4.0,True,6.567228563484748
2023,202300011621,EDPM,En agglomération,cycleway,277882615,aquitaine-230101.geoparquet,aquitaine-230101.geoparquet,retrouvee,False,0.19363376211635952,False,matched,2,0,1,0,1,True,True,2,3,True,True,False,cycleway_trajectoires_et_acces_a_verifier,True,False,False,False,cycleway,,,,asphalt,,,,,,no,,evalue,12.0,12.0,1.0,True,0.361335153158375
2023,202300011936,EDPM,En agglomération,cycleway,849338683,ile-de-france-230101.geoparquet,ile-de-france-230101.geoparquet,retrouvee,False,0.7578669475864368,False,matched,2,0,1,0,1,True,True,2,3,True,True,False,cycleway_trajectoires_et_acces_a_verifier,True,False,False,False,cycleway,no,yes,,,,,,,,no,,evalue,1.0,1.0,1.0,True,1.9365576930688253
2023,202300012032,EDPM,Hors agglomération,secondary,687422716,provence-alpes-cote-d-azur-230101.geoparquet,provence-alpes-cote-d-azur-230101.geoparquet,retrouvee,False,0.45900693313035723,False,matched,2,0,1,0,1,True,True,3,3,True,True,False,route_hors_agglo_autorisation_locale_a_verifier,False,True,False,False,secondary,,,,asphalt,,,,,90,,Route de Hyères,evalue,3.0,3.0,0.0,False,
2023,202300012048,EDPM,Hors agglomération,secondary,122685010,lorraine-230101.geoparquet,lorraine-230101.geoparquet,retrouvee,False,1.3174539238388046,False,matched,2,0,1,0,1,True,True,6,2,True,True,False,route_hors_agglo_autorisation_locale_a_verifier,False,True,False,False,secondary,,,,,,,,,,,,evalue,3.0,3.0,3.0,True,1.565821926007172
2023,202300012154,EDPM,En agglomération,cycleway,25375893,alsace-230101.geoparquet,alsace-230101.geoparquet,retrouvee,False,0.8283381012435005,False,matched,2,0,1,0,1,True,True,3,3,True,True,False,cycleway_trajectoires_et_acces_a_verifier,True,False,False,False,cycleway,,,,,,,,,,,,evalue,5.0,4.0,1.0,True,6.503969288614687
2023,202300012191,EDPM,Hors agglomération,primary,155771435,provence-alpes-cote-d-azur-230101.geoparquet,provence-alpes-cote-d-azur-230101.geoparquet,retrouvee,False,4.846386586202132,False,matched,2,0,0,0,0,False,False,1,6,True,False,False,route_hors_agglo_autorisation_locale_a_verifier,False,True,False,False,primary,,,,asphalt,,,,,70,yes,Route de Draguignan,evalue,6.0,6.0,3.0,False,14.69258909439913
2023,202300012202,EDPM,Hors agglomération,track,184265917,pays-de-la-loire-230101.geoparquet,pays-de-la-loire-230101.geoparquet,retrouvee,False,0.20172354707249546,False,matched,1,0,0,0,0,False,False,1,7,True,False,False,route_hors_agglo_autorisation_locale_a_verifier,False,True,False,False,track,private,,,,,,,,,,Chemin de la Poupetterie,evalue,3.0,2.0,2.0,True,0.6566126128906509
2023,202300012971,EDPM,En agglomération,tertiary,35774042,ile-de-france-230101.geoparquet,ile-de-france-230101.geoparquet,retrouvee,False,37.404617872901696,True,matched,1,0,0,0,0,False,False,1,6,True,False,False,pas_de_conclusion_juridique_automatique,False,False,False,True,tertiary,,,,asphalt,,,,,,,,,,,,False,
2023,202300014015,EDPM,Hors agglomération,secondary,198964241,languedoc-roussillon-230101.geoparquet,languedoc-roussillon-230101.geoparquet,retrouvee,False,2.9768891627603087,False,matched,2,0,1,0,1,True,True,3,1,True,True,False,route_hors_agglo_autorisation_locale_a_verifier,False,True,False,False,secondary,,,,,,,,,,yes,,evalue,5.0,5.0,4.0,True,4.8411185535827235
2023,202300014842,EDPM,En agglomération,cycleway,626090945,rhone-alpes-230101.geoparquet,rhone-alpes-230101.geoparquet,retrouvee,False,36.86912799171614,True,matched,2,0,1,0,1,True,True,1,1,True,False,False,cycleway_trajectoires_et_acces_a_verifier,True,False,False,True,cycleway,,,,asphalt,good,,,,,yes,,evalue,0.0,0.0,0.0,False,
2023,202300016539,EDPM,Hors agglomération,primary,41702223,languedoc-roussillon-230101.geoparquet,languedoc-roussillon-230101.geoparquet,retrouvee,False,0.13530308650004957,False,matched,2,0,1,0,1,True,True,6,3,True,True,True,route_hors_agglo_autorisation_locale_a_verifier,False,True,False,False,primary,,,,asphalt,,,,no,80,,,evalue,3.0,3.0,3.0,True,8.706158277685356
2023,202300016592,EDPM,Hors agglomération,secondary,748913785,limousin-230101.geoparquet,limousin-230101.geoparquet,retrouvee,False,0.14601424961235127,False,matched,1,0,0,0,0,False,False,1,7,True,False,False,route_hors_agglo_autorisation_locale_a_verifier,False,True,False,False,secondary,,,,,,,,,,no,Route des Moulins,evalue,0.0,0.0,0.0,False,
2023,202300016720,EDPM,Hors agglomération,primary,548954143,bourgogne-230101.geoparquet,bourgogne-230101.geoparquet,retrouvee,False,7.118422195609065,False,matched,2,0,1,0,1,True,True,1,2,True,False,False,route_hors_agglo_autorisation_locale_a_verifier,False,True,False,False,primary,,,,asphalt,,,,,90,no,,evalue,0.0,0.0,0.0,False,
2023,202300016768,EDPM,En agglomération,cycleway,112795447,ile-de-france-230101.geoparquet,ile-de-france-230101.geoparquet,retrouvee,False,0.5953778774044987,False,matched,2,0,1,0,1,True,True,6,3,True,True,False,cycleway_trajectoires_et_acces_a_verifier,True,False,False,False,cycleway,,,,,,,,,,yes,,evalue,5.0,4.0,2.0,True,0.8802765496165385
2023,202300017902,EDPM,Hors agglomération,primary,550224429,provence-alpes-cote-d-azur-230101.geoparquet,provence-alpes-cote-d-azur-230101.geoparquet,retrouvee,False,11.198236099345305,False,matched,2,0,1,0,1,True,True,1,2,True,False,False,route_hors_agglo_autorisation_locale_a_verifier,False,True,False,False,primary,,,,asphalt,,,,,80,no,Chemin de Rabeyrolles,evalue,0.0,0.0,0.0,False,
2023,202300018351,EDPM,En agglomération,cycleway,1057387482,haute-normandie-230101.geoparquet,haute-normandie-230101.geoparquet,retrouvee,False,3.3574286040177195,False,matched,2,0,0,0,1,True,False,6,3,True,True,False,cycleway_trajectoires_et_acces_a_verifier,True,False,False,False,cycleway,,,,concrete,,,,,,,Piste cyclable provisoire durant les travaux,evalue,7.0,6.0,0.0,False,
2023,202300018468,EDPM,En agglomération,cycleway,823406922,ile-de-france-230101.geoparquet,ile-de-france-230101.geoparquet,retrouvee,False,3.725365017250788,False,matched,2,0,1,0,1,True,True,9,7,True,True,False,cycleway_trajectoires_et_acces_a_verifier,True,False,False,False,cycleway,,,,asphalt,,,,,,,,evalue,8.0,8.0,2.0,True,4.169076871396928
2023,202300018577,EDPM,En agglomération,cycleway,144384101,ile-de-france-230101.geoparquet,ile-de-france-230101.geoparquet,retrouvee,False,4.452774002822126,False,matched,2,0,1,0,1,True,True,1,3,True,False,False,cycleway_trajectoires_et_acces_a_verifier,True,False,False,False,cycleway,,,,,,,,,,,,evalue,7.0,5.0,1.0,False,18.59311144012834
2023,202300019221,EDPM,Hors agglomération,tertiary,958674348,aquitaine-230101.geoparquet,aquitaine-230101.geoparquet,retrouvee,False,0.04551609919115017,False,matched,2,0,1,0,1,True,True,1,3,True,False,False,route_hors_agglo_autorisation_locale_a_verifier,False,True,False,False,tertiary,,,,,,,,,,,Route de Poyartin,evalue,0.0,0.0,0.0,False,
2023,202300019558,EDPM,En agglomération,cycleway,305061175,ile-de-france-230101.geoparquet,ile-de-france-230101.geoparquet,retrouvee,False,7.359886730919235,False,matched,2,0,0,0,1,True,False,1,3,True,False,False,cycleway_trajectoires_et_acces_a_verifier,True,False,False,False,cycleway,,,,,,,,,,yes,Avenue de Paris,evalue,4.0,3.0,0.0,False,
2023,202300019649,EDPM,Hors agglomération,primary,83281419,pays-de-la-loire-230101.geoparquet,pays-de-la-loire-230101.geoparquet,retrouvee,False,0.3453104340441515,False,matched,2,0,0,0,1,True,False,3,3,True,True,False,route_hors_agglo_autorisation_locale_a_verifier,False,True,False,False,primary,,,,asphalt,,,,,90,,Route de la Chapelle,evalue,2.0,2.0,2.0,True,0.5345783938369135
2023,202300019840,EDPM,En agglomération,cycleway,1111614195,champagne-ardenne-230101.geoparquet,champagne-ardenne-230101.geoparquet,retrouvee,False,1.139770696689909,False,matched,2,0,1,0,1,True,True,2,3,True,True,False,cycleway_trajectoires_et_acces_a_verifier,True,False,False,False,cycleway,,designated,no,asphalt,,,,,,no,,evalue,4.0,4.0,1.0,True,9.182436005226785
2023,202300019841,EDPM,En agglomération,residential,41401117,champagne-ardenne-230101.geoparquet,champagne-ardenne-230101.geoparquet,retrouvee,False,59.29551776533961,True,matched,1,1,0,0,0,False,False,1,6,True,False,False,pas_de_conclusion_juridique_automatique,False,False,False,True,residential,,,,asphalt,,,,,30,yes,Rue des Poissonniers,,,,,False,
2023,202300019866,EDPM,En agglomération,cycleway,197560590,centre-230101.geoparquet,centre-230101.geoparquet,retrouvee,False,7.627850090304932,False,matched,2,0,0,0,1,True,False,6,3,True,True,False,cycleway_trajectoires_et_acces_a_verifier,True,False,False,False,cycleway,,,,,,,,,,,,evalue,6.0,6.0,0.0,False,
2023,202300020395,EDPM,En agglomération,cycleway,825809011,haute-normandie-230101.geoparquet,haute-normandie-230101.geoparquet,retrouvee,False,0.1075031403772616,False,matched,2,0,1,0,1,True,True,2,3,True,True,False,cycleway_trajectoires_et_acces_a_verifier,True,False,False,False,cycleway,,,,asphalt,,,,,,yes,,evalue,11.0,10.0,2.0,True,0.22006206861051206
2023,202300021383,EDPM,Hors agglomération,secondary,244220847,picardie-230101.geoparquet,picardie-230101.geoparquet,retrouvee,False,2.136114085800814,False,matched,2,0,1,0,1,True,True,1,3,True,False,False,route_hors_agglo_autorisation_locale_a_verifier,False,True,False,False,secondary,,,,asphalt,,,,,,yes,,evalue,4.0,4.0,3.0,True,8.076088406515883
2023,202300021692,EDPM,Hors agglomération,tertiary,45261641,polynesie-francaise-230101.geoparquet,polynesie-francaise-230101.geoparquet,retrouvee,False,6.587361871419125,False,matched,1,1,0,0,0,False,False,1,6,True,False,False,route_hors_agglo_autorisation_locale_a_verifier,False,True,False,False,tertiary,,,,,,,,,,,,evalue,0.0,0.0,0.0,False,
2023,202300022394,EDPM,En agglomération,cycleway,795908929,ile-de-france-230101.geoparquet,ile-de-france-230101.geoparquet,retrouvee,False,0.12330392485824149,False,matched,2,0,0,0,1,True,False,1,3,True,False,True,cycleway_trajectoires_et_acces_a_verifier,True,False,False,False,cycleway,,,,asphalt,,on_street,,,,no,Rue de Presbourg,evalue,11.0,5.0,5.0,True,1.9888823148922203
2023,202300022427,EDPM,En agglomération,cycleway,73897211,languedoc-roussillon-230101.geoparquet,languedoc-roussillon-230101.geoparquet,retrouvee,False,1.7524533299023177,False,matched,2,0,1,0,1,True,True,9,3,True,True,False,cycleway_trajectoires_et_acces_a_verifier,True,False,False,False,cycleway,,,,,,,,,,,,evalue,4.0,3.0,0.0,False,
2023,202300022711,EDPM,En agglomération,cycleway,454494420,aquitaine-230101.geoparquet,aquitaine-230101.geoparquet,retrouvee,False,1.1295623500477903,False,matched,2,0,1,0,1,True,True,1,3,True,False,False,cycleway_trajectoires_et_acces_a_verifier,True,False,False,False,cycleway,,designated,no,concrete,,,,,,,,evalue,3.0,2.0,1.0,True,1.713459984095252
2023,202300022767,EDPM,En agglomération,cycleway,130022348,languedoc-roussillon-230101.geoparquet,languedoc-roussillon-230101.geoparquet,retrouvee,False,0.15618049240131118,False,matched,2,0,1,0,1,True,True,2,3,True,True,False,cycleway_trajectoires_et_acces_a_verifier,True,False,False,False,cycleway,,,,asphalt,,,,,,yes,,evalue,20.0,16.0,6.0,False,10.880005443257593
2023,202300023928,EDPM,En agglomération,cycleway,1014632867,bretagne-230101.geoparquet,bretagne-230101.geoparquet,retrouvee,False,1.5362801672643607,False,matched,2,0,1,0,1,True,True,1,3,True,False,False,cycleway_trajectoires_et_acces_a_verifier,True,False,False,False,cycleway,,,,,,,,,,,Place de la Libération,evalue,9.0,9.0,3.0,True,2.9207095587116014
2023,202300024585,EDPM,Hors agglomération,tertiary,306756213,limousin-230101.geoparquet,limousin-230101.geoparquet,retrouvee,False,0.16771668377829693,False,matched,2,0,1,0,1,True,True,1,2,True,False,False,route_hors_agglo_autorisation_locale_a_verifier,False,True,False,False,tertiary,,,,asphalt,,,,,30,,Rue de la Mauvendière,evalue,1.0,1.0,1.0,True,8.825082423649564
2023,202300025417,EDPM,En agglomération,cycleway,1103146391,ile-de-france-230101.geoparquet,ile-de-france-230101.geoparquet,retrouvee,False,2.0036019036681254,False,matched,2,0,1,0,1,True,True,1,3,True,False,False,cycleway_trajectoires_et_acces_a_verifier,True,False,False,False,cycleway,,,,,,,,,,,,evalue,3.0,3.0,2.0,True,2.9559812315536584
2023,202300025624,EDPM,En agglomération,cycleway,680213115,ile-de-france-230101.geoparquet,ile-de-france-230101.geoparquet,retrouvee,False,1.7053048357388771,False,matched,2,0,1,0,1,True,True,3,3,True,True,True,cycleway_trajectoires_et_acces_a_verifier,True,False,False,False,cycleway,,,,asphalt,good,on_street,,,,no,Rue du Temple,evalue,5.0,4.0,0.0,False,
2023,202300026059,EDPM,En agglomération,cycleway,819117272,ile-de-france-230101.geoparquet,ile-de-france-230101.geoparquet,retrouvee,False,2.346206390319479,False,matched,2,0,1,0,1,True,True,3,3,True,True,True,cycleway_trajectoires_et_acces_a_verifier,True,False,False,False,cycleway,,,,asphalt,excellent,on_street,,,,,Rue de Sèvres,evalue,8.0,8.0,4.0,True,4.1171851839434295
2023,202300026386,EDPM,Hors agglomération,trunk,91899967,ile-de-france-230101.geoparquet,ile-de-france-230101.geoparquet,retrouvee,False,0.3367065180763914,False,matched,1,0,0,0,0,False,False,1,7,True,False,False,route_hors_agglo_autorisation_locale_a_verifier,False,True,False,False,trunk,,,,,,,,,110,yes,La Francilienne,evalue,0.0,0.0,0.0,False,
2023,202300026877,EDPM,En agglomération,cycleway,79870100,centre-230101.geoparquet,centre-230101.geoparquet,retrouvee,False,2.9576084841578916,False,matched,2,0,0,0,1,True,False,4,3,True,True,False,cycleway_trajectoires_et_acces_a_verifier,True,False,False,False,cycleway,,,,asphalt,,,,,,yes,Avenue André Maginot,evalue,5.0,3.0,1.0,True,7.736458993280391
2023,202300027110,EDPM,En agglomération,cycleway,854642683,ile-de-france-230101.geoparquet,ile-de-france-230101.geoparquet,retrouvee,False,0.24619533005729402,False,matched,2,0,1,0,1,True,True,1,3,True,False,False,cycleway_trajectoires_et_acces_a_verifier,True,False,False,False,cycleway,,,,asphalt,,,,,,yes,Boulevard National,evalue,4.0,3.0,2.0,True,1.0035467990946636
2023,202300027120,EDPM,Hors agglomération,secondary,629615988,provence-alpes-cote-d-azur-230101.geoparquet,provence-alpes-cote-d-azur-230101.geoparquet,retrouvee,False,2.6210590657783492,False,matched,1,0,0,0,0,False,False,1,7,True,False,False,route_hors_agglo_autorisation_locale_a_verifier,False,True,False,False,secondary,,,,,,,,,70,no,Route de Draguignan,evalue,3.0,3.0,2.0,False,10.624850985908084
2023,202300027192,EDPM,En agglomération,cycleway,701110201,ile-de-france-230101.geoparquet,ile-de-france-230101.geoparquet,retrouvee,False,0.13696100698187985,False,matched,2,0,0,0,1,True,False,3,3,True,True,True,cycleway_trajectoires_et_acces_a_verifier,True,False,False,False,cycleway,,,,asphalt,good,on_street,,,,no,Rue de Turbigo,evalue,5.0,4.0,0.0,False,
2023,202300027225,EDPM,Hors agglomération,secondary,514822799,pays-de-la-loire-230101.geoparquet,pays-de-la-loire-230101.geoparquet,retrouvee,False,0.5827039734801029,False,matched,2,0,1,0,1,True,True,1,2,True,False,False,route_hors_agglo_autorisation_locale_a_verifier,False,True,False,False,secondary,,,,,,,,,,,,evalue,0.0,0.0,0.0,False,
2023,202300027836,EDPM,En agglomération,cycleway,215020653,rhone-alpes-230101.geoparquet,rhone-alpes-230101.geoparquet,retrouvee,False,58.159785063188075,True,matched,2,0,0,0,1,True,False,1,3,True,False,False,cycleway_trajectoires_et_acces_a_verifier,True,False,False,True,cycleway,,,,asphalt,,,,,,,Rue Paul Montrochet,evalue,0.0,0.0,0.0,False,
2023,202300028492,EDPM,Hors agglomération,primary,350918537,picardie-230101.geoparquet,picardie-230101.geoparquet,retrouvee,False,0.39765582406105815,False,matched,2,0,1,0,1,True,True,1,2,True,False,False,route_hors_agglo_autorisation_locale_a_verifier,False,True,False,False,primary,,,,asphalt,,,,,110,yes,,evalue,10.0,8.0,1.0,True,9.478452992757811
2023,202300028909,EDPM,Hors agglomération,tertiary,163814671,picardie-230101.geoparquet,picardie-230101.geoparquet,retrouvee,False,7.319533012266235,False,matched,2,0,1,0,1,True,True,1,2,True,False,False,route_hors_agglo_autorisation_locale_a_verifier,False,True,False,False,tertiary,,,,asphalt,,,,,,,Rue Saint-Honoré,evalue,4.0,4.0,0.0,False,
2023,202300029590,EDPM,Hors agglomération,secondary,206145077,rhone-alpes-230101.geoparquet,rhone-alpes-230101.geoparquet,retrouvee,False,8.866644656216852,False,matched,2,0,1,0,1,True,True,1,1,True,False,False,route_hors_agglo_autorisation_locale_a_verifier,False,True,False,False,secondary,,,,,,,,,,,Rue Beyle Stendhal,evalue,1.0,1.0,1.0,False,15.648961079560756
2023,202300029776,EDPM,Hors agglomération,secondary,409236560,provence-alpes-cote-d-azur-230101.geoparquet,provence-alpes-cote-d-azur-230101.geoparquet,retrouvee,False,2.326977818970566,False,matched,1,0,0,0,0,False,False,1,7,True,False,False,route_hors_agglo_autorisation_locale_a_verifier,False,True,False,False,secondary,,,,asphalt,,,,,80,no,Route de Moustiers,evalue,0.0,0.0,0.0,False,
2023,202300029800,EDPM,En agglomération,cycleway,233487952,aquitaine-230101.geoparquet,aquitaine-230101.geoparquet,retrouvee,False,0.20749908795609856,False,matched,2,0,1,0,1,True,True,1,3,True,False,False,cycleway_trajectoires_et_acces_a_verifier,True,False,False,False,cycleway,,,,asphalt,,,,,,,,evalue,4.0,4.0,1.0,True,2.466044881348731
2023,202300030767,EDPM,En agglomération,cycleway,330050337,ile-de-france-230101.geoparquet,ile-de-france-230101.geoparquet,retrouvee,False,0.5653708513955684,False,matched,2,0,1,0,1,True,True,3,3,True,True,False,cycleway_trajectoires_et_acces_a_verifier,True,False,False,False,cycleway,,,,,,,,,,,,evalue,10.0,10.0,1.0,True,4.05718611537527
2023,202300030866,EDPM,Hors agglomération,secondary,244915382,basse-normandie-230101.geoparquet,basse-normandie-230101.geoparquet,retrouvee,False,1.020135072205933,False,matched,2,0,1,0,1,True,True,1,2,True,False,False,route_hors_agglo_autorisation_locale_a_verifier,False,True,False,False,secondary,,,,asphalt,,,,,,,,evalue,1.0,1.0,1.0,False,26.164303012212905
2023,202300031592,EDPM,Hors agglomération,trunk,540484228,champagne-ardenne-230101.geoparquet,champagne-ardenne-230101.geoparquet,retrouvee,False,2.8129115212513884,False,matched,2,0,1,0,1,True,True,1,3,True,False,False,route_hors_agglo_autorisation_locale_a_verifier,False,True,False,False,trunk,,,,asphalt,,,,,110,yes,,evalue,5.0,5.0,1.0,False,11.519442659312118
2023,202300032331,EDPM,Hors agglomération,tertiary,405587977,reunion-230101.geoparquet,reunion-230101.geoparquet,retrouvee,False,2.1159767124864586,False,matched,2,0,0,0,1,True,False,3,3,True,True,False,route_hors_agglo_autorisation_locale_a_verifier,False,True,False,False,tertiary,,,,asphalt,,,,,,,,evalue,4.0,4.0,2.0,True,4.139744072113467
2023,202300032618,EDPM,Hors agglomération,,,polynesie-francaise-230101.geoparquet,polynesie-francaise-230101.geoparquet,osm_way_id_absent,False,,True,unmatched,2,0,0,1,1,True,False,1,1,True,False,False,pas_de_conclusion_juridique_automatique,False,False,False,True,,,,,,,,,,,,,,,,,False,
2023,202300034826,EDPM,Hors agglomération,secondary,379699845,nord-pas-de-calais-230101.geoparquet,nord-pas-de-calais-230101.geoparquet,retrouvee,False,4.640275455383144,False,matched,2,0,0,0,1,True,False,1,2,True,False,False,route_hors_agglo_autorisation_locale_a_verifier,False,True,False,False,secondary,,,,,,,,,80,no,Route de Meurchin,evalue,0.0,0.0,0.0,False,
2023,202300034858,EDPM,Hors agglomération,primary,18806369,centre-230101.geoparquet,centre-230101.geoparquet,retrouvee,False,0.06641747713073431,False,matched,2,0,0,0,1,True,False,6,3,True,True,False,route_hors_agglo_autorisation_locale_a_verifier,False,True,False,False,primary,,,,asphalt,,,,,90,yes,,evalue,3.0,3.0,2.0,True,6.571923945878967
2023,202300034955,EDPM,Hors agglomération,secondary,22747927,ile-de-france-230101.geoparquet,ile-de-france-230101.geoparquet,retrouvee,False,0.5261278896966842,False,matched,2,0,1,0,1,True,True,6,6,True,True,True,route_hors_agglo_autorisation_locale_a_verifier,False,True,False,False,secondary,,,,asphalt,,separate,,,30,,Voie du Général de Gaulle,evalue,8.0,5.0,4.0,True,0.934441284526608
2023,202300035083,EDPM,Hors agglomération,cycleway,702620346,alsace-230101.geoparquet,alsace-230101.geoparquet,retrouvee,False,0.8424201935952996,False,matched,2,0,1,0,1,True,True,1,3,True,False,False,cycleway_trajectoires_et_acces_a_verifier,True,False,False,False,cycleway,,designated,,asphalt,,,,,,,,evalue,6.0,6.0,1.0,True,9.989961075128345
2023,202300035373,EDPM,En agglomération,residential,24287137,centre-230101.geoparquet,centre-230101.geoparquet,retrouvee,False,36.22273576324037,True,matched,1,1,0,0,0,False,False,1,6,True,False,False,pas_de_conclusion_juridique_automatique,False,False,False,True,residential,,,,,,,,,30,,Place Rotrou,,,,,False,
2023,202300036084,EDPM,Hors agglomération,,,polynesie-francaise-230101.geoparquet,polynesie-francaise-230101.geoparquet,osm_way_id_absent,False,,True,unmatched,2,0,0,0,0,False,False,1,1,True,False,False,pas_de_conclusion_juridique_automatique,False,False,False,True,,,,,,,,,,,,,,,,,False,
2023,202300036393,EDPM,Hors agglomération,secondary,30762982,ile-de-france-230101.geoparquet,ile-de-france-230101.geoparquet,retrouvee,False,0.9090399679486587,False,matched,2,0,1,0,1,True,True,1,3,True,False,False,route_hors_agglo_autorisation_locale_a_verifier,False,True,False,False,secondary,,,,,,,,,70,no,,evalue,3.0,2.0,1.0,True,3.876661413537789
2023,202300037109,EDPM,En agglomération,cycleway,727492450,ile-de-france-230101.geoparquet,ile-de-france-230101.geoparquet,retrouvee,False,0.30092703955434,False,matched,2,0,1,0,1,True,True,1,3,True,False,False,cycleway_trajectoires_et_acces_a_verifier,True,False,False,False,cycleway,,,,,,,,,,yes,Avenue Gabriel Péri,evalue,2.0,1.0,1.0,False,84.46465769222233
2023,202300037171,EDPM,Hors agglomération,primary,311365051,bourgogne-230101.geoparquet,bourgogne-230101.geoparquet,retrouvee,False,0.559652339798986,False,matched,2,0,0,0,1,True,False,1,3,True,False,False,route_hors_agglo_autorisation_locale_a_verifier,False,True,False,False,primary,,,,,,,,,80,,,evalue,0.0,0.0,0.0,False,
2023,202300037380,EDPM,Hors agglomération,primary,191172830,haute-normandie-230101.geoparquet,haute-normandie-230101.geoparquet,retrouvee,False,2.711949767462591,False,matched,1,0,0,0,0,False,False,1,7,True,False,False,route_hors_agglo_autorisation_locale_a_verifier,False,True,False,False,primary,,,,asphalt,,,,,50,yes,Chaussée du 24e Territorial,evalue,3.0,2.0,1.0,True,6.332318311831248
2023,202300037416,EDPM,En agglomération,cycleway,142749764,pays-de-la-loire-230101.geoparquet,pays-de-la-loire-230101.geoparquet,retrouvee,False,0.020778020306892676,False,matched,2,0,1,0,1,True,True,1,3,True,False,False,cycleway_trajectoires_et_acces_a_verifier,True,False,False,False,cycleway,,designated,,,,,,,,,,evalue,5.0,5.0,1.0,True,0.6347266219572255
2023,202300038156,EDPM,Hors agglomération,tertiary,150366923,ile-de-france-230101.geoparquet,ile-de-france-230101.geoparquet,retrouvee,False,3.690101063950326,False,matched,2,0,0,0,1,True,False,1,2,True,False,False,route_hors_agglo_autorisation_locale_a_verifier,False,True,False,False,tertiary,,,,,,,,,,,Avenue du Général de Gaulle,evalue,0.0,0.0,0.0,False,
2023,202300038514,EDPM,En agglomération,primary,576065257,picardie-230101.geoparquet,picardie-230101.geoparquet,retrouvee,False,35.30211481387619,True,matched,2,0,1,0,1,True,True,1,3,True,False,True,pas_de_conclusion_juridique_automatique,False,False,False,True,primary,,,,asphalt,,,,lane,50,yes,Rue d'Amiens,,,,,False,
2023,202300038690,EDPM,Hors agglomération,primary,970680680,provence-alpes-cote-d-azur-230101.geoparquet,provence-alpes-cote-d-azur-230101.geoparquet,retrouvee,False,1.555538417293901,False,matched,2,0,1,0,1,True,True,6,2,True,True,False,route_hors_agglo_autorisation_locale_a_verifier,False,True,False,False,primary,,,,asphalt,,,,,,yes,Route du Bord de Mer,evalue,12.0,11.0,2.0,True,3.342784838819132
2023,202300039492,EDPM,En agglomération,cycleway,972934265,pays-de-la-loire-230101.geoparquet,pays-de-la-loire-230101.geoparquet,retrouvee,False,9.337131731274297,False,matched,2,0,1,0,1,True,True,1,3,True,False,False,cycleway_trajectoires_et_acces_a_verifier,True,False,False,False,cycleway,,yes,permit,compacted,good,,,,,,Promenade Yolande d'Aragon,evalue,6.0,5.0,0.0,False,
2023,202300039841,EDPM,En agglomération,cycleway,823709490,ile-de-france-230101.geoparquet,ile-de-france-230101.geoparquet,retrouvee,False,0.09806353853369684,False,matched,2,0,1,0,1,True,True,2,3,True,True,True,cycleway_trajectoires_et_acces_a_verifier,True,False,False,False,cycleway,,,,asphalt,,on_street,,,,,Rue du Havre,evalue,6.0,6.0,2.0,True,0.9812768639461483
2023,202300039850,EDPM,Hors agglomération,cycleway,210130220,ile-de-france-230101.geoparquet,ile-de-france-230101.geoparquet,retrouvee,False,52.86543494312705,True,matched,1,1,0,0,0,False,False,1,6,True,False,False,cycleway_trajectoires_et_acces_a_verifier,False,False,False,True,cycleway,,,,gravel,,,,,,,Chemin de Halage,,,,,False,
2023,202300039922,EDPM,En agglomération,cycleway,1110311352,languedoc-roussillon-230101.geoparquet,languedoc-roussillon-230101.geoparquet,retrouvee,False,0.29854841341210137,False,matched,2,0,1,0,1,True,True,2,3,True,True,True,cycleway_trajectoires_et_acces_a_verifier,True,False,False,False,cycleway,,yes,bus,asphalt,excellent,share_busway,,,,yes,,evalue,24.0,18.0,1.0,False,26.531545447382104
2023,202300040175,EDPM,Hors agglomération,tertiary,133387772,poitou-charentes-230101.geoparquet,poitou-charentes-230101.geoparquet,retrouvee,False,0.9386833457105388,False,matched,2,0,0,0,1,True,False,1,2,True,False,False,route_hors_agglo_autorisation_locale_a_verifier,False,True,False,False,tertiary,,,,,,,,,,no,Route de Torsac,evalue,0.0,0.0,0.0,False,
2023,202300040413,EDPM,Hors agglomération,primary,514516616,champagne-ardenne-230101.geoparquet,champagne-ardenne-230101.geoparquet,retrouvee,False,1.2149558516813246,False,matched,2,0,0,0,1,True,False,1,2,True,False,False,route_hors_agglo_autorisation_locale_a_verifier,False,True,False,False,primary,,,,asphalt,,,,,,,,evalue,1.0,1.0,1.0,False,98.1766050638026
2023,202300040433,EDPM,Hors agglomération,primary,30149524,guyane-230101.geoparquet,guyane-230101.geoparquet,retrouvee,False,5.155235601301629,False,matched,2,0,0,0,1,True,False,1,3,True,False,False,route_hors_agglo_autorisation_locale_a_verifier,False,True,False,False,primary,,,,asphalt,,,,,80,,Rond-Point les Maringouins,evalue,2.0,2.0,2.0,False,15.118050508604517
2023,202300040584,EDPM,Hors agglomération,primary,4611304,pays-de-la-loire-230101.geoparquet,pays-de-la-loire-230101.geoparquet,retrouvee,False,2.95192219204988,False,matched,2,0,1,0,1,True,True,1,2,True,False,False,route_hors_agglo_autorisation_locale_a_verifier,False,True,False,False,primary,,,,asphalt,,,,,50,yes,Avenue Yitzhak Rabin,evalue,9.0,9.0,1.0,False,62.88065454667169
2023,202300040755,EDPM,Hors agglomération,residential,793079576,nord-pas-de-calais-230101.geoparquet,nord-pas-de-calais-230101.geoparquet,retrouvee,False,2.8056333957937056,False,matched,2,0,1,0,1,True,True,1,3,True,False,False,route_hors_agglo_autorisation_locale_a_verifier,False,True,False,False,residential,,,,,,,,,,,Rue Gauthier,evalue,0.0,0.0,0.0,False,
2023,202300041043,EDPM,Hors agglomération,secondary,957531868,ile-de-france-230101.geoparquet,ile-de-france-230101.geoparquet,retrouvee,False,2.5894859238024437,False,matched,2,0,0,0,1,True,False,3,3,True,True,False,route_hors_agglo_autorisation_locale_a_verifier,False,True,False,False,secondary,,,,asphalt,,,,,80,yes,,evalue,4.0,4.0,2.0,False,12.678483195573941
2023,202300041296,EDPM,Hors agglomération,secondary,183477576,bretagne-230101.geoparquet,bretagne-230101.geoparquet,retrouvee,False,26.68738379867501,False,matched,2,0,0,0,1,True,False,1,3,True,False,False,route_hors_agglo_autorisation_locale_a_verifier,False,True,False,False,secondary,,,,,,,,,50,,Route de Larmor,evalue,0.0,0.0,0.0,False,
2023,202300041649,EDPM,Hors agglomération,tertiary,34405910,pays-de-la-loire-230101.geoparquet,pays-de-la-loire-230101.geoparquet,retrouvee,False,3.8481904120195214,False,matched,1,0,0,0,0,False,False,1,7,True,False,False,route_hors_agglo_autorisation_locale_a_verifier,False,True,False,False,tertiary,,,,asphalt,,,,,50,,Boulevard des Italiens,evalue,2.0,1.0,0.0,False,
2023,202300042360,EDPM,En agglomération,residential,691295297,ile-de-france-230101.geoparquet,ile-de-france-230101.geoparquet,retrouvee,False,30.86707281370354,True,matched,1,0,0,0,0,False,False,1,6,True,False,False,pas_de_conclusion_juridique_automatique,False,False,False,True,residential,private,,,dirt,,,,,,no,,,,,,False,
2023,202300042430,EDPM,En agglomération,service,1020974828,limousin-230101.geoparquet,limousin-230101.geoparquet,retrouvee,False,34.430625987686284,True,matched,1,1,0,0,0,False,False,1,6,True,False,False,pas_de_conclusion_juridique_automatique,False,False,False,True,service,,,,asphalt,,,,,,,,,,,,False,
2023,202300042517,EDPM,Hors agglomération,residential,357759874,pays-de-la-loire-230101.geoparquet,pays-de-la-loire-230101.geoparquet,retrouvee,False,0.7648332412264758,False,matched,2,0,1,0,1,True,True,6,3,True,True,False,route_hors_agglo_autorisation_locale_a_verifier,False,True,False,False,residential,,,,asphalt,,,,,50,yes,Rue des Gouronnières,evalue,17.0,16.0,3.0,True,1.1900106931250274
2023,202300042937,EDPM,En agglomération,cycleway,834042117,ile-de-france-230101.geoparquet,ile-de-france-230101.geoparquet,retrouvee,False,5.972621311875165,False,matched,2,0,1,0,1,True,True,1,3,True,False,False,cycleway_trajectoires_et_acces_a_verifier,True,False,False,False,cycleway,,,,asphalt,,,,,,yes,,evalue,7.0,6.0,4.0,True,9.680659575339712
2023,202300043577,EDPM,Hors agglomération,tertiary,645129021,guadeloupe-230101.geoparquet,guadeloupe-230101.geoparquet,retrouvee,False,0.13068821407008835,False,matched,1,0,0,0,0,False,False,1,6,True,False,False,route_hors_agglo_autorisation_locale_a_verifier,False,True,False,False,tertiary,,,,asphalt,,,,,70,,Chemin de Caillebot,evalue,0.0,0.0,0.0,False,
2023,202300043664,EDPM,En agglomération,service,158318440,haute-normandie-230101.geoparquet,haute-normandie-230101.geoparquet,retrouvee,False,46.62162967498822,True,matched,1,1,0,0,0,False,False,1,6,True,False,False,pas_de_conclusion_juridique_automatique,False,False,False,True,service,,,,,,,,,,,,,,,,False,
2023,202300044504,EDPM,Hors agglomération,secondary,30588078,provence-alpes-cote-d-azur-230101.geoparquet,provence-alpes-cote-d-azur-230101.geoparquet,retrouvee,False,2.1651633732898814,False,matched,1,0,0,0,0,False,False,1,6,True,False,False,route_hors_agglo_autorisation_locale_a_verifier,False,True,False,False,secondary,,,,asphalt,,,,,50,,Route de Saint-Tropez,evalue,4.0,3.0,1.0,True,8.801657165883036
2023,202300044664,EDPM,Hors agglomération,primary,1120101926,lorraine-230101.geoparquet,lorraine-230101.geoparquet,retrouvee,False,5.997299252233031,False,matched,2,0,0,0,1,True,False,6,6,True,True,False,route_hors_agglo_autorisation_locale_a_verifier,False,True,False,False,primary,,,,,,,,,,,,evalue,7.0,7.0,3.0,True,6.292059496883461
2023,202300044713,EDPM,En agglomération,cycleway,775640509,ile-de-france-230101.geoparquet,ile-de-france-230101.geoparquet,retrouvee,False,1.8353305129116948,False,matched,2,0,1,0,1,True,True,2,1,True,True,False,cycleway_trajectoires_et_acces_a_verifier,True,False,False,False,cycleway,,,,,,,,,,yes,,evalue,6.0,5.0,2.0,False,13.440154631135622
2023,202300045041,EDPM,Hors agglomération,primary,129453869,ile-de-france-230101.geoparquet,ile-de-france-230101.geoparquet,retrouvee,False,0.14408734506676005,False,matched,2,0,0,0,0,False,False,1,3,True,False,True,route_hors_agglo_autorisation_locale_a_verifier,False,True,False,False,primary,,,,,,,,lane,50,yes,Boulevard Maxime Gorki,evalue,5.0,3.0,0.0,False,
2023,202300045095,EDPM,Hors agglomération,track,667683323,languedoc-roussillon-230101.geoparquet,languedoc-roussillon-230101.geoparquet,retrouvee,False,5.13417185291647,False,matched,2,0,1,0,1,True,True,3,3,True,True,False,route_hors_agglo_autorisation_locale_a_verifier,False,True,False,False,track,,,,asphalt,,,,,,,,evalue,1.0,1.0,1.0,True,9.909842684886355
2023,202300046041,EDPM,Hors agglomération,tertiary,320751062,nord-pas-de-calais-230101.geoparquet,nord-pas-de-calais-230101.geoparquet,retrouvee,False,7.793309443341566,False,matched,2,0,1,0,1,True,True,1,2,True,False,False,route_hors_agglo_autorisation_locale_a_verifier,False,True,False,False,tertiary,,,,,,,,,80,no,Rue d'Aubencheul,evalue,0.0,0.0,0.0,False,
2023,202300046407,EDPM,En agglomération,cycleway,28508224,champagne-ardenne-230101.geoparquet,champagne-ardenne-230101.geoparquet,retrouvee,False,1.3041927590173314,False,matched,2,0,1,0,1,True,True,2,2,True,True,False,cycleway_trajectoires_et_acces_a_verifier,True,False,False,False,cycleway,,,,asphalt,,,,,,yes,,evalue,4.0,3.0,3.0,True,5.813212707629214
2023,202300046473,EDPM,En agglomération,cycleway,212659104,lorraine-230101.geoparquet,lorraine-230101.geoparquet,retrouvee,False,0.30851195868528153,False,matched,2,0,1,0,1,True,True,1,3,True,False,False,cycleway_trajectoires_et_acces_a_verifier,True,False,False,False,cycleway,,,,asphalt,,,,,,,,evalue,7.0,6.0,0.0,False,
2023,202300046682,EDPM,Hors agglomération,primary,147179417,haute-normandie-230101.geoparquet,haute-normandie-230101.geoparquet,retrouvee,False,91.23620526060239,True,matched,2,0,0,0,1,True,False,1,2,True,False,False,route_hors_agglo_autorisation_locale_a_verifier,False,True,False,True,primary,,,,asphalt,,,,,80,no,,evalue,0.0,0.0,0.0,False,
2023,202300046691,EDPM,Hors agglomération,secondary,608817837,rhone-alpes-230101.geoparquet,rhone-alpes-230101.geoparquet,retrouvee,False,3.3708787964373514,False,matched,2,0,1,0,1,True,True,1,2,True,False,True,route_hors_agglo_autorisation_locale_a_verifier,False,True,False,False,secondary,,,,asphalt,,lane,,,70,no,Route de Chasse-sur-Rhône,evalue,0.0,0.0,0.0,False,
2023,202300046997,EDPM,Hors agglomération,secondary,257618903,aquitaine-230101.geoparquet,aquitaine-230101.geoparquet,retrouvee,False,0.17138939662901367,False,matched,2,0,1,0,1,True,True,3,3,True,True,False,route_hors_agglo_autorisation_locale_a_verifier,False,True,False,False,secondary,,,,asphalt,,,,,,,Avenue de Bel-Air,evalue,1.0,1.0,1.0,False,19.05676113944604
2023,202300047000,EDPM,Hors agglomération,tertiary,429310508,picardie-230101.geoparquet,picardie-230101.geoparquet,retrouvee,False,6.383370073020398,False,matched,2,0,0,0,0,False,False,1,7,True,False,False,route_hors_agglo_autorisation_locale_a_verifier,False,True,False,False,tertiary,,yes,,,,,,,,,,evalue,0.0,0.0,0.0,False,
2023,202300047210,EDPM,En agglomération,cycleway,188910459,rhone-alpes-230101.geoparquet,rhone-alpes-230101.geoparquet,retrouvee,False,0.9935731262032997,False,matched,2,0,1,0,1,True,True,1,3,True,False,False,cycleway_trajectoires_et_acces_a_verifier,True,False,False,False,cycleway,,,,,,,,,,yes,Route de Lyon,evalue,4.0,3.0,0.0,False,
2023,202300047256,EDPM,En agglomération,tertiary,305402732,picardie-230101.geoparquet,picardie-230101.geoparquet,retrouvee,False,42.14005829139773,True,matched,2,0,1,0,1,True,True,1,1,True,False,False,pas_de_conclusion_juridique_automatique,False,False,False,True,tertiary,,,,,,,,,,,Rue Saint-Pierre,,,,,False,
2023,202300047531,EDPM,En agglomération,cycleway,624044479,centre-230101.geoparquet,centre-230101.geoparquet,retrouvee,False,20.290573926924278,False,matched,2,0,0,0,1,True,False,6,3,True,True,False,cycleway_trajectoires_et_acces_a_verifier,True,False,False,False,cycleway,,,,,,,,,,no,,evalue,3.0,2.0,0.0,False,
2023,202300047565,EDPM,En agglomération,cycleway,852405436,provence-alpes-cote-d-azur-230101.geoparquet,provence-alpes-cote-d-azur-230101.geoparquet,retrouvee,False,4.7546891183891065,False,matched,2,0,0,0,1,True,False,1,3,True,False,False,cycleway_trajectoires_et_acces_a_verifier,True,False,False,False,cycleway,,,,asphalt,,,,,,no,La Canebière,evalue,4.0,4.0,1.0,False,257.334077984737
2023,202300047589,EDPM,Hors agglomération,tertiary,1056367052,languedoc-roussillon-230101.geoparquet,languedoc-roussillon-230101.geoparquet,retrouvee,False,2.396679417836097,False,matched,2,0,0,0,1,True,False,6,3,True,True,False,route_hors_agglo_autorisation_locale_a_verifier,False,True,False,False,tertiary,,,,asphalt,,,,,,,Rond-Point d'Amsterdam,evalue,7.0,7.0,4.0,True,8.61977934869329
2023,202300048080,EDPM,Hors agglomération,,,polynesie-francaise-230101.geoparquet,polynesie-francaise-230101.geoparquet,osm_way_id_absent,False,,True,unmatched,2,0,1,0,1,True,True,9,3,True,True,False,pas_de_conclusion_juridique_automatique,False,False,False,True,,,,,,,,,,,,,,,,,False,
2023,202300048309,EDPM,Hors agglomération,secondary,331681551,aquitaine-230101.geoparquet,aquitaine-230101.geoparquet,retrouvee,False,4.256652948856692,False,matched,2,0,0,0,1,True,False,1,2,True,False,False,route_hors_agglo_autorisation_locale_a_verifier,False,True,False,False,secondary,,,,,,,,,,,,evalue,0.0,0.0,0.0,False,
2023,202300049184,EDPM,Hors agglomération,tertiary,160948142,rhone-alpes-230101.geoparquet,rhone-alpes-230101.geoparquet,retrouvee,False,5.760959393697751,False,matched,2,0,1,0,1,True,True,1,1,True,False,False,route_hors_agglo_autorisation_locale_a_verifier,False,True,False,False,tertiary,,,,,,,,,,,Route de Pont Ameille,evalue,1.0,0.0,0.0,False,
2023,202300049244,EDPM,En agglomération,cycleway,105721794,aquitaine-230101.geoparquet,aquitaine-230101.geoparquet,retrouvee,False,0.11993090261467146,False,matched,2,0,1,0,1,True,True,1,3,True,False,False,cycleway_trajectoires_et_acces_a_verifier,True,False,False,False,cycleway,,,,,,,,,,yes,,evalue,5.0,4.0,3.0,True,2.1493754794400655
2023,202300049482,EDPM,Hors agglomération,secondary,59147014,martinique-230101.geoparquet,martinique-230101.geoparquet,retrouvee,False,0.44644465081017537,False,matched,2,0,1,0,1,True,True,1,3,True,False,True,route_hors_agglo_autorisation_locale_a_verifier,False,True,False,False,secondary,,,,asphalt,,,,no,,yes,,evalue,10.0,10.0,3.0,False,12.436296108383258
2023,202300049489,EDPM,En agglomération,service,215622062,basse-normandie-230101.geoparquet,basse-normandie-230101.geoparquet,retrouvee,False,45.17630207519132,True,matched,1,1,0,0,0,False,False,2,6,True,True,False,pas_de_conclusion_juridique_automatique,False,False,False,True,service,,,,,,,,,,,,,,,,False,
2023,202300049629,EDPM,Hors agglomération,unclassified,4901410,bretagne-230101.geoparquet,bretagne-230101.geoparquet,retrouvee,False,2.9323513427487375,False,matched,2,0,1,0,1,True,True,1,3,True,False,False,route_hors_agglo_autorisation_locale_a_verifier,False,True,False,False,unclassified,,,,asphalt,,,,,,,Rue Pierre Nougaro,evalue,1.0,1.0,1.0,False,11.076953686076093
2023,202300049803,EDPM,Hors agglomération,primary,729154701,ile-de-france-230101.geoparquet,ile-de-france-230101.geoparquet,retrouvee,False,4.197310930747784,False,matched,2,0,1,0,1,True,True,1,2,True,False,False,route_hors_agglo_autorisation_locale_a_verifier,False,True,False,False,primary,,,,,,,,,,,,evalue,6.0,6.0,4.0,True,4.260364039270877
2023,202300050082,EDPM,En agglomération,tertiary,114237604,nord-pas-de-calais-230101.geoparquet,nord-pas-de-calais-230101.geoparquet,retrouvee,False,54.89631853097426,True,matched,2,0,1,0,1,True,True,9,3,True,True,True,pas_de_conclusion_juridique_automatique,False,False,False,True,tertiary,yes,yes,,asphalt,,no,,,50,no,Avenue Edmond Flamand,,,,,False,
2023,202300050549,EDPM,Hors agglomération,tertiary,177169283,haute-normandie-230101.geoparquet,haute-normandie-230101.geoparquet,retrouvee,False,3.356789073395553,False,matched,1,0,0,0,0,False,False,1,7,True,False,False,route_hors_agglo_autorisation_locale_a_verifier,False,True,False,False,tertiary,,,,,,,,,,,Route de Butot,evalue,0.0,0.0,0.0,False,
2023,202300050557,EDPM,En agglomération,cycleway,336776410,ile-de-france-230101.geoparquet,ile-de-france-230101.geoparquet,retrouvee,False,0.2601975953257924,False,matched,2,0,1,0,1,True,True,2,3,True,True,True,cycleway_trajectoires_et_acces_a_verifier,True,False,False,False,cycleway,,,,asphalt,good,sidewalk,,,,yes,Boulevard Barbès,evalue,6.0,5.0,4.0,True,4.432581811287614
2023,202300051044,EDPM,En agglomération,cycleway,382862643,ile-de-france-230101.geoparquet,ile-de-france-230101.geoparquet,retrouvee,False,2.728990271520796,False,matched,2,0,1,0,1,True,True,3,3,True,True,True,cycleway_trajectoires_et_acces_a_verifier,True,False,False,False,cycleway,,,,asphalt,,on_street,,,,,Quai François Mauriac,evalue,2.0,2.0,0.0,False,
2023,202300052053,EDPM,Hors agglomération,secondary,393307275,rhone-alpes-230101.geoparquet,rhone-alpes-230101.geoparquet,retrouvee,False,7.371793788539201,False,matched,2,0,1,0,1,True,True,6,3,True,True,True,route_hors_agglo_autorisation_locale_a_verifier,False,True,False,False,secondary,,,,asphalt,,,,lane,50,,,evalue,2.0,2.0,2.0,True,9.537670139046849
2023,202300052063,EDPM,En agglomération,cycleway,709384101,alsace-230101.geoparquet,alsace-230101.geoparquet,retrouvee,False,14.465819794877968,False,matched,2,0,1,0,1,True,True,9,3,True,True,False,cycleway_trajectoires_et_acces_a_verifier,True,False,False,False,cycleway,,,,,,,,,,,,evalue,0.0,0.0,0.0,False,
2023,202300052214,EDPM,Hors agglomération,primary,815519019,basse-normandie-230101.geoparquet,basse-normandie-230101.geoparquet,retrouvee,False,2.561341640849642,False,matched,2,0,0,0,1,True,False,6,3,True,True,False,route_hors_agglo_autorisation_locale_a_verifier,False,True,False,False,primary,,,,,,,,,50,,Rond-Point de la Bâte,evalue,0.0,0.0,0.0,False,
2023,202300052225,EDPM,En agglomération,cycleway,353532891,picardie-230101.geoparquet,picardie-230101.geoparquet,retrouvee,False,3.0255689750148433,False,matched,2,0,1,0,1,True,True,2,3,True,True,False,cycleway_trajectoires_et_acces_a_verifier,True,False,False,False,cycleway,,,,,,,,,,,,evalue,9.0,9.0,3.0,True,5.5246052640777386
2023,202300052368,EDPM,Hors agglomération,trunk,465954515,ile-de-france-230101.geoparquet,ile-de-france-230101.geoparquet,retrouvee,False,5.038317216376849,False,matched,2,0,0,0,1,True,False,1,1,True,False,False,route_hors_agglo_autorisation_locale_a_verifier,False,True,False,False,trunk,,,,asphalt,,,,,110,yes,,evalue,2.0,2.0,0.0,False,
2023,202300052700,EDPM,En agglomération,cycleway,51112822,ile-de-france-230101.geoparquet,ile-de-france-230101.geoparquet,retrouvee,False,0.41116244974715027,False,matched,2,0,1,0,1,True,True,3,3,True,True,True,cycleway_trajectoires_et_acces_a_verifier,True,False,False,False,cycleway,,,,asphalt,good,sidewalk,,,,yes,Boulevard Barbès,evalue,7.0,5.0,2.0,True,0.9767477924245547
2023,202300052749,EDPM,En agglomération,cycleway,932200153,pays-de-la-loire-230101.geoparquet,pays-de-la-loire-230101.geoparquet,retrouvee,False,1.3404646016723238,False,matched,2,0,1,0,1,True,True,1,3,True,False,False,cycleway_trajectoires_et_acces_a_verifier,True,False,False,False,cycleway,,,,,,,,,,yes,,evalue,20.0,18.0,1.0,True,2.3863152595033505
2023,202300000051,CYCLO,Hors agglomération,,,polynesie-francaise-230101.geoparquet,polynesie-francaise-230101.geoparquet,osm_way_id_absent,False,,True,unmatched,1,0,0,1,0,False,False,1,6,True,False,False,pas_de_conclusion_juridique_automatique,False,False,False,True,,,,,,,,,,,,,,,,,False,
2023,202300000052,CYCLO,Hors agglomération,,,polynesie-francaise-230101.geoparquet,polynesie-francaise-230101.geoparquet,osm_way_id_absent,False,,True,unmatched,2,0,0,1,1,True,False,1,1,True,False,False,pas_de_conclusion_juridique_automatique,False,False,False,True,,,,,,,,,,,,,,,,,False,
2023,202300001334,CYCLO,En agglomération,cycleway,43484120,ile-de-france-230101.geoparquet,ile-de-france-230101.geoparquet,retrouvee,False,1.6097661777111714,False,matched,2,0,0,1,1,True,False,3,3,True,True,False,cycleway_trajectoires_et_acces_a_verifier,False,False,True,False,cycleway,,,,asphalt,,,,,,yes,,evalue,8.0,6.0,1.0,True,4.1946517794281695
2023,202300001539,CYCLO,En agglomération,residential,28508299,champagne-ardenne-230101.geoparquet,champagne-ardenne-230101.geoparquet,retrouvee,False,72.69990936136972,True,matched,2,0,1,1,1,True,True,3,3,True,True,False,pas_de_conclusion_juridique_automatique,False,False,False,True,residential,,,,,,,,,,,Rue Clément Marot,,,,,False,
2023,202300002005,CYCLO,En agglomération,,,polynesie-francaise-230101.geoparquet,polynesie-francaise-230101.geoparquet,osm_way_id_absent,False,,True,unmatched,2,0,1,1,1,True,True,1,3,True,False,False,pas_de_conclusion_juridique_automatique,False,False,False,True,,,,,,,,,,,,,,,,,False,
2023,202300002405,CYCLO,En agglomération,residential,728118287,bretagne-230101.geoparquet,bretagne-230101.geoparquet,retrouvee,False,32.40853130351797,True,matched,2,0,1,1,1,True,True,1,3,True,False,False,pas_de_conclusion_juridique_automatique,False,False,False,True,residential,,,,,,,,,,,Rue Joséphine Pencalet,,,,,False,
2023,202300003889,CYCLO,En agglomération,cycleway,1026681654,ile-de-france-230101.geoparquet,ile-de-france-230101.geoparquet,retrouvee,False,0.003319548173675767,False,matched,2,0,1,1,1,True,True,2,3,True,True,False,cycleway_trajectoires_et_acces_a_verifier,False,False,True,False,cycleway,,,,,,,,,,,,evalue,8.0,7.0,4.0,True,2.023848131281755
2023,202300003963,CYCLO,En agglomération,,,polynesie-francaise-230101.geoparquet,polynesie-francaise-230101.geoparquet,osm_way_id_absent,False,,True,unmatched,1,0,0,1,0,False,False,1,7,True,False,False,pas_de_conclusion_juridique_automatique,False,False,False,True,,,,,,,,,,,,,,,,,False,
2023,202300004678,CYCLO,En agglomération,cycleway,359991309,lorraine-230101.geoparquet,lorraine-230101.geoparquet,retrouvee,False,0.8298548504999844,False,matched,2,0,1,1,1,True,True,3,3,True,True,False,cycleway_trajectoires_et_acces_a_verifier,False,False,True,False,cycleway,,,,,,,,,,,,evalue,9.0,6.0,1.0,True,9.2664879408925
2023,202300005551,CYCLO,En agglomération,,,polynesie-francaise-230101.geoparquet,polynesie-francaise-230101.geoparquet,osm_way_id_absent,False,,True,unmatched,2,0,1,1,1,True,True,9,3,True,True,False,pas_de_conclusion_juridique_automatique,False,False,False,True,,,,,,,,,,,,,,,,,False,
2023,202300007072,CYCLO,Hors agglomération,cycleway,577170011,rhone-alpes-230101.geoparquet,rhone-alpes-230101.geoparquet,retrouvee,False,0.7314020463108845,False,matched,4,0,3,1,3,True,True,1,5,True,False,False,cycleway_trajectoires_et_acces_a_verifier,False,False,True,False,cycleway,,,,asphalt,,,,,,no,,evalue,1.0,1.0,1.0,False,580.4221511247083
2023,202300007309,CYCLO,En agglomération,cycleway,228481641,champagne-ardenne-230101.geoparquet,champagne-ardenne-230101.geoparquet,retrouvee,False,0.9246180322556131,False,matched,1,0,0,1,0,False,False,1,7,True,False,False,cycleway_trajectoires_et_acces_a_verifier,False,False,True,False,cycleway,,,,,,,,,,yes,,evalue,4.0,3.0,0.0,False,
2023,202300007312,CYCLO,Hors agglomération,residential,38899108,midi-pyrenees-230101.geoparquet,midi-pyrenees-230101.geoparquet,retrouvee,False,43.25416784942908,True,matched,2,0,1,1,1,True,True,1,1,True,False,False,pas_de_conclusion_juridique_automatique,False,False,False,True,residential,,,,,,,,,,,Route de Daynes,,,,,False,
2023,202300007359,CYCLO,En agglomération,cycleway,803870540,ile-de-france-230101.geoparquet,ile-de-france-230101.geoparquet,retrouvee,False,2.5047692396066084,False,matched,2,0,0,1,1,True,False,1,2,True,False,True,cycleway_trajectoires_et_acces_a_verifier,False,False,True,False,cycleway,,,,,,sidewalk,,,,no,Avenue de Neuilly,evalue,5.0,5.0,1.0,False,24.647481592713252
2023,202300008080,CYCLO,En agglomération,cycleway,376845825,aquitaine-230101.geoparquet,aquitaine-230101.geoparquet,retrouvee,False,4.041880906272127,False,matched,2,0,0,1,1,True,False,6,3,True,True,False,cycleway_trajectoires_et_acces_a_verifier,False,False,True,False,cycleway,,,,asphalt,,,,,,,,evalue,8.0,6.0,1.0,True,5.690585706871571
2023,202300008136,CYCLO,En agglomération,cycleway,389920983,pays-de-la-loire-230101.geoparquet,pays-de-la-loire-230101.geoparquet,retrouvee,False,4.725818151149733,False,matched,1,0,0,1,0,False,False,1,7,True,False,False,cycleway_trajectoires_et_acces_a_verifier,False,False,True,False,cycleway,,,,,,,,,,yes,,evalue,3.0,2.0,1.0,False,41.36488460616067
2023,202300008257,CYCLO,En agglomération,unclassified,815753781,rhone-alpes-230101.geoparquet,rhone-alpes-230101.geoparquet,retrouvee,False,47.60603096870455,True,matched,2,0,1,1,1,True,True,9,1,True,True,False,pas_de_conclusion_juridique_automatique,False,False,False,True,unclassified,,,,,,,,,,,Route de l'Usine,,,,,False,
2023,202300009930,CYCLO,Hors agglomération,,,polynesie-francaise-230101.geoparquet,polynesie-francaise-230101.geoparquet,osm_way_id_absent,False,,True,unmatched,2,0,0,1,1,True,False,1,3,True,False,False,pas_de_conclusion_juridique_automatique,False,False,False,True,,,,,,,,,,,,,,,,,False,
2023,202300010269,CYCLO,Hors agglomération,cycleway,48405064,provence-alpes-cote-d-azur-230101.geoparquet,provence-alpes-cote-d-azur-230101.geoparquet,retrouvee,False,3.307190992447606,False,matched,2,0,0,2,0,False,False,1,3,True,False,False,cycleway_trajectoires_et_acces_a_verifier,False,False,True,False,cycleway,,designated,,asphalt,,,,,,,,evalue,1.0,1.0,0.0,False,
2023,202300010626,CYCLO,En agglomération,cycleway,994979565,picardie-230101.geoparquet,picardie-230101.geoparquet,retrouvee,False,0.763703341427423,False,matched,1,0,0,1,0,False,False,6,7,True,True,True,cycleway_trajectoires_et_acces_a_verifier,False,False,True,False,cycleway,,,,,,crossing,,,,,,evalue,6.0,5.0,1.0,True,1.4676789239016732
2023,202300010678,CYCLO,Hors agglomération,,,polynesie-francaise-230101.geoparquet,polynesie-francaise-230101.geoparquet,osm_way_id_absent,False,,True,unmatched,2,0,1,1,1,True,True,1,1,True,False,False,pas_de_conclusion_juridique_automatique,False,False,False,True,,,,,,,,,,,,,,,,,False,
2023,202300010689,CYCLO,Hors agglomération,unclassified,620848939,aquitaine-230101.geoparquet,aquitaine-230101.geoparquet,retrouvee,False,79.78560403130992,True,matched,1,0,0,1,0,False,False,1,7,True,False,False,pas_de_conclusion_juridique_automatique,False,False,False,True,unclassified,,,,,,,,,,,Route de Fayard,,,,,False,
2023,202300011809,CYCLO,Hors agglomération,,,polynesie-francaise-230101.geoparquet,polynesie-francaise-230101.geoparquet,osm_way_id_absent,False,,True,unmatched,1,0,0,1,0,False,False,1,6,True,False,False,pas_de_conclusion_juridique_automatique,False,False,False,True,,,,,,,,,,,,,,,,,False,
2023,202300012041,CYCLO,En agglomération,cycleway,230565403,champagne-ardenne-230101.geoparquet,champagne-ardenne-230101.geoparquet,retrouvee,False,3.3213690883815277,False,matched,2,0,1,1,1,True,True,1,1,True,False,False,cycleway_trajectoires_et_acces_a_verifier,False,False,True,False,cycleway,,,,,,,,,,yes,,evalue,2.0,1.0,1.0,False,184.36997691567578
2023,202300012546,CYCLO,Hors agglomération,track,444201453,polynesie-francaise-230101.geoparquet,polynesie-francaise-230101.geoparquet,retrouvee,False,46.77664338903985,True,matched,1,0,0,1,0,False,False,1,7,True,False,False,pas_de_conclusion_juridique_automatique,False,False,False,True,track,,,,,,,,,,,,,,,,False,
2023,202300013289,CYCLO,Hors agglomération,,,polynesie-francaise-230101.geoparquet,polynesie-francaise-230101.geoparquet,osm_way_id_absent,False,,True,unmatched,1,0,0,1,0,False,False,1,6,True,False,False,pas_de_conclusion_juridique_automatique,False,False,False,True,,,,,,,,,,,,,,,,,False,
2023,202300017091,CYCLO,Hors agglomération,,,polynesie-francaise-230101.geoparquet,polynesie-francaise-230101.geoparquet,osm_way_id_absent,False,,True,unmatched,1,0,0,1,0,False,False,1,7,True,False,False,pas_de_conclusion_juridique_automatique,False,False,False,True,,,,,,,,,,,,,,,,,False,
2023,202300017100,CYCLO,En agglomération,,,polynesie-francaise-230101.geoparquet,polynesie-francaise-230101.geoparquet,osm_way_id_absent,False,,True,unmatched,2,0,0,1,1,True,False,1,1,True,False,False,pas_de_conclusion_juridique_automatique,False,False,False,True,,,,,,,,,,,,,,,,,False,
2023,202300017551,CYCLO,En agglomération,,,polynesie-francaise-230101.geoparquet,polynesie-francaise-230101.geoparquet,osm_way_id_absent,False,,True,unmatched,2,0,0,2,0,False,False,6,3,True,True,False,pas_de_conclusion_juridique_automatique,False,False,False,True,,,,,,,,,,,,,,,,,False,
2023,202300018166,CYCLO,Hors agglomération,primary,181372841,centre-230101.geoparquet,centre-230101.geoparquet,retrouvee,False,35.49211921523677,True,matched,1,0,0,1,0,False,False,1,7,True,False,False,pas_de_conclusion_juridique_automatique,False,False,False,True,primary,,destination,,,,,,,,,Boulevard René Gentils,,,,,False,
2023,202300018356,CYCLO,Hors agglomération,primary,44333555,polynesie-francaise-230101.geoparquet,polynesie-francaise-230101.geoparquet,retrouvee,False,54.19592400642945,True,matched,2,0,1,1,1,True,True,3,2,True,True,False,pas_de_conclusion_juridique_automatique,False,False,False,True,primary,,,,paved,,,,,,no,Route de Ceinture Ouest,,,,,False,
2023,202300018677,CYCLO,En agglomération,secondary,169454701,aquitaine-230101.geoparquet,aquitaine-230101.geoparquet,retrouvee,False,49.05190465552284,True,matched,2,0,1,1,1,True,True,1,2,True,False,False,pas_de_conclusion_juridique_automatique,False,False,False,True,secondary,,,,asphalt,,,,,30,,Place de la Liberté,,,,,False,
2023,202300018959,CYCLO,Hors agglomération,,,polynesie-francaise-230101.geoparquet,polynesie-francaise-230101.geoparquet,osm_way_id_absent,False,,True,unmatched,2,0,1,1,1,True,True,1,6,True,False,False,pas_de_conclusion_juridique_automatique,False,False,False,True,,,,,,,,,,,,,,,,,False,
2023,202300019253,CYCLO,En agglomération,cycleway,219556324,ile-de-france-230101.geoparquet,ile-de-france-230101.geoparquet,retrouvee,False,31.030435855489625,True,matched,2,0,1,1,1,True,True,1,3,True,False,False,cycleway_trajectoires_et_acces_a_verifier,False,False,True,True,cycleway,,,,asphalt,,,,,,yes,,evalue,0.0,0.0,0.0,False,
2023,202300020110,CYCLO,Hors agglomération,tertiary,209379470,bourgogne-230101.geoparquet,bourgogne-230101.geoparquet,retrouvee,False,31.623234829531672,True,matched,1,0,0,1,0,False,False,1,7,True,False,False,pas_de_conclusion_juridique_automatique,False,False,False,True,tertiary,,,,asphalt,,,,,,,Rue de l'Étang,,,,,False,
2023,202300020867,CYCLO,Hors agglomération,,,polynesie-francaise-230101.geoparquet,polynesie-francaise-230101.geoparquet,osm_way_id_absent,False,,True,unmatched,2,0,1,1,1,True,True,1,1,True,False,False,pas_de_conclusion_juridique_automatique,False,False,False,True,,,,,,,,,,,,,,,,,False,
2023,202300021050,CYCLO,Hors agglomération,,,polynesie-francaise-230101.geoparquet,polynesie-francaise-230101.geoparquet,osm_way_id_absent,False,,True,unmatched,2,0,0,1,1,True,False,1,1,True,False,False,pas_de_conclusion_juridique_automatique,False,False,False,True,,,,,,,,,,,,,,,,,False,
2023,202300021404,CYCLO,Hors agglomération,trunk,214318277,centre-230101.geoparquet,centre-230101.geoparquet,retrouvee,False,66.46515897334423,True,matched,2,0,1,1,1,True,True,1,2,True,False,False,pas_de_conclusion_juridique_automatique,False,False,False,True,trunk,,no,,,,,,,110,yes,,,,,,False,
2023,202300021415,CYCLO,En agglomération,cycleway,30881501,aquitaine-230101.geoparquet,aquitaine-230101.geoparquet,retrouvee,False,1.714889221175642,False,matched,3,0,2,1,2,True,True,1,4,True,False,False,cycleway_trajectoires_et_acces_a_verifier,False,False,True,False,cycleway,,,,asphalt,,,,,,,,evalue,1.0,1.0,0.0,False,
2023,202300023011,CYCLO,En agglomération,track,444201453,polynesie-francaise-230101.geoparquet,polynesie-francaise-230101.geoparquet,retrouvee,False,46.77664338903985,True,matched,1,0,0,1,0,False,False,1,6,True,False,False,pas_de_conclusion_juridique_automatique,False,False,False,True,track,,,,,,,,,,,,,,,,False,
2023,202300023337,CYCLO,En agglomération,,,polynesie-francaise-230101.geoparquet,polynesie-francaise-230101.geoparquet,osm_way_id_absent,False,,True,unmatched,2,0,0,2,0,False,False,1,3,True,False,False,pas_de_conclusion_juridique_automatique,False,False,False,True,,,,,,,,,,,,,,,,,False,
2023,202300024319,CYCLO,En agglomération,residential,167373231,champagne-ardenne-230101.geoparquet,champagne-ardenne-230101.geoparquet,retrouvee,False,42.41900830025946,True,matched,2,0,1,1,1,True,True,4,3,True,True,False,pas_de_conclusion_juridique_automatique,False,False,False,True,residential,,,,,,,,,,,,,,,,False,
2023,202300025351,CYCLO,Hors agglomération,service,311249871,pays-de-la-loire-230101.geoparquet,pays-de-la-loire-230101.geoparquet,retrouvee,False,67.82448141188125,True,matched,1,0,0,1,0,False,False,1,7,True,False,False,pas_de_conclusion_juridique_automatique,False,False,False,True,service,,,,,,,,,,,,,,,,False,
2023,202300025629,CYCLO,En agglomération,track,444201453,polynesie-francaise-230101.geoparquet,polynesie-francaise-230101.geoparquet,retrouvee,False,46.77664338903985,True,matched,2,0,1,1,1,True,True,9,3,True,True,False,pas_de_conclusion_juridique_automatique,False,False,False,True,track,,,,,,,,,,,,,,,,False,
2023,202300026064,CYCLO,En agglomération,cycleway,772710653,ile-de-france-230101.geoparquet,ile-de-france-230101.geoparquet,retrouvee,False,7.19510510736814,False,matched,2,0,1,1,1,True,True,3,2,True,True,True,cycleway_trajectoires_et_acces_a_verifier,False,False,True,False,cycleway,,designated,,asphalt,,sidewalk,,,,,Esplanade Saint-Louis,evalue,3.0,1.0,0.0,False,
2023,202300028371,CYCLO,En agglomération,cycleway,444625481,guyane-230101.geoparquet,guyane-230101.geoparquet,retrouvee,False,0.6179765308573959,False,matched,2,0,0,2,0,False,False,1,1,True,False,False,cycleway_trajectoires_et_acces_a_verifier,False,False,True,False,cycleway,,,,asphalt,,,,,,yes,,evalue,1.0,1.0,1.0,False,351.94205775671
2023,202300030095,CYCLO,En agglomération,cycleway,177306387,centre-230101.geoparquet,centre-230101.geoparquet,retrouvee,False,7.114641236056427,False,matched,2,0,1,1,1,True,True,3,1,True,True,False,cycleway_trajectoires_et_acces_a_verifier,False,False,True,False,cycleway,,designated,,,,,,,,,,evalue,1.0,1.0,0.0,False,
2023,202300031305,CYCLO,En agglomération,cycleway,90825465,ile-de-france-230101.geoparquet,ile-de-france-230101.geoparquet,retrouvee,False,2.9330301618531376,False,matched,2,0,1,1,1,True,True,2,3,True,True,False,cycleway_trajectoires_et_acces_a_verifier,False,False,True,False,cycleway,,,,asphalt,,,,,,yes,Boulevard de la République,evalue,6.0,6.0,1.0,True,5.186202724435033
2023,202300031597,CYCLO,En agglomération,cycleway,81127528,provence-alpes-cote-d-azur-230101.geoparquet,provence-alpes-cote-d-azur-230101.geoparquet,retrouvee,False,3.728129605115565,False,matched,2,0,1,1,1,True,True,1,3,True,False,False,cycleway_trajectoires_et_acces_a_verifier,False,False,True,False,cycleway,,designated,,asphalt,,,,,,no,Boulevard Michelet,evalue,13.0,13.0,1.0,False,16.698216170700977
2023,202300031707,CYCLO,En agglomération,cycleway,1024031429,bretagne-230101.geoparquet,bretagne-230101.geoparquet,retrouvee,False,3.686690242808884,False,matched,2,0,1,1,1,True,True,6,3,True,True,False,cycleway_trajectoires_et_acces_a_verifier,False,False,True,False,cycleway,,designated,,paved,,,,,,yes,,evalue,5.0,4.0,1.0,False,26.104564627027298
2023,202300032011,CYCLO,En agglomération,cycleway,753509915,ile-de-france-230101.geoparquet,ile-de-france-230101.geoparquet,retrouvee,False,2.747522093567464,False,matched,2,0,0,1,1,True,False,9,3,True,True,False,cycleway_trajectoires_et_acces_a_verifier,False,False,True,False,cycleway,,designated,,asphalt,good,,,,,no,,evalue,8.0,8.0,0.0,False,
2023,202300032473,CYCLO,En agglomération,,,polynesie-francaise-230101.geoparquet,polynesie-francaise-230101.geoparquet,osm_way_id_absent,False,,True,unmatched,2,0,0,1,1,True,False,1,3,True,False,False,pas_de_conclusion_juridique_automatique,False,False,False,True,,,,,,,,,,,,,,,,,False,
2023,202300032618,CYCLO,Hors agglomération,,,polynesie-francaise-230101.geoparquet,polynesie-francaise-230101.geoparquet,osm_way_id_absent,False,,True,unmatched,2,0,0,1,0,False,False,1,1,True,False,False,pas_de_conclusion_juridique_automatique,False,False,False,True,,,,,,,,,,,,,,,,,False,
2023,202300033537,CYCLO,En agglomération,,,polynesie-francaise-230101.geoparquet,polynesie-francaise-230101.geoparquet,osm_way_id_absent,False,,True,unmatched,1,0,0,1,0,False,False,1,6,True,False,False,pas_de_conclusion_juridique_automatique,False,False,False,True,,,,,,,,,,,,,,,,,False,
2023,202300035578,CYCLO,En agglomération,primary,754184866,polynesie-francaise-230101.geoparquet,polynesie-francaise-230101.geoparquet,retrouvee,False,30.999002520294837,True,matched,2,0,1,1,1,True,True,9,3,True,True,False,pas_de_conclusion_juridique_automatique,False,False,False,True,primary,,,,paved,,,,,,no,Route de Ceinture Ouest,,,,,False,
2023,202300038415,CYCLO,Hors agglomération,track,195791252,rhone-alpes-230101.geoparquet,rhone-alpes-230101.geoparquet,retrouvee,False,30.902370026595626,True,matched,2,0,0,1,1,True,False,1,1,True,False,False,pas_de_conclusion_juridique_automatique,False,False,False,True,track,,,,,,,,,,,,,,,,False,
2023,202300039307,CYCLO,En agglomération,service,219095041,poitou-charentes-230101.geoparquet,poitou-charentes-230101.geoparquet,retrouvee,False,43.535617768698856,True,matched,1,0,0,1,0,False,False,1,7,True,False,False,pas_de_conclusion_juridique_automatique,False,False,False,True,service,,,,asphalt,,,,,,yes,Place de la Gare,,,,,False,
2023,202300041026,CYCLO,En agglomération,unclassified,198763603,pays-de-la-loire-230101.geoparquet,pays-de-la-loire-230101.geoparquet,retrouvee,False,38.880399072753214,True,matched,1,0,0,1,0,False,False,1,7,True,False,False,pas_de_conclusion_juridique_automatique,False,False,False,True,unclassified,,,,,,,,,,,Le Bois aux Moines,,,,,False,
2023,202300041204,CYCLO,Hors agglomération,,,bourgogne-230101.geoparquet,bourgogne-230101.geoparquet,osm_way_id_absent,False,,True,unmatched,1,0,0,1,0,False,False,1,6,True,False,False,pas_de_conclusion_juridique_automatique,False,False,False,True,,,,,,,,,,,,,,,,,False,
2023,202300041587,CYCLO,En agglomération,service,291222512,bretagne-230101.geoparquet,bretagne-230101.geoparquet,retrouvee,False,58.81844227739137,True,matched,2,0,1,1,1,True,True,1,3,True,False,False,pas_de_conclusion_juridique_automatique,False,False,False,True,service,,,,,,,,,,yes,,,,,,False,
2023,202300041605,CYCLO,En agglomération,cycleway,1084594010,ile-de-france-230101.geoparquet,ile-de-france-230101.geoparquet,retrouvee,False,1.3557618195515129,False,matched,1,2,0,1,0,False,False,2,6,True,True,True,cycleway_trajectoires_et_acces_a_verifier,False,False,True,False,cycleway,,,,asphalt,,on_street,,,,no,Avenue Gambetta,evalue,3.0,3.0,0.0,False,
2023,202300041677,CYCLO,Hors agglomération,track,455325795,auvergne-230101.geoparquet,auvergne-230101.geoparquet,retrouvee,False,74.12116240682316,True,matched,1,0,0,1,0,False,False,9,7,True,True,False,pas_de_conclusion_juridique_automatique,False,False,False,True,track,,,,,,,,,,,,,,,,False,
2023,202300042374,CYCLO,Hors agglomération,,,auvergne-230101.geoparquet,auvergne-230101.geoparquet,osm_way_id_absent,False,,True,unmatched,1,0,0,1,0,False,False,1,6,True,False,False,pas_de_conclusion_juridique_automatique,False,False,False,True,,,,,,,,,,,,,,,,,False,
2023,202300042942,CYCLO,En agglomération,cycleway,1015742998,ile-de-france-230101.geoparquet,ile-de-france-230101.geoparquet,retrouvee,False,0.983259399598211,False,matched,2,0,1,1,1,True,True,2,2,True,True,False,cycleway_trajectoires_et_acces_a_verifier,False,False,True,False,cycleway,,,,asphalt,,,,,,yes,Pont d'Issy,evalue,10.0,7.0,2.0,True,4.184787008908961
2023,202300043003,CYCLO,Hors agglomération,trunk,482593275,provence-alpes-cote-d-azur-230101.geoparquet,provence-alpes-cote-d-azur-230101.geoparquet,retrouvee,False,52.26338809656207,True,matched,1,0,0,1,0,False,False,1,7,True,False,False,pas_de_conclusion_juridique_automatique,False,False,False,True,trunk,,no,,,,,,,110,yes,,,,,,False,
2023,202300043106,CYCLO,En agglomération,residential,895894681,corse-230101.geoparquet,corse-230101.geoparquet,retrouvee,False,48.569590412338854,True,matched,2,0,1,1,1,True,True,1,6,True,False,False,pas_de_conclusion_juridique_automatique,False,False,False,True,residential,,,,,,,,,,,Résidence Carré Imperial,,,,,False,
2023,202300043272,CYCLO,En agglomération,cycleway,565968579,bretagne-230101.geoparquet,bretagne-230101.geoparquet,retrouvee,False,1.8530029138251018,False,matched,2,0,1,1,1,True,True,1,3,True,False,False,cycleway_trajectoires_et_acces_a_verifier,False,False,True,False,cycleway,,,,,,,,,,yes,,evalue,4.0,3.0,0.0,False,
2023,202300043571,CYCLO,Hors agglomération,,,polynesie-francaise-230101.geoparquet,polynesie-francaise-230101.geoparquet,osm_way_id_absent,False,,True,unmatched,2,0,1,1,1,True,True,1,7,True,False,False,pas_de_conclusion_juridique_automatique,False,False,False,True,,,,,,,,,,,,,,,,,False,
2023,202300044483,CYCLO,En agglomération,cycleway,946103417,aquitaine-230101.geoparquet,aquitaine-230101.geoparquet,retrouvee,False,0.3438329970603754,False,matched,2,0,1,1,1,True,True,3,3,True,True,False,cycleway_trajectoires_et_acces_a_verifier,False,False,True,False,cycleway,,,,asphalt,,,,,,,,evalue,3.0,3.0,1.0,True,3.2652458790064154
2023,202300044780,CYCLO,En agglomération,unclassified,49481412,bretagne-230101.geoparquet,bretagne-230101.geoparquet,retrouvee,False,43.159912709002214,True,matched,1,0,0,1,0,False,False,1,7,True,False,False,pas_de_conclusion_juridique_automatique,False,False,False,True,unclassified,,,,asphalt,,,,,,,Hent Park Bihan,,,,,False,
2023,202300045066,CYCLO,En agglomération,cycleway,1126100636,nord-pas-de-calais-230101.geoparquet,nord-pas-de-calais-230101.geoparquet,retrouvee,False,0.9557123327755656,False,matched,1,0,0,1,0,False,False,6,7,True,True,False,cycleway_trajectoires_et_acces_a_verifier,False,False,True,False,cycleway,,,,,,,,,,,,evalue,8.0,7.0,1.0,True,3.7790838677624903
2023,202300045173,CYCLO,En agglomération,track,444201453,polynesie-francaise-230101.geoparquet,polynesie-francaise-230101.geoparquet,retrouvee,False,46.77664338903985,True,matched,2,0,0,2,0,False,False,1,1,True,False,False,pas_de_conclusion_juridique_automatique,False,False,False,True,track,,,,,,,,,,,,,,,,False,
2023,202300045178,CYCLO,Hors agglomération,,,polynesie-francaise-230101.geoparquet,polynesie-francaise-230101.geoparquet,osm_way_id_absent,False,,True,unmatched,1,0,0,1,0,False,False,1,6,True,False,False,pas_de_conclusion_juridique_automatique,False,False,False,True,,,,,,,,,,,,,,,,,False,
2023,202300045187,CYCLO,En agglomération,residential,60974313,lorraine-230101.geoparquet,lorraine-230101.geoparquet,retrouvee,False,32.09706870134558,True,matched,1,0,0,1,0,False,False,1,6,True,False,False,pas_de_conclusion_juridique_automatique,False,False,False,True,residential,,,,,,,,,,yes,Rue Stanislas,,,,,False,
2023,202300045652,CYCLO,Hors agglomération,service,870317151,polynesie-francaise-230101.geoparquet,polynesie-francaise-230101.geoparquet,retrouvee,False,73.2394231725246,True,matched,3,0,2,1,2,True,True,1,4,True,False,False,pas_de_conclusion_juridique_automatique,False,False,False,True,service,,,,,,,,,,,,,,,,False,
2023,202300045763,CYCLO,Hors agglomération,,,polynesie-francaise-230101.geoparquet,polynesie-francaise-230101.geoparquet,osm_way_id_absent,False,,True,unmatched,2,0,0,1,1,True,False,1,2,True,False,False,pas_de_conclusion_juridique_automatique,False,False,False,True,,,,,,,,,,,,,,,,,False,
2023,202300046147,CYCLO,En agglomération,,,polynesie-francaise-230101.geoparquet,polynesie-francaise-230101.geoparquet,osm_way_id_absent,False,,True,unmatched,2,0,1,1,1,True,True,1,5,True,False,False,pas_de_conclusion_juridique_automatique,False,False,False,True,,,,,,,,,,,,,,,,,False,
2023,202300047498,CYCLO,Hors agglomération,,,polynesie-francaise-230101.geoparquet,polynesie-francaise-230101.geoparquet,osm_way_id_absent,False,,True,unmatched,2,0,1,1,1,True,True,1,3,True,False,False,pas_de_conclusion_juridique_automatique,False,False,False,True,,,,,,,,,,,,,,,,,False,
2023,202300047633,CYCLO,En agglomération,cycleway,723800478,centre-230101.geoparquet,centre-230101.geoparquet,retrouvee,False,3.1235360553787075,False,matched,1,1,0,1,0,False,False,1,6,True,False,False,cycleway_trajectoires_et_acces_a_verifier,False,False,True,False,cycleway,,,,paved,,,,,,no,,evalue,8.0,5.0,2.0,False,16.602124208402053
2023,202300047918,CYCLO,En agglomération,residential,69557975,limousin-230101.geoparquet,limousin-230101.geoparquet,retrouvee,False,37.15740876023478,True,matched,3,0,2,1,2,True,True,2,5,True,True,False,pas_de_conclusion_juridique_automatique,False,False,False,True,residential,,,,,,,,,30,,Rue Duguay-Trouin,,,,,False,
2023,202300048149,CYCLO,Hors agglomération,residential,437466559,mayotte-230101.geoparquet,mayotte-230101.geoparquet,retrouvee,False,65.6327695361768,True,matched,2,0,1,1,1,True,True,1,1,True,False,False,pas_de_conclusion_juridique_automatique,False,False,False,True,residential,,,,asphalt,,,,,,,Rue Labattoire,,,,,False,
2023,202300049324,CYCLO,En agglomération,cycleway,803031491,ile-de-france-230101.geoparquet,ile-de-france-230101.geoparquet,retrouvee,False,1.1693361215700186,False,matched,2,0,1,1,1,True,True,7,2,True,True,False,cycleway_trajectoires_et_acces_a_verifier,False,False,True,False,cycleway,,,,asphalt,,,,,,,,evalue,6.0,6.0,4.0,False,20.692450994681256
2023,202300049348,CYCLO,Hors agglomération,residential,86267019,poitou-charentes-230101.geoparquet,poitou-charentes-230101.geoparquet,retrouvee,False,39.72558499107131,True,matched,2,0,0,2,0,False,False,1,1,True,False,False,pas_de_conclusion_juridique_automatique,False,False,False,True,residential,,,,,,,,,,,Rue La Pérouse,,,,,False,
2023,202300050683,CYCLO,En agglomération,cycleway,315567149,champagne-ardenne-230101.geoparquet,champagne-ardenne-230101.geoparquet,retrouvee,False,0.3683303941306314,False,matched,1,0,0,1,0,False,False,1,7,True,False,False,cycleway_trajectoires_et_acces_a_verifier,False,False,True,False,cycleway,,,,paved,,,,,,yes,,evalue,7.0,6.0,4.0,True,5.397981726466416
2023,202300050771,CYCLO,En agglomération,cycleway,842197731,ile-de-france-230101.geoparquet,ile-de-france-230101.geoparquet,retrouvee,False,4.152553930613718,False,matched,2,0,0,1,1,True,False,3,1,True,True,False,cycleway_trajectoires_et_acces_a_verifier,False,False,True,False,cycleway,,,,concrete,,,,,,,,evalue,2.0,2.0,1.0,False,11.431854803553852
2023,202300050926,CYCLO,Hors agglomération,service,488474048,basse-normandie-230101.geoparquet,basse-normandie-230101.geoparquet,retrouvee,False,52.64455264468835,True,matched,2,0,1,1,1,True,True,1,3,True,False,False,pas_de_conclusion_juridique_automatique,False,False,False,True,service,,,,,,,,,,,,,,,,False,
2023,202300052133,CYCLO,Hors agglomération,,,polynesie-francaise-230101.geoparquet,polynesie-francaise-230101.geoparquet,osm_way_id_absent,False,,True,unmatched,1,0,0,1,0,False,False,1,6,True,False,False,pas_de_conclusion_juridique_automatique,False,False,False,True,,,,,,,,,,,,,,,,,False,
2023,202300052864,CYCLO,En agglomération,cycleway,727494578,ile-de-france-230101.geoparquet,ile-de-france-230101.geoparquet,retrouvee,False,3.1525354156284604,False,matched,3,0,0,1,2,True,False,1,5,True,False,False,cycleway_trajectoires_et_acces_a_verifier,False,False,True,False,cycleway,,,,asphalt,,,,,,yes,,evalue,2.0,1.0,1.0,False,79.36776760870244
2023,202300053315,CYCLO,En agglomération,,,polynesie-francaise-230101.geoparquet,polynesie-francaise-230101.geoparquet,osm_way_id_absent,False,,True,unmatched,2,0,1,1,1,True,True,1,1,True,False,False,pas_de_conclusion_juridique_automatique,False,False,False,True,,,,,,,,,,,,,,,,,False,
2023,202300053994,CYCLO,En agglomération,cycleway,1007363074,ile-de-france-230101.geoparquet,ile-de-france-230101.geoparquet,retrouvee,False,0.24179873260049653,False,matched,2,0,0,1,0,False,False,2,2,True,True,False,cycleway_trajectoires_et_acces_a_verifier,False,False,True,False,cycleway,,,,,,,,,,,,evalue,7.0,6.0,1.0,True,0.5128177756218082
2023,202300054142,CYCLO,Hors agglomération,,,polynesie-francaise-230101.geoparquet,polynesie-francaise-230101.geoparquet,osm_way_id_absent,False,,True,unmatched,1,0,0,1,0,False,False,1,6,True,False,False,pas_de_conclusion_juridique_automatique,False,False,False,True,,,,,,,,,,,,,,,,,False,
2023,202300054223,CYCLO,Hors agglomération,unclassified,43968674,rhone-alpes-230101.geoparquet,rhone-alpes-230101.geoparquet,retrouvee,False,32.216328541232464,True,matched,1,0,0,1,0,False,False,1,6,True,False,False,pas_de_conclusion_juridique_automatique,False,False,False,True,unclassified,,,,,,,,,,,Route des Blaches,,,,,False,
2024,202400000290,VELO,En agglomération,cycleway,1189097145,rhone-alpes-240101.geoparquet,rhone-alpes-240101.geoparquet,retrouvee,False,1.6293914908527933,False,matched,2,0,1,0,1,True,True,3,3,True,True,False,cycleway_trajectoires_et_acces_a_verifier,True,False,False,False,cycleway,,,,asphalt,excellent,,,,,,La Traverse,evalue,3.0,3.0,1.0,True,1.9431357100325548
2024,202400000492,VELO,En agglomération,cycleway,1004017708,alsace-240101.geoparquet,alsace-240101.geoparquet,retrouvee,False,0.6288944771749686,False,matched,2,0,1,0,1,True,True,3,3,True,True,False,cycleway_trajectoires_et_acces_a_verifier,True,False,False,False,cycleway,,,,,,,,,,,,evalue,6.0,2.0,1.0,True,1.6168077332288757
2024,202400000578,VELO,En agglomération,cycleway,633689346,ile-de-france-240101.geoparquet,ile-de-france-240101.geoparquet,retrouvee,False,0.7750609606763456,False,matched,2,0,0,0,1,True,False,4,1,True,True,True,cycleway_trajectoires_et_acces_a_verifier,True,False,False,False,cycleway,,,,concrete,,sidewalk,,,,yes,Route des Lacs à Passy,evalue,8.0,6.0,2.0,True,2.2992611649520645
2024,202400000715,VELO,En agglomération,cycleway,43013864,alsace-240101.geoparquet,alsace-240101.geoparquet,retrouvee,False,0.279093180053936,False,matched,2,0,1,0,1,True,True,1,3,True,False,False,cycleway_trajectoires_et_acces_a_verifier,True,False,False,False,cycleway,,designated,,asphalt,,,,,,yes,Route de Bischwiller,evalue,5.0,4.0,0.0,False,
2024,202400001201,VELO,En agglomération,cycleway,1214337855,ile-de-france-240101.geoparquet,ile-de-france-240101.geoparquet,retrouvee,False,64.6728328331286,True,matched,2,0,0,0,0,False,False,1,1,True,False,True,cycleway_trajectoires_et_acces_a_verifier,False,False,False,True,cycleway,,,,asphalt,good,crossing,,,,,Boulevard de Magenta,,,,,False,
2024,202400001783,VELO,En agglomération,cycleway,743814650,centre-240101.geoparquet,centre-240101.geoparquet,retrouvee,False,1.7819844581872664,False,matched,2,0,1,0,1,True,True,2,3,True,True,False,cycleway_trajectoires_et_acces_a_verifier,True,False,False,False,cycleway,,designated,,asphalt,,,,,,,Boulevard Marie Stuart,evalue,6.0,6.0,0.0,False,
2024,202400001796,VELO,En agglomération,cycleway,1080531542,bretagne-240101.geoparquet,bretagne-240101.geoparquet,retrouvee,False,0.41073757943470046,False,matched,2,0,1,0,1,True,True,3,3,True,True,True,cycleway_trajectoires_et_acces_a_verifier,True,False,False,False,cycleway,,,,paving_stones,,sidewalk,,,,,,evalue,20.0,12.0,2.0,True,0.4692236173287855
2024,202400002356,VELO,En agglomération,cycleway,689134758,ile-de-france-240101.geoparquet,ile-de-france-240101.geoparquet,retrouvee,False,1.1028444272185887,False,matched,2,0,0,0,1,True,False,3,3,True,True,True,cycleway_trajectoires_et_acces_a_verifier,True,False,False,False,cycleway,,,,asphalt,good,on_street,,,,yes,Rue Montmartre,evalue,6.0,6.0,4.0,True,3.348285239652856
2024,202400002398,VELO,En agglomération,residential,24272955,bretagne-240101.geoparquet,bretagne-240101.geoparquet,retrouvee,False,45.6180848676528,True,matched,1,0,0,0,0,False,False,1,7,True,False,False,pas_de_conclusion_juridique_automatique,False,False,False,True,residential,,,,,,,,,30,,Rue Victor Schoelcher,,,,,False,
2024,202400002909,VELO,En agglomération,cycleway,928823182,rhone-alpes-240101.geoparquet,rhone-alpes-240101.geoparquet,retrouvee,False,6.326630410730358,False,matched,2,0,0,0,1,True,False,1,3,True,False,False,cycleway_trajectoires_et_acces_a_verifier,True,False,False,False,cycleway,,,,asphalt,,,,,,,,evalue,15.0,12.0,4.0,True,8.362118571138371
2024,202400003064,VELO,En agglomération,cycleway,88284568,alsace-240101.geoparquet,alsace-240101.geoparquet,retrouvee,False,0.1843537238730771,False,matched,5,0,1,0,1,True,True,9,5,True,True,False,cycleway_trajectoires_et_acces_a_verifier,True,False,False,False,cycleway,,designated,,asphalt,,,,,,,Route de Brumath,evalue,2.0,1.0,0.0,False,
2024,202400003288,VELO,En agglomération,cycleway,4527645,ile-de-france-240101.geoparquet,ile-de-france-240101.geoparquet,retrouvee,False,1.9281739372630513,False,matched,2,0,0,0,1,True,False,2,3,True,True,True,cycleway_trajectoires_et_acces_a_verifier,True,False,False,False,cycleway,,,,asphalt,good,on_street,,,30,yes,Rue de Rivoli,evalue,3.0,1.0,0.0,False,
2024,202400004540,VELO,En agglomération,cycleway,1230808146,ile-de-france-240101.geoparquet,ile-de-france-240101.geoparquet,retrouvee,False,0.22543246133968947,False,matched,2,0,0,0,1,True,False,5,2,True,True,True,cycleway_trajectoires_et_acces_a_verifier,True,False,False,False,cycleway,,,,asphalt,,on_street,,,,yes,Rue Linois,evalue,7.0,7.0,4.0,True,6.562196489678665
2024,202400004606,VELO,En agglomération,cycleway,903761484,ile-de-france-240101.geoparquet,ile-de-france-240101.geoparquet,retrouvee,False,0.9072447137323819,False,matched,2,0,0,0,1,True,False,2,3,True,True,False,cycleway_trajectoires_et_acces_a_verifier,True,False,False,False,cycleway,,,,asphalt,,,,,,,,evalue,3.0,3.0,2.0,False,20.989167560839974
2024,202400004885,VELO,En agglomération,cycleway,729093358,pays-de-la-loire-240101.geoparquet,pays-de-la-loire-240101.geoparquet,retrouvee,False,1.2728777126802875,False,matched,2,0,1,0,1,True,True,1,3,True,False,False,cycleway_trajectoires_et_acces_a_verifier,True,False,False,False,cycleway,,,,asphalt,,,,,,,,evalue,4.0,3.0,2.0,False,19.38447540416641
2024,202400005145,VELO,En agglomération,cycleway,824155669,rhone-alpes-240101.geoparquet,rhone-alpes-240101.geoparquet,retrouvee,False,2.5154826289949774,False,matched,2,0,1,0,1,True,True,1,3,True,False,False,cycleway_trajectoires_et_acces_a_verifier,True,False,False,False,cycleway,,designated,,,,,,,,yes,,evalue,6.0,4.0,2.0,True,5.143826864944401
2024,202400006356,VELO,Hors agglomération,,,centre-240101.geoparquet,centre-240101.geoparquet,osm_way_id_absent,False,,True,unmatched,2,0,1,0,1,True,True,3,3,True,True,False,pas_de_conclusion_juridique_automatique,False,False,False,True,,,,,,,,,,,,,,,,,False,
2024,202400006747,VELO,En agglomération,cycleway,680213116,ile-de-france-240101.geoparquet,ile-de-france-240101.geoparquet,retrouvee,False,0.4324534188761097,False,matched,2,0,1,0,1,True,True,3,1,True,True,True,cycleway_trajectoires_et_acces_a_verifier,True,False,False,False,cycleway,,,,asphalt,,crossing,,,,,,evalue,4.0,3.0,2.0,True,1.0746457294478402
2024,202400006992,VELO,En agglomération,cycleway,183655705,alsace-240101.geoparquet,alsace-240101.geoparquet,retrouvee,False,4.5469487275507685,False,matched,2,0,1,0,1,True,True,1,2,True,False,False,cycleway_trajectoires_et_acces_a_verifier,True,False,False,False,cycleway,,,,paving_stones,,,,,,no,,evalue,4.0,4.0,0.0,False,
2024,202400007232,VELO,En agglomération,cycleway,56301153,ile-de-france-240101.geoparquet,ile-de-france-240101.geoparquet,retrouvee,False,0.42700485284783296,False,matched,2,0,1,0,1,True,True,6,3,True,True,False,cycleway_trajectoires_et_acces_a_verifier,True,False,False,False,cycleway,,,,asphalt,,,,,,,,evalue,7.0,6.0,1.0,True,0.6880259540554743
2024,202400007302,VELO,En agglomération,cycleway,1226244828,pays-de-la-loire-240101.geoparquet,pays-de-la-loire-240101.geoparquet,retrouvee,False,1.6683474237036575,False,matched,2,0,1,0,1,True,True,6,3,True,True,False,cycleway_trajectoires_et_acces_a_verifier,True,False,False,False,cycleway,yes,designated,no,asphalt,,,,,,,,evalue,20.0,18.0,2.0,False,23.237972938218427
2024,202400007307,VELO,En agglomération,cycleway,1068974102,bretagne-240101.geoparquet,bretagne-240101.geoparquet,retrouvee,False,0.13391423209576261,False,matched,2,0,1,0,1,True,True,2,3,True,True,False,cycleway_trajectoires_et_acces_a_verifier,True,False,False,False,cycleway,,,,asphalt,good,,,,,yes,,evalue,25.0,22.0,5.0,True,3.436119386458694
2024,202400007893,VELO,En agglomération,cycleway,299742609,alsace-240101.geoparquet,alsace-240101.geoparquet,retrouvee,False,0.41392454338143947,False,matched,2,0,1,0,1,True,True,1,3,True,False,False,cycleway_trajectoires_et_acces_a_verifier,True,False,False,False,cycleway,,,,,,,,,,yes,,evalue,4.0,3.0,0.0,False,
2024,202400008522,VELO,En agglomération,cycleway,899389693,rhone-alpes-240101.geoparquet,rhone-alpes-240101.geoparquet,retrouvee,False,1.5966429271618063,False,matched,2,0,1,0,1,True,True,1,3,True,False,False,cycleway_trajectoires_et_acces_a_verifier,True,False,False,False,cycleway,,,,,,,,,,,,evalue,5.0,4.0,0.0,False,
2024,202400009474,VELO,En agglomération,,,polynesie-francaise-240101.geoparquet,polynesie-francaise-240101.geoparquet,osm_way_id_absent,False,,True,unmatched,2,0,0,1,1,True,False,3,3,True,True,False,pas_de_conclusion_juridique_automatique,False,False,False,True,,,,,,,,,,,,,,,,,False,
2024,202400009630,VELO,En agglomération,,,corse-240101.geoparquet,corse-240101.geoparquet,osm_way_id_absent,False,,True,unmatched,2,0,1,0,1,True,True,1,2,True,False,False,pas_de_conclusion_juridique_automatique,False,False,False,True,,,,,,,,,,,,,,,,,False,
2024,202400010085,VELO,En agglomération,residential,27993795,rhone-alpes-240101.geoparquet,rhone-alpes-240101.geoparquet,retrouvee,False,33.55143457487898,True,matched,2,0,0,0,1,True,False,1,1,True,False,False,pas_de_conclusion_juridique_automatique,False,False,False,True,residential,,,,,,,,,,,Rue des Glières,,,,,False,
2024,202400011543,VELO,En agglomération,residential,36776831,provence-alpes-cote-d-azur-240101.geoparquet,provence-alpes-cote-d-azur-240101.geoparquet,retrouvee,False,48.387623126801145,True,matched,2,0,1,0,1,True,True,1,3,True,False,False,pas_de_conclusion_juridique_automatique,False,False,False,True,residential,,,,,,,,,,,Chemin de Bigau,,,,,False,
2024,202400011680,VELO,En agglomération,primary,759224176,lorraine-240101.geoparquet,lorraine-240101.geoparquet,retrouvee,False,85.39608871120518,True,matched,2,0,1,0,1,True,True,4,3,True,True,False,pas_de_conclusion_juridique_automatique,False,False,False,True,primary,,,,,,,,,,,,,,,,False,
2024,202400012287,VELO,En agglomération,cycleway,579315373,alsace-240101.geoparquet,alsace-240101.geoparquet,retrouvee,False,1.1030281696788489,False,matched,2,0,1,0,1,True,True,3,7,True,True,False,cycleway_trajectoires_et_acces_a_verifier,True,False,False,False,cycleway,,designated,,,,,,,,,Avenue du Rhin,evalue,18.0,9.0,2.0,True,9.399196145371972
2024,202400012602,VELO,Hors agglomération,primary,429852729,franche-comte-240101.geoparquet,franche-comte-240101.geoparquet,retrouvee,False,30.82167984469773,True,matched,2,0,0,0,0,False,False,1,7,True,False,False,pas_de_conclusion_juridique_automatique,False,False,False,True,primary,,,,asphalt,,,,,,,Route Nationale,,,,,False,
2024,202400012708,VELO,Hors agglomération,secondary,134669651,midi-pyrenees-240101.geoparquet,midi-pyrenees-240101.geoparquet,retrouvee,False,35.16290054503564,True,matched,2,0,0,1,1,True,False,1,1,True,False,False,pas_de_conclusion_juridique_automatique,False,False,False,True,secondary,,,,,,,,,,,Avenue Pierre Semard,,,,,False,
2024,202400012775,VELO,En agglomération,cycleway,656667732,rhone-alpes-240101.geoparquet,rhone-alpes-240101.geoparquet,retrouvee,False,1.3717740239002776,False,matched,2,0,0,0,1,True,False,2,3,True,True,True,cycleway_trajectoires_et_acces_a_verifier,True,False,False,False,cycleway,,designated,,asphalt,,crossing,,,,,VL1,evalue,11.0,6.0,1.0,True,4.737154184896489
2024,202400013004,VELO,Hors agglomération,cycleway,65729721,franche-comte-240101.geoparquet,franche-comte-240101.geoparquet,retrouvee,False,0.551588465240001,False,matched,2,0,1,0,1,True,True,1,3,True,False,False,cycleway_trajectoires_et_acces_a_verifier,True,False,False,False,cycleway,,,,asphalt,,,,,,,,evalue,7.0,5.0,2.0,True,1.0342322446976484
2024,202400013106,VELO,En agglomération,cycleway,262188007,ile-de-france-240101.geoparquet,ile-de-france-240101.geoparquet,retrouvee,False,13.059462349295417,False,matched,2,0,1,0,1,True,True,6,3,True,True,False,cycleway_trajectoires_et_acces_a_verifier,True,False,False,False,cycleway,,,,,,,,,,yes,,evalue,5.0,5.0,2.0,False,19.57786803799413
2024,202400013145,VELO,En agglomération,cycleway,1023965768,alsace-240101.geoparquet,alsace-240101.geoparquet,retrouvee,False,0.3700902738416371,False,matched,2,0,1,0,1,True,True,1,3,True,False,False,cycleway_trajectoires_et_acces_a_verifier,True,False,False,False,cycleway,,,,asphalt,,,,,,yes,,evalue,14.0,9.0,4.0,True,1.1900749228512022
2024,202400014243,VELO,En agglomération,cycleway,854465459,ile-de-france-240101.geoparquet,ile-de-france-240101.geoparquet,retrouvee,False,0.9140263115223829,False,matched,3,0,0,0,2,True,False,1,5,True,False,True,cycleway_trajectoires_et_acces_a_verifier,True,False,False,False,cycleway,,,no,asphalt,,on_street,,,,no,Rue de Vaugirard,evalue,1.0,1.0,0.0,False,
2024,202400014314,VELO,En agglomération,cycleway,903761484,ile-de-france-240101.geoparquet,ile-de-france-240101.geoparquet,retrouvee,False,2.1112585235339747,False,matched,2,0,1,0,1,True,True,1,3,True,False,False,cycleway_trajectoires_et_acces_a_verifier,True,False,False,False,cycleway,,,,asphalt,,,,,,,,evalue,1.0,1.0,1.0,False,463.8754790015408
2024,202400015130,VELO,En agglomération,cycleway,869099015,ile-de-france-240101.geoparquet,ile-de-france-240101.geoparquet,retrouvee,False,2.9139843335167868,False,matched,2,0,0,0,1,True,False,7,3,True,True,True,cycleway_trajectoires_et_acces_a_verifier,True,False,False,False,cycleway,,,,sett,,on_street,,,,,Place de la Porte de Montreuil,evalue,3.0,3.0,1.0,False,25.37122754358211
2024,202400015276,VELO,En agglomération,cycleway,1164893712,alsace-240101.geoparquet,alsace-240101.geoparquet,retrouvee,False,1.3200609140129695,False,matched,2,0,1,0,1,True,True,1,3,True,False,False,cycleway_trajectoires_et_acces_a_verifier,True,False,False,False,cycleway,,,,,,,,,,yes,,evalue,1.0,1.0,1.0,False,54.68686237525078
2024,202400015450,VELO,En agglomération,cycleway,1196440227,ile-de-france-240101.geoparquet,ile-de-france-240101.geoparquet,retrouvee,False,0.008275790326285965,False,matched,2,0,1,0,1,True,True,2,3,True,True,True,cycleway_trajectoires_et_acces_a_verifier,True,False,False,False,cycleway,,,,asphalt,excellent,crossing,,,,no,Quai des Grands Augustins,evalue,19.0,12.0,2.0,True,2.607654179582473
2024,202400015502,VELO,En agglomération,cycleway,1121726687,haute-normandie-240101.geoparquet,haute-normandie-240101.geoparquet,retrouvee,False,2.049747227882297,False,matched,2,0,1,0,1,True,True,3,3,True,True,True,cycleway_trajectoires_et_acces_a_verifier,True,False,False,False,cycleway,,,,,,crossing,,,,,,evalue,10.0,8.0,1.0,True,3.7233712274132222
2024,202400015772,VELO,En agglomération,cycleway,808535766,alsace-240101.geoparquet,alsace-240101.geoparquet,retrouvee,False,3.4579855297320172,False,matched,2,0,1,0,1,True,True,3,3,True,True,False,cycleway_trajectoires_et_acces_a_verifier,True,False,False,False,cycleway,,,,asphalt,,,,,,no,,evalue,21.0,17.0,3.0,True,4.586661442811064
2024,202400016472,VELO,En agglomération,cycleway,184796610,languedoc-roussillon-240101.geoparquet,languedoc-roussillon-240101.geoparquet,retrouvee,False,0.35278510398599644,False,matched,2,0,1,0,1,True,True,9,3,True,True,False,cycleway_trajectoires_et_acces_a_verifier,True,False,False,False,cycleway,,,,,,,,,,,,evalue,4.0,4.0,1.0,True,1.2600939627875238
2024,202400016556,VELO,En agglomération,cycleway,946790811,rhone-alpes-240101.geoparquet,rhone-alpes-240101.geoparquet,retrouvee,False,2.2310198987866396,False,matched,2,0,0,0,1,True,False,2,3,True,True,False,cycleway_trajectoires_et_acces_a_verifier,True,False,False,False,cycleway,,,,asphalt,,,,,,,,evalue,13.0,10.0,4.0,True,6.673753729715474
2024,202400017252,VELO,En agglomération,cycleway,31750641,ile-de-france-240101.geoparquet,ile-de-france-240101.geoparquet,retrouvee,False,0.11125280494066038,False,matched,2,0,1,0,1,True,True,3,3,True,True,True,cycleway_trajectoires_et_acces_a_verifier,True,False,False,False,cycleway,,,,asphalt,,on_street,,,,yes,Avenue Daumesnil,evalue,17.0,13.0,3.0,True,2.5177450048600987
2024,202400017294,VELO,En agglomération,cycleway,228952579,provence-alpes-cote-d-azur-240101.geoparquet,provence-alpes-cote-d-azur-240101.geoparquet,retrouvee,False,2.314980125693671,False,matched,2,0,1,0,1,True,True,9,3,True,True,False,cycleway_trajectoires_et_acces_a_verifier,True,False,False,False,cycleway,,designated,,asphalt,,,,,,,,evalue,3.0,3.0,0.0,False,
2024,202400018401,VELO,Hors agglomération,unclassified,135170724,picardie-240101.geoparquet,picardie-240101.geoparquet,retrouvee,False,60.587384768028734,True,matched,2,0,0,0,0,False,False,1,1,True,False,False,pas_de_conclusion_juridique_automatique,False,False,False,True,unclassified,,,,paving_stones,,,,,,,,evalue,0.0,0.0,0.0,False,
2024,202400018805,VELO,En agglomération,cycleway,345572611,rhone-alpes-240101.geoparquet,rhone-alpes-240101.geoparquet,retrouvee,False,2.386836444893351,False,matched,2,0,0,1,1,True,False,1,1,True,False,False,cycleway_trajectoires_et_acces_a_verifier,True,False,False,False,cycleway,,,no,asphalt,,,,,,no,,evalue,2.0,2.0,0.0,False,
2024,202400019385,VELO,En agglomération,residential,366667166,aquitaine-240101.geoparquet,aquitaine-240101.geoparquet,retrouvee,False,35.359140252141245,True,matched,2,0,1,0,1,True,True,1,3,True,False,False,pas_de_conclusion_juridique_automatique,False,False,False,True,residential,,,,asphalt,,,,,30,,Cours Bosquet,,,,,False,
2024,202400020386,VELO,En agglomération,,,corse-240101.geoparquet,corse-240101.geoparquet,osm_way_id_absent,False,,True,unmatched,2,0,0,0,1,True,False,1,3,True,False,False,pas_de_conclusion_juridique_automatique,False,False,False,True,,,,,,,,,,,,,,,,,False,
2024,202400020865,VELO,En agglomération,cycleway,722561249,provence-alpes-cote-d-azur-240101.geoparquet,provence-alpes-cote-d-azur-240101.geoparquet,retrouvee,False,0.5745973985658186,False,matched,2,0,1,0,1,True,True,9,3,True,True,False,cycleway_trajectoires_et_acces_a_verifier,True,False,False,False,cycleway,,,,asphalt,,,,,,,Pont de la Clue - Jean Moulin,evalue,2.0,2.0,1.0,True,1.3344950530353528
2024,202400020877,VELO,En agglomération,cycleway,697762967,alsace-240101.geoparquet,alsace-240101.geoparquet,retrouvee,False,10.7341084344625,False,matched,2,0,0,0,1,True,False,8,3,True,True,False,cycleway_trajectoires_et_acces_a_verifier,True,False,False,False,cycleway,,,,asphalt,,,,,,,Allée Alice Gillig,evalue,2.0,1.0,0.0,False,
2024,202400021315,VELO,En agglomération,cycleway,45328493,ile-de-france-240101.geoparquet,ile-de-france-240101.geoparquet,retrouvee,False,0.14267904556569783,False,matched,2,0,0,0,1,True,False,9,3,True,True,False,cycleway_trajectoires_et_acces_a_verifier,True,False,False,False,cycleway,,,no,asphalt,,,,,,yes,Avenue de la Résistance,evalue,4.0,3.0,1.0,True,1.8445771639698116
2024,202400021503,VELO,En agglomération,cycleway,219863346,champagne-ardenne-240101.geoparquet,champagne-ardenne-240101.geoparquet,retrouvee,False,5.38836914325773,False,matched,2,0,1,0,1,True,True,6,3,True,True,False,cycleway_trajectoires_et_acces_a_verifier,True,False,False,False,cycleway,,,,asphalt,,,,,,no,,evalue,4.0,4.0,1.0,False,14.831368267705317
2024,202400021637,VELO,Hors agglomération,cycleway,71327159,aquitaine-240101.geoparquet,aquitaine-240101.geoparquet,retrouvee,False,3.3364902808778503,False,matched,2,0,1,0,1,True,True,2,3,True,True,False,cycleway_trajectoires_et_acces_a_verifier,True,False,False,False,cycleway,,,,asphalt,excellent,,,,,,,evalue,7.0,6.0,1.0,True,6.014463220397326
2024,202400022528,VELO,En agglomération,cycleway,383693579,pays-de-la-loire-240101.geoparquet,pays-de-la-loire-240101.geoparquet,retrouvee,False,1.2167942179705518,False,matched,2,0,1,0,1,True,True,2,6,True,True,False,cycleway_trajectoires_et_acces_a_verifier,True,False,False,False,cycleway,,,,asphalt,,,,,,yes,,evalue,6.0,5.0,1.0,True,5.33470917596027
2024,202400022556,VELO,En agglomération,cycleway,1175730637,lorraine-240101.geoparquet,lorraine-240101.geoparquet,retrouvee,False,5.840188212837603,False,matched,2,0,0,0,1,True,False,1,3,True,False,False,cycleway_trajectoires_et_acces_a_verifier,True,False,False,False,cycleway,,,,paving_stones,excellent,,,,,,,evalue,3.0,3.0,0.0,False,
2024,202400022585,VELO,En agglomération,cycleway,335304717,picardie-240101.geoparquet,picardie-240101.geoparquet,retrouvee,False,0.6761603535357661,False,matched,2,0,1,0,1,True,True,1,7,True,False,False,cycleway_trajectoires_et_acces_a_verifier,True,False,False,False,cycleway,,designated,,,,,,,,,,evalue,4.0,4.0,1.0,True,1.0735460232797427
2024,202400022768,VELO,En agglomération,cycleway,444625481,guyane-240101.geoparquet,guyane-240101.geoparquet,retrouvee,False,4.062456760736927,False,matched,2,0,1,0,1,True,True,1,2,True,False,False,cycleway_trajectoires_et_acces_a_verifier,True,False,False,False,cycleway,,,,asphalt,,,,,,,,evalue,1.0,1.0,0.0,False,
2024,202400022910,VELO,En agglomération,cycleway,217996469,ile-de-france-240101.geoparquet,ile-de-france-240101.geoparquet,retrouvee,False,5.978288248938795,False,matched,2,0,1,0,1,True,True,3,6,True,True,True,cycleway_trajectoires_et_acces_a_verifier,True,False,False,False,cycleway,,,,asphalt,good,sidewalk,,,,yes,Rue de la Pépinière,evalue,8.0,7.0,1.0,False,12.943682702800732
2024,202400023049,VELO,En agglomération,residential,366553236,aquitaine-240101.geoparquet,aquitaine-240101.geoparquet,retrouvee,False,52.28020590387496,True,matched,2,0,1,0,1,True,True,1,3,True,False,True,pas_de_conclusion_juridique_automatique,False,False,False,True,residential,,,,asphalt,,,share_busway,,30,yes,Rue Gambetta,,,,,False,
2024,202400023243,VELO,En agglomération,cycleway,153235612,ile-de-france-240101.geoparquet,ile-de-france-240101.geoparquet,retrouvee,False,1.3562552247607025,False,matched,2,0,0,0,1,True,False,3,3,True,True,True,cycleway_trajectoires_et_acces_a_verifier,True,False,False,False,cycleway,,,,asphalt,,crossing,,,,yes,Boulevard Davout,evalue,20.0,12.0,4.0,True,2.6011961405306097
2024,202400024133,VELO,En agglomération,residential,142197569,basse-normandie-240101.geoparquet,basse-normandie-240101.geoparquet,retrouvee,False,56.55602620342364,True,matched,1,1,0,0,0,False,False,1,6,True,False,False,pas_de_conclusion_juridique_automatique,False,False,False,True,residential,,,,,,,,,,,Avenue du Bouquet,,,,,False,
2024,202400024502,VELO,En agglomération,cycleway,816466381,ile-de-france-240101.geoparquet,ile-de-france-240101.geoparquet,retrouvee,False,6.188116628109773,False,matched,2,0,1,0,1,True,True,1,3,True,False,True,cycleway_trajectoires_et_acces_a_verifier,True,False,False,False,cycleway,,,,asphalt,good,sidewalk,,,,no,Place de la Bastille,evalue,11.0,5.0,0.0,False,
2024,202400024530,VELO,Hors agglomération,cycleway,593792563,lorraine-240101.geoparquet,lorraine-240101.geoparquet,retrouvee,False,0.9813162852680463,False,matched,2,0,1,0,1,True,True,6,3,True,True,False,cycleway_trajectoires_et_acces_a_verifier,True,False,False,False,cycleway,,,,,,,,,,,,evalue,9.0,8.0,2.0,True,2.0116695847070614
2024,202400024786,VELO,En agglomération,cycleway,1108074932,champagne-ardenne-240101.geoparquet,champagne-ardenne-240101.geoparquet,retrouvee,False,1.952286549606317,False,matched,2,0,1,0,1,True,True,3,3,True,True,False,cycleway_trajectoires_et_acces_a_verifier,True,False,False,False,cycleway,,,,asphalt,excellent,,,,,,,evalue,4.0,4.0,1.0,True,4.349335378197991
2024,202400025807,VELO,En agglomération,cycleway,1188013207,bretagne-240101.geoparquet,bretagne-240101.geoparquet,retrouvee,False,1.599081238992588,False,matched,2,0,1,0,1,True,True,3,3,True,True,False,cycleway_trajectoires_et_acces_a_verifier,True,False,False,False,cycleway,,,,asphalt,,,,,,yes,,evalue,20.0,15.0,4.0,True,5.88150098208968
2024,202400026466,VELO,En agglomération,cycleway,1175056557,aquitaine-240101.geoparquet,aquitaine-240101.geoparquet,retrouvee,False,2.4803877680652877,False,matched,2,0,1,0,1,True,True,1,3,True,False,True,cycleway_trajectoires_et_acces_a_verifier,True,False,False,False,cycleway,,,,asphalt,excellent,crossing,,,,,,evalue,7.0,4.0,2.0,False,11.959197695000242
2024,202400026837,VELO,En agglomération,cycleway,52719953,ile-de-france-240101.geoparquet,ile-de-france-240101.geoparquet,retrouvee,False,1.461932185556558,False,matched,2,0,0,0,1,True,False,1,1,True,False,True,cycleway_trajectoires_et_acces_a_verifier,True,False,False,False,cycleway,,,,asphalt,,on_street,,,,yes,Boulevard de la Villette,evalue,2.0,2.0,1.0,False,252.11880777154192
2024,202400027338,VELO,En agglomération,cycleway,739578942,midi-pyrenees-240101.geoparquet,midi-pyrenees-240101.geoparquet,retrouvee,False,0.8579438134478621,False,matched,2,0,0,0,1,True,False,1,3,True,False,False,cycleway_trajectoires_et_acces_a_verifier,True,False,False,False,cycleway,,designated,,concrete:plates,excellent,,,,,yes,,evalue,4.0,4.0,1.0,False,15.12847712590031
2024,202400028190,VELO,En agglomération,secondary,1097146460,provence-alpes-cote-d-azur-240101.geoparquet,provence-alpes-cote-d-azur-240101.geoparquet,retrouvee,False,38.831424467717724,True,matched,2,0,1,0,1,True,True,1,3,True,False,False,pas_de_conclusion_juridique_automatique,False,False,False,True,secondary,,,,,,,,,,,Avenue de la Capelette,,,,,False,
2024,202400028370,VELO,En agglomération,cycleway,1002574933,bretagne-240101.geoparquet,bretagne-240101.geoparquet,retrouvee,False,0.15402791661196313,False,matched,2,0,0,0,1,True,False,2,3,True,True,False,cycleway_trajectoires_et_acces_a_verifier,True,False,False,False,cycleway,,designated,,asphalt,,,,,,no,,evalue,13.0,9.0,2.0,True,1.2550173603285584
2024,202400028630,VELO,Hors agglomération,,,picardie-240101.geoparquet,picardie-240101.geoparquet,osm_way_id_absent,False,,True,unmatched,2,0,0,0,1,True,False,1,6,True,False,False,pas_de_conclusion_juridique_automatique,False,False,False,True,,,,,,,,,,,,,,,,,False,
2024,202400028640,VELO,En agglomération,cycleway,1082273138,alsace-240101.geoparquet,alsace-240101.geoparquet,retrouvee,False,0.949842926955546,False,matched,2,0,1,0,1,True,True,6,3,True,True,False,cycleway_trajectoires_et_acces_a_verifier,True,False,False,False,cycleway,,designated,,paving_stones,,,,,,,,evalue,19.0,7.0,1.0,True,2.5281309697669507
2024,202400028721,VELO,En agglomération,cycleway,367827385,reunion-240101.geoparquet,reunion-240101.geoparquet,retrouvee,False,0.2908041053242554,False,matched,2,0,0,0,1,True,False,1,1,True,False,False,cycleway_trajectoires_et_acces_a_verifier,True,False,False,False,cycleway,,,,,,,,,,,,evalue,1.0,1.0,0.0,False,
2024,202400029495,VELO,En agglomération,cycleway,329968587,champagne-ardenne-240101.geoparquet,champagne-ardenne-240101.geoparquet,retrouvee,False,1.314559505691988,False,matched,2,0,1,0,1,True,True,6,3,True,True,False,cycleway_trajectoires_et_acces_a_verifier,True,False,False,False,cycleway,,,,,,,,,,,,evalue,11.0,8.0,2.0,True,1.8590726860635636
2024,202400029709,VELO,En agglomération,cycleway,934776959,ile-de-france-240101.geoparquet,ile-de-france-240101.geoparquet,retrouvee,False,4.650180674321276,False,matched,2,0,1,0,1,True,True,2,3,True,True,False,cycleway_trajectoires_et_acces_a_verifier,True,False,False,False,cycleway,,,,asphalt,,,,,,yes,Avenue de Lattre de Tassigny,evalue,6.0,4.0,1.0,True,7.87109564799192
2024,202400029772,VELO,En agglomération,cycleway,754883365,ile-de-france-240101.geoparquet,ile-de-france-240101.geoparquet,retrouvee,False,2.9453227433376283,False,matched,2,0,1,0,1,True,True,3,3,True,True,True,cycleway_trajectoires_et_acces_a_verifier,True,False,False,False,cycleway,,,,asphalt,good,on_street,,,,no,Boulevard de Sébastopol,evalue,3.0,2.0,1.0,True,2.9936714676029297
2024,202400030326,VELO,En agglomération,residential,109099083,ile-de-france-240101.geoparquet,ile-de-france-240101.geoparquet,retrouvee,False,50.05643013308706,True,matched,2,0,0,0,0,False,False,9,1,True,True,True,pas_de_conclusion_juridique_automatique,False,False,False,True,residential,,,,asphalt,,opposite,,,30,yes,Rue Ernest Renan,,,,,False,
2024,202400030654,VELO,Hors agglomération,,,provence-alpes-cote-d-azur-240101.geoparquet,provence-alpes-cote-d-azur-240101.geoparquet,osm_way_id_absent,False,,True,unmatched,1,0,0,0,0,False,False,1,7,True,False,False,pas_de_conclusion_juridique_automatique,False,False,False,True,,,,,,,,,,,,,,,,,False,
2024,202400030779,VELO,En agglomération,cycleway,336776410,ile-de-france-240101.geoparquet,ile-de-france-240101.geoparquet,retrouvee,False,0.7109744769988087,False,matched,2,0,1,0,1,True,True,2,3,True,True,True,cycleway_trajectoires_et_acces_a_verifier,True,False,False,False,cycleway,,,,asphalt,good,sidewalk,,,,yes,Boulevard Barbès,evalue,4.0,3.0,1.0,True,1.4765708000602928
2024,202400031450,VELO,En agglomération,cycleway,1087785427,ile-de-france-240101.geoparquet,ile-de-france-240101.geoparquet,retrouvee,False,0.8392718733929804,False,matched,2,0,1,0,1,True,True,3,2,True,True,True,cycleway_trajectoires_et_acces_a_verifier,True,False,False,False,cycleway,,,,asphalt,excellent,on_street,,,,no,Avenue de Clichy,evalue,1.0,1.0,0.0,False,
2024,202400032149,VELO,En agglomération,cycleway,52719953,ile-de-france-240101.geoparquet,ile-de-france-240101.geoparquet,retrouvee,False,0.3419920763145768,False,matched,2,0,1,0,1,True,True,1,3,True,False,True,cycleway_trajectoires_et_acces_a_verifier,True,False,False,False,cycleway,,,,asphalt,,on_street,,,,yes,Boulevard de la Villette,evalue,3.0,3.0,2.0,False,17.79284782526233
2024,202400032499,VELO,En agglomération,tertiary,1037713851,bretagne-240101.geoparquet,bretagne-240101.geoparquet,retrouvee,False,30.932818565624515,True,matched,2,0,1,0,1,True,True,3,1,True,True,False,pas_de_conclusion_juridique_automatique,False,False,False,True,tertiary,,,,asphalt,,,,,,,Rue de Landouzen,,,,,False,
2024,202400033457,VELO,En agglomération,service,278509342,ile-de-france-240101.geoparquet,ile-de-france-240101.geoparquet,retrouvee,False,30.199054013715504,True,matched,2,0,0,0,0,False,False,1,1,True,False,False,pas_de_conclusion_juridique_automatique,False,False,False,True,service,private,,,,,,,,,yes,Rue des Écluses,,,,,False,
2024,202400033645,VELO,En agglomération,cycleway,183786363,alsace-240101.geoparquet,alsace-240101.geoparquet,retrouvee,False,7.418556685813369,False,matched,2,0,1,0,1,True,True,1,3,True,False,False,cycleway_trajectoires_et_acces_a_verifier,True,False,False,False,cycleway,,designated,,,,,,,,yes,Avenue du Rhin,evalue,1.0,1.0,0.0,False,
2024,202400034166,VELO,En agglomération,cycleway,41258642,pays-de-la-loire-240101.geoparquet,pays-de-la-loire-240101.geoparquet,retrouvee,False,2.638987216783391,False,matched,2,0,1,0,1,True,True,9,1,True,True,False,cycleway_trajectoires_et_acces_a_verifier,True,False,False,False,cycleway,yes,yes,no,asphalt,,,,,,,,evalue,3.0,3.0,1.0,False,13.808939925508957
2024,202400034269,VELO,En agglomération,cycleway,38252863,languedoc-roussillon-240101.geoparquet,languedoc-roussillon-240101.geoparquet,retrouvee,False,1.2759504961370702,False,matched,3,0,2,0,2,True,True,4,4,True,True,False,cycleway_trajectoires_et_acces_a_verifier,True,False,False,False,cycleway,,designated,,asphalt,,,,,,,Via Tolosana,evalue,8.0,7.0,2.0,False,13.15159141496508
2024,202400034510,VELO,En agglomération,cycleway,857569281,haute-normandie-240101.geoparquet,haute-normandie-240101.geoparquet,retrouvee,False,1.3148997669491418,False,matched,2,0,0,0,1,True,False,1,3,True,False,False,cycleway_trajectoires_et_acces_a_verifier,True,False,False,False,cycleway,,,,asphalt,good,,,,,yes,Rue Georges Lafaurie,evalue,3.0,3.0,1.0,False,50.339416556978414
2024,202400034696,VELO,En agglomération,cycleway,903756868,rhone-alpes-240101.geoparquet,rhone-alpes-240101.geoparquet,retrouvee,False,1.5379967440816094,False,matched,2,0,0,0,1,True,False,8,3,True,True,False,cycleway_trajectoires_et_acces_a_verifier,True,False,False,False,cycleway,,,,asphalt,,,,,,,,evalue,9.0,7.0,3.0,True,4.496096427241582
2024,202400034852,VELO,En agglomération,cycleway,721842089,aquitaine-240101.geoparquet,aquitaine-240101.geoparquet,retrouvee,False,0.7886820073642613,False,matched,2,0,0,0,1,True,False,6,3,True,True,False,cycleway_trajectoires_et_acces_a_verifier,True,False,False,False,cycleway,,,,,,,,,,,,evalue,7.0,4.0,1.0,True,4.304339922712743
2024,202400034938,VELO,En agglomération,cycleway,38071538,ile-de-france-240101.geoparquet,ile-de-france-240101.geoparquet,retrouvee,False,0.36751513543335035,False,matched,2,0,1,0,1,True,True,3,2,True,True,False,cycleway_trajectoires_et_acces_a_verifier,True,False,False,False,cycleway,,designated,,asphalt,,,,,,no,,evalue,4.0,3.0,1.0,True,0.58669771403093
2024,202400035394,VELO,En agglomération,service,1052043710,centre-240101.geoparquet,centre-240101.geoparquet,retrouvee,False,52.45255555157338,True,matched,2,0,0,0,1,True,False,2,3,True,True,False,pas_de_conclusion_juridique_automatique,False,False,False,True,service,,,,,,,,,,,,,,,,False,
2024,202400036170,VELO,En agglomération,cycleway,183655707,alsace-240101.geoparquet,alsace-240101.geoparquet,retrouvee,False,0.45610418116371554,False,matched,2,0,1,0,1,True,True,3,3,True,True,False,cycleway_trajectoires_et_acces_a_verifier,True,False,False,False,cycleway,,,,asphalt,,,,,,,,evalue,6.0,6.0,1.0,True,1.2328316261036971
2024,202400036322,VELO,En agglomération,cycleway,1143712222,aquitaine-240101.geoparquet,aquitaine-240101.geoparquet,retrouvee,False,4.709768635415055,False,matched,2,0,0,0,1,True,False,1,3,True,False,False,cycleway_trajectoires_et_acces_a_verifier,True,False,False,False,cycleway,,,,,,,,,,yes,,evalue,8.0,7.0,2.0,False,22.326038484498543
2024,202400036645,VELO,En agglomération,cycleway,490205157,alsace-240101.geoparquet,alsace-240101.geoparquet,retrouvee,False,4.742053290248736,False,matched,2,0,1,0,1,True,True,2,3,True,True,False,cycleway_trajectoires_et_acces_a_verifier,True,False,False,False,cycleway,,,,asphalt,,,,,,,,evalue,16.0,13.0,2.0,False,15.438418734410734
2024,202400037209,VELO,En agglomération,cycleway,1163414070,alsace-240101.geoparquet,alsace-240101.geoparquet,retrouvee,False,4.443706003946149,False,matched,2,0,0,1,1,True,False,1,2,True,False,False,cycleway_trajectoires_et_acces_a_verifier,True,False,False,False,cycleway,,designated,,asphalt,,,,,,,Route de Vienne,evalue,2.0,2.0,0.0,False,
2024,202400037378,VELO,En agglomération,cycleway,856874611,rhone-alpes-240101.geoparquet,rhone-alpes-240101.geoparquet,retrouvee,False,0.3664451881352797,False,matched,2,0,0,0,1,True,False,3,3,True,True,False,cycleway_trajectoires_et_acces_a_verifier,True,False,False,False,cycleway,no,designated,,,,,,,,yes,,evalue,14.0,13.0,2.0,True,1.367333524462578
2024,202400039249,VELO,En agglomération,cycleway,194633828,midi-pyrenees-240101.geoparquet,midi-pyrenees-240101.geoparquet,retrouvee,False,0.35404018143269883,False,matched,2,0,1,0,1,True,True,1,3,True,False,False,cycleway_trajectoires_et_acces_a_verifier,True,False,False,False,cycleway,,,,asphalt,,,,,,,Route de Narbonne,evalue,9.0,8.0,1.0,True,2.0404379805182122
2024,202400039466,VELO,En agglomération,cycleway,889504355,provence-alpes-cote-d-azur-240101.geoparquet,provence-alpes-cote-d-azur-240101.geoparquet,retrouvee,False,0.4274392217926578,False,matched,2,0,0,0,1,True,False,8,1,True,True,False,cycleway_trajectoires_et_acces_a_verifier,True,False,False,False,cycleway,,,no,asphalt,,,,,,no,Via Venaissia,evalue,5.0,4.0,2.0,True,0.7371820937482164
2024,202400039567,VELO,Hors agglomération,unclassified,245481968,bretagne-240101.geoparquet,bretagne-240101.geoparquet,retrouvee,False,65.05727371231076,True,matched,1,0,0,0,0,False,False,1,7,True,False,False,pas_de_conclusion_juridique_automatique,False,False,False,True,unclassified,,,,,,,,,,,,,,,,False,
2024,202400040409,VELO,En agglomération,cycleway,36778315,aquitaine-240101.geoparquet,aquitaine-240101.geoparquet,retrouvee,False,2.2266135616818943,False,matched,2,0,1,0,1,True,True,1,3,True,False,False,cycleway_trajectoires_et_acces_a_verifier,True,False,False,False,cycleway,,,,asphalt,excellent,,,,,,,evalue,4.0,3.0,0.0,False,
2024,202400040607,VELO,En agglomération,secondary,740659296,aquitaine-240101.geoparquet,aquitaine-240101.geoparquet,retrouvee,False,36.002884481094036,True,matched,2,0,1,0,1,True,True,1,3,True,False,False,pas_de_conclusion_juridique_automatique,False,False,False,True,secondary,,,,asphalt,,,,,,,Avenue de Bordeaux,,,,,False,
2024,202400040778,VELO,Hors agglomération,cycleway,1096347136,reunion-240101.geoparquet,reunion-240101.geoparquet,retrouvee,False,0.13621774215321697,False,matched,2,0,0,0,1,True,False,2,1,True,True,True,cycleway_trajectoires_et_acces_a_verifier,True,False,False,False,cycleway,,,,asphalt,,crossing,,,,,,evalue,3.0,1.0,1.0,True,1.6431438567932768
2024,202400040872,VELO,En agglomération,cycleway,949812555,ile-de-france-240101.geoparquet,ile-de-france-240101.geoparquet,retrouvee,False,3.1981342086279874,False,matched,2,0,1,0,1,True,True,2,3,True,True,True,cycleway_trajectoires_et_acces_a_verifier,True,False,False,False,cycleway,,,,asphalt,good,sidewalk,,,,yes,Rue de la Gare,evalue,10.0,5.0,0.0,False,
2024,202400040875,VELO,En agglomération,cycleway,37074490,ile-de-france-240101.geoparquet,ile-de-france-240101.geoparquet,retrouvee,False,0.10486527015522171,False,matched,2,0,0,1,1,True,False,3,7,True,True,True,cycleway_trajectoires_et_acces_a_verifier,True,False,False,False,cycleway,,,,asphalt,,on_street,,,,no,Quai de Bercy,evalue,5.0,5.0,2.0,True,0.8554189453045306
2024,202400041238,VELO,En agglomération,cycleway,603892766,aquitaine-240101.geoparquet,aquitaine-240101.geoparquet,retrouvee,False,0.004988971356543763,False,matched,2,0,1,0,1,True,True,1,2,True,False,False,cycleway_trajectoires_et_acces_a_verifier,True,False,False,False,cycleway,,,,,,,,,,yes,,evalue,7.0,5.0,4.0,False,10.128548316787755
2024,202400042431,VELO,En agglomération,cycleway,355565768,ile-de-france-240101.geoparquet,ile-de-france-240101.geoparquet,retrouvee,False,2.3987879212020617,False,matched,2,0,0,0,1,True,False,2,3,True,True,True,cycleway_trajectoires_et_acces_a_verifier,True,False,False,False,cycleway,,,,asphalt,excellent,on_street,,,,yes,Rue de Rivoli,evalue,3.0,2.0,0.0,False,
2024,202400042996,VELO,En agglomération,cycleway,562490077,ile-de-france-240101.geoparquet,ile-de-france-240101.geoparquet,retrouvee,False,7.395099135318746,False,matched,2,0,0,0,1,True,False,7,3,True,True,True,cycleway_trajectoires_et_acces_a_verifier,True,False,False,False,cycleway,,,,,,on_street,,,,no,Avenue de la Porte de la Villette,evalue,4.0,3.0,0.0,False,
2024,202400043429,VELO,En agglomération,cycleway,429669115,bretagne-240101.geoparquet,bretagne-240101.geoparquet,retrouvee,False,14.617318031096966,False,matched,2,0,1,0,1,True,True,6,3,True,True,False,cycleway_trajectoires_et_acces_a_verifier,True,False,False,False,cycleway,,designated,,,,,,,,yes,,evalue,5.0,5.0,1.0,False,22.683034830155854
2024,202400043692,VELO,En agglomération,primary,552994115,ile-de-france-240101.geoparquet,ile-de-france-240101.geoparquet,retrouvee,False,35.28240599003233,True,matched,2,0,1,0,1,True,True,1,3,True,False,True,pas_de_conclusion_juridique_automatique,False,False,False,True,primary,,,,asphalt,excellent,,no,lane,,yes,Avenue de Verdun,,,,,False,
2024,202400043844,VELO,En agglomération,cycleway,730828989,ile-de-france-240101.geoparquet,ile-de-france-240101.geoparquet,retrouvee,False,0.19958351180006736,False,matched,2,1,1,0,1,True,True,7,6,True,True,True,cycleway_trajectoires_et_acces_a_verifier,True,False,False,False,cycleway,,,,asphalt,,crossing,,,,no,Place Victor et Hélène Basch,evalue,12.0,11.0,4.0,False,10.244248670021928
2024,202400043852,VELO,En agglomération,cycleway,897548121,bretagne-240101.geoparquet,bretagne-240101.geoparquet,retrouvee,False,0.40829441732746535,False,matched,2,0,1,0,1,True,True,6,3,True,True,True,cycleway_trajectoires_et_acces_a_verifier,True,False,False,False,cycleway,,,,,,crossing,,,,,,evalue,11.0,7.0,1.0,True,0.7553723160509719
2024,202400043951,VELO,En agglomération,cycleway,815695336,ile-de-france-240101.geoparquet,ile-de-france-240101.geoparquet,retrouvee,False,4.200566280054475,False,matched,2,0,1,0,1,True,True,7,3,True,True,True,cycleway_trajectoires_et_acces_a_verifier,True,False,False,False,cycleway,,,,asphalt,,sidewalk,,,,yes,Boulevard Brune,evalue,27.0,22.0,4.0,True,6.8664299683663845
2024,202400044092,VELO,En agglomération,track,31259639,bretagne-240101.geoparquet,bretagne-240101.geoparquet,retrouvee,False,44.22348800430019,True,matched,1,0,0,0,0,False,False,1,6,True,False,False,pas_de_conclusion_juridique_automatique,False,False,False,True,track,private,,,ground,,,,,,,,,,,,False,
2024,202400044096,VELO,En agglomération,cycleway,88284610,alsace-240101.geoparquet,alsace-240101.geoparquet,retrouvee,False,2.4358540998777625,False,matched,2,0,1,0,1,True,True,1,3,True,False,True,cycleway_trajectoires_et_acces_a_verifier,True,False,False,False,cycleway,,,,asphalt,,segregated,,,,yes,,evalue,11.0,8.0,1.0,True,8.060591858135577
2024,202400044234,VELO,En agglomération,cycleway,1174446224,ile-de-france-240101.geoparquet,ile-de-france-240101.geoparquet,retrouvee,False,0.9418702850121077,False,matched,2,0,1,0,1,True,True,7,3,True,True,True,cycleway_trajectoires_et_acces_a_verifier,True,False,False,False,cycleway,,,,asphalt,,on_street,,,,no,Boulevard Saint-Michel,evalue,4.0,4.0,2.0,True,4.770524229120781
2024,202400044920,VELO,En agglomération,cycleway,233354369,basse-normandie-240101.geoparquet,basse-normandie-240101.geoparquet,retrouvee,False,3.1115339109283418,False,matched,2,0,1,0,1,True,True,1,3,True,False,False,cycleway_trajectoires_et_acces_a_verifier,True,False,False,False,cycleway,,,,,,,,,,,,evalue,2.0,2.0,0.0,False,
2024,202400044961,VELO,En agglomération,residential,588475141,polynesie-francaise-240101.geoparquet,polynesie-francaise-240101.geoparquet,retrouvee,False,76.73483063926233,True,matched,2,0,0,0,1,True,False,4,3,True,True,False,pas_de_conclusion_juridique_automatique,False,False,False,True,residential,,,,paved,,,,,,yes,rue raauri tematafaarere,,,,,False,
2024,202400045423,VELO,En agglomération,cycleway,183655717,alsace-240101.geoparquet,alsace-240101.geoparquet,retrouvee,False,0.5204148867660117,False,matched,2,0,1,0,1,True,True,1,2,True,False,False,cycleway_trajectoires_et_acces_a_verifier,True,False,False,False,cycleway,,,,paving_stones,,,,,,yes,,evalue,11.0,7.0,2.0,True,2.2555835044022663
2024,202400046098,VELO,En agglomération,cycleway,292759234,rhone-alpes-240101.geoparquet,rhone-alpes-240101.geoparquet,retrouvee,False,3.127679083054172,False,matched,2,0,1,0,1,True,True,9,3,True,True,False,cycleway_trajectoires_et_acces_a_verifier,True,False,False,False,cycleway,,designated,,,,,,,,no,,evalue,4.0,4.0,0.0,False,
2024,202400046269,VELO,En agglomération,cycleway,656347853,ile-de-france-240101.geoparquet,ile-de-france-240101.geoparquet,retrouvee,False,1.038878575600972,False,matched,2,0,0,0,1,True,False,3,3,True,True,True,cycleway_trajectoires_et_acces_a_verifier,True,False,False,False,cycleway,,,,asphalt,good,on_street,,,,yes,Boulevard Voltaire,evalue,4.0,3.0,1.0,True,2.68248275363286
2024,202400046291,VELO,En agglomération,cycleway,642577126,aquitaine-240101.geoparquet,aquitaine-240101.geoparquet,retrouvee,False,1.9232683047599841,False,matched,2,0,1,0,1,True,True,2,3,True,True,False,cycleway_trajectoires_et_acces_a_verifier,True,False,False,False,cycleway,,,,,,,,,,yes,,evalue,6.0,3.0,1.0,True,5.18163496570891
2024,202400046527,VELO,En agglomération,cycleway,206719376,aquitaine-240101.geoparquet,aquitaine-240101.geoparquet,retrouvee,False,1.3603591717103165,False,matched,2,0,1,0,1,True,True,6,1,True,True,False,cycleway_trajectoires_et_acces_a_verifier,True,False,False,False,cycleway,,yes,,paved,,,,,,,,evalue,5.0,4.0,2.0,True,4.6686187147220854
2024,202400046572,VELO,En agglomération,cycleway,1046538588,rhone-alpes-240101.geoparquet,rhone-alpes-240101.geoparquet,retrouvee,False,2.799461894330546,False,matched,2,0,0,0,1,True,False,9,3,True,True,False,cycleway_trajectoires_et_acces_a_verifier,True,False,False,False,cycleway,,,,asphalt,,,,,,,,evalue,3.0,3.0,1.0,True,7.698807279295746
2024,202400046614,VELO,En agglomération,cycleway,268864575,alsace-240101.geoparquet,alsace-240101.geoparquet,retrouvee,False,1.7935785058565146,False,matched,2,0,0,0,1,True,False,1,3,True,False,False,cycleway_trajectoires_et_acces_a_verifier,True,False,False,False,cycleway,,,no,asphalt,,,,,,yes,,evalue,6.0,4.0,1.0,False,113.75827663713164
2024,202400047150,VELO,En agglomération,cycleway,1054288710,ile-de-france-240101.geoparquet,ile-de-france-240101.geoparquet,retrouvee,False,2.1882748762330158,False,matched,2,0,1,0,1,True,True,3,3,True,True,True,cycleway_trajectoires_et_acces_a_verifier,True,False,False,False,cycleway,,,,asphalt,good,on_street,,,,yes,Avenue de la République,evalue,4.0,3.0,1.0,True,5.635765104158967
2024,202400047392,VELO,Hors agglomération,cycleway,1015280751,provence-alpes-cote-d-azur-240101.geoparquet,provence-alpes-cote-d-azur-240101.geoparquet,retrouvee,False,3.4410710772861446,False,matched,2,0,1,0,1,True,True,1,2,True,False,False,cycleway_trajectoires_et_acces_a_verifier,True,False,False,False,cycleway,,,,asphalt,,,,,,,,evalue,2.0,2.0,0.0,False,
2024,202400049046,VELO,En agglomération,cycleway,938074724,ile-de-france-240101.geoparquet,ile-de-france-240101.geoparquet,retrouvee,False,0.854691788204185,False,matched,2,0,1,0,1,True,True,9,6,True,True,False,cycleway_trajectoires_et_acces_a_verifier,True,False,False,False,cycleway,,,,asphalt,good,,,,,,,evalue,14.0,10.0,1.0,True,8.532453026284006
2024,202400049073,VELO,En agglomération,cycleway,959878434,rhone-alpes-240101.geoparquet,rhone-alpes-240101.geoparquet,retrouvee,False,1.8951610396329999,False,matched,2,0,0,0,1,True,False,6,3,True,True,False,cycleway_trajectoires_et_acces_a_verifier,True,False,False,False,cycleway,,,,asphalt,,,,,,yes,,evalue,10.0,9.0,2.0,False,15.869571379805517
2024,202400049329,VELO,En agglomération,cycleway,300582148,ile-de-france-240101.geoparquet,ile-de-france-240101.geoparquet,retrouvee,False,0.0859262982637451,False,matched,2,0,1,0,1,True,True,2,3,True,True,False,cycleway_trajectoires_et_acces_a_verifier,True,False,False,False,cycleway,,,,compacted,,,,,,,La Coulée Verte,evalue,2.0,1.0,1.0,True,0.18533267396518438
2024,202400049944,VELO,En agglomération,cycleway,845104144,ile-de-france-240101.geoparquet,ile-de-france-240101.geoparquet,retrouvee,False,0.5787842506723774,False,matched,2,0,1,0,1,True,True,3,3,True,True,True,cycleway_trajectoires_et_acces_a_verifier,True,False,False,False,cycleway,,,,asphalt,,on_street,,,,,Boulevard des Frères Voisins,evalue,8.0,8.0,1.0,True,8.676832410124574
2024,202400050961,VELO,En agglomération,cycleway,606749582,ile-de-france-240101.geoparquet,ile-de-france-240101.geoparquet,retrouvee,False,1.873615356322865,False,matched,2,0,0,0,1,True,False,3,3,True,True,True,cycleway_trajectoires_et_acces_a_verifier,True,False,False,False,cycleway,,,,asphalt,,crossing,,,,,Place Léon Blum,evalue,13.0,7.0,1.0,True,9.174172331435605
2024,202400051416,VELO,En agglomération,cycleway,1151264260,rhone-alpes-240101.geoparquet,rhone-alpes-240101.geoparquet,retrouvee,False,0.9223961587326598,False,matched,2,0,1,0,1,True,True,2,3,True,True,False,cycleway_trajectoires_et_acces_a_verifier,True,False,False,False,cycleway,,designated,no,asphalt,,,,,,,,evalue,5.0,5.0,2.0,True,2.7372755442368493
2024,202400051453,VELO,En agglomération,cycleway,1064809683,bretagne-240101.geoparquet,bretagne-240101.geoparquet,retrouvee,False,1.504360714085874,False,matched,2,0,0,0,1,True,False,1,3,True,False,False,cycleway_trajectoires_et_acces_a_verifier,True,False,False,False,cycleway,,,,asphalt,excellent,,,,,no,,evalue,3.0,3.0,1.0,True,2.724568464756838
2024,202400051673,VELO,Hors agglomération,,,nord-pas-de-calais-240101.geoparquet,nord-pas-de-calais-240101.geoparquet,osm_way_id_absent,False,,True,unmatched,1,1,0,0,0,False,False,1,7,True,False,False,pas_de_conclusion_juridique_automatique,False,False,False,True,,,,,,,,,,,,,,,,,False,
2024,202400052197,VELO,En agglomération,,,alsace-240101.geoparquet,alsace-240101.geoparquet,osm_way_id_absent,False,,True,unmatched,1,1,0,0,0,False,False,1,6,True,False,False,pas_de_conclusion_juridique_automatique,False,False,False,True,,,,,,,,,,,,,,,,,False,
2024,202400052496,VELO,En agglomération,cycleway,1121657257,ile-de-france-240101.geoparquet,ile-de-france-240101.geoparquet,retrouvee,False,0.8027754544360886,False,matched,2,0,1,0,1,True,True,2,6,True,True,True,cycleway_trajectoires_et_acces_a_verifier,True,False,False,False,cycleway,,,,asphalt,,sidewalk,,,,yes,Avenue Jean Jaurès,evalue,8.0,6.0,1.0,True,1.59965588836206
2024,202400052781,VELO,En agglomération,cycleway,1009151353,ile-de-france-240101.geoparquet,ile-de-france-240101.geoparquet,retrouvee,False,2.1924144894980855,False,matched,2,0,1,0,1,True,True,1,3,True,False,True,cycleway_trajectoires_et_acces_a_verifier,True,False,False,False,cycleway,,,,asphalt,,sidewalk,,,,yes,Boulevard Kellermann,evalue,4.0,4.0,1.0,False,12.755045304869782
2024,202400052922,VELO,En agglomération,cycleway,1175033806,ile-de-france-240101.geoparquet,ile-de-france-240101.geoparquet,retrouvee,False,1.0536788204492866,False,matched,2,0,1,0,1,True,True,3,3,True,True,True,cycleway_trajectoires_et_acces_a_verifier,True,False,False,False,cycleway,,,,asphalt,,on_street,,,,yes,Rue Saint-Jacques,evalue,2.0,2.0,0.0,False,
2024,202400053039,VELO,En agglomération,cycleway,1214397699,haute-normandie-240101.geoparquet,haute-normandie-240101.geoparquet,retrouvee,False,1.2811567804434996,False,matched,2,0,1,0,1,True,True,4,6,True,True,False,cycleway_trajectoires_et_acces_a_verifier,True,False,False,False,cycleway,,,,,,,,,,yes,,evalue,8.0,6.0,2.0,True,1.6778166390540548
2024,202400053540,VELO,En agglomération,cycleway,1123576090,ile-de-france-240101.geoparquet,ile-de-france-240101.geoparquet,retrouvee,False,0.41497110801263987,False,matched,2,0,1,0,1,True,True,2,2,True,True,False,cycleway_trajectoires_et_acces_a_verifier,True,False,False,False,cycleway,,,,asphalt,excellent,,,,,no,Boulevard Romain Rolland,evalue,14.0,14.0,3.0,True,0.824723173207018
2024,202400053575,VELO,En agglomération,cycleway,680213898,ile-de-france-240101.geoparquet,ile-de-france-240101.geoparquet,retrouvee,False,2.7205169778592264,False,matched,2,0,0,0,1,True,False,2,6,True,True,True,cycleway_trajectoires_et_acces_a_verifier,True,False,False,False,cycleway,,,,asphalt,good,on_street,,,,no,Boulevard de Sébastopol,evalue,4.0,4.0,0.0,False,
2024,202400053963,VELO,En agglomération,cycleway,1177617402,centre-240101.geoparquet,centre-240101.geoparquet,retrouvee,False,1.811172398054022,False,matched,2,0,1,0,1,True,True,1,1,True,False,False,cycleway_trajectoires_et_acces_a_verifier,True,False,False,False,cycleway,,designated,,,,,,,,,,evalue,9.0,7.0,1.0,True,4.434664816360612
2024,202400000302,VAE,En agglomération,cycleway,562490077,ile-de-france-240101.geoparquet,ile-de-france-240101.geoparquet,retrouvee,False,3.5966515437363813,False,matched,2,0,1,0,1,True,True,7,3,True,True,True,cycleway_trajectoires_et_acces_a_verifier,True,False,False,False,cycleway,,,,,,on_street,,,,no,Avenue de la Porte de la Villette,evalue,4.0,3.0,0.0,False,
2024,202400004062,VAE,En agglomération,cycleway,1002567939,bretagne-240101.geoparquet,bretagne-240101.geoparquet,retrouvee,False,0.12566787476521568,False,matched,2,0,1,0,1,True,True,9,3,True,True,False,cycleway_trajectoires_et_acces_a_verifier,True,False,False,False,cycleway,,designated,,asphalt,,,,,,,,evalue,8.0,6.0,2.0,True,0.42096343656968266
2024,202400005193,VAE,En agglomération,cycleway,806689932,centre-240101.geoparquet,centre-240101.geoparquet,retrouvee,False,1.6037809883201288,False,matched,2,0,1,0,1,True,True,3,1,True,True,True,cycleway_trajectoires_et_acces_a_verifier,True,False,False,False,cycleway,,,,asphalt,,crossing,,,,,,evalue,9.0,6.0,1.0,True,4.3787622900104015
2024,202400007781,VAE,En agglomération,cycleway,1091048543,aquitaine-240101.geoparquet,aquitaine-240101.geoparquet,retrouvee,False,0.06052641503762718,False,matched,2,0,1,0,1,True,True,1,2,True,False,False,cycleway_trajectoires_et_acces_a_verifier,True,False,False,False,cycleway,,,,,,,,,,,,evalue,8.0,7.0,2.0,True,0.2551381444167165
2024,202400010333,VAE,En agglomération,cycleway,1021198079,bretagne-240101.geoparquet,bretagne-240101.geoparquet,retrouvee,False,1.2832543032956787,False,matched,2,0,0,0,1,True,False,2,3,True,True,False,cycleway_trajectoires_et_acces_a_verifier,True,False,False,False,cycleway,,,,,,,,,,,,evalue,12.0,10.0,0.0,False,
2024,202400012602,VAE,Hors agglomération,primary,429852729,franche-comte-240101.geoparquet,franche-comte-240101.geoparquet,retrouvee,False,30.82167984469773,True,matched,2,0,0,0,0,False,False,1,7,True,False,False,pas_de_conclusion_juridique_automatique,False,False,False,True,primary,,,,asphalt,,,,,,,Route Nationale,,,,,False,
2024,202400015486,VAE,En agglomération,cycleway,777713713,rhone-alpes-240101.geoparquet,rhone-alpes-240101.geoparquet,retrouvee,False,0.8450373511154906,False,matched,2,0,0,0,1,True,False,3,3,True,True,True,cycleway_trajectoires_et_acces_a_verifier,True,False,False,False,cycleway,,,,asphalt,,shared_lane,,,,no,,evalue,15.0,11.0,2.0,True,1.8244634694143418
2024,202400017326,VAE,En agglomération,secondary,655981043,ile-de-france-240101.geoparquet,ile-de-france-240101.geoparquet,retrouvee,False,39.32431568361171,True,matched,1,1,0,0,0,False,False,1,6,True,False,True,pas_de_conclusion_juridique_automatique,False,False,False,True,secondary,,no,,asphalt,,no,,,30,yes,Avenue du Général Lemonnier,,,,,False,
2024,202400017868,VAE,En agglomération,cycleway,64609511,ile-de-france-240101.geoparquet,ile-de-france-240101.geoparquet,retrouvee,False,0.07556459768008714,False,matched,2,0,1,0,1,True,True,2,3,True,True,True,cycleway_trajectoires_et_acces_a_verifier,True,False,False,False,cycleway,,,,asphalt,excellent,on_street,,,30,no,Pont au Change,evalue,9.0,7.0,5.0,True,2.4861215631686107
2024,202400017976,VAE,Hors agglomération,primary,342320370,haute-normandie-240101.geoparquet,haute-normandie-240101.geoparquet,retrouvee,False,37.305097343874785,True,matched,1,0,0,0,0,False,False,1,7,True,False,False,pas_de_conclusion_juridique_automatique,False,False,False,True,primary,,,,,,,,,,,Rue Aristide Briand,,,,,False,
2024,202400018285,VAE,En agglomération,living_street,60208514,ile-de-france-240101.geoparquet,ile-de-france-240101.geoparquet,retrouvee,False,49.478662135781654,True,matched,1,0,0,0,0,False,False,3,7,True,True,True,pas_de_conclusion_juridique_automatique,False,False,False,True,living_street,,,destination,asphalt,,,opposite,,20,yes,Rue Vieille du Temple,,,,,False,
2024,202400022396,VAE,En agglomération,residential,379964317,bourgogne-240101.geoparquet,bourgogne-240101.geoparquet,retrouvee,False,39.62935065022573,True,matched,1,0,0,0,0,False,False,1,7,True,False,True,pas_de_conclusion_juridique_automatique,False,False,False,True,residential,,,,,,lane,,,50,,Boulevard Léon Blum,,,,,False,
2024,202400026119,VAE,En agglomération,cycleway,1058670564,languedoc-roussillon-240101.geoparquet,languedoc-roussillon-240101.geoparquet,retrouvee,False,1.7277832754266778,False,matched,2,0,1,0,1,True,True,4,1,True,True,False,cycleway_trajectoires_et_acces_a_verifier,True,False,False,False,cycleway,,designated,,asphalt,,,,,,no,,evalue,2.0,1.0,1.0,False,15.912060917488272
2024,202400026713,VAE,En agglomération,cycleway,893177912,auvergne-240101.geoparquet,auvergne-240101.geoparquet,retrouvee,False,0.38863465593436436,False,matched,2,0,1,0,1,True,True,1,3,True,False,False,cycleway_trajectoires_et_acces_a_verifier,True,False,False,False,cycleway,,,,asphalt,good,,,,,,,evalue,2.0,2.0,1.0,True,0.6193347116066753
2024,202400026785,VAE,En agglomération,cycleway,1214337855,ile-de-france-240101.geoparquet,ile-de-france-240101.geoparquet,retrouvee,False,63.15262918961936,True,matched,2,0,0,0,0,False,False,7,1,True,True,True,cycleway_trajectoires_et_acces_a_verifier,False,False,False,True,cycleway,,,,asphalt,good,crossing,,,,,Boulevard de Magenta,,,,,False,
2024,202400027890,VAE,En agglomération,cycleway,1173393302,aquitaine-240101.geoparquet,aquitaine-240101.geoparquet,retrouvee,False,0.7656050514817261,False,matched,2,0,0,0,1,True,False,1,3,True,False,False,cycleway_trajectoires_et_acces_a_verifier,True,False,False,False,cycleway,,,,asphalt,good,,,,,,,evalue,4.0,4.0,0.0,False,
2024,202400027921,VAE,En agglomération,cycleway,169347499,nord-pas-de-calais-240101.geoparquet,nord-pas-de-calais-240101.geoparquet,retrouvee,False,0.31238745531415485,False,matched,2,0,1,0,1,True,True,2,3,True,True,False,cycleway_trajectoires_et_acces_a_verifier,True,False,False,False,cycleway,,designated,,concrete,,,,,,yes,Boulevard de Tournai,evalue,10.0,7.0,2.0,True,0.5134476177662237
2024,202400028945,VAE,En agglomération,service,711370465,pays-de-la-loire-240101.geoparquet,pays-de-la-loire-240101.geoparquet,retrouvee,False,57.01786113481021,True,matched,2,0,1,0,1,True,True,1,3,True,False,False,pas_de_conclusion_juridique_automatique,False,False,False,True,service,private,,,,,,,,,,,,,,,False,
2024,202400029820,VAE,En agglomération,cycleway,1064809681,bretagne-240101.geoparquet,bretagne-240101.geoparquet,retrouvee,False,0.22260249079019692,False,matched,2,0,1,0,1,True,True,2,3,True,True,False,cycleway_trajectoires_et_acces_a_verifier,True,False,False,False,cycleway,,,,asphalt,excellent,,,,,no,,evalue,12.0,12.0,2.0,True,1.3102525308303992
2024,202400036237,VAE,En agglomération,cycleway,429352037,bretagne-240101.geoparquet,bretagne-240101.geoparquet,retrouvee,False,0.7266232258756767,False,matched,2,0,1,0,1,True,True,1,3,True,False,False,cycleway_trajectoires_et_acces_a_verifier,True,False,False,False,cycleway,,,,asphalt,,,,,,,,evalue,13.0,10.0,1.0,False,11.090892888517857
2024,202400036401,VAE,En agglomération,cycleway,1121657257,ile-de-france-240101.geoparquet,ile-de-france-240101.geoparquet,retrouvee,False,0.0869046943614605,False,matched,2,0,1,0,1,True,True,2,3,True,True,True,cycleway_trajectoires_et_acces_a_verifier,True,False,False,False,cycleway,,,,asphalt,,sidewalk,,,,yes,Avenue Jean Jaurès,evalue,6.0,5.0,1.0,True,0.29415592777067057
2024,202400036522,VAE,En agglomération,cycleway,721875564,nord-pas-de-calais-240101.geoparquet,nord-pas-de-calais-240101.geoparquet,retrouvee,False,4.084448260893622,False,matched,2,0,1,0,1,True,True,9,3,True,True,False,cycleway_trajectoires_et_acces_a_verifier,True,False,False,False,cycleway,,designated,no,asphalt,,,,,,yes,Boulevard de l'Ouest,evalue,3.0,3.0,0.0,False,
2024,202400037089,VAE,En agglomération,cycleway,38252863,languedoc-roussillon-240101.geoparquet,languedoc-roussillon-240101.geoparquet,retrouvee,False,0.5465467709374,False,matched,2,0,1,0,1,True,True,3,3,True,True,False,cycleway_trajectoires_et_acces_a_verifier,True,False,False,False,cycleway,,designated,,asphalt,,,,,,,Via Tolosana,evalue,5.0,4.0,1.0,True,0.8460450270073281
2024,202400039022,VAE,En agglomération,cycleway,731606093,ile-de-france-240101.geoparquet,ile-de-france-240101.geoparquet,retrouvee,False,0.7966132365737914,False,matched,2,0,0,0,1,True,False,3,3,True,True,True,cycleway_trajectoires_et_acces_a_verifier,True,False,False,False,cycleway,,,,asphalt,good,on_street,,,,no,Boulevard de Strasbourg,evalue,4.0,3.0,2.0,True,1.3050362121948076
2024,202400040531,VAE,Hors agglomération,cycleway,166103247,corse-240101.geoparquet,corse-240101.geoparquet,retrouvee,False,1.1996858787014262,False,matched,2,0,1,0,1,True,True,1,3,True,False,False,cycleway_trajectoires_et_acces_a_verifier,True,False,False,False,cycleway,,designated,,asphalt,,,,,,,,evalue,1.0,1.0,0.0,False,
2024,202400043092,VAE,Hors agglomération,track,1079817810,bretagne-240101.geoparquet,bretagne-240101.geoparquet,retrouvee,False,55.547860819758775,True,matched,1,0,0,0,0,False,False,1,7,True,False,False,pas_de_conclusion_juridique_automatique,False,False,False,True,track,,,,grass,,,,,,,,,,,,False,
2024,202400048627,VAE,En agglomération,cycleway,227150508,ile-de-france-240101.geoparquet,ile-de-france-240101.geoparquet,retrouvee,False,5.423382002208008,False,matched,2,0,0,1,1,True,False,3,3,True,True,True,cycleway_trajectoires_et_acces_a_verifier,True,False,False,False,cycleway,,,,asphalt,good,sidewalk,,,,yes,Boulevard de Magenta,evalue,5.0,4.0,1.0,False,11.451005315240527
2024,202400049095,VAE,En agglomération,cycleway,160727610,ile-de-france-240101.geoparquet,ile-de-france-240101.geoparquet,retrouvee,False,0.1221868333778829,False,matched,2,0,0,0,1,True,False,1,3,True,False,True,cycleway_trajectoires_et_acces_a_verifier,True,False,False,False,cycleway,,,,asphalt,,sidewalk,,,,,Avenue Ibsen,evalue,4.0,3.0,1.0,False,41.975628298487834
2024,202400049802,VAE,En agglomération,cycleway,88478070,alsace-240101.geoparquet,alsace-240101.geoparquet,retrouvee,False,2.245393497914261,False,matched,2,0,0,1,1,True,False,1,3,True,False,False,cycleway_trajectoires_et_acces_a_verifier,True,False,False,False,cycleway,,,,asphalt,,,,,,yes,,evalue,2.0,1.0,0.0,False,
2024,202400051668,VAE,En agglomération,cycleway,572433217,centre-240101.geoparquet,centre-240101.geoparquet,retrouvee,False,0.23978371439077537,False,matched,2,0,1,0,1,True,True,6,3,True,True,False,cycleway_trajectoires_et_acces_a_verifier,True,False,False,False,cycleway,,designated,,asphalt,,,,,,,,evalue,9.0,7.0,4.0,True,0.735549387561629
2024,202400054283,VAE,En agglomération,cycleway,803863516,ile-de-france-240101.geoparquet,ile-de-france-240101.geoparquet,retrouvee,False,0.946875688805737,False,matched,2,0,0,0,1,True,False,2,3,True,True,True,cycleway_trajectoires_et_acces_a_verifier,True,False,False,False,cycleway,,,,,,sidewalk,,,,,Boulevard de l'Amiral Bruix,evalue,9.0,7.0,3.0,True,7.520771326919341
2024,202400000249,EDPM,En agglomération,cycleway,770718617,ile-de-france-240101.geoparquet,ile-de-france-240101.geoparquet,retrouvee,False,0.22987525447873702,False,matched,2,0,1,0,1,True,True,2,3,True,True,False,cycleway_trajectoires_et_acces_a_verifier,True,False,False,False,cycleway,,,no,asphalt,,,,,,,,evalue,6.0,5.0,1.0,True,3.8133087592780024
2024,202400000423,EDPM,Hors agglomération,trunk,4450695,ile-de-france-240101.geoparquet,ile-de-france-240101.geoparquet,retrouvee,False,0.5438784713733982,False,matched,2,0,0,0,0,False,False,1,1,True,False,False,route_hors_agglo_autorisation_locale_a_verifier,False,True,False,False,trunk,,no,,asphalt,,,,,70,yes,Tunnel de Neuilly,evalue,7.0,7.0,1.0,False,32.254853451294835
2024,202400000734,EDPM,En agglomération,cycleway,556790038,ile-de-france-240101.geoparquet,ile-de-france-240101.geoparquet,retrouvee,False,0.5136448475829981,False,matched,2,0,1,0,1,True,True,1,3,True,False,False,cycleway_trajectoires_et_acces_a_verifier,True,False,False,False,cycleway,,,,asphalt,,,,,,yes,,evalue,4.0,3.0,1.0,False,157.0348476821492
2024,202400000940,EDPM,En agglomération,service,439428530,limousin-240101.geoparquet,limousin-240101.geoparquet,retrouvee,False,33.10109397102702,True,matched,1,0,0,0,0,False,False,1,7,True,False,False,pas_de_conclusion_juridique_automatique,False,False,False,True,service,destination,,,,,,,,,,,,,,,False,
2024,202400001069,EDPM,En agglomération,cycleway,682124193,aquitaine-240101.geoparquet,aquitaine-240101.geoparquet,retrouvee,False,0.04562860805203717,False,matched,2,0,1,0,1,True,True,1,3,True,False,False,cycleway_trajectoires_et_acces_a_verifier,True,False,False,False,cycleway,,,,concrete,,,,,,no,,evalue,12.0,8.0,3.0,True,1.6377771554342468
2024,202400001201,EDPM,En agglomération,cycleway,1214337855,ile-de-france-240101.geoparquet,ile-de-france-240101.geoparquet,retrouvee,False,64.6728328331286,True,matched,2,0,0,0,0,False,False,1,1,True,False,True,cycleway_trajectoires_et_acces_a_verifier,False,False,False,True,cycleway,,,,asphalt,good,crossing,,,,,Boulevard de Magenta,,,,,False,
2024,202400001357,EDPM,En agglomération,cycleway,1115538233,ile-de-france-240101.geoparquet,ile-de-france-240101.geoparquet,retrouvee,False,0.3425142435622006,False,matched,2,0,1,0,1,True,True,3,3,True,True,False,cycleway_trajectoires_et_acces_a_verifier,True,False,False,False,cycleway,,,,asphalt,,,,,,yes,,evalue,4.0,4.0,2.0,True,2.042914716963988
2024,202400001420,EDPM,En agglomération,track,978231068,picardie-240101.geoparquet,picardie-240101.geoparquet,retrouvee,False,39.11822105701249,True,matched,1,0,0,0,0,False,False,1,7,True,False,False,pas_de_conclusion_juridique_automatique,False,False,False,True,track,,,,,,,,,,,,,,,,False,
2024,202400001735,EDPM,En agglomération,secondary,103593479,pays-de-la-loire-240101.geoparquet,pays-de-la-loire-240101.geoparquet,retrouvee,False,49.79663510419718,True,matched,2,0,1,0,1,True,True,2,3,True,True,True,pas_de_conclusion_juridique_automatique,False,False,False,True,secondary,yes,yes,,asphalt,,,share_busway,lane,50,yes,Rue Barbier,,,,,False,
2024,202400002664,EDPM,En agglomération,cycleway,294809904,ile-de-france-240101.geoparquet,ile-de-france-240101.geoparquet,retrouvee,False,1.5137698335505168,False,matched,2,0,0,1,1,True,False,2,2,True,True,True,cycleway_trajectoires_et_acces_a_verifier,True,False,False,False,cycleway,,,,asphalt,,sidewalk,,,,no,Boulevard Morland,evalue,9.0,5.0,1.0,True,3.117487096782601
2024,202400002787,EDPM,Hors agglomération,secondary,312265174,lorraine-240101.geoparquet,lorraine-240101.geoparquet,retrouvee,False,3.7673291933687363,False,matched,1,0,0,0,0,False,False,1,7,True,False,False,route_hors_agglo_autorisation_locale_a_verifier,False,True,False,False,secondary,,,,,,,,,,,Route d'Herbaville,evalue,1.0,1.0,1.0,False,28.803297979463963
2024,202400002901,EDPM,Hors agglomération,service,187368241,provence-alpes-cote-d-azur-240101.geoparquet,provence-alpes-cote-d-azur-240101.geoparquet,retrouvee,False,2.5094777890598716,False,matched,1,0,0,0,0,False,False,1,6,True,False,False,route_hors_agglo_autorisation_locale_a_verifier,False,True,False,False,service,,,,,,,,,,,,evalue,1.0,1.0,1.0,True,8.01872792337544
2024,202400003006,EDPM,Hors agglomération,primary,36403858,guyane-240101.geoparquet,guyane-240101.geoparquet,retrouvee,False,2.1466556717855614,False,matched,2,0,1,0,1,True,True,1,2,True,False,False,route_hors_agglo_autorisation_locale_a_verifier,False,True,False,False,primary,,no,,asphalt,excellent,,,,90,yes,,evalue,2.0,2.0,0.0,False,
2024,202400003100,EDPM,Hors agglomération,secondary,27020227,centre-240101.geoparquet,centre-240101.geoparquet,retrouvee,False,0.418761219722498,False,matched,2,0,0,0,1,True,False,1,3,True,False,False,route_hors_agglo_autorisation_locale_a_verifier,False,True,False,False,secondary,,,,asphalt,,,,,,,,evalue,0.0,0.0,0.0,False,
2024,202400003986,EDPM,Hors agglomération,primary,31130718,reunion-240101.geoparquet,reunion-240101.geoparquet,retrouvee,False,7.239336889846412,False,matched,2,0,1,0,1,True,True,1,3,True,False,True,route_hors_agglo_autorisation_locale_a_verifier,False,True,False,False,primary,,,,asphalt,,,,lane,70,yes,Boulevard Jean Jaurès,evalue,5.0,5.0,1.0,False,15.357850706346058
2024,202400004091,EDPM,En agglomération,cycleway,1102321268,bretagne-240101.geoparquet,bretagne-240101.geoparquet,retrouvee,False,3.1468523731134526,False,matched,2,0,1,0,1,True,True,1,3,True,False,False,cycleway_trajectoires_et_acces_a_verifier,True,False,False,False,cycleway,,,,asphalt,intermediate,,,,,yes,,evalue,3.0,3.0,3.0,False,15.504964361905095
2024,202400004142,EDPM,En agglomération,cycleway,39520632,nord-pas-de-calais-240101.geoparquet,nord-pas-de-calais-240101.geoparquet,retrouvee,False,1.1209379639706407,False,matched,2,0,1,0,1,True,True,9,3,True,True,False,cycleway_trajectoires_et_acces_a_verifier,True,False,False,False,cycleway,,designated,,asphalt,,,,,,,,evalue,4.0,4.0,1.0,True,3.9190262847575252
2024,202400004181,EDPM,Hors agglomération,primary,27002993,provence-alpes-cote-d-azur-240101.geoparquet,provence-alpes-cote-d-azur-240101.geoparquet,retrouvee,False,0.6457362243137793,False,matched,2,0,1,0,1,True,True,1,1,True,False,True,route_hors_agglo_autorisation_locale_a_verifier,False,True,False,False,primary,,,,asphalt,,,,lane,80,yes,,evalue,3.0,3.0,2.0,True,8.791485984059275
2024,202400004371,EDPM,Hors agglomération,cycleway,225658469,pays-de-la-loire-240101.geoparquet,pays-de-la-loire-240101.geoparquet,retrouvee,False,0.6654051837194288,False,matched,2,0,1,0,1,True,True,1,3,True,False,False,cycleway_trajectoires_et_acces_a_verifier,True,False,False,False,cycleway,,,,asphalt,,,,,,,Piste Cyclable de la Roche-sur-Yon à Coëx,evalue,1.0,1.0,1.0,True,3.8124175752108242
2024,202400004647,EDPM,En agglomération,cycleway,858670583,pays-de-la-loire-240101.geoparquet,pays-de-la-loire-240101.geoparquet,retrouvee,False,2.6341927896229156,False,matched,2,0,1,0,1,True,True,1,3,True,False,False,cycleway_trajectoires_et_acces_a_verifier,True,False,False,False,cycleway,,,,,,,,,,,,evalue,7.0,7.0,0.0,False,
2024,202400004697,EDPM,Hors agglomération,tertiary,1110908662,rhone-alpes-240101.geoparquet,rhone-alpes-240101.geoparquet,retrouvee,False,0.9104380311343105,False,matched,1,0,0,0,0,False,False,1,7,True,False,False,route_hors_agglo_autorisation_locale_a_verifier,False,True,False,False,tertiary,,,,,,,,,,,,evalue,1.0,0.0,0.0,False,
2024,202400005227,EDPM,Hors agglomération,tertiary,37595136,alsace-240101.geoparquet,alsace-240101.geoparquet,retrouvee,False,2.943308913440712,False,matched,1,0,0,0,0,False,False,1,7,True,False,False,route_hors_agglo_autorisation_locale_a_verifier,False,True,False,False,tertiary,,,,asphalt,,,,,,,Route de Wittelsheim,evalue,2.0,0.0,0.0,False,
2024,202400006034,EDPM,En agglomération,cycleway,115097723,rhone-alpes-240101.geoparquet,rhone-alpes-240101.geoparquet,retrouvee,False,0.7061551520726703,False,matched,2,0,1,0,1,True,True,1,3,True,False,False,cycleway_trajectoires_et_acces_a_verifier,True,False,False,False,cycleway,,designated,no,asphalt,,,,,,yes,,evalue,3.0,3.0,0.0,False,
2024,202400006053,EDPM,Hors agglomération,secondary,4952077,rhone-alpes-240101.geoparquet,rhone-alpes-240101.geoparquet,retrouvee,False,0.7084372650292566,False,matched,2,0,0,0,0,False,False,1,2,True,False,False,route_hors_agglo_autorisation_locale_a_verifier,False,True,False,False,secondary,,,,,,,,,,,Route de Saint-Félicien,evalue,0.0,0.0,0.0,False,
2024,202400006137,EDPM,Hors agglomération,tertiary,293885742,reunion-240101.geoparquet,reunion-240101.geoparquet,retrouvee,False,1.2254332524671536,False,matched,1,0,0,0,0,False,False,1,7,True,False,False,route_hors_agglo_autorisation_locale_a_verifier,False,True,False,False,tertiary,,,,asphalt,,,,,,,Chemin Saint-Bernard,evalue,0.0,0.0,0.0,False,
2024,202400006245,EDPM,Hors agglomération,residential,5412386,pays-de-la-loire-240101.geoparquet,pays-de-la-loire-240101.geoparquet,retrouvee,False,1.1316372110326711,False,matched,2,0,1,0,1,True,True,2,3,True,True,True,route_hors_agglo_autorisation_locale_a_verifier,False,True,False,False,residential,,,,asphalt,,,opposite_lane,,30,yes,Rue Boisnet,evalue,3.0,3.0,2.0,True,2.5363488602370508
2024,202400006467,EDPM,En agglomération,cycleway,1080329710,pays-de-la-loire-240101.geoparquet,pays-de-la-loire-240101.geoparquet,retrouvee,False,2.34175313589683,False,matched,2,0,0,0,1,True,False,6,3,True,True,False,cycleway_trajectoires_et_acces_a_verifier,True,False,False,False,cycleway,,,,asphalt,,,,,,yes,,evalue,7.0,6.0,3.0,True,9.431861834757516
2024,202400006489,EDPM,Hors agglomération,secondary,46869862,picardie-240101.geoparquet,picardie-240101.geoparquet,retrouvee,False,3.399404483714841,False,matched,1,0,0,0,0,False,False,1,6,True,False,False,route_hors_agglo_autorisation_locale_a_verifier,False,True,False,False,secondary,,,,,,,,,70,,Route de Coye,evalue,0.0,0.0,0.0,False,
2024,202400008154,EDPM,En agglomération,cycleway,1114890290,reunion-240101.geoparquet,reunion-240101.geoparquet,retrouvee,False,1.7661513355372422,False,matched,2,0,0,0,1,True,False,1,3,True,False,True,cycleway_trajectoires_et_acces_a_verifier,True,False,False,False,cycleway,,designated,no,asphalt,,crossing,,,,,,evalue,7.0,5.0,4.0,False,10.331128314144323
2024,202400008197,EDPM,Hors agglomération,residential,753633217,aquitaine-240101.geoparquet,aquitaine-240101.geoparquet,retrouvee,False,0.698761156961589,False,matched,2,0,1,0,1,True,True,3,1,True,True,False,route_hors_agglo_autorisation_locale_a_verifier,False,True,False,False,residential,,,,,,,,,,,,evalue,1.0,1.0,1.0,True,2.980483042811981
2024,202400008968,EDPM,En agglomération,cycleway,919669690,rhone-alpes-240101.geoparquet,rhone-alpes-240101.geoparquet,retrouvee,False,1.3468067028639048,False,matched,2,0,1,0,1,True,True,3,3,True,True,False,cycleway_trajectoires_et_acces_a_verifier,True,False,False,False,cycleway,,,,asphalt,excellent,,,,,yes,,evalue,4.0,4.0,1.0,True,4.821873837122281
2024,202400009176,EDPM,Hors agglomération,secondary,454892928,franche-comte-240101.geoparquet,franche-comte-240101.geoparquet,retrouvee,False,14.08821666018165,False,matched,2,0,1,0,1,True,True,1,1,True,False,False,route_hors_agglo_autorisation_locale_a_verifier,False,True,False,False,secondary,,,,asphalt,,,,,80,,Rue des Granges,evalue,0.0,0.0,0.0,False,
2024,202400009286,EDPM,Hors agglomération,primary,30581477,guyane-240101.geoparquet,guyane-240101.geoparquet,retrouvee,False,24.041637322775568,False,matched,2,0,1,0,1,True,True,6,3,True,True,False,route_hors_agglo_autorisation_locale_a_verifier,False,True,False,False,primary,,no,,asphalt,excellent,,,,90,yes,,evalue,0.0,0.0,0.0,False,
2024,202400010152,EDPM,Hors agglomération,tertiary,996371833,limousin-240101.geoparquet,limousin-240101.geoparquet,retrouvee,False,1.1176595519906767,False,matched,2,0,1,0,1,True,True,9,3,True,True,False,route_hors_agglo_autorisation_locale_a_verifier,False,True,False,False,tertiary,,,,asphalt,,,,,,,Route de Ponty,evalue,4.0,4.0,3.0,True,5.103347253815615
2024,202400010514,EDPM,Hors agglomération,primary,684913111,ile-de-france-240101.geoparquet,ile-de-france-240101.geoparquet,retrouvee,False,5.981815979208888,False,matched,2,0,1,0,1,True,True,1,1,True,False,False,route_hors_agglo_autorisation_locale_a_verifier,False,True,False,False,primary,,,,asphalt,,,,,70,yes,Route de Chantereine,evalue,6.0,3.0,1.0,False,13.545512826595663
2024,202400010543,EDPM,En agglomération,cycleway,305061173,ile-de-france-240101.geoparquet,ile-de-france-240101.geoparquet,retrouvee,False,0.6608652042837512,False,matched,2,0,1,0,1,True,True,1,3,True,False,False,cycleway_trajectoires_et_acces_a_verifier,True,False,False,False,cycleway,,,,,,,,,,yes,,evalue,4.0,3.0,0.0,False,
2024,202400010555,EDPM,En agglomération,cycleway,815180319,ile-de-france-240101.geoparquet,ile-de-france-240101.geoparquet,retrouvee,False,1.100269474408731,False,matched,2,0,1,0,1,True,True,3,3,True,True,False,cycleway_trajectoires_et_acces_a_verifier,True,False,False,False,cycleway,,,,asphalt,,,,,,yes,Rue du Général Leclerc,evalue,3.0,2.0,1.0,True,1.740840120724644
2024,202400011187,EDPM,En agglomération,cycleway,756230430,rhone-alpes-240101.geoparquet,rhone-alpes-240101.geoparquet,retrouvee,False,3.3091420451893736,False,matched,2,0,1,0,1,True,True,1,3,True,False,False,cycleway_trajectoires_et_acces_a_verifier,True,False,False,False,cycleway,,,,asphalt,,,,,,,Avenue Victor Hugo,evalue,8.0,8.0,1.0,True,4.916932407499788
2024,202400011189,EDPM,En agglomération,living_street,4262416,rhone-alpes-240101.geoparquet,rhone-alpes-240101.geoparquet,retrouvee,False,31.50101933302167,True,matched,1,0,0,0,0,False,False,7,7,True,True,True,pas_de_conclusion_juridique_automatique,False,False,False,True,living_street,,,,asphalt,,opposite,,,20,yes,Rue Saint-François,,,,,False,
2024,202400011319,EDPM,En agglomération,cycleway,219863346,champagne-ardenne-240101.geoparquet,champagne-ardenne-240101.geoparquet,retrouvee,False,0.5781214402562226,False,matched,2,0,1,0,1,True,True,6,3,True,True,False,cycleway_trajectoires_et_acces_a_verifier,True,False,False,False,cycleway,,,,asphalt,,,,,,no,,evalue,7.0,7.0,1.0,True,3.4891498815007345
2024,202400011742,EDPM,Hors agglomération,secondary,346060548,languedoc-roussillon-240101.geoparquet,languedoc-roussillon-240101.geoparquet,retrouvee,False,0.8126614683829064,False,matched,1,0,0,0,0,False,False,1,7,True,False,False,route_hors_agglo_autorisation_locale_a_verifier,False,True,False,False,secondary,,,,asphalt,,,,,70,,Route d'Alès,evalue,0.0,0.0,0.0,False,
2024,202400011798,EDPM,Hors agglomération,primary,741172241,ile-de-france-240101.geoparquet,ile-de-france-240101.geoparquet,retrouvee,False,1.8455913539717863,False,matched,1,0,0,0,0,False,False,1,7,True,False,True,route_hors_agglo_autorisation_locale_a_verifier,False,True,False,False,primary,,,,asphalt,,lane,,,80,,Route de Poissy,evalue,0.0,0.0,0.0,False,
2024,202400011817,EDPM,En agglomération,cycleway,103877706,ile-de-france-240101.geoparquet,ile-de-france-240101.geoparquet,retrouvee,False,1.8018071124607582,False,matched,2,0,0,0,1,True,False,9,3,True,True,False,cycleway_trajectoires_et_acces_a_verifier,True,False,False,False,cycleway,,,,,,,,,,no,,evalue,1.0,1.0,1.0,False,46.62982980958311
2024,202400012565,EDPM,Hors agglomération,primary,118518880,nord-pas-de-calais-240101.geoparquet,nord-pas-de-calais-240101.geoparquet,retrouvee,False,0.3759574046142378,False,matched,2,0,0,0,1,True,False,1,3,True,False,True,route_hors_agglo_autorisation_locale_a_verifier,False,True,False,False,primary,yes,yes,,asphalt,,lane,,,50,no,Rue de Cassel,evalue,0.0,0.0,0.0,False,
2024,202400012880,EDPM,En agglomération,residential,147599406,guyane-240101.geoparquet,guyane-240101.geoparquet,retrouvee,False,78.22213651222543,True,matched,2,0,1,0,1,True,True,3,3,True,True,False,pas_de_conclusion_juridique_automatique,False,False,False,True,residential,,,,ground,,,,,,,,,,,,False,
2024,202400013455,EDPM,En agglomération,cycleway,208894050,rhone-alpes-240101.geoparquet,rhone-alpes-240101.geoparquet,retrouvee,False,21.9761456772808,False,matched,2,0,1,0,1,True,True,6,1,True,True,False,cycleway_trajectoires_et_acces_a_verifier,True,False,False,False,cycleway,,designated,no,asphalt,,,,,,no,Avenue de Grugliasco,evalue,2.0,2.0,0.0,False,
2024,202400013634,EDPM,En agglomération,cycleway,225996499,languedoc-roussillon-240101.geoparquet,languedoc-roussillon-240101.geoparquet,retrouvee,False,12.283877092280056,False,matched,2,0,1,0,1,True,True,1,2,True,False,False,cycleway_trajectoires_et_acces_a_verifier,True,False,False,False,cycleway,,,,,,,,,,,,evalue,2.0,2.0,0.0,False,
2024,202400014074,EDPM,En agglomération,cycleway,305643625,ile-de-france-240101.geoparquet,ile-de-france-240101.geoparquet,retrouvee,False,2.266057131870277,False,matched,2,0,1,0,1,True,True,1,3,True,False,False,cycleway_trajectoires_et_acces_a_verifier,True,False,False,False,cycleway,,,,,,,,,,yes,,evalue,3.0,2.0,1.0,False,19.36410111316642
2024,202400014120,EDPM,En agglomération,cycleway,655686117,ile-de-france-240101.geoparquet,ile-de-france-240101.geoparquet,retrouvee,False,1.1139561797311268,False,matched,2,0,0,0,1,True,False,3,3,True,True,False,cycleway_trajectoires_et_acces_a_verifier,True,False,False,False,cycleway,,,,,,,,,,no,,evalue,2.0,2.0,2.0,True,1.842924797733796
2024,202400014224,EDPM,Hors agglomération,secondary,31798577,aquitaine-240101.geoparquet,aquitaine-240101.geoparquet,retrouvee,False,3.150297337920294,False,matched,2,0,1,0,1,True,True,6,3,True,True,False,route_hors_agglo_autorisation_locale_a_verifier,False,True,False,False,secondary,,,,asphalt,,,,,50,,Rond-Point du Bachaga Boualem,evalue,15.0,13.0,4.0,True,3.5142083637061146
2024,202400014372,EDPM,Hors agglomération,residential,619367166,picardie-240101.geoparquet,picardie-240101.geoparquet,retrouvee,False,2.899429329561691,False,matched,2,0,1,0,1,True,True,6,3,True,True,False,route_hors_agglo_autorisation_locale_a_verifier,False,True,False,False,residential,,,yes,asphalt,,,,,50,no,Avenue du Colonel Arnaud Beltrame,evalue,7.0,7.0,2.0,True,5.270559917291036
2024,202400014473,EDPM,Hors agglomération,unclassified,211315028,basse-normandie-240101.geoparquet,basse-normandie-240101.geoparquet,retrouvee,False,0.1697773861534937,False,matched,1,1,0,0,0,False,False,1,6,True,False,False,route_hors_agglo_autorisation_locale_a_verifier,False,True,False,False,unclassified,,yes,,asphalt,excellent,,,,,,Pont-passerelle,evalue,1.0,1.0,1.0,False,13.572087193974058
2024,202400014712,EDPM,Hors agglomération,unclassified,326887686,franche-comte-240101.geoparquet,franche-comte-240101.geoparquet,retrouvee,False,0.8450769804790743,False,matched,2,0,1,0,1,True,True,9,3,True,True,False,route_hors_agglo_autorisation_locale_a_verifier,False,True,False,False,unclassified,,,,,,,,,,,Chemin du Château d'Eau,evalue,0.0,0.0,0.0,False,
2024,202400014766,EDPM,En agglomération,cycleway,688751313,ile-de-france-240101.geoparquet,ile-de-france-240101.geoparquet,retrouvee,False,2.068271180081964,False,matched,2,0,1,0,1,True,True,3,1,True,True,True,cycleway_trajectoires_et_acces_a_verifier,True,False,False,False,cycleway,,,,asphalt,,on_street,,,,no,Boulevard de Sébastopol,evalue,2.0,2.0,1.0,True,3.282046817378423
2024,202400015003,EDPM,En agglomération,cycleway,756230430,rhone-alpes-240101.geoparquet,rhone-alpes-240101.geoparquet,retrouvee,False,0.9952613687649643,False,matched,2,0,1,0,1,True,True,9,3,True,True,False,cycleway_trajectoires_et_acces_a_verifier,True,False,False,False,cycleway,,,,asphalt,,,,,,,Avenue Victor Hugo,evalue,6.0,6.0,1.0,True,5.9941570023571025
2024,202400015352,EDPM,En agglomération,residential,875572551,rhone-alpes-240101.geoparquet,rhone-alpes-240101.geoparquet,retrouvee,False,35.18323705981187,True,matched,2,0,1,0,1,True,True,9,3,True,True,False,pas_de_conclusion_juridique_automatique,False,False,False,True,residential,,,,,,,,,,,Rue des Pinsons,,,,,False,
2024,202400015463,EDPM,Hors agglomération,primary,1016970115,provence-alpes-cote-d-azur-240101.geoparquet,provence-alpes-cote-d-azur-240101.geoparquet,retrouvee,False,4.346697305425427,False,matched,2,0,1,0,1,True,True,1,3,True,False,False,route_hors_agglo_autorisation_locale_a_verifier,False,True,False,False,primary,,,,asphalt,,,,,50,,Rond-Point de la Transhumance,evalue,6.0,6.0,4.0,False,17.46557362341056
2024,202400015754,EDPM,En agglomération,cycleway,390886803,limousin-240101.geoparquet,limousin-240101.geoparquet,retrouvee,False,2.1354173721652603,False,matched,2,0,1,0,1,True,True,1,3,True,False,False,cycleway_trajectoires_et_acces_a_verifier,True,False,False,False,cycleway,,designated,,asphalt,,,,,,,,evalue,3.0,3.0,0.0,False,
2024,202400015780,EDPM,En agglomération,cycleway,445633331,nord-pas-de-calais-240101.geoparquet,nord-pas-de-calais-240101.geoparquet,retrouvee,False,4.216477370015052,False,matched,2,0,1,0,1,True,True,6,3,True,True,False,cycleway_trajectoires_et_acces_a_verifier,True,False,False,False,cycleway,,designated,no,,,,,,,yes,,evalue,11.0,10.0,2.0,False,13.022908855456249
2024,202400016292,EDPM,Hors agglomération,primary,191123611,languedoc-roussillon-240101.geoparquet,languedoc-roussillon-240101.geoparquet,retrouvee,False,2.867355854015217,False,matched,2,0,1,0,1,True,True,1,6,True,False,False,route_hors_agglo_autorisation_locale_a_verifier,False,True,False,False,primary,,,,,,,,,90,,,evalue,1.0,0.0,0.0,False,
2024,202400016471,EDPM,En agglomération,cycleway,210348068,bourgogne-240101.geoparquet,bourgogne-240101.geoparquet,retrouvee,False,0.43696223067047013,False,matched,2,0,1,0,1,True,True,9,3,True,True,False,cycleway_trajectoires_et_acces_a_verifier,True,False,False,False,cycleway,,,,asphalt,excellent,,,,,no,,evalue,6.0,4.0,2.0,True,2.7846853441040933
2024,202400016776,EDPM,En agglomération,cycleway,361382079,rhone-alpes-240101.geoparquet,rhone-alpes-240101.geoparquet,retrouvee,False,35.16052107654971,True,matched,1,1,0,0,0,False,False,1,6,True,False,False,cycleway_trajectoires_et_acces_a_verifier,False,False,False,True,cycleway,,,,asphalt,,,,,,,,,,,,False,
2024,202400016781,EDPM,En agglomération,cycleway,96460784,ile-de-france-240101.geoparquet,ile-de-france-240101.geoparquet,retrouvee,False,0.1993262503895852,False,matched,2,0,1,0,1,True,True,6,3,True,True,False,cycleway_trajectoires_et_acces_a_verifier,True,False,False,False,cycleway,,,,asphalt,,,,,,,,evalue,11.0,8.0,1.0,False,21.158293711823767
2024,202400016960,EDPM,Hors agglomération,residential,40348633,provence-alpes-cote-d-azur-240101.geoparquet,provence-alpes-cote-d-azur-240101.geoparquet,retrouvee,False,2.064847101791842,False,matched,2,0,1,0,1,True,True,3,6,True,True,False,route_hors_agglo_autorisation_locale_a_verifier,False,True,False,False,residential,,,,,,,,,,,Chemin du Colombier,evalue,2.0,2.0,2.0,True,3.567533694807296
2024,202400017113,EDPM,Hors agglomération,primary,31131158,reunion-240101.geoparquet,reunion-240101.geoparquet,retrouvee,False,3.7752847465248554,False,matched,1,0,0,0,0,False,False,9,6,True,True,True,route_hors_agglo_autorisation_locale_a_verifier,False,True,False,False,primary,,,,asphalt,,,,lane,70,yes,Boulevard Jean Jaurès,evalue,1.0,1.0,0.0,False,
2024,202400017373,EDPM,Hors agglomération,unclassified,732262488,alsace-240101.geoparquet,alsace-240101.geoparquet,retrouvee,False,2.4122272684643233,False,matched,2,0,0,0,0,False,False,2,1,True,True,False,route_hors_agglo_autorisation_locale_a_verifier,False,True,False,False,unclassified,,,,asphalt,,,,,40,,Schlettsweg,evalue,3.0,0.0,0.0,False,
2024,202400018401,EDPM,Hors agglomération,unclassified,135170724,picardie-240101.geoparquet,picardie-240101.geoparquet,retrouvee,False,60.587384768028734,True,matched,2,0,0,0,0,False,False,1,1,True,False,False,route_hors_agglo_autorisation_locale_a_verifier,False,True,False,True,unclassified,,,,paving_stones,,,,,,,,evalue,0.0,0.0,0.0,False,
2024,202400018715,EDPM,En agglomération,cycleway,680213898,ile-de-france-240101.geoparquet,ile-de-france-240101.geoparquet,retrouvee,False,54.05711598694596,True,matched,1,1,0,0,0,False,False,3,6,True,True,True,cycleway_trajectoires_et_acces_a_verifier,False,False,False,True,cycleway,,,,asphalt,good,on_street,,,,no,Boulevard de Sébastopol,,,,,False,
2024,202400019135,EDPM,Hors agglomération,primary,133908200,nord-pas-de-calais-240101.geoparquet,nord-pas-de-calais-240101.geoparquet,retrouvee,False,3.6167015194586205,False,matched,2,0,1,0,1,True,True,1,6,True,False,False,route_hors_agglo_autorisation_locale_a_verifier,False,True,False,False,primary,,no,,,,,,,70,yes,Route de Valenciennes,evalue,2.0,2.0,1.0,False,12.213268431720797
2024,202400019297,EDPM,Hors agglomération,secondary,106423286,basse-normandie-240101.geoparquet,basse-normandie-240101.geoparquet,retrouvee,False,0.8344099743589943,False,matched,2,0,1,0,1,True,True,9,3,True,True,False,route_hors_agglo_autorisation_locale_a_verifier,False,True,False,False,secondary,,,,asphalt,,,,,,,,evalue,7.0,4.0,4.0,True,8.902577258229906
2024,202400019307,EDPM,Hors agglomération,primary,30149694,guyane-240101.geoparquet,guyane-240101.geoparquet,retrouvee,False,17.851300832202735,False,matched,2,0,1,0,1,True,True,6,3,True,True,False,route_hors_agglo_autorisation_locale_a_verifier,False,True,False,False,primary,,use_sidepath,,asphalt,excellent,,,,70,,Rond-Point Crique Fouillée,evalue,3.0,3.0,3.0,False,23.270357758929425
2024,202400019533,EDPM,Hors agglomération,trunk,106662973,nord-pas-de-calais-240101.geoparquet,nord-pas-de-calais-240101.geoparquet,retrouvee,False,2.2957460779178125,False,matched,2,0,0,0,1,True,False,6,2,True,True,False,route_hors_agglo_autorisation_locale_a_verifier,False,True,False,False,trunk,,yes,,asphalt,,,,,80,,,evalue,6.0,5.0,5.0,True,2.7791547707132076
2024,202400019550,EDPM,En agglomération,cycleway,238713623,rhone-alpes-240101.geoparquet,rhone-alpes-240101.geoparquet,retrouvee,False,0.5725650280140638,False,matched,2,0,1,0,1,True,True,1,3,True,False,False,cycleway_trajectoires_et_acces_a_verifier,True,False,False,False,cycleway,,,,asphalt,,,,,,no,VL1,evalue,8.0,5.0,1.0,True,2.4354126088003882
2024,202400020194,EDPM,En agglomération,cycleway,1188157550,pays-de-la-loire-240101.geoparquet,pays-de-la-loire-240101.geoparquet,retrouvee,False,1.602755172668981,False,matched,2,0,1,0,1,True,True,2,1,True,True,False,cycleway_trajectoires_et_acces_a_verifier,True,False,False,False,cycleway,,,,asphalt,,,,,,yes,,evalue,12.0,8.0,3.0,True,2.38674404023628
2024,202400020231,EDPM,Hors agglomération,primary,24277998,picardie-240101.geoparquet,picardie-240101.geoparquet,retrouvee,False,5.130159482891758,False,matched,1,0,0,0,0,False,False,1,7,True,False,False,route_hors_agglo_autorisation_locale_a_verifier,False,True,False,False,primary,,,,asphalt,,,,,50,yes,Avenue de la Ville Idéale,evalue,2.0,2.0,0.0,False,
2024,202400020270,EDPM,En agglomération,primary,247810014,haute-normandie-240101.geoparquet,haute-normandie-240101.geoparquet,retrouvee,False,36.411944468600495,True,matched,1,2,0,0,0,False,False,1,6,True,False,False,pas_de_conclusion_juridique_automatique,False,False,False,True,primary,,,,asphalt,,,,,50,yes,Place du Général Leclerc,,,,,False,
2024,202400020300,EDPM,En agglomération,residential,94255043,champagne-ardenne-240101.geoparquet,champagne-ardenne-240101.geoparquet,retrouvee,False,94.20169271908485,True,matched,1,0,0,0,0,False,False,1,7,True,False,True,pas_de_conclusion_juridique_automatique,False,False,False,True,residential,,,,asphalt,,,,lane,50,no,Chaussée Bocquaine,,,,,False,
2024,202400020886,EDPM,Hors agglomération,tertiary,100153627,guyane-240101.geoparquet,guyane-240101.geoparquet,retrouvee,False,1.5771750348997462,False,matched,1,0,0,0,0,False,False,1,7,True,False,False,route_hors_agglo_autorisation_locale_a_verifier,False,True,False,False,tertiary,,,,asphalt,,,,,50,,Rue Raoul Tanon de Pélissier,evalue,1.0,1.0,1.0,False,18.967909323316434
2024,202400021115,EDPM,Hors agglomération,secondary,135991409,centre-240101.geoparquet,centre-240101.geoparquet,retrouvee,False,4.601883295202117,False,matched,2,0,0,0,1,True,False,1,2,True,False,False,route_hors_agglo_autorisation_locale_a_verifier,False,True,False,False,secondary,,,,asphalt,,,,,70,no,Route de la Guerche,evalue,0.0,0.0,0.0,False,
2024,202400021151,EDPM,Hors agglomération,secondary,644347261,guyane-240101.geoparquet,guyane-240101.geoparquet,retrouvee,False,0.5518638930044513,False,matched,2,0,1,0,1,True,True,3,3,True,True,False,route_hors_agglo_autorisation_locale_a_verifier,False,True,False,False,secondary,,,,asphalt,,,,,50,,Route d'Attila Cabassou,evalue,2.0,2.0,2.0,True,1.8120877017508947
2024,202400021290,EDPM,En agglomération,cycleway,1107052384,ile-de-france-240101.geoparquet,ile-de-france-240101.geoparquet,retrouvee,False,0.005078342871103021,False,matched,2,0,0,0,1,True,False,1,3,True,False,False,cycleway_trajectoires_et_acces_a_verifier,True,False,False,False,cycleway,,,,,,,,,,,,evalue,4.0,2.0,0.0,False,
2024,202400021333,EDPM,Hors agglomération,tertiary,180806835,auvergne-240101.geoparquet,auvergne-240101.geoparquet,retrouvee,False,0.2711225930187085,False,matched,2,0,1,0,1,True,True,3,1,True,True,False,route_hors_agglo_autorisation_locale_a_verifier,False,True,False,False,tertiary,,,,,,,,,,,,evalue,4.0,4.0,2.0,True,1.1635001610239515
2024,202400021356,EDPM,Hors agglomération,residential,334292080,reunion-240101.geoparquet,reunion-240101.geoparquet,retrouvee,False,3.8454438700101994,False,matched,2,0,1,0,1,True,True,9,3,True,True,False,route_hors_agglo_autorisation_locale_a_verifier,False,True,False,False,residential,,,,asphalt,,,,,,,Rue Joseph Richard,evalue,2.0,2.0,2.0,False,11.900659532957427
2024,202400021558,EDPM,Hors agglomération,secondary,1201078968,alsace-240101.geoparquet,alsace-240101.geoparquet,retrouvee,False,7.197374007040508,False,matched,2,0,1,0,1,True,True,1,2,True,False,False,route_hors_agglo_autorisation_locale_a_verifier,False,True,False,False,secondary,,,,asphalt,,,,,,,Grand'Rue,evalue,1.0,1.0,1.0,False,29.518414299527752
2024,202400021675,EDPM,En agglomération,cycleway,444625481,guyane-240101.geoparquet,guyane-240101.geoparquet,retrouvee,False,3.5348458285676334,False,matched,2,0,1,0,1,True,True,1,3,True,False,False,cycleway_trajectoires_et_acces_a_verifier,True,False,False,False,cycleway,,,,asphalt,,,,,,,,evalue,5.0,5.0,2.0,False,20.61105011584339
2024,202400021727,EDPM,Hors agglomération,secondary,26120913,picardie-240101.geoparquet,picardie-240101.geoparquet,retrouvee,False,5.847889998281851,False,matched,2,0,1,0,1,True,True,1,2,True,False,False,route_hors_agglo_autorisation_locale_a_verifier,False,True,False,False,secondary,,,,asphalt,,,,,,,Route de Saveuse,evalue,0.0,0.0,0.0,False,
2024,202400022846,EDPM,En agglomération,cycleway,806689903,centre-240101.geoparquet,centre-240101.geoparquet,retrouvee,False,1.362183608664589,False,matched,2,0,1,0,1,True,True,1,3,True,False,True,cycleway_trajectoires_et_acces_a_verifier,True,False,False,False,cycleway,,,,,,crossing,,,,,,evalue,12.0,5.0,1.0,True,3.35578223454291
2024,202400023160,EDPM,Hors agglomération,motorway,326728259,ile-de-france-240101.geoparquet,ile-de-france-240101.geoparquet,retrouvee,False,1.5641407765340252,False,matched,3,0,2,0,2,True,True,1,4,True,False,False,route_hors_agglo_autorisation_locale_a_verifier,False,True,False,False,motorway,,,,asphalt,good,,,,110,yes,Autoroute de l’Est,evalue,4.0,3.0,1.0,False,13.009081820716482
2024,202400023461,EDPM,Hors agglomération,secondary,82895018,aquitaine-240101.geoparquet,aquitaine-240101.geoparquet,retrouvee,False,1.6053835648445602,False,matched,2,0,1,0,1,True,True,1,2,True,False,False,route_hors_agglo_autorisation_locale_a_verifier,False,True,False,False,secondary,,,,,,,,,,,,evalue,0.0,0.0,0.0,False,
2024,202400023600,EDPM,Hors agglomération,tertiary,39426889,champagne-ardenne-240101.geoparquet,champagne-ardenne-240101.geoparquet,retrouvee,False,2.411086619685464,False,matched,2,0,0,0,1,True,False,1,3,True,False,False,route_hors_agglo_autorisation_locale_a_verifier,False,True,False,False,tertiary,,,,,,,,,,,Les Marronniers,evalue,0.0,0.0,0.0,False,
2024,202400023620,EDPM,Hors agglomération,tertiary,542444092,bretagne-240101.geoparquet,bretagne-240101.geoparquet,retrouvee,False,4.285796254023848,False,matched,1,0,0,0,0,False,False,1,7,True,False,False,route_hors_agglo_autorisation_locale_a_verifier,False,True,False,False,tertiary,,,,,,,,,,,,evalue,0.0,0.0,0.0,False,
2024,202400023969,EDPM,En agglomération,cycleway,718993389,champagne-ardenne-240101.geoparquet,champagne-ardenne-240101.geoparquet,retrouvee,False,0.8424228186903455,False,matched,2,0,0,0,1,True,False,1,3,True,False,False,cycleway_trajectoires_et_acces_a_verifier,True,False,False,False,cycleway,,,,asphalt,,,,,,,,evalue,14.0,12.0,6.0,True,5.35300800840794
2024,202400024268,EDPM,Hors agglomération,unclassified,117864333,haute-normandie-240101.geoparquet,haute-normandie-240101.geoparquet,retrouvee,False,1.3674085531629248,False,matched,2,0,0,0,1,True,False,2,3,True,True,False,route_hors_agglo_autorisation_locale_a_verifier,False,True,False,False,unclassified,,,,,,,,,,,,evalue,3.0,3.0,3.0,True,2.448899316832191
2024,202400024374,EDPM,Hors agglomération,secondary,484202507,provence-alpes-cote-d-azur-240101.geoparquet,provence-alpes-cote-d-azur-240101.geoparquet,retrouvee,False,0.47958230550557,False,matched,1,0,0,0,0,False,False,1,7,True,False,False,route_hors_agglo_autorisation_locale_a_verifier,False,True,False,False,secondary,,,,asphalt,,,,,,,,evalue,1.0,0.0,0.0,False,
2024,202400024409,EDPM,En agglomération,cycleway,1210776836,haute-normandie-240101.geoparquet,haute-normandie-240101.geoparquet,retrouvee,False,2.6099413332276105,False,matched,2,0,1,0,1,True,True,3,3,True,True,False,cycleway_trajectoires_et_acces_a_verifier,True,False,False,False,cycleway,,,,,,,,,,,,evalue,9.0,5.0,1.0,True,4.020499115468627
2024,202400025059,EDPM,En agglomération,cycleway,382862640,ile-de-france-240101.geoparquet,ile-de-france-240101.geoparquet,retrouvee,False,0.3161601059787236,False,matched,2,0,1,0,1,True,True,3,3,True,True,True,cycleway_trajectoires_et_acces_a_verifier,True,False,False,False,cycleway,,,,asphalt,,on_street,,,,no,Quai de la Gare,evalue,11.0,8.0,1.0,True,4.0761781934681345
2024,202400025475,EDPM,En agglomération,cycleway,1080489783,pays-de-la-loire-240101.geoparquet,pays-de-la-loire-240101.geoparquet,retrouvee,False,0.12212822958348102,False,matched,2,0,1,0,1,True,True,9,3,True,True,False,cycleway_trajectoires_et_acces_a_verifier,True,False,False,False,cycleway,,yes,,asphalt,,,,,,yes,,evalue,8.0,8.0,2.0,True,1.31692866271203
2024,202400025498,EDPM,En agglomération,tertiary,151704151,lorraine-240101.geoparquet,lorraine-240101.geoparquet,retrouvee,False,34.3121744821513,True,matched,1,1,0,0,0,False,False,1,6,True,False,True,pas_de_conclusion_juridique_automatique,False,False,False,True,tertiary,,,,asphalt,good,,no,share_busway,30,yes,Rue Saint-Dizier,,,,,False,
2024,202400025635,EDPM,En agglomération,cycleway,701954534,ile-de-france-240101.geoparquet,ile-de-france-240101.geoparquet,retrouvee,False,2.705447119357846,False,matched,2,0,0,0,1,True,False,3,3,True,True,True,cycleway_trajectoires_et_acces_a_verifier,True,False,False,False,cycleway,,,,asphalt,,crossing,,,,yes,Rue du Temple,evalue,11.0,9.0,3.0,True,8.12932106691062
2024,202400025784,EDPM,En agglomération,cycleway,347594625,champagne-ardenne-240101.geoparquet,champagne-ardenne-240101.geoparquet,retrouvee,False,0.8520831312458073,False,matched,2,0,1,0,1,True,True,2,3,True,True,False,cycleway_trajectoires_et_acces_a_verifier,True,False,False,False,cycleway,,,,,,,,,,,,evalue,4.0,4.0,1.0,True,2.114376560844371
2024,202400025925,EDPM,En agglomération,cycleway,276042101,languedoc-roussillon-240101.geoparquet,languedoc-roussillon-240101.geoparquet,retrouvee,False,2.048555599360053,False,matched,2,0,1,0,1,True,True,2,3,True,True,False,cycleway_trajectoires_et_acces_a_verifier,True,False,False,False,cycleway,,,,,,,,,,no,,evalue,7.0,6.0,2.0,True,4.591079751346656
2024,202400026157,EDPM,En agglomération,cycleway,1180087551,nord-pas-de-calais-240101.geoparquet,nord-pas-de-calais-240101.geoparquet,retrouvee,False,1.8501023557516711,False,matched,2,0,1,0,1,True,True,1,3,True,False,False,cycleway_trajectoires_et_acces_a_verifier,True,False,False,False,cycleway,,designated,,asphalt,,,,,,yes,,evalue,9.0,6.0,2.0,True,2.3098490303521015
2024,202400026175,EDPM,Hors agglomération,service,522572571,martinique-240101.geoparquet,martinique-240101.geoparquet,retrouvee,False,4.232899343425277,False,matched,1,1,0,0,0,False,False,1,6,True,False,False,route_hors_agglo_autorisation_locale_a_verifier,False,True,False,False,service,no,,,,,,,,,,,evalue,5.0,5.0,0.0,False,
2024,202400026210,EDPM,En agglomération,cycleway,38252863,languedoc-roussillon-240101.geoparquet,languedoc-roussillon-240101.geoparquet,retrouvee,False,0.5465467709374,False,matched,2,0,1,0,1,True,True,2,3,True,True,False,cycleway_trajectoires_et_acces_a_verifier,True,False,False,False,cycleway,,designated,,asphalt,,,,,,,Via Tolosana,evalue,5.0,4.0,1.0,True,0.8460450270073281
2024,202400026260,EDPM,Hors agglomération,tertiary,1033570341,bretagne-240101.geoparquet,bretagne-240101.geoparquet,retrouvee,False,1.2671465292344264,False,matched,2,0,1,0,1,True,True,6,3,True,True,False,route_hors_agglo_autorisation_locale_a_verifier,False,True,False,False,tertiary,,,,,,,,,30,yes,Rue de Vern,evalue,9.0,9.0,3.0,True,1.3122801404856674
2024,202400026606,EDPM,En agglomération,cycleway,1190559992,provence-alpes-cote-d-azur-240101.geoparquet,provence-alpes-cote-d-azur-240101.geoparquet,retrouvee,False,0.1344189008781169,False,matched,2,0,1,0,1,True,True,3,1,True,True,False,cycleway_trajectoires_et_acces_a_verifier,True,False,False,False,cycleway,no,designated,,asphalt,,,,,,,,evalue,8.0,8.0,1.0,True,0.8008600472176055
2024,202400026766,EDPM,Hors agglomération,unclassified,56250811,haute-normandie-240101.geoparquet,haute-normandie-240101.geoparquet,retrouvee,False,0.6121212424100203,False,matched,1,0,0,0,0,False,False,1,7,True,False,False,route_hors_agglo_autorisation_locale_a_verifier,False,True,False,False,unclassified,,,,asphalt,,,,,,,,evalue,0.0,0.0,0.0,False,
2024,202400026856,EDPM,En agglomération,residential,49429791,ile-de-france-240101.geoparquet,ile-de-france-240101.geoparquet,retrouvee,False,68.81807200591452,True,matched,1,0,0,0,0,False,False,2,7,True,True,False,pas_de_conclusion_juridique_automatique,False,False,False,True,residential,,,,asphalt,,,,,30,yes,Rue de Palestro,,,,,False,
2024,202400027273,EDPM,En agglomération,cycleway,559237098,guyane-240101.geoparquet,guyane-240101.geoparquet,retrouvee,False,3.6949154825033306,False,matched,2,0,1,0,1,True,True,3,3,True,True,False,cycleway_trajectoires_et_acces_a_verifier,True,False,False,False,cycleway,,,,asphalt,,,,,,yes,,evalue,3.0,3.0,2.0,True,8.456002702166984
2024,202400028302,EDPM,Hors agglomération,unclassified,51185168,provence-alpes-cote-d-azur-240101.geoparquet,provence-alpes-cote-d-azur-240101.geoparquet,retrouvee,False,2.1666963025181287,False,matched,2,0,1,0,1,True,True,2,3,True,True,False,route_hors_agglo_autorisation_locale_a_verifier,False,True,False,False,unclassified,,,,,,,,,,no,Chemin du Cou,evalue,3.0,3.0,2.0,True,2.821619618252776
2024,202400028329,EDPM,En agglomération,cycleway,219556322,ile-de-france-240101.geoparquet,ile-de-france-240101.geoparquet,retrouvee,False,40.666652896225635,True,matched,2,0,0,0,1,True,False,9,3,True,True,False,cycleway_trajectoires_et_acces_a_verifier,True,False,False,True,cycleway,,,,,,,,,,yes,,evalue,0.0,0.0,0.0,False,
2024,202400028413,EDPM,Hors agglomération,residential,22949503,ile-de-france-240101.geoparquet,ile-de-france-240101.geoparquet,retrouvee,False,0.9749276566245945,False,matched,2,0,1,0,1,True,True,6,3,True,True,False,route_hors_agglo_autorisation_locale_a_verifier,False,True,False,False,residential,,,,asphalt,,,,,,,Rue Saint-Just,evalue,14.0,12.0,1.0,True,1.1181278363168932
2024,202400028481,EDPM,En agglomération,primary,34098569,reunion-240101.geoparquet,reunion-240101.geoparquet,retrouvee,False,43.241053932403005,True,matched,2,0,1,0,1,True,True,6,3,True,True,True,pas_de_conclusion_juridique_automatique,False,False,False,True,primary,,,,asphalt,,lane,,,30,,Avenue Tamatave,,,,,False,
2024,202400028633,EDPM,Hors agglomération,primary,23734699,ile-de-france-240101.geoparquet,ile-de-france-240101.geoparquet,retrouvee,False,0.37742852742265687,False,matched,2,0,1,0,1,True,True,1,2,True,False,False,route_hors_agglo_autorisation_locale_a_verifier,False,True,False,False,primary,,,,,,,,,90,yes,,evalue,1.0,1.0,0.0,False,
2024,202400028724,EDPM,Hors agglomération,secondary,1076437544,reunion-240101.geoparquet,reunion-240101.geoparquet,retrouvee,False,1.4589551566899683,False,matched,2,0,1,0,1,True,True,1,2,True,False,False,route_hors_agglo_autorisation_locale_a_verifier,False,True,False,False,secondary,,,,asphalt,,,,,50,,Route de Cilaos,evalue,0.0,0.0,0.0,False,
2024,202400029161,EDPM,En agglomération,cycleway,682083186,aquitaine-240101.geoparquet,aquitaine-240101.geoparquet,retrouvee,False,0.8067241188788707,False,matched,2,0,1,0,1,True,True,1,3,True,False,False,cycleway_trajectoires_et_acces_a_verifier,True,False,False,False,cycleway,,,,concrete,,,,,,yes,,evalue,10.0,8.0,3.0,True,2.8236174109110115
2024,202400029907,EDPM,En agglomération,residential,209977258,haute-normandie-240101.geoparquet,haute-normandie-240101.geoparquet,retrouvee,False,30.100634763755256,True,matched,1,0,0,0,0,False,False,1,7,True,False,True,pas_de_conclusion_juridique_automatique,False,False,False,True,residential,,yes,,asphalt,,,no,lane,,no,Rue Jules Lecesne,,,,,False,
2024,202400030066,EDPM,Hors agglomération,tertiary,1002562319,basse-normandie-240101.geoparquet,basse-normandie-240101.geoparquet,retrouvee,False,1.1277017616649951,False,matched,1,0,0,0,0,False,False,1,6,True,False,False,route_hors_agglo_autorisation_locale_a_verifier,False,True,False,False,tertiary,,,,,,,,,,,,evalue,1.0,1.0,1.0,True,4.15778325882351
2024,202400030926,EDPM,Hors agglomération,residential,34098384,reunion-240101.geoparquet,reunion-240101.geoparquet,retrouvee,False,2.7375386535700517,False,matched,2,0,1,0,1,True,True,2,3,True,True,False,route_hors_agglo_autorisation_locale_a_verifier,False,True,False,False,residential,,,,asphalt,,,,,,,Rue du Luxembourg,evalue,1.0,1.0,1.0,True,8.426691110944924
2024,202400031799,EDPM,Hors agglomération,secondary,85459916,basse-normandie-240101.geoparquet,basse-normandie-240101.geoparquet,retrouvee,False,4.22800248274634,False,matched,2,0,1,0,1,True,True,6,3,True,True,False,route_hors_agglo_autorisation_locale_a_verifier,False,True,False,False,secondary,,,,,,,,,70,,,evalue,2.0,2.0,1.0,True,7.927324746840658
2024,202400031836,EDPM,Hors agglomération,secondary,604855919,lorraine-240101.geoparquet,lorraine-240101.geoparquet,retrouvee,False,0.5271460753039328,False,matched,2,0,0,0,0,False,False,2,3,True,True,False,route_hors_agglo_autorisation_locale_a_verifier,False,True,False,False,secondary,,,,asphalt,good,,,,30,yes,Rue de Mon Désert,evalue,5.0,3.0,3.0,True,1.8683187016981946
2024,202400032366,EDPM,Hors agglomération,tertiary,694373922,nord-pas-de-calais-240101.geoparquet,nord-pas-de-calais-240101.geoparquet,retrouvee,False,2.2793490834848895,False,matched,2,0,0,0,1,True,False,6,3,True,True,False,route_hors_agglo_autorisation_locale_a_verifier,False,True,False,False,tertiary,,,,,,,,,50,yes,Rue Eugène Imbert de la Phalecque,evalue,7.0,5.0,4.0,False,12.55851009213395
2024,202400032885,EDPM,En agglomération,cycleway,545888529,champagne-ardenne-240101.geoparquet,champagne-ardenne-240101.geoparquet,retrouvee,False,0.25919473272151095,False,matched,2,0,1,0,1,True,True,2,3,True,True,False,cycleway_trajectoires_et_acces_a_verifier,True,False,False,False,cycleway,,,,,,,,,,yes,,evalue,6.0,6.0,1.0,True,1.9202140843928392
2024,202400032902,EDPM,En agglomération,cycleway,323041592,ile-de-france-240101.geoparquet,ile-de-france-240101.geoparquet,retrouvee,False,0.28957640212533575,False,matched,2,0,1,0,1,True,True,1,6,True,False,False,cycleway_trajectoires_et_acces_a_verifier,True,False,False,False,cycleway,,,,fine_gravel,intermediate,,,,,,,evalue,5.0,5.0,2.0,True,6.4255927993607065
2024,202400033347,EDPM,Hors agglomération,service,656486807,aquitaine-240101.geoparquet,aquitaine-240101.geoparquet,retrouvee,False,5.925695733610564,False,matched,2,0,1,0,1,True,True,9,3,True,True,False,route_hors_agglo_autorisation_locale_a_verifier,False,True,False,False,service,,,,,,,,,,,,evalue,2.0,2.0,0.0,False,
2024,202400033457,EDPM,En agglomération,service,278509342,ile-de-france-240101.geoparquet,ile-de-france-240101.geoparquet,retrouvee,False,30.199054013715504,True,matched,2,0,0,0,0,False,False,1,1,True,False,False,pas_de_conclusion_juridique_automatique,False,False,False,True,service,private,,,,,,,,,yes,Rue des Écluses,,,,,False,
2024,202400034010,EDPM,Hors agglomération,unclassified,1178210187,poitou-charentes-240101.geoparquet,poitou-charentes-240101.geoparquet,retrouvee,False,1.672570823218304,False,matched,2,0,1,0,1,True,True,2,1,True,True,False,route_hors_agglo_autorisation_locale_a_verifier,False,True,False,False,unclassified,,,,,,,,,,,Route des Ballons,evalue,2.0,2.0,2.0,True,2.8793856072167934
2024,202400034054,EDPM,En agglomération,cycleway,756230430,rhone-alpes-240101.geoparquet,rhone-alpes-240101.geoparquet,retrouvee,False,0.045091796267971045,False,matched,2,0,0,0,1,True,False,2,3,True,True,False,cycleway_trajectoires_et_acces_a_verifier,True,False,False,False,cycleway,,,,asphalt,,,,,,,Avenue Victor Hugo,evalue,5.0,5.0,1.0,True,9.680715435420122
2024,202400034139,EDPM,En agglomération,cycleway,89272695,rhone-alpes-240101.geoparquet,rhone-alpes-240101.geoparquet,retrouvee,False,0.09182596376735375,False,matched,2,0,1,0,1,True,True,1,2,True,False,False,cycleway_trajectoires_et_acces_a_verifier,True,False,False,False,cycleway,,designated,,,,,,,,,,evalue,2.0,2.0,0.0,False,
2024,202400034197,EDPM,En agglomération,cycleway,108519962,pays-de-la-loire-240101.geoparquet,pays-de-la-loire-240101.geoparquet,retrouvee,False,0.6998383411509939,False,matched,2,0,1,0,1,True,True,1,3,True,False,True,cycleway_trajectoires_et_acces_a_verifier,True,False,False,False,cycleway,,,,asphalt,,segregated,,,,,,evalue,5.0,4.0,2.0,True,1.4977085593832662
2024,202400034287,EDPM,Hors agglomération,tertiary,262115603,bretagne-240101.geoparquet,bretagne-240101.geoparquet,retrouvee,False,0.5978568341495748,False,matched,2,0,1,0,1,True,True,1,3,True,False,False,route_hors_agglo_autorisation_locale_a_verifier,False,True,False,False,tertiary,,,,asphalt,,,,,,,Rue de Verdun,evalue,5.0,5.0,2.0,True,3.825294381082981
2024,202400034402,EDPM,Hors agglomération,tertiary,719295188,alsace-240101.geoparquet,alsace-240101.geoparquet,retrouvee,False,1.876335640444086,False,matched,2,0,0,0,1,True,False,3,3,True,True,False,route_hors_agglo_autorisation_locale_a_verifier,False,True,False,False,tertiary,,,,,,,,,,,Rue du Château d'Eau,evalue,3.0,1.0,1.0,True,4.576085410247517
2024,202400034548,EDPM,En agglomération,cycleway,985192111,lorraine-240101.geoparquet,lorraine-240101.geoparquet,retrouvee,False,1.9261196313304396,False,matched,2,0,1,0,1,True,True,3,3,True,True,False,cycleway_trajectoires_et_acces_a_verifier,True,False,False,False,cycleway,,,,asphalt,good,,,,,no,,evalue,4.0,4.0,1.0,True,3.0215155638162083
2024,202400034614,EDPM,En agglomération,cycleway,871616309,ile-de-france-240101.geoparquet,ile-de-france-240101.geoparquet,retrouvee,False,1.634369457786506,False,matched,2,0,0,0,1,True,False,3,3,True,True,True,cycleway_trajectoires_et_acces_a_verifier,True,False,False,False,cycleway,,,,asphalt,good,on_street,,,,yes,Boulevard de la Chapelle,evalue,21.0,14.0,5.0,True,2.6682520172452238
2024,202400035010,EDPM,Hors agglomération,cycleway,469966217,ile-de-france-240101.geoparquet,ile-de-france-240101.geoparquet,retrouvee,False,1.8158608555673577,False,matched,2,0,1,0,1,True,True,1,1,True,False,False,cycleway_trajectoires_et_acces_a_verifier,True,False,False,False,cycleway,,,,asphalt,,,,,,,,evalue,2.0,2.0,1.0,True,4.361894249897174
2024,202400035105,EDPM,En agglomération,cycleway,741686658,reunion-240101.geoparquet,reunion-240101.geoparquet,retrouvee,False,0.4243769142621111,False,matched,2,0,1,0,1,True,True,9,3,True,True,False,cycleway_trajectoires_et_acces_a_verifier,True,False,False,False,cycleway,,yes,,asphalt,,,,,,yes,,evalue,2.0,2.0,1.0,False,193.42679342063354
2024,202400036078,EDPM,Hors agglomération,primary,298855940,rhone-alpes-240101.geoparquet,rhone-alpes-240101.geoparquet,retrouvee,False,0.37108847597547717,False,matched,2,0,0,0,1,True,False,1,2,True,False,False,route_hors_agglo_autorisation_locale_a_verifier,False,True,False,False,primary,,,,asphalt,,,,,90,,Avenue du Vercors,evalue,3.0,3.0,3.0,True,1.6003091907895937
2024,202400036089,EDPM,Hors agglomération,track,57768980,picardie-240101.geoparquet,picardie-240101.geoparquet,retrouvee,False,32.50026979778262,True,matched,1,0,0,0,0,False,False,1,7,True,False,False,route_hors_agglo_autorisation_locale_a_verifier,False,True,False,True,track,,,,,,,,,,,,evalue,0.0,0.0,0.0,False,
2024,202400036172,EDPM,Hors agglomération,primary,5118966,languedoc-roussillon-240101.geoparquet,languedoc-roussillon-240101.geoparquet,retrouvee,False,1.0457464190213968,False,matched,2,0,0,0,1,True,False,1,3,True,False,False,route_hors_agglo_autorisation_locale_a_verifier,False,True,False,False,primary,,,,asphalt,,,,,90,yes,Rocade Sud,evalue,1.0,1.0,0.0,False,
2024,202400036364,EDPM,Hors agglomération,tertiary,34116457,centre-240101.geoparquet,centre-240101.geoparquet,retrouvee,False,11.429413853244958,False,matched,2,0,1,0,1,True,True,1,1,True,False,False,route_hors_agglo_autorisation_locale_a_verifier,False,True,False,False,tertiary,,,,,,,,,,,,evalue,3.0,2.0,2.0,False,20.341077559296377
2024,202400036417,EDPM,En agglomération,residential,56066684,ile-de-france-240101.geoparquet,ile-de-france-240101.geoparquet,retrouvee,False,38.96538115897762,True,matched,1,1,0,0,0,False,False,1,6,True,False,True,pas_de_conclusion_juridique_automatique,False,False,False,True,residential,,,,asphalt,,opposite,,,30,yes,Rue Alfred Fouillée,,,,,False,
2024,202400037020,EDPM,En agglomération,cycleway,1103755027,pays-de-la-loire-240101.geoparquet,pays-de-la-loire-240101.geoparquet,retrouvee,False,0.6045039517529806,False,matched,2,0,1,0,1,True,True,2,3,True,True,False,cycleway_trajectoires_et_acces_a_verifier,True,False,False,False,cycleway,,yes,,asphalt,intermediate,,,,,yes,Rue de Lorraine,evalue,6.0,5.0,1.0,True,1.277820477952524
2024,202400037597,EDPM,Hors agglomération,unclassified,229746979,ile-de-france-240101.geoparquet,ile-de-france-240101.geoparquet,retrouvee,False,0.1489571208569408,False,matched,1,0,0,0,0,False,False,1,7,True,False,False,route_hors_agglo_autorisation_locale_a_verifier,False,True,False,False,unclassified,,,,asphalt,,,,,30,yes,Route du Pavé de Meudon,evalue,3.0,0.0,0.0,False,
2024,202400037681,EDPM,En agglomération,cycleway,757324197,champagne-ardenne-240101.geoparquet,champagne-ardenne-240101.geoparquet,retrouvee,False,2.1719717453918608,False,matched,2,0,1,0,1,True,True,9,3,True,True,False,cycleway_trajectoires_et_acces_a_verifier,True,False,False,False,cycleway,,,,,,,,,,yes,,evalue,3.0,2.0,0.0,False,
2024,202400037856,EDPM,Hors agglomération,secondary,27921289,rhone-alpes-240101.geoparquet,rhone-alpes-240101.geoparquet,retrouvee,False,5.325321796833031,False,matched,2,0,1,0,1,True,True,1,3,True,False,False,route_hors_agglo_autorisation_locale_a_verifier,False,True,False,False,secondary,,,,asphalt,,,,,,yes,,evalue,3.0,3.0,3.0,True,9.549067231784274
2024,202400038170,EDPM,Hors agglomération,primary,373775744,rhone-alpes-240101.geoparquet,rhone-alpes-240101.geoparquet,retrouvee,False,0.9221594286538184,False,matched,2,0,0,0,1,True,False,1,3,True,False,True,route_hors_agglo_autorisation_locale_a_verifier,False,True,False,False,primary,,yes,,asphalt,excellent,,lane,lane,70,no,Route de Vizille,evalue,1.0,1.0,1.0,False,46.14549610180642
2024,202400038557,EDPM,Hors agglomération,motorway,434416233,rhone-alpes-240101.geoparquet,rhone-alpes-240101.geoparquet,retrouvee,False,1.7065764656857125,False,matched,2,0,0,0,1,True,False,1,2,True,False,False,route_hors_agglo_autorisation_locale_a_verifier,False,True,False,False,motorway,,,,asphalt,,,,,70,yes,,evalue,2.0,1.0,0.0,False,
2024,202400038606,EDPM,Hors agglomération,track,287674450,midi-pyrenees-240101.geoparquet,midi-pyrenees-240101.geoparquet,retrouvee,False,4.190030667606751,False,matched,1,0,0,0,0,False,False,1,7,True,False,False,route_hors_agglo_autorisation_locale_a_verifier,False,True,False,False,track,,yes,,ground,,,,,,,Promenade Michel Combe,evalue,0.0,0.0,0.0,False,
2024,202400038826,EDPM,En agglomération,cycleway,1016241420,bretagne-240101.geoparquet,bretagne-240101.geoparquet,retrouvee,False,3.810778173672022,False,matched,2,0,1,0,1,True,True,1,3,True,False,False,cycleway_trajectoires_et_acces_a_verifier,True,False,False,False,cycleway,,,,asphalt,,,,,,,,evalue,7.0,7.0,2.0,False,27.743899532489174
2024,202400039516,EDPM,En agglomération,cycleway,227150508,ile-de-france-240101.geoparquet,ile-de-france-240101.geoparquet,retrouvee,False,0.7902007234080878,False,matched,2,0,1,0,1,True,True,3,3,True,True,True,cycleway_trajectoires_et_acces_a_verifier,True,False,False,False,cycleway,,,,asphalt,good,sidewalk,,,,yes,Boulevard de Magenta,evalue,5.0,4.0,2.0,True,6.525888861587705
2024,202400039633,EDPM,En agglomération,cycleway,741686659,reunion-240101.geoparquet,reunion-240101.geoparquet,retrouvee,False,1.8298212022714622,False,matched,2,0,1,0,1,True,True,9,3,True,True,False,cycleway_trajectoires_et_acces_a_verifier,True,False,False,False,cycleway,,yes,,asphalt,,,,,,yes,,evalue,3.0,2.0,0.0,False,
2024,202400039644,EDPM,Hors agglomération,primary,337081440,rhone-alpes-240101.geoparquet,rhone-alpes-240101.geoparquet,retrouvee,False,0.21475628476512587,False,matched,2,0,1,0,1,True,True,1,2,True,False,False,route_hors_agglo_autorisation_locale_a_verifier,False,True,False,False,primary,,,,,,,,,,,Route de Saint-Marcellin,evalue,0.0,0.0,0.0,False,
2024,202400039724,EDPM,Hors agglomération,primary,594671029,aquitaine-240101.geoparquet,aquitaine-240101.geoparquet,retrouvee,False,1.4469486158505829,False,matched,2,0,1,0,1,True,True,1,2,True,False,False,route_hors_agglo_autorisation_locale_a_verifier,False,True,False,False,primary,,,,asphalt,,,,,80,,Route de Lacanau,evalue,0.0,0.0,0.0,False,
2024,202400040264,EDPM,En agglomération,residential,239596804,ile-de-france-240101.geoparquet,ile-de-france-240101.geoparquet,retrouvee,False,44.87776547711894,True,matched,1,1,0,0,0,False,False,1,6,True,False,False,pas_de_conclusion_juridique_automatique,False,False,False,True,residential,,,,asphalt,,,,,30,,Rue de l'Évangile,,,,,False,
2024,202400040309,EDPM,Hors agglomération,secondary,270406792,ile-de-france-240101.geoparquet,ile-de-france-240101.geoparquet,retrouvee,False,0.49959874115678454,False,matched,1,1,0,0,0,False,False,1,6,True,False,True,route_hors_agglo_autorisation_locale_a_verifier,False,True,False,False,secondary,,,,asphalt,,,,lane,,,Boulevard Gallieni,evalue,5.0,3.0,3.0,False,13.315015746790502
2024,202400040654,EDPM,Hors agglomération,primary,152673309,nord-pas-de-calais-240101.geoparquet,nord-pas-de-calais-240101.geoparquet,retrouvee,False,2.916551406415961,False,matched,2,0,1,0,1,True,True,1,2,True,False,True,route_hors_agglo_autorisation_locale_a_verifier,False,True,False,False,primary,,,,asphalt,,lane,,,,,Rue du Général de Gaulle,evalue,1.0,1.0,0.0,False,
2024,202400040740,EDPM,Hors agglomération,secondary,491354866,bretagne-240101.geoparquet,bretagne-240101.geoparquet,retrouvee,False,4.8052195307044485,False,matched,2,0,1,0,1,True,True,1,3,True,False,False,route_hors_agglo_autorisation_locale_a_verifier,False,True,False,False,secondary,,,,,,,,,,,,evalue,0.0,0.0,0.0,False,
2024,202400041191,EDPM,Hors agglomération,primary,436366906,champagne-ardenne-240101.geoparquet,champagne-ardenne-240101.geoparquet,retrouvee,False,0.15943842649795054,False,matched,2,0,1,0,1,True,True,1,3,True,False,False,route_hors_agglo_autorisation_locale_a_verifier,False,True,False,False,primary,,,,asphalt,,,,,70,yes,Route de Chatillon,evalue,3.0,3.0,0.0,False,
2024,202400041657,EDPM,Hors agglomération,tertiary,1196518648,bretagne-240101.geoparquet,bretagne-240101.geoparquet,retrouvee,False,7.969574281984627,False,matched,1,0,0,0,0,False,False,1,7,True,False,False,route_hors_agglo_autorisation_locale_a_verifier,False,True,False,False,tertiary,,,,asphalt,,,,,70,,Rue du Petit Train,evalue,0.0,0.0,0.0,False,
2024,202400043294,EDPM,Hors agglomération,service,1107694937,basse-normandie-240101.geoparquet,basse-normandie-240101.geoparquet,retrouvee,False,0.8024201461846255,False,matched,2,0,1,0,1,True,True,9,3,True,True,False,route_hors_agglo_autorisation_locale_a_verifier,False,True,False,False,service,,,,,,,,,,,,evalue,2.0,2.0,1.0,True,3.4054534043023548
2024,202400043882,EDPM,Hors agglomération,unclassified,47380868,pays-de-la-loire-240101.geoparquet,pays-de-la-loire-240101.geoparquet,retrouvee,False,4.076621640370431,False,matched,1,0,0,0,0,False,False,1,7,True,False,False,route_hors_agglo_autorisation_locale_a_verifier,False,True,False,False,unclassified,,,,,,,,,,,,evalue,0.0,0.0,0.0,False,
2024,202400044179,EDPM,Hors agglomération,primary,606515860,guyane-240101.geoparquet,guyane-240101.geoparquet,retrouvee,False,1.4263858628358677,False,matched,2,0,1,0,1,True,True,3,3,True,True,True,route_hors_agglo_autorisation_locale_a_verifier,False,True,False,False,primary,,,,asphalt,good,,,no,70,yes,La Matourienne,evalue,4.0,4.0,3.0,True,3.972605607334096
2024,202400044297,EDPM,Hors agglomération,secondary,761278504,corse-240101.geoparquet,corse-240101.geoparquet,retrouvee,False,1.3753439738990683,False,matched,1,0,0,0,0,False,False,1,7,True,False,False,route_hors_agglo_autorisation_locale_a_verifier,False,True,False,False,secondary,,,,asphalt,,,,,,,,evalue,0.0,0.0,0.0,False,
2024,202400044341,EDPM,Hors agglomération,primary,211778011,picardie-240101.geoparquet,picardie-240101.geoparquet,retrouvee,False,3.154287027144204,False,matched,2,0,1,0,1,True,True,1,3,True,False,False,route_hors_agglo_autorisation_locale_a_verifier,False,True,False,False,primary,,,,asphalt,,,,,50,yes,,evalue,11.0,11.0,6.0,True,9.100199426590097
2024,202400044660,EDPM,En agglomération,cycleway,914237380,champagne-ardenne-240101.geoparquet,champagne-ardenne-240101.geoparquet,retrouvee,False,0.3587256995600422,False,matched,2,0,1,0,1,True,True,6,3,True,True,False,cycleway_trajectoires_et_acces_a_verifier,True,False,False,False,cycleway,,,,,,,,,,,,evalue,15.0,10.0,3.0,True,1.0501661911262519
2024,202400044885,EDPM,Hors agglomération,secondary,28833758,polynesie-francaise-240101.geoparquet,polynesie-francaise-240101.geoparquet,retrouvee,False,3.7105485673897087,False,matched,2,0,1,0,1,True,True,1,2,True,False,False,route_hors_agglo_autorisation_locale_a_verifier,False,True,False,False,secondary,,,,paved,,,,,,no,Route de Heiri,evalue,0.0,0.0,0.0,False,
2024,202400045089,EDPM,Hors agglomération,service,136351017,haute-normandie-240101.geoparquet,haute-normandie-240101.geoparquet,retrouvee,False,1.7685265670784163,False,matched,2,0,1,0,1,True,True,1,3,True,False,False,route_hors_agglo_autorisation_locale_a_verifier,False,True,False,False,service,,,,,,,,,,,,evalue,8.0,4.0,2.0,True,5.1093997947395735
2024,202400045395,EDPM,Hors agglomération,secondary,509342362,provence-alpes-cote-d-azur-240101.geoparquet,provence-alpes-cote-d-azur-240101.geoparquet,retrouvee,False,0.3800333936902062,False,matched,2,0,1,0,1,True,True,6,3,True,True,True,route_hors_agglo_autorisation_locale_a_verifier,False,True,False,False,secondary,,yes,,asphalt,,no,,,,,Carrefour Albert Caquot,evalue,5.0,5.0,4.0,True,6.501391541196525
2024,202400045445,EDPM,En agglomération,cycleway,1187019853,languedoc-roussillon-240101.geoparquet,languedoc-roussillon-240101.geoparquet,retrouvee,False,3.341621588285025,False,matched,2,0,1,0,1,True,True,2,1,True,True,False,cycleway_trajectoires_et_acces_a_verifier,True,False,False,False,cycleway,,,,asphalt,,,,,,,,evalue,6.0,5.0,1.0,False,18.13762056194835
2024,202400045606,EDPM,Hors agglomération,residential,190910684,ile-de-france-240101.geoparquet,ile-de-france-240101.geoparquet,retrouvee,False,0.5226020479268391,False,matched,1,1,0,0,0,False,False,3,6,True,True,False,route_hors_agglo_autorisation_locale_a_verifier,False,True,False,False,residential,,,,asphalt,,,,,,yes,Rue Jean Jaurès,evalue,3.0,3.0,3.0,True,0.7417841746162631
2024,202400047326,EDPM,Hors agglomération,trunk,27261667,guadeloupe-240101.geoparquet,guadeloupe-240101.geoparquet,retrouvee,False,8.965956873154886,False,matched,2,0,1,0,1,True,True,1,1,True,False,False,route_hors_agglo_autorisation_locale_a_verifier,False,True,False,False,trunk,,,,asphalt,,,,,90,yes,Rocade de Pointe-à-Pitre,evalue,1.0,1.0,0.0,False,
2024,202400047608,EDPM,En agglomération,cycleway,131722677,alsace-240101.geoparquet,alsace-240101.geoparquet,retrouvee,False,0.5079912747541452,False,matched,2,0,1,0,1,True,True,6,3,True,True,False,cycleway_trajectoires_et_acces_a_verifier,True,False,False,False,cycleway,,designated,,asphalt,,,,,,,,evalue,18.0,16.0,4.0,True,2.556702857442359
2024,202400047807,EDPM,En agglomération,cycleway,294799042,ile-de-france-240101.geoparquet,ile-de-france-240101.geoparquet,retrouvee,False,0.646384305764336,False,matched,2,0,1,0,1,True,True,3,3,True,True,True,cycleway_trajectoires_et_acces_a_verifier,True,False,False,False,cycleway,,,,asphalt,good,sidewalk,,,,no,Quai de la Rapée,evalue,12.0,7.0,1.0,True,2.0660526845134073
2024,202400047868,EDPM,Hors agglomération,secondary,1124210020,provence-alpes-cote-d-azur-240101.geoparquet,provence-alpes-cote-d-azur-240101.geoparquet,retrouvee,False,3.751830750208797,False,matched,2,0,1,0,1,True,True,3,3,True,True,False,route_hors_agglo_autorisation_locale_a_verifier,False,True,False,False,secondary,,,,asphalt,,,,,,,Chemin Long,evalue,3.0,3.0,2.0,False,11.461075276742013
2024,202400048037,EDPM,Hors agglomération,unclassified,247886413,bourgogne-240101.geoparquet,bourgogne-240101.geoparquet,retrouvee,False,0.8669389699075939,False,matched,1,0,0,0,0,False,False,1,7,True,False,False,route_hors_agglo_autorisation_locale_a_verifier,False,True,False,False,unclassified,,,,,,,,,,,,evalue,4.0,1.0,1.0,False,18.761432507266605
2024,202400048064,EDPM,Hors agglomération,primary,23981421,pays-de-la-loire-240101.geoparquet,pays-de-la-loire-240101.geoparquet,retrouvee,False,0.029141841586563334,False,matched,2,0,0,0,1,True,False,6,3,True,True,False,route_hors_agglo_autorisation_locale_a_verifier,False,True,False,False,primary,,,,,,,,,,,,evalue,5.0,5.0,3.0,True,6.3916972271148325
2024,202400048150,EDPM,En agglomération,cycleway,696033967,ile-de-france-240101.geoparquet,ile-de-france-240101.geoparquet,retrouvee,False,11.30782246555636,False,matched,2,0,1,0,1,True,True,1,1,True,False,False,cycleway_trajectoires_et_acces_a_verifier,True,False,False,False,cycleway,,,,asphalt,,,,,,,,evalue,2.0,2.0,0.0,False,
2024,202400048216,EDPM,En agglomération,cycleway,1210788961,haute-normandie-240101.geoparquet,haute-normandie-240101.geoparquet,retrouvee,False,1.6267779801048574,False,matched,2,0,1,0,1,True,True,2,3,True,True,False,cycleway_trajectoires_et_acces_a_verifier,True,False,False,False,cycleway,,,,,,,,,,yes,,evalue,11.0,9.0,1.0,False,10.92113769150841
2024,202400048352,EDPM,Hors agglomération,primary,30149524,guyane-240101.geoparquet,guyane-240101.geoparquet,retrouvee,False,1.3009321790851591,False,matched,2,0,0,0,1,True,False,6,3,True,True,False,route_hors_agglo_autorisation_locale_a_verifier,False,True,False,False,primary,,,,asphalt,good,,,,80,,Giratoire Maringouin,evalue,2.0,2.0,2.0,True,9.827071248231556
2024,202400048422,EDPM,Hors agglomération,unclassified,261917021,bretagne-240101.geoparquet,bretagne-240101.geoparquet,retrouvee,False,4.244472794792748,False,matched,2,0,1,0,1,True,True,1,3,True,False,False,route_hors_agglo_autorisation_locale_a_verifier,False,True,False,False,unclassified,,,,,,,,,,,,evalue,4.0,4.0,3.0,True,6.735061515941601
2024,202400049177,EDPM,Hors agglomération,secondary,124884318,basse-normandie-240101.geoparquet,basse-normandie-240101.geoparquet,retrouvee,False,0.7629048801227877,False,matched,2,0,1,0,1,True,True,3,1,True,True,False,route_hors_agglo_autorisation_locale_a_verifier,False,True,False,False,secondary,,,,asphalt,,,,,80,,,evalue,1.0,1.0,1.0,True,2.190180358160957
2024,202400049309,EDPM,En agglomération,cycleway,481882617,rhone-alpes-240101.geoparquet,rhone-alpes-240101.geoparquet,retrouvee,False,1.3083067447249495,False,matched,2,0,1,0,1,True,True,1,3,True,False,False,cycleway_trajectoires_et_acces_a_verifier,True,False,False,False,cycleway,,designated,no,asphalt,good,,,,,yes,,evalue,7.0,6.0,1.0,True,1.9836698139547964
2024,202400049469,EDPM,En agglomération,secondary,168298348,ile-de-france-240101.geoparquet,ile-de-france-240101.geoparquet,retrouvee,False,44.556124342219796,True,matched,1,0,0,0,0,False,False,9,6,True,True,False,pas_de_conclusion_juridique_automatique,False,False,False,True,secondary,,,,asphalt,,,,,70,,,,,,,False,
2024,202400049497,EDPM,Hors agglomération,unclassified,815701095,bretagne-240101.geoparquet,bretagne-240101.geoparquet,retrouvee,False,2.155639536042876,False,matched,2,0,1,0,1,True,True,1,1,True,False,True,route_hors_agglo_autorisation_locale_a_verifier,False,True,False,False,unclassified,,,,,,lane,,,,,,evalue,3.0,3.0,2.0,False,11.667745672993059
2024,202400049507,EDPM,Hors agglomération,unclassified,41811597,pays-de-la-loire-240101.geoparquet,pays-de-la-loire-240101.geoparquet,retrouvee,False,2.1553203155856706,False,matched,2,0,1,0,1,True,True,9,3,True,True,False,route_hors_agglo_autorisation_locale_a_verifier,False,True,False,False,unclassified,,,,,,,,,,,Route de la Belle Étoile,evalue,0.0,0.0,0.0,False,
2024,202400049561,EDPM,Hors agglomération,secondary,1186895471,languedoc-roussillon-240101.geoparquet,languedoc-roussillon-240101.geoparquet,retrouvee,False,2.130217455331361,False,matched,2,0,1,0,1,True,True,1,3,True,False,False,route_hors_agglo_autorisation_locale_a_verifier,False,True,False,False,secondary,,,,asphalt,,,,,,,Route de Montpellier,evalue,1.0,1.0,1.0,False,28.111603032558616
2024,202400050093,EDPM,Hors agglomération,residential,24671918,polynesie-francaise-240101.geoparquet,polynesie-francaise-240101.geoparquet,retrouvee,False,2.1635359599166395,False,matched,2,0,1,0,1,True,True,1,1,True,False,False,route_hors_agglo_autorisation_locale_a_verifier,False,True,False,False,residential,,,,paved,,,,,,,Rue Philippe Bernadino,evalue,0.0,0.0,0.0,False,
2024,202400050212,EDPM,Hors agglomération,primary,160527116,rhone-alpes-240101.geoparquet,rhone-alpes-240101.geoparquet,retrouvee,False,4.833718047459848,False,matched,3,0,2,0,2,True,True,1,5,True,False,True,route_hors_agglo_autorisation_locale_a_verifier,False,True,False,False,primary,,,,asphalt,,shoulder,,,,,Route de Valence,evalue,1.0,1.0,1.0,False,19.202237518330097
2024,202400050228,EDPM,Hors agglomération,tertiary,490118048,provence-alpes-cote-d-azur-240101.geoparquet,provence-alpes-cote-d-azur-240101.geoparquet,retrouvee,False,0.34417306502908407,False,matched,1,0,0,0,0,False,False,1,7,True,False,True,route_hors_agglo_autorisation_locale_a_verifier,False,True,False,False,tertiary,,,,asphalt,good,lane,,,50,no,Avenue du Colonel Noël,evalue,6.0,6.0,1.0,False,147.46814383806836
2024,202400050712,EDPM,En agglomération,service,169313422,auvergne-240101.geoparquet,auvergne-240101.geoparquet,retrouvee,False,31.88126885642214,True,matched,1,1,0,0,0,False,False,1,6,True,False,False,pas_de_conclusion_juridique_automatique,False,False,False,True,service,destination,,,,,,,,30,,,,,,,False,
2024,202400050963,EDPM,Hors agglomération,primary,36955028,reunion-240101.geoparquet,reunion-240101.geoparquet,retrouvee,False,1.5783027201382804,False,matched,2,0,1,0,1,True,True,1,3,True,False,False,route_hors_agglo_autorisation_locale_a_verifier,False,True,False,False,primary,,,,asphalt,,,,,30,yes,Route du Cœur Saignant,evalue,2.0,1.0,0.0,False,
2024,202400050971,EDPM,En agglomération,cycleway,51110034,ile-de-france-240101.geoparquet,ile-de-france-240101.geoparquet,retrouvee,False,0.24852738025529234,False,matched,2,0,1,0,1,True,True,2,3,True,True,True,cycleway_trajectoires_et_acces_a_verifier,True,False,False,False,cycleway,,,,asphalt,good,sidewalk,,,,yes,Boulevard de Magenta,evalue,16.0,12.0,3.0,True,0.9228896783992989
2024,202400051109,EDPM,En agglomération,cycleway,744948856,rhone-alpes-240101.geoparquet,rhone-alpes-240101.geoparquet,retrouvee,False,0.9678342048056809,False,matched,2,0,0,0,1,True,False,1,2,True,False,False,cycleway_trajectoires_et_acces_a_verifier,True,False,False,False,cycleway,,,,asphalt,,,,,,,Avenue de la Commune de Paris,evalue,3.0,3.0,0.0,False,
2024,202400051296,EDPM,Hors agglomération,residential,356109628,bourgogne-240101.geoparquet,bourgogne-240101.geoparquet,retrouvee,False,0.4257273440507002,False,matched,1,0,0,0,0,False,False,1,7,True,False,False,route_hors_agglo_autorisation_locale_a_verifier,False,True,False,False,residential,,,,,,,,,,,,evalue,1.0,0.0,0.0,False,
2024,202400051333,EDPM,En agglomération,residential,26751158,picardie-240101.geoparquet,picardie-240101.geoparquet,retrouvee,False,39.202003727827794,True,matched,2,0,1,0,1,True,True,1,3,True,False,True,pas_de_conclusion_juridique_automatique,False,False,False,True,residential,,,,asphalt,,,opposite,,30,yes,Rue Albert Catoire,,,,,False,
2024,202400051344,EDPM,En agglomération,cycleway,820896112,aquitaine-240101.geoparquet,aquitaine-240101.geoparquet,retrouvee,False,0.5789831978761428,False,matched,2,0,1,0,1,True,True,2,3,True,True,False,cycleway_trajectoires_et_acces_a_verifier,True,False,False,False,cycleway,,,,,,,,,,,,evalue,3.0,3.0,2.0,True,2.0686982619983265
2024,202400051377,EDPM,Hors agglomération,unclassified,132643253,reunion-240101.geoparquet,reunion-240101.geoparquet,retrouvee,False,31.228929904459843,True,matched,2,0,1,0,1,True,True,1,3,True,False,False,route_hors_agglo_autorisation_locale_a_verifier,False,True,False,True,unclassified,,,,,,,,,,,Chemin Cachalot,evalue,0.0,0.0,0.0,False,
2024,202400051459,EDPM,En agglomération,secondary,30982173,languedoc-roussillon-240101.geoparquet,languedoc-roussillon-240101.geoparquet,retrouvee,False,30.970103366486658,True,matched,2,0,1,0,1,True,True,1,3,True,False,True,pas_de_conclusion_juridique_automatique,False,False,False,True,secondary,,,,asphalt,,lane,,,50,,Avenue de Bordeaux,,,,,False,
2024,202400051634,EDPM,En agglomération,cycleway,871599669,languedoc-roussillon-240101.geoparquet,languedoc-roussillon-240101.geoparquet,retrouvee,False,1.784256915016308,False,matched,2,0,1,0,1,True,True,2,3,True,True,False,cycleway_trajectoires_et_acces_a_verifier,True,False,False,False,cycleway,,yes,,,,,,,,,,evalue,11.0,8.0,5.0,False,14.615520605295856
2024,202400051814,EDPM,Hors agglomération,secondary,125843921,bretagne-240101.geoparquet,bretagne-240101.geoparquet,retrouvee,False,0.34353850017803583,False,matched,1,0,0,0,0,False,False,2,6,True,True,False,route_hors_agglo_autorisation_locale_a_verifier,False,True,False,False,secondary,,,,,,,,,,,,evalue,2.0,2.0,2.0,False,21.937334318716776
2024,202400052016,EDPM,En agglomération,cycleway,258610444,rhone-alpes-240101.geoparquet,rhone-alpes-240101.geoparquet,retrouvee,False,4.951591453428108,False,matched,2,0,1,0,1,True,True,1,3,True,False,False,cycleway_trajectoires_et_acces_a_verifier,True,False,False,False,cycleway,,,,asphalt,,,,,,,Rue du Docteur Bouchut,evalue,4.0,3.0,1.0,False,16.56028991531424
2024,202400052118,EDPM,En agglomération,cycleway,184696158,alsace-240101.geoparquet,alsace-240101.geoparquet,retrouvee,False,0.25380353378721415,False,matched,2,0,1,0,1,True,True,3,3,True,True,False,cycleway_trajectoires_et_acces_a_verifier,True,False,False,False,cycleway,,,,asphalt,,,,,,,,evalue,10.0,5.0,2.0,True,2.9274647325261647
2024,202400052423,EDPM,Hors agglomération,secondary,477696622,aquitaine-240101.geoparquet,aquitaine-240101.geoparquet,retrouvee,False,0.7162904416578866,False,matched,2,0,1,0,1,True,True,1,3,True,False,False,route_hors_agglo_autorisation_locale_a_verifier,False,True,False,False,secondary,,,,asphalt,,,,,,,Route de Layrac,evalue,1.0,1.0,1.0,False,29.21725169924412
2024,202400052533,EDPM,Hors agglomération,track,58993860,nord-pas-de-calais-240101.geoparquet,nord-pas-de-calais-240101.geoparquet,retrouvee,False,6.411946665858458,False,matched,2,0,0,0,1,True,False,1,3,True,False,False,route_hors_agglo_autorisation_locale_a_verifier,False,True,False,False,track,,,,,,,,,,,Chemin de la Carrière des Potiers,evalue,0.0,0.0,0.0,False,
2024,202400052610,EDPM,En agglomération,cycleway,451053555,provence-alpes-cote-d-azur-240101.geoparquet,provence-alpes-cote-d-azur-240101.geoparquet,retrouvee,False,3.3636748488240524,False,matched,2,0,1,0,1,True,True,9,3,True,True,False,cycleway_trajectoires_et_acces_a_verifier,True,False,False,False,cycleway,,designated,,asphalt,,,,,,,,evalue,6.0,6.0,1.0,False,20.86610996639391
2024,202400052809,EDPM,Hors agglomération,primary,151834696,basse-normandie-240101.geoparquet,basse-normandie-240101.geoparquet,retrouvee,False,0.9846176710469595,False,matched,2,0,1,0,1,True,True,2,3,True,True,False,route_hors_agglo_autorisation_locale_a_verifier,False,True,False,False,primary,,,,asphalt,,,,,,,Route d'Aunay,evalue,4.0,4.0,3.0,True,4.504795031707035
2024,202400053006,EDPM,Hors agglomération,secondary,578478268,pays-de-la-loire-240101.geoparquet,pays-de-la-loire-240101.geoparquet,retrouvee,False,1.9346556386844802,False,matched,2,0,1,0,1,True,True,1,2,True,False,False,route_hors_agglo_autorisation_locale_a_verifier,False,True,False,False,secondary,,,,,,,,,,,,evalue,0.0,0.0,0.0,False,
2024,202400053041,EDPM,En agglomération,cycleway,115093620,aquitaine-240101.geoparquet,aquitaine-240101.geoparquet,retrouvee,False,0.4244303667409811,False,matched,2,0,1,0,1,True,True,2,3,True,True,False,cycleway_trajectoires_et_acces_a_verifier,True,False,False,False,cycleway,,,,asphalt,,,,,,yes,,evalue,6.0,4.0,2.0,True,1.1945459832761498
2024,202400053141,EDPM,En agglomération,cycleway,559237098,guyane-240101.geoparquet,guyane-240101.geoparquet,retrouvee,False,4.0572507154189585,False,matched,2,0,1,0,1,True,True,1,3,True,False,False,cycleway_trajectoires_et_acces_a_verifier,True,False,False,False,cycleway,,,,asphalt,,,,,,yes,,evalue,1.0,1.0,1.0,False,33.520931628066336
2024,202400053706,EDPM,Hors agglomération,primary,23600591,rhone-alpes-240101.geoparquet,rhone-alpes-240101.geoparquet,retrouvee,False,0.6799979247548154,False,matched,2,0,1,0,1,True,True,1,3,True,False,False,route_hors_agglo_autorisation_locale_a_verifier,False,True,False,False,primary,,,,asphalt,,,,,,yes,Route Nationale 7,evalue,3.0,3.0,2.0,False,124.0982063582487
2024,202400053805,EDPM,En agglomération,cycleway,530041291,ile-de-france-240101.geoparquet,ile-de-france-240101.geoparquet,retrouvee,False,0.8494245977284555,False,matched,2,0,1,0,1,True,True,2,3,True,True,True,cycleway_trajectoires_et_acces_a_verifier,True,False,False,False,cycleway,,,,,,on_street,,,,yes,Avenue Jean Jaurès,evalue,12.0,12.0,5.0,False,17.93052938160726
2024,202400054008,EDPM,Hors agglomération,primary,341715813,pays-de-la-loire-240101.geoparquet,pays-de-la-loire-240101.geoparquet,retrouvee,False,1.2219919850639578,False,matched,2,0,1,0,1,True,True,1,2,True,False,False,route_hors_agglo_autorisation_locale_a_verifier,False,True,False,False,primary,,,,,,,,,90,,,evalue,0.0,0.0,0.0,False,
2024,202400054284,EDPM,Hors agglomération,tertiary,949468728,pays-de-la-loire-240101.geoparquet,pays-de-la-loire-240101.geoparquet,retrouvee,False,2.638690408435031,False,matched,1,0,0,0,0,False,False,1,7,True,False,True,route_hors_agglo_autorisation_locale_a_verifier,False,True,False,False,tertiary,,,,asphalt,,no,,,,,Chemin du Champ des Martyrs,evalue,3.0,1.0,0.0,False,
2024,202400054362,EDPM,En agglomération,cycleway,661605394,ile-de-france-240101.geoparquet,ile-de-france-240101.geoparquet,retrouvee,False,1.0047115354528668,False,matched,2,0,0,0,1,True,False,3,3,True,True,True,cycleway_trajectoires_et_acces_a_verifier,True,False,False,False,cycleway,,,,asphalt,excellent,crossing,,,30,,Rue Jules Romains,evalue,3.0,2.0,2.0,True,1.4250177834589166
2024,202400054395,EDPM,Hors agglomération,secondary,1053366217,ile-de-france-240101.geoparquet,ile-de-france-240101.geoparquet,retrouvee,False,4.241028326804334,False,matched,2,0,0,0,0,False,False,1,2,True,False,False,route_hors_agglo_autorisation_locale_a_verifier,False,True,False,False,secondary,,,,,,,,,50,,Route Charles Tillon / Avenue du Docteur Marie,evalue,2.0,2.0,1.0,False,14.858250614631988
2024,202400001540,CYCLO,En agglomération,cycleway,190573188,languedoc-roussillon-240101.geoparquet,languedoc-roussillon-240101.geoparquet,retrouvee,False,29.18149783312638,False,matched,2,0,0,1,1,True,False,1,3,True,False,False,cycleway_trajectoires_et_acces_a_verifier,False,False,True,False,cycleway,,yes,,,,,,,,,,evalue,0.0,0.0,0.0,False,
2024,202400002216,CYCLO,Hors agglomération,service,732697629,polynesie-francaise-240101.geoparquet,polynesie-francaise-240101.geoparquet,retrouvee,False,85.40926148922804,True,matched,1,0,0,1,0,False,False,1,7,True,False,False,pas_de_conclusion_juridique_automatique,False,False,False,True,service,,,,,,,,,,,,,,,,False,
2024,202400002593,CYCLO,En agglomération,,,polynesie-francaise-240101.geoparquet,polynesie-francaise-240101.geoparquet,osm_way_id_absent,False,,True,unmatched,1,0,0,1,0,False,False,1,6,True,False,False,pas_de_conclusion_juridique_automatique,False,False,False,True,,,,,,,,,,,,,,,,,False,
2024,202400002664,CYCLO,En agglomération,cycleway,294809904,ile-de-france-240101.geoparquet,ile-de-france-240101.geoparquet,retrouvee,False,1.5137698335505168,False,matched,2,0,0,1,0,False,False,2,2,True,True,True,cycleway_trajectoires_et_acces_a_verifier,False,False,True,False,cycleway,,,,asphalt,,sidewalk,,,,no,Boulevard Morland,evalue,9.0,5.0,1.0,True,3.117487096782601
2024,202400002719,CYCLO,Hors agglomération,,,polynesie-francaise-240101.geoparquet,polynesie-francaise-240101.geoparquet,osm_way_id_absent,False,,True,unmatched,1,0,0,1,0,False,False,1,7,True,False,False,pas_de_conclusion_juridique_automatique,False,False,False,True,,,,,,,,,,,,,,,,,False,
2024,202400003424,CYCLO,En agglomération,cycleway,508164981,auvergne-240101.geoparquet,auvergne-240101.geoparquet,retrouvee,False,1.5330425744736587,False,matched,1,0,0,1,0,False,False,1,6,True,False,False,cycleway_trajectoires_et_acces_a_verifier,False,False,True,False,cycleway,,,,asphalt,,,,,,,,evalue,2.0,2.0,1.0,False,79.21967597848207
2024,202400003503,CYCLO,En agglomération,cycleway,791076371,ile-de-france-240101.geoparquet,ile-de-france-240101.geoparquet,retrouvee,False,0.6564921952844095,False,matched,2,0,0,1,1,True,False,3,7,True,True,True,cycleway_trajectoires_et_acces_a_verifier,False,False,True,False,cycleway,,,,asphalt,,sidewalk,,,,,Quai de l'Hôtel de Ville,evalue,15.0,12.0,2.0,True,1.2241137197496368
2024,202400006109,CYCLO,Hors agglomération,cycleway,199391239,pays-de-la-loire-240101.geoparquet,pays-de-la-loire-240101.geoparquet,retrouvee,False,2.304322492463313,False,matched,2,0,0,2,0,False,False,1,1,True,False,False,cycleway_trajectoires_et_acces_a_verifier,False,False,True,False,cycleway,,,,compacted,,,,,,,,evalue,3.0,1.0,0.0,False,
2024,202400006128,CYCLO,En agglomération,primary,176586722,mayotte-240101.geoparquet,mayotte-240101.geoparquet,retrouvee,False,42.588028635660606,True,matched,2,0,1,1,1,True,True,1,3,True,False,False,pas_de_conclusion_juridique_automatique,False,False,False,True,primary,,,,asphalt,,,,,50,,Boulevard Mawana-Madi,,,,,False,
2024,202400007647,CYCLO,Hors agglomération,,,polynesie-francaise-240101.geoparquet,polynesie-francaise-240101.geoparquet,osm_way_id_absent,False,,True,unmatched,2,0,1,1,1,True,True,1,1,True,False,False,pas_de_conclusion_juridique_automatique,False,False,False,True,,,,,,,,,,,,,,,,,False,
2024,202400007915,CYCLO,En agglomération,cycleway,775640509,ile-de-france-240101.geoparquet,ile-de-france-240101.geoparquet,retrouvee,False,1.3801760632446352,False,matched,2,0,1,1,1,True,True,1,3,True,False,False,cycleway_trajectoires_et_acces_a_verifier,False,False,True,False,cycleway,,,,asphalt,,,,,,yes,,evalue,5.0,4.0,2.0,False,22.144022627825162
2024,202400009474,CYCLO,En agglomération,,,polynesie-francaise-240101.geoparquet,polynesie-francaise-240101.geoparquet,osm_way_id_absent,False,,True,unmatched,2,0,0,1,0,False,False,3,3,True,True,False,pas_de_conclusion_juridique_automatique,False,False,False,True,,,,,,,,,,,,,,,,,False,
2024,202400009622,CYCLO,En agglomération,cycleway,559237098,guyane-240101.geoparquet,guyane-240101.geoparquet,retrouvee,False,0.5324648249274243,False,matched,2,0,1,1,1,True,True,1,3,True,False,False,cycleway_trajectoires_et_acces_a_verifier,False,False,True,False,cycleway,,,,asphalt,,,,,,yes,,evalue,3.0,3.0,2.0,False,16.6470238269017
2024,202400010035,CYCLO,En agglomération,cycleway,754247063,pays-de-la-loire-240101.geoparquet,pays-de-la-loire-240101.geoparquet,retrouvee,False,1.0464990993012908,False,matched,1,1,0,1,0,False,False,1,6,True,False,False,cycleway_trajectoires_et_acces_a_verifier,False,False,True,False,cycleway,,,,,,,,,,yes,,evalue,5.0,4.0,3.0,True,2.3307045488164784
2024,202400010318,CYCLO,En agglomération,tertiary,738045018,polynesie-francaise-240101.geoparquet,polynesie-francaise-240101.geoparquet,retrouvee,False,37.35578719856938,True,matched,2,0,1,1,1,True,True,1,2,True,False,False,pas_de_conclusion_juridique_automatique,False,False,False,True,tertiary,,,,paved,,,,,,no,,,,,,False,
2024,202400010351,CYCLO,Hors agglomération,,,pays-de-la-loire-240101.geoparquet,pays-de-la-loire-240101.geoparquet,osm_way_id_absent,False,,True,unmatched,2,0,0,1,1,True,False,1,3,True,False,False,pas_de_conclusion_juridique_automatique,False,False,False,True,,,,,,,,,,,,,,,,,False,
2024,202400012002,CYCLO,En agglomération,cycleway,552333198,provence-alpes-cote-d-azur-240101.geoparquet,provence-alpes-cote-d-azur-240101.geoparquet,retrouvee,False,2.5289718418759053,False,matched,2,0,1,1,1,True,True,3,3,True,True,False,cycleway_trajectoires_et_acces_a_verifier,False,False,True,False,cycleway,,,,asphalt,,,,,,,,evalue,2.0,2.0,1.0,False,176.25594725663294
2024,202400012708,CYCLO,Hors agglomération,secondary,134669651,midi-pyrenees-240101.geoparquet,midi-pyrenees-240101.geoparquet,retrouvee,False,35.16290054503564,True,matched,2,0,0,1,0,False,False,1,1,True,False,False,pas_de_conclusion_juridique_automatique,False,False,False,True,secondary,,,,,,,,,,,Avenue Pierre Semard,,,,,False,
2024,202400013067,CYCLO,Hors agglomération,residential,516711616,polynesie-francaise-240101.geoparquet,polynesie-francaise-240101.geoparquet,retrouvee,False,41.38521571143417,True,matched,2,0,1,1,1,True,True,9,3,True,True,False,pas_de_conclusion_juridique_automatique,False,False,False,True,residential,,,,,,,,,,,,,,,,False,
2024,202400013377,CYCLO,En agglomération,,,polynesie-francaise-240101.geoparquet,polynesie-francaise-240101.geoparquet,osm_way_id_absent,False,,True,unmatched,1,1,0,1,0,False,False,1,1,True,False,False,pas_de_conclusion_juridique_automatique,False,False,False,True,,,,,,,,,,,,,,,,,False,
2024,202400015625,CYCLO,En agglomération,track,444201453,polynesie-francaise-240101.geoparquet,polynesie-francaise-240101.geoparquet,retrouvee,False,46.77664338903985,True,matched,2,0,1,1,1,True,True,9,3,True,True,False,pas_de_conclusion_juridique_automatique,False,False,False,True,track,,,,,,,,,,,,,,,,False,
2024,202400016352,CYCLO,En agglomération,cycleway,1189153610,ile-de-france-240101.geoparquet,ile-de-france-240101.geoparquet,retrouvee,False,4.193585412765351e-05,False,matched,1,1,0,1,0,False,False,3,6,True,True,True,cycleway_trajectoires_et_acces_a_verifier,False,False,True,False,cycleway,,,,asphalt,,on_street,,,,yes,Boulevard de Bonne Nouvelle,evalue,4.0,3.0,3.0,True,0.6358498599039984
2024,202400017619,CYCLO,En agglomération,cycleway,163213635,languedoc-roussillon-240101.geoparquet,languedoc-roussillon-240101.geoparquet,retrouvee,False,2.463852217989218,False,matched,2,0,1,1,1,True,True,3,3,True,True,False,cycleway_trajectoires_et_acces_a_verifier,False,False,True,False,cycleway,,,,asphalt,,,,,,,,evalue,8.0,8.0,2.0,True,4.486540179094724
2024,202400018065,CYCLO,En agglomération,,,polynesie-francaise-240101.geoparquet,polynesie-francaise-240101.geoparquet,osm_way_id_absent,False,,True,unmatched,1,0,0,1,0,False,False,1,6,True,False,False,pas_de_conclusion_juridique_automatique,False,False,False,True,,,,,,,,,,,,,,,,,False,
2024,202400018805,CYCLO,En agglomération,cycleway,345572611,rhone-alpes-240101.geoparquet,rhone-alpes-240101.geoparquet,retrouvee,False,2.386836444893351,False,matched,2,0,0,1,0,False,False,1,1,True,False,False,cycleway_trajectoires_et_acces_a_verifier,False,False,True,False,cycleway,,,no,asphalt,,,,,,no,,evalue,2.0,2.0,0.0,False,
2024,202400022081,CYCLO,Hors agglomération,cycleway,696258880,provence-alpes-cote-d-azur-240101.geoparquet,provence-alpes-cote-d-azur-240101.geoparquet,retrouvee,False,2.5818288468477286,False,matched,1,1,0,1,0,False,False,1,6,True,False,False,cycleway_trajectoires_et_acces_a_verifier,False,False,True,False,cycleway,,,,asphalt,,,,,,,La Diligence - Cannebas,evalue,3.0,3.0,1.0,True,7.512946967448478
2024,202400022463,CYCLO,En agglomération,cycleway,206003426,ile-de-france-240101.geoparquet,ile-de-france-240101.geoparquet,retrouvee,False,0.06942602529549904,False,matched,2,0,1,1,1,True,True,2,3,True,True,True,cycleway_trajectoires_et_acces_a_verifier,False,False,True,False,cycleway,,,,asphalt,,sidewalk,,,,yes,Avenue Corentin Cariou,evalue,11.0,11.0,3.0,True,1.773734300344291
2024,202400023061,CYCLO,En agglomération,,,polynesie-francaise-240101.geoparquet,polynesie-francaise-240101.geoparquet,osm_way_id_absent,False,,True,unmatched,2,0,0,1,1,True,False,1,3,True,False,False,pas_de_conclusion_juridique_automatique,False,False,False,True,,,,,,,,,,,,,,,,,False,
2024,202400023706,CYCLO,Hors agglomération,,,polynesie-francaise-240101.geoparquet,polynesie-francaise-240101.geoparquet,osm_way_id_absent,False,,True,unmatched,2,0,0,1,1,True,False,1,2,True,False,False,pas_de_conclusion_juridique_automatique,False,False,False,True,,,,,,,,,,,,,,,,,False,
2024,202400023936,CYCLO,Hors agglomération,primary,25803472,centre-240101.geoparquet,centre-240101.geoparquet,retrouvee,False,51.52692896197704,True,matched,1,0,0,1,0,False,False,1,6,True,False,False,pas_de_conclusion_juridique_automatique,False,False,False,True,primary,,,,asphalt,,,,,,,,,,,,False,
2024,202400024648,CYCLO,En agglomération,cycleway,786975048,aquitaine-240101.geoparquet,aquitaine-240101.geoparquet,retrouvee,False,2.0575039602723995,False,matched,2,0,1,1,1,True,True,1,3,True,False,False,cycleway_trajectoires_et_acces_a_verifier,False,False,True,False,cycleway,,designated,,asphalt,,,,,,no,,evalue,2.0,2.0,1.0,False,17.94214770815212
2024,202400025173,CYCLO,En agglomération,cycleway,847828118,ile-de-france-240101.geoparquet,ile-de-france-240101.geoparquet,retrouvee,False,2.2230015654737683,False,matched,2,0,0,1,1,True,False,2,3,True,True,True,cycleway_trajectoires_et_acces_a_verifier,False,False,True,False,cycleway,,,,asphalt,,on_street,,,,yes,Avenue de la Porte de Châtillon,evalue,15.0,10.0,2.0,False,13.048734955819661
2024,202400026336,CYCLO,En agglomération,secondary,306359089,polynesie-francaise-240101.geoparquet,polynesie-francaise-240101.geoparquet,retrouvee,False,46.181107815105335,True,matched,1,0,0,1,0,False,False,1,6,True,False,False,pas_de_conclusion_juridique_automatique,False,False,False,True,secondary,,,,,,,,,,,Route de l'Aéroport,,,,,False,
2024,202400026369,CYCLO,En agglomération,,,polynesie-francaise-240101.geoparquet,polynesie-francaise-240101.geoparquet,osm_way_id_absent,False,,True,unmatched,1,0,0,1,0,False,False,1,7,True,False,False,pas_de_conclusion_juridique_automatique,False,False,False,True,,,,,,,,,,,,,,,,,False,
2024,202400028273,CYCLO,Hors agglomération,primary,1218256809,midi-pyrenees-240101.geoparquet,midi-pyrenees-240101.geoparquet,retrouvee,False,35.77988500689819,True,matched,1,0,0,1,0,False,False,1,7,True,False,False,pas_de_conclusion_juridique_automatique,False,False,False,True,primary,,,,asphalt,,,,,80,,,,,,,False,
2024,202400028356,CYCLO,En agglomération,cycleway,875807962,ile-de-france-240101.geoparquet,ile-de-france-240101.geoparquet,retrouvee,False,9.514958875321435,False,matched,2,0,0,1,1,True,False,1,3,True,False,False,cycleway_trajectoires_et_acces_a_verifier,False,False,True,False,cycleway,,,,,,,,,,,,evalue,5.0,5.0,1.0,False,18.144994719110908
2024,202400028382,CYCLO,En agglomération,cycleway,23308457,alsace-240101.geoparquet,alsace-240101.geoparquet,retrouvee,False,3.52301202854228,False,matched,2,0,1,1,1,True,True,1,3,True,False,False,cycleway_trajectoires_et_acces_a_verifier,False,False,True,False,cycleway,,,,asphalt,,,,,,yes,,evalue,15.0,10.0,5.0,True,4.7924435594960535
2024,202400028533,CYCLO,En agglomération,cycleway,54952892,ile-de-france-240101.geoparquet,ile-de-france-240101.geoparquet,retrouvee,False,1.2286376713513196,False,matched,2,0,1,1,1,True,True,1,3,True,False,True,cycleway_trajectoires_et_acces_a_verifier,False,False,True,False,cycleway,,,,asphalt,,on_street,,,,yes,Boulevard de Ménilmontant,evalue,2.0,2.0,0.0,False,
2024,202400028573,CYCLO,Hors agglomération,secondary,336884280,haute-normandie-240101.geoparquet,haute-normandie-240101.geoparquet,retrouvee,False,34.33688344851328,True,matched,2,0,1,1,1,True,True,4,1,True,True,False,pas_de_conclusion_juridique_automatique,False,False,False,True,secondary,,,,,,,,,80,,,,,,,False,
2024,202400029113,CYCLO,Hors agglomération,,,polynesie-francaise-240101.geoparquet,polynesie-francaise-240101.geoparquet,osm_way_id_absent,False,,True,unmatched,3,0,1,1,2,True,True,1,1,True,False,False,pas_de_conclusion_juridique_automatique,False,False,False,True,,,,,,,,,,,,,,,,,False,
2024,202400030428,CYCLO,En agglomération,cycleway,219553602,ile-de-france-240101.geoparquet,ile-de-france-240101.geoparquet,retrouvee,False,0.7330502754529352,False,matched,2,0,1,1,1,True,True,6,3,True,True,False,cycleway_trajectoires_et_acces_a_verifier,False,False,True,False,cycleway,,,,,,,,,,,,evalue,9.0,9.0,2.0,False,23.054469990041156
2024,202400030613,CYCLO,Hors agglomération,,,polynesie-francaise-240101.geoparquet,polynesie-francaise-240101.geoparquet,osm_way_id_absent,False,,True,unmatched,1,0,0,1,0,False,False,1,7,True,False,False,pas_de_conclusion_juridique_automatique,False,False,False,True,,,,,,,,,,,,,,,,,False,
2024,202400031232,CYCLO,Hors agglomération,,,polynesie-francaise-240101.geoparquet,polynesie-francaise-240101.geoparquet,osm_way_id_absent,False,,True,unmatched,2,0,0,1,1,True,False,1,1,True,False,False,pas_de_conclusion_juridique_automatique,False,False,False,True,,,,,,,,,,,,,,,,,False,
2024,202400031334,CYCLO,En agglomération,cycleway,722462182,ile-de-france-240101.geoparquet,ile-de-france-240101.geoparquet,retrouvee,False,0.36271053887485366,False,matched,1,2,0,1,0,False,False,3,6,True,True,True,cycleway_trajectoires_et_acces_a_verifier,False,False,True,False,cycleway,,,,asphalt,,on_street,,,,,Villa Poirier,evalue,3.0,2.0,2.0,True,1.0121019513123866
2024,202400031964,CYCLO,En agglomération,,,polynesie-francaise-240101.geoparquet,polynesie-francaise-240101.geoparquet,osm_way_id_absent,False,,True,unmatched,2,0,1,1,1,True,True,1,3,True,False,False,pas_de_conclusion_juridique_automatique,False,False,False,True,,,,,,,,,,,,,,,,,False,
2024,202400032277,CYCLO,Hors agglomération,,,polynesie-francaise-240101.geoparquet,polynesie-francaise-240101.geoparquet,osm_way_id_absent,False,,True,unmatched,2,0,1,1,1,True,True,1,1,True,False,False,pas_de_conclusion_juridique_automatique,False,False,False,True,,,,,,,,,,,,,,,,,False,
2024,202400032467,CYCLO,Hors agglomération,,,polynesie-francaise-240101.geoparquet,polynesie-francaise-240101.geoparquet,osm_way_id_absent,False,,True,unmatched,2,0,1,1,1,True,True,1,3,True,False,False,pas_de_conclusion_juridique_automatique,False,False,False,True,,,,,,,,,,,,,,,,,False,
2024,202400033255,CYCLO,En agglomération,cycleway,628222787,haute-normandie-240101.geoparquet,haute-normandie-240101.geoparquet,retrouvee,False,0.09523908093118925,False,matched,2,0,1,1,1,True,True,1,2,True,False,False,cycleway_trajectoires_et_acces_a_verifier,False,False,True,False,cycleway,,,,sett,good,,,,,,,evalue,2.0,2.0,0.0,False,
2024,202400033717,CYCLO,En agglomération,track,444201453,polynesie-francaise-240101.geoparquet,polynesie-francaise-240101.geoparquet,retrouvee,False,46.77664338903985,True,matched,2,0,0,1,1,True,False,3,3,True,True,False,pas_de_conclusion_juridique_automatique,False,False,False,True,track,,,,,,,,,,,,,,,,False,
2024,202400034401,CYCLO,En agglomération,residential,221203814,alsace-240101.geoparquet,alsace-240101.geoparquet,retrouvee,False,34.41686551762806,True,matched,1,0,0,1,0,False,False,1,7,True,False,False,pas_de_conclusion_juridique_automatique,False,False,False,True,residential,,,,,,,,,,,Rue Mozart,,,,,False,
2024,202400035443,CYCLO,En agglomération,cycleway,773805595,languedoc-roussillon-240101.geoparquet,languedoc-roussillon-240101.geoparquet,retrouvee,False,3.587456494725433,False,matched,2,0,0,1,1,True,False,2,1,True,True,False,cycleway_trajectoires_et_acces_a_verifier,False,False,True,False,cycleway,,,,asphalt,,,,,,no,,evalue,11.0,9.0,2.0,True,4.7356999006744
2024,202400035952,CYCLO,En agglomération,cycleway,1120130208,ile-de-france-240101.geoparquet,ile-de-france-240101.geoparquet,retrouvee,False,2.00040196794192,False,matched,1,0,0,1,0,False,False,2,6,True,True,True,cycleway_trajectoires_et_acces_a_verifier,False,False,True,False,cycleway,,,,asphalt,,crossing,,,,yes,Avenue Gambetta,evalue,26.0,12.0,2.0,True,2.5264086374039874
2024,202400036103,CYCLO,En agglomération,residential,5363270,provence-alpes-cote-d-azur-240101.geoparquet,provence-alpes-cote-d-azur-240101.geoparquet,retrouvee,False,96.80549742639445,True,matched,3,0,2,1,2,True,True,1,5,True,False,False,pas_de_conclusion_juridique_automatique,False,False,False,True,residential,private,,,,,,,,,,Avenue de Constantine,,,,,False,
2024,202400036820,CYCLO,En agglomération,primary,110023438,guadeloupe-240101.geoparquet,guadeloupe-240101.geoparquet,retrouvee,False,37.37529519542872,True,matched,2,0,1,1,1,True,True,2,3,True,True,False,pas_de_conclusion_juridique_automatique,False,False,False,True,primary,,,,asphalt,,,,,50,yes,,,,,,False,
2024,202400037209,CYCLO,En agglomération,cycleway,1163414070,alsace-240101.geoparquet,alsace-240101.geoparquet,retrouvee,False,4.443706003946149,False,matched,2,0,0,1,0,False,False,1,2,True,False,False,cycleway_trajectoires_et_acces_a_verifier,False,False,True,False,cycleway,,designated,,asphalt,,,,,,,Route de Vienne,evalue,2.0,2.0,0.0,False,
2024,202400037803,CYCLO,Hors agglomération,secondary,472101139,mayotte-240101.geoparquet,mayotte-240101.geoparquet,retrouvee,False,34.14668212383346,True,matched,2,0,1,1,1,True,True,1,3,True,False,False,pas_de_conclusion_juridique_automatique,False,False,False,True,secondary,,,,,,,,,50,,,,,,,False,
2024,202400038398,CYCLO,En agglomération,cycleway,962305022,languedoc-roussillon-240101.geoparquet,languedoc-roussillon-240101.geoparquet,retrouvee,False,15.032705695202269,False,matched,2,0,1,1,1,True,True,2,3,True,True,False,cycleway_trajectoires_et_acces_a_verifier,False,False,True,False,cycleway,,,,,,,,,,no,,evalue,3.0,3.0,0.0,False,
2024,202400039354,CYCLO,Hors agglomération,cycleway,724585704,ile-de-france-240101.geoparquet,ile-de-france-240101.geoparquet,retrouvee,False,7.358106344646371,False,matched,2,0,1,1,1,True,True,1,3,True,False,False,cycleway_trajectoires_et_acces_a_verifier,False,False,True,False,cycleway,,,,asphalt,,,,,,,,evalue,0.0,0.0,0.0,False,
2024,202400040601,CYCLO,En agglomération,cycleway,57744713,aquitaine-240101.geoparquet,aquitaine-240101.geoparquet,retrouvee,False,0.14740097246497455,False,matched,2,0,1,1,1,True,True,2,3,True,True,False,cycleway_trajectoires_et_acces_a_verifier,False,False,True,False,cycleway,,,,,,,,,,,,evalue,4.0,3.0,3.0,True,1.4340522794517656
2024,202400040783,CYCLO,En agglomération,residential,95953140,guyane-240101.geoparquet,guyane-240101.geoparquet,retrouvee,False,71.12245096516916,True,matched,1,0,0,1,0,False,False,1,7,True,False,False,pas_de_conclusion_juridique_automatique,False,False,False,True,residential,,,,,,,,,,,,,,,,False,
2024,202400040875,CYCLO,En agglomération,cycleway,37074490,ile-de-france-240101.geoparquet,ile-de-france-240101.geoparquet,retrouvee,False,0.10486527015522171,False,matched,2,0,0,1,0,False,False,3,7,True,True,True,cycleway_trajectoires_et_acces_a_verifier,False,False,True,False,cycleway,,,,asphalt,,on_street,,,,no,Quai de Bercy,evalue,5.0,5.0,2.0,True,0.8554189453045306
2024,202400041374,CYCLO,En agglomération,cycleway,513818534,ile-de-france-240101.geoparquet,ile-de-france-240101.geoparquet,retrouvee,False,0.8527541189625306,False,matched,2,0,0,1,1,True,False,4,2,True,True,True,cycleway_trajectoires_et_acces_a_verifier,False,False,True,False,cycleway,,,,asphalt,,on_street,,,,no,Quai Saint-Exupéry,evalue,4.0,3.0,0.0,False,
2024,202400042785,CYCLO,En agglomération,cycleway,226601092,ile-de-france-240101.geoparquet,ile-de-france-240101.geoparquet,retrouvee,False,10.976822501984964,False,matched,2,0,1,1,1,True,True,1,3,True,False,False,cycleway_trajectoires_et_acces_a_verifier,False,False,True,False,cycleway,,,,,,,,,,,,evalue,1.0,1.0,0.0,False,
2024,202400043545,CYCLO,En agglomération,cycleway,429684240,ile-de-france-240101.geoparquet,ile-de-france-240101.geoparquet,retrouvee,False,1.6893432132154087,False,matched,3,0,2,1,2,True,True,4,5,True,True,True,cycleway_trajectoires_et_acces_a_verifier,False,False,True,False,cycleway,,,,asphalt,good,sidewalk,,,,yes,Boulevard de Magenta,evalue,10.0,6.0,0.0,False,
2024,202400044803,CYCLO,Hors agglomération,,,auvergne-240101.geoparquet,auvergne-240101.geoparquet,osm_way_id_absent,False,,True,unmatched,2,0,1,1,1,True,True,1,3,True,False,False,pas_de_conclusion_juridique_automatique,False,False,False,True,,,,,,,,,,,,,,,,,False,
2024,202400045047,CYCLO,Hors agglomération,track,996895410,martinique-240101.geoparquet,martinique-240101.geoparquet,retrouvee,False,36.36705877604068,True,matched,1,0,0,1,0,False,False,1,7,True,False,False,pas_de_conclusion_juridique_automatique,False,False,False,True,track,,,,,,,,,,,,,,,,False,
2024,202400045437,CYCLO,Hors agglomération,secondary,274547980,polynesie-francaise-240101.geoparquet,polynesie-francaise-240101.geoparquet,retrouvee,False,31.836787436292177,True,matched,1,0,0,1,0,False,False,1,7,True,False,False,pas_de_conclusion_juridique_automatique,False,False,False,True,secondary,,,,asphalt,,,,,90,,Route de Ceinture,,,,,False,
2024,202400046880,CYCLO,En agglomération,secondary,498873054,ile-de-france-240101.geoparquet,ile-de-france-240101.geoparquet,retrouvee,False,40.34754970225586,True,matched,2,0,1,1,1,True,True,9,3,True,True,False,pas_de_conclusion_juridique_automatique,False,False,False,True,secondary,,,,asphalt,,,,,,yes,Route de la Ferté-Alais,,,,,False,
2024,202400047025,CYCLO,En agglomération,,,polynesie-francaise-240101.geoparquet,polynesie-francaise-240101.geoparquet,osm_way_id_absent,False,,True,unmatched,1,0,0,1,0,False,False,1,1,True,False,False,pas_de_conclusion_juridique_automatique,False,False,False,True,,,,,,,,,,,,,,,,,False,
2024,202400048627,CYCLO,En agglomération,cycleway,227150508,ile-de-france-240101.geoparquet,ile-de-france-240101.geoparquet,retrouvee,False,5.423382002208008,False,matched,2,0,0,1,0,False,False,3,3,True,True,True,cycleway_trajectoires_et_acces_a_verifier,False,False,True,False,cycleway,,,,asphalt,good,sidewalk,,,,yes,Boulevard de Magenta,evalue,5.0,4.0,1.0,False,11.451005315240527
2024,202400048867,CYCLO,En agglomération,primary,35537166,corse-240101.geoparquet,corse-240101.geoparquet,retrouvee,False,39.35012657698695,True,matched,3,0,1,1,2,True,True,9,4,True,True,False,pas_de_conclusion_juridique_automatique,False,False,False,True,primary,,,,asphalt,,,,,50,,Route de Mezzavia,,,,,False,
2024,202400049280,CYCLO,En agglomération,cycleway,813482493,aquitaine-240101.geoparquet,aquitaine-240101.geoparquet,retrouvee,False,0.41774761853689946,False,matched,2,0,1,1,1,True,True,1,3,True,False,False,cycleway_trajectoires_et_acces_a_verifier,False,False,True,False,cycleway,,,,,,,,,,,,evalue,9.0,8.0,4.0,True,5.432535669317482
2024,202400049802,CYCLO,En agglomération,cycleway,88478070,alsace-240101.geoparquet,alsace-240101.geoparquet,retrouvee,False,2.245393497914261,False,matched,2,0,0,1,0,False,False,1,3,True,False,False,cycleway_trajectoires_et_acces_a_verifier,False,False,True,False,cycleway,,,,asphalt,,,,,,yes,,evalue,2.0,1.0,0.0,False,
2024,202400052495,CYCLO,En agglomération,,,corse-240101.geoparquet,corse-240101.geoparquet,osm_way_id_absent,False,,True,unmatched,3,0,2,1,2,True,True,9,6,True,True,False,pas_de_conclusion_juridique_automatique,False,False,False,True,,,,,,,,,,,,,,,,,False,
2024,202400053326,CYCLO,En agglomération,cycleway,413363058,ile-de-france-240101.geoparquet,ile-de-france-240101.geoparquet,retrouvee,False,0.056664200529187345,False,matched,2,0,1,1,1,True,True,3,3,True,True,True,cycleway_trajectoires_et_acces_a_verifier,False,False,True,False,cycleway,,,,asphalt,good,crossing,,,,no,,evalue,4.0,2.0,2.0,True,2.0096351219847
2024,202400053788,CYCLO,En agglomération,service,624756545,guyane-240101.geoparquet,guyane-240101.geoparquet,retrouvee,False,73.11018183083972,True,matched,2,0,1,1,1,True,True,1,3,True,False,False,pas_de_conclusion_juridique_automatique,False,False,False,True,service,,,,,,,,,,,,,,,,False,
2024,202400053793,CYCLO,Hors agglomération,cycleway,741683056,reunion-240101.geoparquet,reunion-240101.geoparquet,retrouvee,False,3.3134418451593177,False,matched,2,0,1,1,1,True,True,9,3,True,True,False,cycleway_trajectoires_et_acces_a_verifier,False,False,True,False,cycleway,,,,,,,,,,,,evalue,2.0,1.0,1.0,False,10.42602047410648
