annee,zone,mode,vma_classe,situation_classe,surface_classe,accidents_mode,vehicules_mode,mortel,hospitalisation_sans_deces,blesse_leger_seulement,indemne_seulement,inconnue_seulement,non_documentee,obs_fixe,obs_bordure,obs_mobile_vehicule,choc_avant,manoeuvre_evitement,surface_adverse,sortie_chaussee,sans_collision_baac,support_compatible,vma_ambigue,surf_ambigue,situ_ambigue,vehicules_obs_bordure,vehicules_obs_chaussee,vehicules_obs_trottoir_accotement,vehicules_sortie_chaussee
2019,En agglomération,edpm,21_30,1,1,73,73,2,9,50,8,0,4,6,1,53,41,1,0,0,7,6,0,0,0,1,1,0,0
2019,En agglomération,edpm,21_30,1,2,8,8,0,0,7,1,0,0,0,0,7,7,0,8,0,0,1,0,0,0,0,0,0,0
2019,En agglomération,edpm,21_30,3,1,1,1,0,0,1,0,0,0,0,0,1,1,0,0,0,0,0,0,0,0,0,0,0,0
2019,En agglomération,edpm,21_30,3,2,1,1,0,0,1,0,0,0,0,0,1,1,0,1,0,0,0,0,0,0,0,0,0,0
2019,En agglomération,edpm,21_30,4,1,6,6,0,1,3,2,0,0,0,0,3,3,0,0,0,0,0,0,0,0,0,0,0,0
2019,En agglomération,edpm,21_30,4,2,1,1,0,0,1,0,0,0,0,0,1,1,0,1,0,0,0,0,0,0,0,0,0,0
2019,En agglomération,edpm,21_30,5,1,5,5,0,0,4,1,0,0,0,0,4,4,0,0,0,0,0,0,0,0,0,0,0,0
2019,En agglomération,edpm,21_30,5,2,6,6,0,1,4,1,0,0,0,0,2,2,1,6,0,4,4,0,0,0,0,0,0,0
2019,En agglomération,edpm,41_50,1,1,354,356,2,52,265,24,0,11,28,12,267,192,5,0,0,33,27,0,0,0,12,4,1,0
2019,En agglomération,edpm,41_50,1,2,57,58,2,2,44,8,0,1,4,0,40,35,0,57,0,4,17,0,0,0,0,0,0,0
2019,En agglomération,edpm,41_50,1,3,1,1,0,0,1,0,0,0,0,0,1,0,0,1,0,0,0,0,0,0,0,0,0,0
2019,En agglomération,edpm,41_50,1,7,1,1,0,1,0,0,0,0,0,0,1,0,0,1,0,0,0,0,0,0,0,0,0,0
2019,En agglomération,edpm,41_50,1,9,1,1,0,0,1,0,0,0,0,0,0,1,0,1,0,1,1,0,0,0,0,0,0,0
2019,En agglomération,edpm,41_50,2,1,2,2,0,1,1,0,0,0,0,0,2,2,0,0,0,0,0,0,0,0,0,0,0,0
2019,En agglomération,edpm,41_50,3,1,3,3,1,1,0,0,0,1,1,0,1,0,0,0,0,1,1,0,0,0,0,0,0,0
2019,En agglomération,edpm,41_50,4,1,12,12,0,1,6,4,0,1,1,0,3,7,1,0,0,3,1,0,0,0,0,0,0,0
2019,En agglomération,edpm,41_50,4,2,3,3,1,0,2,0,0,0,1,0,0,1,0,3,0,2,3,0,0,0,0,0,1,0
2019,En agglomération,edpm,41_50,5,1,31,32,0,2,23,6,0,0,3,2,21,18,1,0,0,2,2,0,0,0,2,0,0,0
2019,En agglomération,edpm,41_50,5,2,9,9,0,2,4,3,0,0,1,0,4,6,0,9,0,1,5,0,0,0,0,0,0,0
2019,En agglomération,edpm,41_50,6,1,18,18,0,2,14,2,0,0,0,0,15,9,0,0,0,2,0,0,0,0,0,0,0,0
2019,En agglomération,edpm,41_50,6,2,6,6,0,0,4,2,0,0,0,0,2,3,0,6,0,2,4,0,0,0,0,0,0,0
2019,En agglomération,edpm,41_50,6,9,1,1,0,0,1,0,0,0,0,0,0,1,0,1,0,1,1,0,0,0,0,0,0,0
2019,En agglomération,edpm,41_50,situation_non_renseignee,1,2,2,0,0,2,0,0,0,0,0,2,1,0,0,0,0,0,0,0,0,0,0,0,0
2019,En agglomération,edpm,41_50,situation_non_renseignee,4,1,1,0,0,0,1,0,0,0,0,0,1,0,1,0,0,1,0,0,0,0,0,0,0
2019,En agglomération,edpm,51_70,1,1,1,1,0,0,1,0,0,0,0,0,1,0,0,0,0,0,0,0,0,0,0,0,0,0
2019,En agglomération,edpm,<=20,1,1,9,9,0,1,4,3,0,1,2,0,1,6,0,0,0,1,2,0,0,0,0,0,0,0
2019,En agglomération,edpm,<=20,1,9,1,1,0,1,0,0,0,0,0,0,0,0,0,1,0,1,1,0,0,0,0,0,0,0
2019,En agglomération,edpm,<=20,2,1,1,1,0,0,0,1,0,0,0,0,0,1,0,0,0,0,0,0,0,0,0,0,0,0
2019,En agglomération,edpm,<=20,4,1,2,2,1,0,0,1,0,0,1,0,0,1,0,0,0,0,1,0,0,0,0,0,1,0
2019,En agglomération,edpm,<=20,5,1,3,3,0,1,1,1,0,0,1,0,1,2,0,0,0,1,1,0,0,0,0,0,1,0
2019,En agglomération,edpm,<=20,6,1,1,1,0,0,0,1,0,0,0,0,1,1,0,0,0,0,0,0,0,0,0,0,0,0
2019,En agglomération,edpm,vma_non_renseignee_ou_invalide,1,1,1,1,0,0,1,0,0,0,0,0,1,1,0,0,0,0,0,0,0,0,0,0,0,0
2019,En agglomération,edpm,vma_non_renseignee_ou_invalide,5,1,1,1,0,1,0,0,0,0,0,0,1,0,0,0,0,0,0,0,0,0,0,0,0,0
2019,En agglomération,velo,111_130,5,1,1,1,0,0,1,0,0,0,0,0,1,1,0,0,0,0,0,0,0,0,0,0,0,0
2019,En agglomération,velo,21_30,1,1,403,414,7,89,268,31,0,8,34,6,295,256,5,0,2,31,29,0,0,0,6,5,1,2
2019,En agglomération,velo,21_30,1,2,75,77,0,12,58,4,0,1,6,1,56,38,1,75,0,6,19,0,0,0,1,1,2,0
2019,En agglomération,velo,21_30,1,3,1,1,0,0,0,1,0,0,0,0,0,0,0,1,0,1,1,0,0,0,0,0,0,0
2019,En agglomération,velo,21_30,1,7,1,1,0,0,1,0,0,0,1,0,0,0,0,1,1,1,1,0,0,0,0,0,0,1
2019,En agglomération,velo,21_30,1,8,1,1,0,0,1,0,0,0,0,0,0,0,0,1,0,1,1,0,0,0,0,0,0,0
2019,En agglomération,velo,21_30,1,9,3,3,0,1,2,0,0,0,1,0,1,2,0,3,0,2,2,0,0,0,0,0,1,0
2019,En agglomération,velo,21_30,2,1,10,10,0,0,8,1,0,1,2,0,7,6,2,0,0,1,2,0,0,0,0,0,0,0
2019,En agglomération,velo,21_30,3,1,2,2,0,0,2,0,0,0,0,0,2,0,0,0,0,0,0,0,0,0,0,0,0,0
2019,En agglomération,velo,21_30,4,1,8,8,0,0,5,3,0,0,1,0,2,7,0,0,0,1,1,0,0,0,0,0,0,0
2019,En agglomération,velo,21_30,5,1,55,62,0,3,40,11,0,1,0,0,41,41,1,0,0,1,1,0,0,0,0,0,0,0
2019,En agglomération,velo,21_30,5,2,10,10,0,0,6,4,0,0,0,0,5,9,1,10,0,1,5,0,0,0,0,0,0,0
2019,En agglomération,velo,21_30,6,1,6,6,0,0,5,1,0,0,0,0,5,3,0,0,0,1,0,0,0,0,0,0,0,0
2019,En agglomération,velo,21_30,6,2,1,1,0,0,1,0,0,0,0,0,1,1,0,1,0,0,0,0,0,0,0,0,0,0
2019,En agglomération,velo,21_30,6,3,1,1,0,0,1,0,0,0,0,0,0,0,0,1,0,1,1,0,0,0,0,0,0,0
2019,En agglomération,velo,21_30,8,1,3,3,0,0,3,0,0,0,1,0,3,2,0,0,0,0,0,0,0,0,0,0,1,0
2019,En agglomération,velo,21_30,situation_non_renseignee,1,1,1,1,0,0,0,0,0,0,0,0,0,0,0,0,0,0,0,0,0,0,0,0,0
2019,En agglomération,velo,31_40,1,1,6,7,1,3,2,0,0,0,1,0,5,3,0,0,0,0,1,0,0,0,0,0,0,0
2019,En agglomération,velo,31_40,1,2,3,3,0,1,1,1,0,0,0,0,3,1,0,3,0,0,0,0,0,0,0,0,0,0
2019,En agglomération,velo,31_40,5,1,1,1,0,0,1,0,0,0,0,0,1,1,0,0,0,0,0,0,0,0,0,0,0,0
2019,En agglomération,velo,31_40,8,1,1,1,0,1,0,0,0,0,0,0,0,0,0,0,0,0,0,0,0,0,0,0,0,0
2019,En agglomération,velo,41_50,1,1,2614,2658,59,580,1838,105,0,32,166,28,2148,1399,31,0,5,111,149,0,0,0,28,13,1,6
2019,En agglomération,velo,41_50,1,2,362,365,5,58,281,14,0,4,22,2,300,188,2,362,1,19,62,0,0,0,2,1,0,1
2019,En agglomération,velo,41_50,1,3,2,3,0,1,1,0,0,0,0,0,2,1,0,2,0,0,0,0,0,0,0,0,0,0
2019,En agglomération,velo,41_50,1,4,1,1,0,0,1,0,0,0,1,0,0,1,0,1,0,0,1,0,0,0,0,0,0,0
2019,En agglomération,velo,41_50,1,7,4,4,0,0,3,1,0,0,0,0,1,1,0,4,0,3,3,0,0,0,0,0,0,0
2019,En agglomération,velo,41_50,1,8,2,2,0,1,1,0,0,0,0,0,0,0,0,2,0,1,2,0,0,0,0,0,0,0
2019,En agglomération,velo,41_50,1,9,7,7,0,3,4,0,0,0,1,1,4,6,0,7,0,1,3,0,0,0,1,0,0,0
2019,En agglomération,velo,41_50,2,1,33,34,0,7,24,1,0,1,7,0,25,19,0,0,0,2,4,0,0,0,0,0,0,0
2019,En agglomération,velo,41_50,2,2,7,7,0,2,5,0,0,0,0,0,7,4,0,7,0,0,0,0,0,0,0,0,0,0
2019,En agglomération,velo,41_50,3,1,43,43,2,15,25,1,0,0,12,1,28,29,1,0,0,8,10,0,0,0,1,1,1,0
2019,En agglomération,velo,41_50,3,2,6,6,1,0,5,0,0,0,1,0,4,2,1,6,0,1,2,0,0,0,0,0,0,0
2019,En agglomération,velo,41_50,4,1,31,32,0,7,16,4,0,4,9,4,8,22,1,0,0,5,9,0,0,0,4,0,1,0
2019,En agglomération,velo,41_50,4,2,4,4,0,1,2,1,0,0,0,0,2,4,0,4,0,0,2,0,0,0,0,0,0,0
2019,En agglomération,velo,41_50,4,9,1,1,0,0,1,0,0,0,0,0,0,0,0,1,0,1,1,0,0,0,0,0,0,0
2019,En agglomération,velo,41_50,5,1,191,212,2,19,153,14,0,3,11,5,140,120,2,0,0,8,11,0,0,0,5,1,0,0
2019,En agglomération,velo,41_50,5,2,40,43,1,5,29,4,0,1,2,0,28,24,1,40,0,4,12,0,0,0,0,0,0,0
2019,En agglomération,velo,41_50,6,1,65,66,0,7,50,6,0,2,0,0,45,39,2,0,0,5,1,0,0,0,0,0,0,0
2019,En agglomération,velo,41_50,6,2,7,7,0,0,6,1,0,0,0,0,6,3,0,7,0,0,1,0,0,0,0,0,0,0
2019,En agglomération,velo,41_50,8,1,14,14,3,4,6,1,0,0,1,0,7,6,0,0,0,2,1,0,0,0,0,0,0,0
2019,En agglomération,velo,41_50,8,2,2,2,0,0,2,0,0,0,0,0,2,0,1,2,0,0,0,0,0,0,0,0,0,0
2019,En agglomération,velo,41_50,situation_non_renseignee,1,6,6,0,0,6,0,0,0,0,0,6,3,0,0,0,0,0,0,0,0,0,0,0,0
2019,En agglomération,velo,41_50,situation_non_renseignee,2,1,1,0,0,1,0,0,0,0,0,1,0,0,1,0,0,0,0,0,0,0,0,0,0
2019,En agglomération,velo,51_70,1,1,63,65,3,12,48,0,0,0,2,0,56,23,0,0,0,4,2,0,0,0,0,1,0,0
2019,En agglomération,velo,51_70,1,2,10,10,0,3,6,1,0,0,1,0,7,2,0,10,0,1,3,0,0,0,0,1,0,0
2019,En agglomération,velo,51_70,3,1,1,1,0,1,0,0,0,0,0,0,1,0,0,0,0,0,0,0,0,0,0,0,0,0
2019,En agglomération,velo,51_70,5,1,1,1,0,0,1,0,0,0,0,0,1,0,0,0,0,0,0,0,0,0,0,0,0,0
2019,En agglomération,velo,51_70,5,2,1,1,0,1,0,0,0,0,0,0,1,1,0,1,0,0,0,0,0,0,0,0,0,0
2019,En agglomération,velo,51_70,6,1,1,1,0,0,0,1,0,0,0,0,1,0,0,0,0,0,0,0,0,0,0,0,0,0
2019,En agglomération,velo,71_80,1,1,6,6,1,4,1,0,0,0,0,0,4,1,0,0,0,0,0,0,0,0,0,0,0,0
2019,En agglomération,velo,71_80,1,2,2,2,0,0,2,0,0,0,0,0,2,1,0,2,0,0,0,0,0,0,0,0,0,0
2019,En agglomération,velo,71_80,3,1,1,1,0,1,0,0,0,0,0,0,1,0,0,0,0,0,0,0,0,0,0,0,0,0
2019,En agglomération,velo,71_80,3,2,1,1,1,0,0,0,0,0,0,0,1,0,0,1,0,0,0,0,0,0,0,0,0,0
2019,En agglomération,velo,71_80,5,1,1,1,0,0,1,0,0,0,0,0,0,0,0,0,0,0,0,0,0,0,0,0,0,0
2019,En agglomération,velo,81_90,1,1,4,4,2,1,1,0,0,0,0,0,2,1,1,0,0,0,0,0,0,0,0,0,0,0
2019,En agglomération,velo,91_110,1,1,1,1,0,1,0,0,0,0,0,0,1,0,0,0,0,0,0,0,0,0,0,0,0,0
2019,En agglomération,velo,<=20,1,1,45,49,0,6,26,10,0,3,3,0,20,29,2,0,0,4,4,0,0,0,0,1,0,0
2019,En agglomération,velo,<=20,1,2,6,6,0,1,5,0,0,0,1,0,3,5,0,6,0,2,3,0,0,0,0,1,0,0
2019,En agglomération,velo,<=20,1,9,2,2,0,0,1,1,0,0,0,0,1,2,0,2,0,0,1,0,0,0,0,0,0,0
2019,En agglomération,velo,<=20,2,1,2,2,0,0,2,0,0,0,0,0,1,1,0,0,0,0,0,0,0,0,0,0,0,0
2019,En agglomération,velo,<=20,3,1,2,3,0,0,1,0,0,1,0,0,0,2,0,0,0,1,0,0,0,0,0,0,0,0
2019,En agglomération,velo,<=20,4,1,1,1,1,0,0,0,0,0,1,0,0,1,0,0,0,1,1,0,0,0,0,0,0,0
2019,En agglomération,velo,<=20,5,1,10,13,0,1,8,1,0,0,2,0,6,8,1,0,0,0,0,0,0,0,0,0,0,0
2019,En agglomération,velo,<=20,5,2,1,1,0,0,1,0,0,0,1,0,0,1,0,1,0,0,1,0,0,0,0,0,0,0
2019,En agglomération,velo,<=20,6,1,1,1,0,0,1,0,0,0,0,0,1,1,0,0,0,0,0,0,0,0,0,0,0,0
2019,En agglomération,velo,<=20,8,1,2,2,0,0,2,0,0,0,0,0,1,2,0,0,0,0,0,0,0,0,0,0,0,0
2019,En agglomération,velo,>130,1,1,1,1,0,0,1,0,0,0,0,0,0,0,0,0,0,1,0,0,0,0,0,0,0,0
2019,En agglomération,velo,vma_non_renseignee_ou_invalide,1,1,40,43,5,9,24,2,0,0,3,0,22,17,0,0,0,6,3,0,0,0,0,0,0,0
2019,En agglomération,velo,vma_non_renseignee_ou_invalide,1,2,3,3,0,1,2,0,0,0,0,0,2,1,0,3,0,1,1,0,0,0,0,0,0,0
2019,En agglomération,velo,vma_non_renseignee_ou_invalide,1,7,1,1,0,1,0,0,0,0,0,0,0,0,0,1,0,1,1,0,0,0,0,0,0,0
2019,En agglomération,velo,vma_non_renseignee_ou_invalide,5,1,3,4,1,2,0,0,0,0,1,0,2,2,0,0,0,0,1,0,0,0,0,0,0,0
2019,En agglomération,velo,vma_non_renseignee_ou_invalide,5,2,1,2,0,0,1,0,0,0,0,0,0,1,0,1,0,0,1,0,0,0,0,0,0,0
2019,En agglomération,velo,vma_non_renseignee_ou_invalide,8,1,1,1,0,0,1,0,0,0,0,0,0,1,0,0,0,0,0,0,0,0,0,0,0,0
2019,En agglomération,velo,vma_non_renseignee_ou_invalide,situation_non_renseignee,surface_non_renseignee,1,1,0,1,0,0,0,0,0,0,0,0,0,0,0,0,0,0,0,0,0,0,0,0
2019,Hors agglomération,edpm,41_50,1,1,1,1,0,0,1,0,0,0,0,0,1,1,0,0,0,0,0,0,0,0,0,0,0,0
2019,Hors agglomération,edpm,41_50,1,2,1,1,0,0,1,0,0,0,0,0,0,0,0,1,0,1,1,0,0,0,0,0,0,0
2019,Hors agglomération,edpm,51_70,1,1,1,1,0,1,0,0,0,0,0,0,1,1,0,0,0,0,0,0,0,0,0,0,0,0
2019,Hors agglomération,edpm,51_70,1,2,1,1,0,1,0,0,0,0,0,0,1,1,0,1,0,0,0,0,0,0,0,0,0,0
2019,Hors agglomération,edpm,71_80,1,2,2,2,0,2,0,0,0,0,0,0,1,0,0,2,0,0,1,0,0,0,0,0,0,0
2019,Hors agglomération,edpm,81_90,1,1,1,1,1,0,0,0,0,0,0,0,1,0,0,0,0,0,0,0,0,0,0,0,0,0
2019,Hors agglomération,edpm,<=20,1,1,1,1,0,1,0,0,0,0,0,0,1,1,0,0,0,0,0,0,0,0,0,0,0,0
2019,Hors agglomération,edpm,vma_non_renseignee_ou_invalide,5,1,1,1,0,1,0,0,0,0,0,0,0,1,0,0,0,0,0,0,0,0,0,0,0,0
2019,Hors agglomération,velo,21_30,1,1,8,8,1,3,4,0,0,0,0,0,6,5,0,0,0,1,0,0,0,0,0,0,0,0
2019,Hors agglomération,velo,21_30,1,2,2,2,0,1,1,0,0,0,1,0,1,1,0,2,0,1,1,0,0,0,0,0,0,0
2019,Hors agglomération,velo,21_30,1,9,1,1,0,1,0,0,0,0,0,0,0,0,0,1,0,1,1,0,0,0,0,0,0,0
2019,Hors agglomération,velo,21_30,5,1,1,2,0,1,0,0,0,0,0,0,1,0,1,0,0,0,0,0,0,0,0,0,0,0
2019,Hors agglomération,velo,21_30,8,1,1,1,1,0,0,0,0,0,0,0,0,0,0,0,0,1,0,0,0,0,0,0,0,0
2019,Hors agglomération,velo,31_40,1,1,1,1,0,0,0,1,0,0,0,0,0,1,0,0,0,0,0,0,0,0,0,0,0,0
2019,Hors agglomération,velo,31_40,8,1,1,1,1,0,0,0,0,0,1,0,0,0,0,0,0,1,1,0,0,0,0,0,0,0
2019,Hors agglomération,velo,41_50,1,1,86,88,3,29,50,4,0,0,4,1,68,41,1,0,0,12,3,0,0,0,1,1,0,0
2019,Hors agglomération,velo,41_50,1,2,7,7,0,1,6,0,0,0,0,0,7,4,0,7,0,0,0,0,0,0,0,0,0,0
2019,Hors agglomération,velo,41_50,1,9,1,1,0,1,0,0,0,0,0,0,0,1,0,1,0,0,1,0,0,0,0,0,0,0
2019,Hors agglomération,velo,41_50,3,1,3,3,0,0,3,0,0,0,0,0,3,0,0,0,0,0,0,0,0,0,0,0,0,0
2019,Hors agglomération,velo,41_50,5,1,1,2,0,0,1,0,0,0,0,0,1,1,0,0,0,0,0,0,0,0,0,0,0,0
2019,Hors agglomération,velo,41_50,5,2,1,1,0,0,1,0,0,0,0,0,1,1,0,1,0,0,0,0,0,0,0,0,0,0
2019,Hors agglomération,velo,41_50,8,1,1,1,1,0,0,0,0,0,0,0,0,0,0,0,0,1,0,0,0,0,0,0,0,0
2019,Hors agglomération,velo,41_50,situation_non_renseignee,2,1,1,0,0,1,0,0,0,0,0,1,0,0,1,0,0,0,0,0,0,0,0,0,0
2019,Hors agglomération,velo,51_70,1,1,92,96,8,50,33,1,0,0,4,1,68,36,1,0,0,5,4,0,0,0,1,1,0,0
2019,Hors agglomération,velo,51_70,1,2,13,13,1,9,3,0,0,0,0,0,11,5,0,13,0,0,2,0,0,0,0,0,0,0
2019,Hors agglomération,velo,51_70,3,1,4,4,1,0,3,0,0,0,1,0,3,1,0,0,0,0,1,0,0,0,0,0,0,0
2019,Hors agglomération,velo,51_70,5,1,4,4,0,2,2,0,0,0,0,0,2,2,0,0,0,0,0,0,0,0,0,0,0,0
2019,Hors agglomération,velo,51_70,8,1,1,1,1,0,0,0,0,0,0,0,0,0,0,0,0,1,0,0,0,0,0,0,0,0
2019,Hors agglomération,velo,71_80,1,1,430,470,60,265,102,1,0,2,31,0,300,158,6,0,4,34,28,0,0,0,0,4,0,5
2019,Hors agglomération,velo,71_80,1,2,55,60,8,29,17,0,0,1,4,0,38,17,0,55,0,4,17,0,0,0,0,0,0,0
2019,Hors agglomération,velo,71_80,1,6,1,1,0,1,0,0,0,0,0,0,1,1,0,1,0,0,0,0,0,0,0,0,0,0
2019,Hors agglomération,velo,71_80,1,7,1,1,0,1,0,0,0,0,0,0,0,0,0,1,0,1,1,0,0,0,0,0,0,0
2019,Hors agglomération,velo,71_80,1,8,1,1,0,1,0,0,0,0,0,0,0,0,0,1,0,1,1,0,0,0,0,0,0,0
2019,Hors agglomération,velo,71_80,1,9,6,6,1,5,0,0,0,0,1,0,1,4,0,6,0,5,5,0,0,0,0,1,0,0
2019,Hors agglomération,velo,71_80,3,1,19,19,4,14,1,0,0,0,9,0,2,4,0,0,3,13,9,0,0,0,0,1,0,3
2019,Hors agglomération,velo,71_80,5,1,5,5,0,2,3,0,0,0,0,0,4,4,0,0,0,0,0,0,0,0,0,0,0,0
2019,Hors agglomération,velo,71_80,5,2,1,1,0,1,0,0,0,0,0,0,1,1,0,1,0,0,0,0,0,0,0,0,0,0
2019,Hors agglomération,velo,71_80,6,1,3,3,0,3,0,0,0,0,1,0,2,1,0,0,0,1,1,0,0,0,0,1,0,0
2019,Hors agglomération,velo,71_80,8,1,5,7,2,3,0,0,0,0,2,0,1,1,1,0,1,2,3,0,0,0,0,0,0,1
2019,Hors agglomération,velo,81_90,1,1,19,20,1,15,3,0,0,0,0,0,15,3,0,0,0,0,0,0,0,0,0,0,0,0
2019,Hors agglomération,velo,81_90,1,2,1,2,0,0,1,0,0,0,0,0,1,1,0,1,0,0,0,0,0,0,0,0,0,0
2019,Hors agglomération,velo,81_90,2,1,1,1,0,0,1,0,0,0,0,0,1,0,0,0,0,0,0,0,0,0,0,0,0,0
2019,Hors agglomération,velo,81_90,3,1,2,2,2,0,0,0,0,0,1,0,0,1,0,0,0,2,1,0,0,0,0,0,0,0
2019,Hors agglomération,velo,81_90,5,1,1,2,0,1,0,0,0,0,0,0,1,0,0,0,0,0,0,0,0,0,0,0,0,0
2019,Hors agglomération,velo,91_110,1,1,2,2,1,1,0,0,0,0,0,0,2,1,0,0,0,0,0,0,0,0,0,0,0,0
2019,Hors agglomération,velo,91_110,2,1,1,1,0,1,0,0,0,0,0,0,0,0,0,0,0,0,0,0,0,0,0,0,0,0
2019,Hors agglomération,velo,<=20,1,1,3,3,0,0,2,0,0,1,0,0,2,1,0,0,0,0,0,0,0,0,0,0,0,0
2019,Hors agglomération,velo,<=20,5,1,1,1,1,0,0,0,0,0,1,0,0,1,0,0,0,0,1,0,0,0,0,0,0,0
2019,Hors agglomération,velo,vma_non_renseignee_ou_invalide,1,1,21,23,2,15,4,0,0,0,0,0,15,9,1,0,0,2,1,0,0,0,0,0,0,0
2019,Hors agglomération,velo,vma_non_renseignee_ou_invalide,1,2,4,4,0,3,1,0,0,0,0,0,3,2,0,4,0,1,1,0,0,0,0,0,0,0
2019,Hors agglomération,velo,vma_non_renseignee_ou_invalide,2,1,1,2,1,0,0,0,0,0,0,0,1,0,0,0,0,0,0,0,0,0,0,0,0,0
2019,Hors agglomération,velo,vma_non_renseignee_ou_invalide,3,1,1,1,1,0,0,0,0,0,1,0,0,0,0,0,1,1,1,0,0,0,0,0,0,1
2019,Hors agglomération,velo,vma_non_renseignee_ou_invalide,3,2,1,1,1,0,0,0,0,0,1,0,0,1,0,1,0,0,1,0,0,0,0,0,0,0
2019,Hors agglomération,velo,vma_non_renseignee_ou_invalide,5,1,7,8,1,5,1,0,0,0,0,0,3,2,0,0,0,1,0,0,0,0,0,0,0,0
2019,Hors agglomération,velo,vma_non_renseignee_ou_invalide,5,2,1,3,0,0,1,0,0,0,0,0,1,1,0,1,0,0,0,0,0,0,0,0,0,0
2019,Hors agglomération,velo,vma_non_renseignee_ou_invalide,8,1,1,1,0,1,0,0,0,0,1,0,0,1,0,0,0,0,1,0,0,0,0,0,0,0
2019,Hors agglomération,velo,vma_non_renseignee_ou_invalide,8,6,1,1,0,0,1,0,0,0,0,0,1,1,0,1,0,0,0,0,0,0,0,0,0,0
2020,En agglomération,edpm,21_30,1,1,84,84,1,12,63,6,0,2,9,5,55,49,0,0,0,12,9,0,0,0,5,0,0,0
2020,En agglomération,edpm,21_30,1,2,12,12,0,1,11,0,0,0,2,1,6,5,0,12,0,5,6,0,0,0,1,1,0,0
2020,En agglomération,edpm,21_30,3,1,1,1,0,0,1,0,0,0,0,0,1,1,0,0,0,0,0,0,0,0,0,0,0,0
2020,En agglomération,edpm,21_30,4,1,5,5,0,0,3,1,0,1,0,0,0,2,0,0,0,3,0,0,0,0,0,0,0,0
2020,En agglomération,edpm,21_30,4,2,4,4,0,0,2,2,0,0,1,0,0,3,0,4,0,1,4,0,0,0,0,0,0,0
2020,En agglomération,edpm,21_30,4,9,1,1,0,0,1,0,0,0,0,0,0,0,0,1,0,1,1,0,0,0,0,0,0,0
2020,En agglomération,edpm,21_30,5,1,30,30,0,3,19,6,0,2,5,3,13,21,1,0,0,5,5,0,0,0,3,2,0,0
2020,En agglomération,edpm,21_30,5,2,1,1,0,0,1,0,0,0,0,0,1,0,0,1,0,0,0,0,0,0,0,0,0,0
2020,En agglomération,edpm,21_30,6,1,3,3,0,0,2,1,0,0,0,0,1,1,0,0,0,1,0,0,0,0,0,0,0,0
2020,En agglomération,edpm,21_30,6,2,3,3,0,0,2,1,0,0,1,1,1,3,0,3,0,1,2,0,0,0,1,0,0,0
2020,En agglomération,edpm,21_30,8,1,2,2,0,1,1,0,0,0,0,0,1,0,0,0,0,1,0,0,0,0,0,0,0,0
2020,En agglomération,edpm,31_40,6,2,1,1,0,1,0,0,0,0,0,0,1,1,0,1,0,0,0,0,0,0,0,0,0,0
2020,En agglomération,edpm,41_50,1,1,386,386,2,49,307,22,0,6,27,8,300,224,8,0,1,29,28,0,0,0,8,2,1,1
2020,En agglomération,edpm,41_50,1,2,71,71,0,12,56,2,0,1,4,1,58,38,0,71,0,7,13,0,0,0,1,1,0,0
2020,En agglomération,edpm,41_50,1,8,1,1,0,0,1,0,0,0,0,0,0,0,0,1,0,1,1,0,0,0,0,0,0,0
2020,En agglomération,edpm,41_50,1,9,2,3,0,1,1,0,0,0,1,0,1,1,0,2,0,0,1,0,0,0,0,0,0,0
2020,En agglomération,edpm,41_50,3,1,3,3,0,0,2,1,0,0,0,0,2,3,0,0,0,0,0,0,0,0,0,0,0,0
2020,En agglomération,edpm,41_50,3,2,1,1,0,0,1,0,0,0,0,0,1,0,0,1,0,0,0,0,0,0,0,0,0,0
2020,En agglomération,edpm,41_50,4,1,30,30,0,2,17,9,0,2,7,4,11,22,0,0,0,1,7,0,0,0,4,0,0,0
2020,En agglomération,edpm,41_50,4,2,1,1,0,0,1,0,0,0,1,0,0,1,0,1,0,1,1,0,0,0,0,0,1,0
2020,En agglomération,edpm,41_50,5,1,118,120,0,6,88,18,0,6,7,1,95,82,4,0,0,8,9,0,0,0,1,1,0,0
2020,En agglomération,edpm,41_50,5,2,28,29,0,4,21,3,0,0,2,1,19,16,1,28,0,3,9,0,0,0,1,1,0,0
2020,En agglomération,edpm,41_50,5,9,1,1,0,0,1,0,0,0,1,0,0,1,0,1,0,1,1,0,0,0,0,1,0,0
2020,En agglomération,edpm,41_50,6,1,21,21,1,4,15,1,0,0,2,0,14,14,0,0,0,2,2,0,0,0,0,0,1,0
2020,En agglomération,edpm,41_50,6,2,5,5,0,0,4,0,0,1,0,0,3,3,0,5,0,1,2,0,0,0,0,0,0,0
2020,En agglomération,edpm,41_50,8,1,12,12,0,2,9,0,0,1,2,0,9,8,0,0,0,0,2,0,0,0,0,1,0,0
2020,En agglomération,edpm,41_50,8,2,1,1,0,0,1,0,0,0,0,0,1,1,0,1,0,0,0,0,0,0,0,0,0,0
2020,En agglomération,edpm,51_70,1,1,3,3,0,0,3,0,0,0,0,0,3,2,0,0,0,0,0,0,0,0,0,0,0,0
2020,En agglomération,edpm,<=20,1,1,5,5,0,0,4,1,0,0,2,0,1,4,0,0,0,1,2,0,0,0,0,2,0,0
2020,En agglomération,edpm,<=20,1,2,2,2,0,1,1,0,0,0,0,0,2,2,0,2,0,0,0,0,0,0,0,0,0,0
2020,En agglomération,edpm,<=20,4,1,8,8,0,0,3,3,0,2,1,0,0,5,0,0,0,0,1,0,0,0,0,0,0,0
2020,En agglomération,edpm,<=20,4,2,3,3,0,0,2,1,0,0,1,0,1,3,0,3,0,0,2,0,0,0,0,0,0,0
2020,En agglomération,edpm,<=20,5,1,1,1,0,0,1,0,0,0,0,0,0,0,0,0,0,1,0,0,0,0,0,0,0,0
2020,En agglomération,edpm,<=20,5,2,1,1,0,0,0,1,0,0,0,0,0,0,0,1,0,0,1,0,0,0,0,0,0,0
2020,En agglomération,edpm,<=20,6,2,1,1,0,0,1,0,0,0,1,0,0,0,0,1,0,1,1,0,0,0,0,1,0,0
2020,En agglomération,edpm,<=20,8,1,3,3,0,0,2,0,0,1,0,0,2,2,0,0,0,0,0,0,0,0,0,0,0,0
2020,En agglomération,edpm,>130,1,1,1,1,0,0,1,0,0,0,0,0,1,1,0,0,0,0,0,0,0,0,0,0,0,0
2020,En agglomération,edpm,vma_non_renseignee_ou_invalide,1,1,3,3,0,1,2,0,0,0,0,0,3,1,0,0,0,0,0,0,0,0,0,0,0,0
2020,En agglomération,edpm,vma_non_renseignee_ou_invalide,5,1,2,2,1,1,0,0,0,0,2,0,0,1,0,0,0,0,2,0,0,0,0,0,0,0
2020,En agglomération,edpm,vma_non_renseignee_ou_invalide,situation_non_renseignee,surface_non_renseignee,1,1,0,0,1,0,0,0,0,0,0,0,0,0,0,1,0,0,0,0,0,0,0,0
2020,En agglomération,velo,21_30,1,1,375,386,5,62,278,25,0,5,31,5,266,223,7,0,0,29,32,0,0,0,5,8,1,0
2020,En agglomération,velo,21_30,1,2,73,75,1,5,60,5,0,2,2,1,57,41,1,73,0,6,16,0,0,0,1,0,0,0
2020,En agglomération,velo,21_30,1,3,1,1,0,0,1,0,0,0,1,0,0,0,0,1,0,0,1,0,0,0,0,0,0,0
2020,En agglomération,velo,21_30,1,9,1,1,0,0,1,0,0,0,1,1,0,0,0,1,0,1,1,0,0,0,1,0,0,0
2020,En agglomération,velo,21_30,2,1,1,1,0,0,1,0,0,0,0,0,1,1,0,0,0,0,0,0,0,0,0,0,0,0
2020,En agglomération,velo,21_30,3,1,5,5,0,2,2,1,0,0,4,1,2,2,0,0,0,0,3,0,0,0,1,0,0,0
2020,En agglomération,velo,21_30,4,1,19,20,0,4,10,3,0,2,3,1,6,9,0,0,0,5,3,0,0,0,1,0,0,0
2020,En agglomération,velo,21_30,4,2,1,1,0,1,0,0,0,0,1,1,0,0,0,1,0,0,1,0,0,0,1,0,0,0
2020,En agglomération,velo,21_30,4,9,1,1,0,0,1,0,0,0,0,0,1,1,0,1,0,0,0,0,0,0,0,0,0,0
2020,En agglomération,velo,21_30,5,1,135,153,1,12,107,14,0,1,11,1,82,93,8,0,0,19,15,0,0,0,1,5,1,0
2020,En agglomération,velo,21_30,5,2,18,20,1,1,13,3,0,0,1,1,11,12,0,18,0,1,7,0,0,0,1,0,0,0
2020,En agglomération,velo,21_30,6,1,17,19,0,4,13,0,0,0,2,0,10,9,1,0,0,4,3,0,0,0,0,2,0,0
2020,En agglomération,velo,21_30,6,2,3,3,0,0,2,1,0,0,0,0,2,2,0,3,0,0,1,0,0,0,0,0,0,0
2020,En agglomération,velo,21_30,8,1,15,15,0,3,10,1,0,1,1,0,11,8,1,0,0,1,1,0,0,0,0,0,1,0
2020,En agglomération,velo,21_30,8,2,2,2,0,2,0,0,0,0,0,0,2,0,0,2,0,0,0,0,0,0,0,0,0,0
2020,En agglomération,velo,31_40,1,1,1,1,0,0,1,0,0,0,0,0,1,0,0,0,0,0,0,0,0,0,0,0,0,0
2020,En agglomération,velo,31_40,5,1,3,6,0,1,2,0,0,0,0,0,3,3,0,0,0,0,0,0,0,0,0,0,0,0
2020,En agglomération,velo,31_40,5,2,2,3,0,0,2,0,0,0,0,0,2,2,0,2,0,0,0,0,0,0,0,0,0,0
2020,En agglomération,velo,31_40,6,1,1,1,0,1,0,0,0,0,0,0,1,1,0,0,0,0,0,0,0,0,0,0,0,0
2020,En agglomération,velo,41_50,1,1,2193,2233,50,501,1563,53,0,26,146,18,1820,1176,22,0,4,124,117,0,0,0,18,9,4,4
2020,En agglomération,velo,41_50,1,2,358,362,5,63,276,13,0,1,25,6,281,173,4,358,1,31,77,0,0,0,6,3,0,1
2020,En agglomération,velo,41_50,1,3,3,3,0,0,3,0,0,0,0,0,0,1,0,3,0,2,3,0,0,0,0,0,0,0
2020,En agglomération,velo,41_50,1,7,2,2,0,0,2,0,0,0,0,0,1,1,0,2,0,1,1,0,0,0,0,0,0,0
2020,En agglomération,velo,41_50,1,8,4,4,0,0,4,0,0,0,0,0,1,0,0,4,0,2,3,0,0,0,0,0,0,0
2020,En agglomération,velo,41_50,1,9,7,7,1,1,5,0,0,0,1,0,2,2,0,7,0,3,5,0,0,0,0,1,0,0
2020,En agglomération,velo,41_50,2,1,2,2,0,0,2,0,0,0,1,0,1,1,0,0,0,0,1,0,0,0,0,1,0,0
2020,En agglomération,velo,41_50,2,2,1,1,0,0,1,0,0,0,0,0,1,0,0,1,0,0,0,0,0,0,0,0,0,0
2020,En agglomération,velo,41_50,3,1,16,16,0,9,7,0,0,0,7,0,9,11,0,0,0,1,7,0,0,0,0,0,0,0
2020,En agglomération,velo,41_50,3,2,2,2,0,0,2,0,0,0,0,0,2,2,0,2,0,0,0,0,0,0,0,0,0,0
2020,En agglomération,velo,41_50,3,7,1,1,0,0,1,0,0,0,0,0,1,0,0,1,0,0,0,0,0,0,0,0,0,0
2020,En agglomération,velo,41_50,3,9,1,1,0,1,0,0,0,0,1,0,0,1,0,1,0,1,1,0,0,0,0,0,0,0
2020,En agglomération,velo,41_50,4,1,56,56,1,7,33,10,0,5,13,4,26,34,1,0,0,10,14,0,0,0,4,1,4,0
2020,En agglomération,velo,41_50,4,2,13,14,1,2,7,3,0,0,3,0,4,8,0,13,0,4,9,0,0,0,0,0,0,0
2020,En agglomération,velo,41_50,5,1,480,525,4,40,380,48,0,8,47,15,341,292,14,0,0,35,50,0,0,0,15,9,0,0
2020,En agglomération,velo,41_50,5,2,85,88,3,5,68,8,0,1,8,1,55,62,4,85,0,12,30,0,0,0,1,1,2,0
2020,En agglomération,velo,41_50,5,3,1,1,0,0,1,0,0,0,0,0,0,0,0,1,0,1,1,0,0,0,0,0,0,0
2020,En agglomération,velo,41_50,5,9,2,2,0,0,2,0,0,0,2,1,0,0,0,2,0,2,2,0,0,0,1,0,0,0
2020,En agglomération,velo,41_50,6,1,86,87,1,11,68,5,0,1,3,0,66,52,1,0,1,4,3,0,0,0,0,2,0,1
2020,En agglomération,velo,41_50,6,2,19,20,0,1,15,3,0,0,0,0,13,15,0,19,0,2,6,0,0,0,0,0,0,0
2020,En agglomération,velo,41_50,6,3,1,1,0,0,1,0,0,0,0,0,1,1,0,1,0,0,0,0,0,0,0,0,0,0
2020,En agglomération,velo,41_50,6,9,1,2,0,0,1,0,0,0,0,0,1,0,0,1,0,0,0,0,0,0,0,0,0,0
2020,En agglomération,velo,41_50,8,1,42,43,1,14,27,0,0,0,3,0,34,11,1,0,0,1,2,0,0,0,0,0,0,0
2020,En agglomération,velo,41_50,8,2,9,9,0,1,8,0,0,0,1,0,7,6,0,9,0,0,2,0,0,0,0,1,0,0
2020,En agglomération,velo,51_70,1,1,47,53,1,15,31,0,0,0,3,0,37,15,0,0,0,5,3,0,0,0,0,1,0,0
2020,En agglomération,velo,51_70,1,2,12,12,2,3,7,0,0,0,0,0,11,3,0,12,0,0,1,0,0,0,0,0,0,0
2020,En agglomération,velo,51_70,2,2,1,1,0,0,1,0,0,0,0,0,1,1,0,1,0,0,0,0,0,0,0,0,0,0
2020,En agglomération,velo,51_70,3,1,1,1,0,1,0,0,0,0,0,0,0,1,0,0,0,1,0,0,0,0,0,0,0,0
2020,En agglomération,velo,51_70,5,1,2,2,0,1,1,0,0,0,0,0,1,0,0,0,0,0,0,0,0,0,0,0,0,0
2020,En agglomération,velo,51_70,6,1,1,1,0,1,0,0,0,0,0,0,1,1,0,0,0,0,0,0,0,0,0,0,0,0
2020,En agglomération,velo,71_80,1,1,10,10,0,5,5,0,0,0,1,1,7,5,0,0,0,1,0,0,0,0,1,0,0,0
2020,En agglomération,velo,71_80,1,2,2,2,0,1,1,0,0,0,0,0,2,1,0,2,0,0,0,0,0,0,0,0,0,0
2020,En agglomération,velo,71_80,5,1,1,2,0,0,1,0,0,0,0,0,1,1,0,0,0,0,0,0,0,0,0,0,0,0
2020,En agglomération,velo,81_90,1,1,3,3,1,0,2,0,0,0,0,0,3,0,0,0,0,0,0,0,0,0,0,0,0,0
2020,En agglomération,velo,<=20,1,1,25,26,0,4,17,4,0,0,0,0,15,19,0,0,0,2,0,0,0,0,0,0,0,0
2020,En agglomération,velo,<=20,1,2,3,3,0,1,2,0,0,0,0,0,2,3,0,3,0,1,1,0,0,0,0,0,0,0
2020,En agglomération,velo,<=20,1,7,1,1,0,0,1,0,0,0,1,1,0,0,0,1,0,0,1,0,0,0,1,0,0,0
2020,En agglomération,velo,<=20,3,2,1,1,0,1,0,0,0,0,0,0,0,0,0,1,0,1,1,0,0,0,0,0,0,0
2020,En agglomération,velo,<=20,4,1,8,8,0,1,3,3,0,1,1,0,0,8,0,0,0,3,1,0,0,0,0,0,0,0
2020,En agglomération,velo,<=20,4,2,1,1,0,0,1,0,0,0,0,0,0,0,0,1,0,0,1,0,0,0,0,0,0,0
2020,En agglomération,velo,<=20,5,1,17,20,0,3,8,5,0,1,0,0,4,9,1,0,0,3,1,0,0,0,0,0,0,0
2020,En agglomération,velo,<=20,5,2,1,1,0,0,1,0,0,0,0,0,0,0,0,1,0,0,1,0,0,0,0,0,0,0
2020,En agglomération,velo,<=20,6,1,6,7,0,1,2,3,0,0,1,0,2,5,2,0,0,1,2,0,0,0,0,0,2,0
2020,En agglomération,velo,<=20,8,1,11,11,1,3,6,1,0,0,0,0,2,6,0,0,0,2,0,0,0,0,0,0,0,0
2020,En agglomération,velo,<=20,8,2,1,1,0,0,0,0,0,1,0,0,0,1,0,1,0,0,1,0,0,0,0,0,0,0
2020,En agglomération,velo,vma_non_renseignee_ou_invalide,1,1,25,26,0,11,13,1,0,0,0,0,19,11,0,0,0,0,0,0,0,0,0,0,0,0
2020,En agglomération,velo,vma_non_renseignee_ou_invalide,1,2,6,6,1,3,2,0,0,0,2,1,4,3,0,6,0,0,2,0,0,0,1,0,0,0
2020,En agglomération,velo,vma_non_renseignee_ou_invalide,1,surface_non_renseignee,1,1,0,0,1,0,0,0,0,0,1,1,0,0,0,0,0,0,0,0,0,0,0,0
2020,En agglomération,velo,vma_non_renseignee_ou_invalide,3,1,2,2,1,0,1,0,0,0,1,0,0,1,0,0,0,0,1,0,0,0,0,0,1,0
2020,En agglomération,velo,vma_non_renseignee_ou_invalide,4,1,1,1,0,1,0,0,0,0,1,1,0,1,0,0,0,1,1,0,0,0,1,0,0,0
2020,En agglomération,velo,vma_non_renseignee_ou_invalide,5,1,7,8,1,1,5,0,0,0,1,0,5,4,0,0,0,0,1,0,0,0,0,0,0,0
2020,En agglomération,velo,vma_non_renseignee_ou_invalide,5,2,3,5,0,2,1,0,0,0,0,0,2,3,0,3,0,0,1,0,0,0,0,0,0,0
2020,En agglomération,velo,vma_non_renseignee_ou_invalide,8,1,5,5,1,1,2,1,0,0,1,0,2,3,0,0,0,0,1,0,0,0,0,0,0,0
2020,En agglomération,velo,vma_non_renseignee_ou_invalide,situation_non_renseignee,surface_non_renseignee,1,1,0,0,1,0,0,0,0,0,1,1,0,0,0,0,0,0,0,0,0,0,0,0
2020,Hors agglomération,edpm,41_50,1,1,5,5,0,2,3,0,0,0,0,0,3,2,0,0,0,1,0,0,0,0,0,0,0,0
2020,Hors agglomération,edpm,41_50,1,2,2,2,0,0,2,0,0,0,0,0,2,0,0,2,0,0,0,0,0,0,0,0,0,0
2020,Hors agglomération,edpm,41_50,5,1,2,2,0,0,1,1,0,0,0,0,2,1,0,0,0,0,0,0,0,0,0,0,0,0
2020,Hors agglomération,edpm,41_50,8,1,1,1,1,0,0,0,0,0,0,0,0,1,0,0,0,1,0,0,0,0,0,0,0,0
2020,Hors agglomération,edpm,51_70,1,1,2,2,0,1,1,0,0,0,0,0,1,1,0,0,0,1,0,0,0,0,0,0,0,0
2020,Hors agglomération,edpm,71_80,1,1,3,3,1,1,1,0,0,0,0,0,3,2,0,0,0,0,0,0,0,0,0,0,0,0
2020,Hors agglomération,edpm,71_80,5,1,1,1,0,1,0,0,0,0,0,0,1,1,0,0,0,0,0,0,0,0,0,0,0,0
2020,Hors agglomération,edpm,vma_non_renseignee_ou_invalide,6,1,1,1,0,1,0,0,0,0,0,0,1,1,0,0,0,0,0,0,0,0,0,0,0,0
2020,Hors agglomération,velo,21_30,1,1,8,8,0,6,2,0,0,0,0,0,5,6,0,0,0,2,0,0,0,0,0,0,0,0
2020,Hors agglomération,velo,21_30,1,2,1,1,0,0,1,0,0,0,0,0,0,0,0,1,0,0,1,0,0,0,0,0,0,0
2020,Hors agglomération,velo,21_30,3,1,2,3,0,2,0,0,0,0,0,0,1,0,0,0,0,1,0,0,0,0,0,0,0,0
2020,Hors agglomération,velo,21_30,5,1,7,9,0,0,7,0,0,0,2,0,4,5,0,0,0,1,2,0,0,0,0,0,0,0
2020,Hors agglomération,velo,21_30,6,1,1,1,0,0,1,0,0,0,0,0,1,1,0,0,0,0,0,0,0,0,0,0,0,0
2020,Hors agglomération,velo,21_30,8,1,1,1,0,0,1,0,0,0,0,0,1,1,0,0,0,0,0,0,0,0,0,0,0,0
2020,Hors agglomération,velo,41_50,1,1,122,128,8,51,61,2,0,0,2,1,92,44,1,0,0,14,2,0,0,0,1,0,0,0
2020,Hors agglomération,velo,41_50,1,2,14,14,0,5,9,0,0,0,0,0,12,8,2,14,0,0,2,0,0,0,0,0,0,0
2020,Hors agglomération,velo,41_50,1,6,1,1,1,0,0,0,0,0,0,0,0,0,0,1,0,1,1,0,0,0,0,0,0,0
2020,Hors agglomération,velo,41_50,3,2,1,1,0,1,0,0,0,0,0,0,1,0,0,1,0,0,0,0,0,0,0,0,0,0
2020,Hors agglomération,velo,41_50,5,1,7,8,0,2,5,0,0,0,0,0,6,3,0,0,0,0,0,0,0,0,0,0,0,0
2020,Hors agglomération,velo,41_50,8,1,8,8,1,4,2,1,0,0,1,0,6,3,0,0,0,0,1,0,0,0,0,0,0,0
2020,Hors agglomération,velo,41_50,8,2,1,1,0,0,1,0,0,0,0,0,1,1,0,1,0,0,0,0,0,0,0,0,0,0
2020,Hors agglomération,velo,51_70,1,1,98,103,13,49,35,0,0,1,2,0,70,33,2,0,0,6,1,0,0,0,0,0,0,0
2020,Hors agglomération,velo,51_70,1,2,6,6,1,3,2,0,0,0,0,0,4,2,0,6,0,1,2,0,0,0,0,0,0,0
2020,Hors agglomération,velo,51_70,1,9,1,3,1,0,0,0,0,0,0,0,1,1,0,1,0,0,0,0,0,0,0,0,0,0
2020,Hors agglomération,velo,51_70,2,1,1,1,0,0,1,0,0,0,0,0,1,0,0,0,0,0,0,0,0,0,0,0,0,0
2020,Hors agglomération,velo,51_70,3,1,3,3,2,0,1,0,0,0,2,0,1,1,1,0,0,1,2,0,0,0,0,0,0,0
2020,Hors agglomération,velo,51_70,5,1,8,8,0,4,4,0,0,0,1,0,6,6,0,0,0,0,1,0,0,0,0,0,0,0
2020,Hors agglomération,velo,51_70,5,2,1,1,0,1,0,0,0,0,0,0,0,0,0,1,0,1,1,0,0,0,0,0,0,0
2020,Hors agglomération,velo,51_70,6,1,1,1,0,0,1,0,0,0,0,0,1,0,0,0,0,0,0,0,0,0,0,0,0,0
2020,Hors agglomération,velo,51_70,8,1,2,2,0,1,1,0,0,0,1,0,0,2,0,0,0,0,1,0,0,0,0,0,0,0
2020,Hors agglomération,velo,71_80,1,1,383,426,54,225,101,2,0,1,18,1,258,144,3,0,0,51,15,0,0,0,1,1,1,0
2020,Hors agglomération,velo,71_80,1,2,35,36,2,19,14,0,0,0,0,0,19,6,0,35,0,2,16,0,0,0,0,0,0,0
2020,Hors agglomération,velo,71_80,1,7,1,3,0,1,0,0,0,0,0,0,0,1,0,1,0,0,1,0,0,0,0,0,0,0
2020,Hors agglomération,velo,71_80,1,9,5,5,0,4,1,0,0,0,0,0,3,4,0,5,0,2,2,0,0,0,0,0,0,0
2020,Hors agglomération,velo,71_80,2,1,2,3,1,0,1,0,0,0,0,0,0,0,0,0,0,0,0,0,0,0,0,0,0,0
2020,Hors agglomération,velo,71_80,3,1,22,22,3,14,5,0,0,0,12,0,2,8,3,0,1,8,12,0,0,0,0,0,0,1
2020,Hors agglomération,velo,71_80,3,2,4,4,2,2,0,0,0,0,3,0,0,2,1,4,1,2,4,0,0,0,0,0,0,1
2020,Hors agglomération,velo,71_80,3,9,1,1,0,1,0,0,0,0,0,0,0,0,0,1,0,1,1,0,0,0,0,0,0,0
2020,Hors agglomération,velo,71_80,4,1,1,1,1,0,0,0,0,0,0,0,0,0,0,0,0,0,0,0,0,0,0,0,0,0
2020,Hors agglomération,velo,71_80,5,1,8,10,0,5,3,0,0,0,0,0,6,4,0,0,0,1,0,0,0,0,0,0,0,0
2020,Hors agglomération,velo,71_80,6,1,1,1,0,1,0,0,0,0,1,0,0,1,0,0,0,0,1,0,0,0,0,1,0,0
2020,Hors agglomération,velo,71_80,8,1,9,9,3,1,4,1,0,0,1,0,0,1,0,0,0,6,1,0,0,0,0,0,0,0
2020,Hors agglomération,velo,81_90,1,1,31,32,2,18,11,0,0,0,3,0,19,14,0,0,0,4,2,0,0,0,0,0,0,0
2020,Hors agglomération,velo,81_90,1,2,4,4,2,1,1,0,0,0,0,0,0,0,0,4,0,1,4,0,0,0,0,0,0,0
2020,Hors agglomération,velo,81_90,3,1,1,1,0,1,0,0,0,0,0,0,0,0,0,0,0,0,0,0,0,0,0,0,0,0
2020,Hors agglomération,velo,81_90,5,1,1,1,0,1,0,0,0,0,1,0,0,1,0,0,0,0,1,0,0,0,0,0,0,0
2020,Hors agglomération,velo,81_90,8,1,1,1,0,0,1,0,0,0,0,0,0,1,0,0,0,0,0,0,0,0,0,0,0,0
2020,Hors agglomération,velo,91_110,1,1,1,1,0,0,1,0,0,0,0,0,1,0,0,0,0,0,0,0,0,0,0,0,0,0
2020,Hors agglomération,velo,91_110,1,2,1,1,0,1,0,0,0,0,0,0,1,0,0,1,0,0,0,0,0,0,0,0,0,0
2020,Hors agglomération,velo,<=20,5,1,4,7,0,2,2,0,0,0,0,0,2,4,0,0,0,1,0,0,0,0,0,0,0,0
2020,Hors agglomération,velo,<=20,6,1,1,1,0,0,1,0,0,0,1,0,0,1,0,0,0,1,1,0,0,0,0,0,0,0
2020,Hors agglomération,velo,<=20,8,1,1,1,0,1,0,0,0,0,0,0,0,1,0,0,0,1,0,0,0,0,0,0,0,0
2020,Hors agglomération,velo,vma_non_renseignee_ou_invalide,1,1,21,24,2,13,6,0,0,0,0,0,13,9,0,0,0,4,0,0,0,0,0,0,0,0
2020,Hors agglomération,velo,vma_non_renseignee_ou_invalide,1,2,5,5,0,1,4,0,0,0,1,0,4,1,0,5,0,1,1,0,0,0,0,1,0,0
2020,Hors agglomération,velo,vma_non_renseignee_ou_invalide,1,9,1,1,1,0,0,0,0,0,0,0,1,1,0,1,0,0,0,0,0,0,0,0,0,0
2020,Hors agglomération,velo,vma_non_renseignee_ou_invalide,3,1,1,2,0,0,1,0,0,0,0,0,0,0,0,0,0,0,0,0,0,0,0,0,0,0
2020,Hors agglomération,velo,vma_non_renseignee_ou_invalide,5,1,3,5,1,2,0,0,0,0,1,0,1,3,0,0,0,1,1,0,0,0,0,1,0,0
2020,Hors agglomération,velo,vma_non_renseignee_ou_invalide,5,9,1,2,0,1,0,0,0,0,0,0,0,0,0,1,0,0,1,0,0,0,0,0,0,0
2020,Hors agglomération,velo,vma_non_renseignee_ou_invalide,6,1,2,3,0,1,1,0,0,0,0,0,2,2,0,0,0,0,0,0,0,0,0,0,0,0
2020,Hors agglomération,velo,vma_non_renseignee_ou_invalide,8,9,1,1,0,1,0,0,0,0,1,0,0,0,0,1,0,1,1,0,0,0,0,0,0,0
2021,En agglomération,edpm,21_30,1,1,220,220,3,27,172,18,0,0,17,5,161,138,5,0,0,25,19,0,0,0,5,2,2,0
2021,En agglomération,edpm,21_30,1,2,43,43,0,7,31,5,0,0,4,1,29,24,0,43,0,6,14,0,0,0,1,0,0,0
2021,En agglomération,edpm,21_30,1,3,1,1,0,0,1,0,0,0,0,0,1,0,1,1,0,0,0,0,0,0,0,0,0,0
2021,En agglomération,edpm,21_30,4,1,20,20,0,2,12,6,0,0,5,0,6,10,0,0,0,5,5,0,0,0,0,1,1,0
2021,En agglomération,edpm,21_30,4,2,5,6,0,1,3,1,0,0,0,0,4,3,0,5,0,0,1,0,0,0,0,0,0,0
2021,En agglomération,edpm,21_30,5,1,83,86,0,4,55,24,0,0,5,1,52,61,3,0,0,4,5,0,0,0,1,3,0,0
2021,En agglomération,edpm,21_30,5,2,13,14,0,0,11,2,0,0,2,0,7,7,0,13,0,2,6,0,0,0,0,0,0,0
2021,En agglomération,edpm,21_30,5,9,1,1,0,0,1,0,0,0,0,0,0,0,1,1,0,1,1,0,0,0,0,0,0,0
2021,En agglomération,edpm,21_30,6,1,19,19,1,0,16,2,0,0,1,0,13,10,0,0,0,3,1,0,0,0,0,1,0,0
2021,En agglomération,edpm,21_30,8,1,4,4,0,2,2,0,0,0,0,0,3,2,0,0,0,1,0,0,0,0,0,0,0,0
2021,En agglomération,edpm,21_30,8,2,1,1,0,0,1,0,0,0,0,0,0,0,0,1,0,1,1,0,0,0,0,0,0,0
2021,En agglomération,edpm,31_40,1,1,1,1,0,0,1,0,0,0,0,0,1,1,0,0,0,0,0,0,0,0,0,0,0,0
2021,En agglomération,edpm,41_50,1,1,642,644,10,110,496,26,0,0,41,13,525,369,4,0,0,42,30,0,0,0,13,4,0,0
2021,En agglomération,edpm,41_50,1,2,106,106,1,20,82,3,0,0,6,1,88,55,0,106,0,8,18,0,0,0,1,2,0,0
2021,En agglomération,edpm,41_50,1,5,1,1,0,0,1,0,0,0,0,0,1,0,0,1,0,0,0,0,0,0,0,0,0,0
2021,En agglomération,edpm,41_50,1,8,1,1,0,0,1,0,0,0,0,0,1,0,0,1,0,0,0,0,0,0,0,0,0,0
2021,En agglomération,edpm,41_50,1,9,4,4,1,1,2,0,0,0,1,0,1,1,0,4,0,3,3,0,0,0,0,1,0,0
2021,En agglomération,edpm,41_50,2,2,1,1,0,0,1,0,0,0,0,0,1,0,0,1,0,0,0,0,0,0,0,0,0,0
2021,En agglomération,edpm,41_50,3,1,2,2,0,1,1,0,0,0,1,0,0,0,0,0,0,1,1,0,0,0,0,0,0,0
2021,En agglomération,edpm,41_50,4,1,54,55,0,5,36,13,0,0,9,3,25,44,0,0,0,7,9,0,0,0,3,0,2,0
2021,En agglomération,edpm,41_50,4,2,10,10,0,1,8,1,0,0,2,0,5,7,1,10,0,1,5,0,0,0,0,0,0,0
2021,En agglomération,edpm,41_50,5,1,119,124,0,8,90,21,0,0,7,1,88,72,2,0,0,13,6,0,0,0,1,1,2,0
2021,En agglomération,edpm,41_50,5,2,16,16,0,1,13,2,0,0,0,0,12,10,1,16,0,2,4,0,0,0,0,0,0,0
2021,En agglomération,edpm,41_50,5,7,1,1,0,0,0,1,0,0,0,0,0,0,0,1,0,0,1,0,0,0,0,0,0,0
2021,En agglomération,edpm,41_50,6,1,21,21,0,3,16,2,0,0,1,0,17,11,0,0,0,1,1,0,0,0,0,0,1,0
2021,En agglomération,edpm,41_50,6,2,5,5,0,0,5,0,0,0,0,0,2,2,0,5,0,2,3,0,0,0,0,0,0,0
2021,En agglomération,edpm,41_50,6,8,1,1,0,0,1,0,0,0,0,0,0,0,0,1,0,1,1,0,0,0,0,0,0,0
2021,En agglomération,edpm,41_50,8,1,12,12,0,2,9,1,0,0,1,0,7,5,0,0,0,0,1,0,0,0,0,0,0,0
2021,En agglomération,edpm,41_50,8,2,2,2,0,0,2,0,0,0,1,1,2,2,1,2,0,0,0,0,0,0,1,0,0,0
2021,En agglomération,edpm,51_70,1,1,7,7,2,1,3,1,0,0,0,0,5,2,0,0,0,0,0,0,0,0,0,0,0,0
2021,En agglomération,edpm,51_70,5,1,1,1,0,1,0,0,0,0,0,0,1,0,0,0,0,0,0,0,0,0,0,0,0,0
2021,En agglomération,edpm,71_80,1,1,2,2,1,1,0,0,0,0,0,0,2,1,0,0,0,0,0,0,0,0,0,0,0,0
2021,En agglomération,edpm,81_90,5,1,1,2,1,0,0,0,0,0,0,0,1,0,0,0,0,0,0,0,0,0,0,0,0,0
2021,En agglomération,edpm,<=20,1,1,6,6,0,1,4,1,0,0,0,0,4,4,0,0,0,0,0,0,0,0,0,0,0,0
2021,En agglomération,edpm,<=20,1,2,2,2,0,1,1,0,0,0,0,0,1,1,0,2,0,1,1,0,0,0,0,0,0,0
2021,En agglomération,edpm,<=20,3,9,1,1,0,0,1,0,0,0,0,0,0,0,0,1,0,1,1,0,0,0,0,0,0,0
2021,En agglomération,edpm,<=20,4,1,7,7,0,0,3,4,0,0,1,0,1,5,0,0,0,0,1,0,0,0,0,0,0,0
2021,En agglomération,edpm,<=20,4,2,2,2,0,0,2,0,0,0,1,1,0,0,0,2,0,1,2,0,0,0,1,0,0,0
2021,En agglomération,edpm,<=20,5,1,7,7,0,1,3,3,0,0,1,1,5,4,0,0,0,0,1,0,0,0,1,0,0,0
2021,En agglomération,edpm,<=20,6,1,4,4,0,1,1,2,0,0,0,0,2,4,0,0,0,0,0,0,0,0,0,0,0,0
2021,En agglomération,edpm,<=20,8,1,2,2,0,1,1,0,0,0,0,0,1,2,0,0,0,0,0,0,0,0,0,0,0,0
2021,En agglomération,edpm,<=20,8,2,1,1,0,0,1,0,0,0,0,0,0,1,0,1,0,1,1,0,0,0,0,0,0,0
2021,En agglomération,edpm,vma_non_renseignee_ou_invalide,1,1,4,4,1,1,2,0,0,0,0,0,4,1,0,0,0,0,0,0,0,0,0,0,0,0
2021,En agglomération,edpm,vma_non_renseignee_ou_invalide,1,2,1,1,0,1,0,0,0,0,0,0,1,1,0,1,0,0,0,0,0,0,0,0,0,0
2021,En agglomération,edpm,vma_non_renseignee_ou_invalide,3,1,1,1,1,0,0,0,0,0,1,0,0,0,0,0,0,1,1,0,0,0,0,0,0,0
2021,En agglomération,edpm,vma_non_renseignee_ou_invalide,8,1,2,2,0,0,1,1,0,0,0,0,1,0,0,0,0,0,0,0,0,0,0,0,0,0
2021,En agglomération,velo,21_30,1,1,645,664,12,90,491,52,0,0,52,11,506,378,7,0,3,44,47,0,0,0,11,1,1,3
2021,En agglomération,velo,21_30,1,2,116,117,3,12,92,9,0,0,5,1,92,62,1,116,1,13,24,0,0,0,1,0,0,1
2021,En agglomération,velo,21_30,1,3,1,1,0,0,1,0,0,0,1,0,0,1,0,1,0,0,1,0,0,0,0,0,0,0
2021,En agglomération,velo,21_30,1,5,2,2,0,0,1,1,0,0,0,0,1,2,0,2,0,0,1,0,0,0,0,0,0,0
2021,En agglomération,velo,21_30,1,7,1,1,0,0,1,0,0,0,0,0,1,0,0,1,0,0,0,0,0,0,0,0,0,0
2021,En agglomération,velo,21_30,1,9,3,3,0,1,1,1,0,0,0,0,1,1,0,3,0,2,2,0,0,0,0,0,0,0
2021,En agglomération,velo,21_30,3,1,3,3,0,1,2,0,0,0,2,1,1,2,0,0,0,0,2,0,0,0,1,0,0,0
2021,En agglomération,velo,21_30,3,2,1,1,0,0,1,0,0,0,1,0,0,1,0,1,0,0,1,0,0,0,0,0,0,0
2021,En agglomération,velo,21_30,4,1,29,31,0,5,15,9,0,0,7,3,10,19,0,0,0,4,6,0,0,0,3,0,0,0
2021,En agglomération,velo,21_30,4,2,1,1,0,0,0,1,0,0,0,0,1,1,0,1,0,0,0,0,0,0,0,0,0,0
2021,En agglomération,velo,21_30,5,1,267,304,0,10,212,45,0,0,23,10,183,175,17,0,0,24,30,0,0,0,10,4,1,0
2021,En agglomération,velo,21_30,5,2,52,56,2,1,44,5,0,0,3,0,33,27,3,52,0,9,19,0,0,0,0,1,0,0
2021,En agglomération,velo,21_30,5,3,1,2,0,0,1,0,0,0,0,0,1,0,0,1,0,0,0,0,0,0,0,0,0,0
2021,En agglomération,velo,21_30,5,7,1,1,0,0,1,0,0,0,0,0,0,0,0,1,0,1,1,0,0,0,0,0,0,0
2021,En agglomération,velo,21_30,5,8,1,1,0,0,1,0,0,0,0,0,0,0,0,1,0,1,1,0,0,0,0,0,0,0
2021,En agglomération,velo,21_30,6,1,37,39,0,4,28,5,0,0,1,0,29,18,1,0,0,3,2,0,0,0,0,1,0,0
2021,En agglomération,velo,21_30,6,2,3,3,0,0,3,0,0,0,0,0,1,1,0,3,0,1,2,0,0,0,0,0,0,0
2021,En agglomération,velo,21_30,8,1,19,20,0,4,11,4,0,0,2,0,11,14,1,0,0,3,2,0,0,0,0,1,0,0
2021,En agglomération,velo,21_30,8,2,3,3,1,0,2,0,0,0,1,0,2,1,0,3,0,1,1,0,0,0,0,0,0,0
2021,En agglomération,velo,21_30,8,9,1,1,0,1,0,0,0,0,0,0,0,0,0,1,0,1,1,0,0,0,0,0,0,0
2021,En agglomération,velo,31_40,1,1,3,3,0,2,1,0,0,0,0,0,3,3,0,0,0,0,0,0,0,0,0,0,0,0
2021,En agglomération,velo,31_40,5,1,1,1,0,1,0,0,0,0,0,0,1,1,0,0,0,0,0,0,0,0,0,0,0,0
2021,En agglomération,velo,41_50,1,1,2378,2419,48,551,1683,96,0,0,156,24,1952,1219,30,0,2,136,123,0,0,0,25,12,6,2
2021,En agglomération,velo,41_50,1,2,325,331,6,62,243,14,0,0,18,2,264,172,3,325,0,28,61,0,0,0,2,0,0,0
2021,En agglomération,velo,41_50,1,3,4,4,0,1,3,0,0,0,1,0,1,2,0,4,0,2,3,0,0,0,0,0,1,0
2021,En agglomération,velo,41_50,1,7,3,3,1,0,2,0,0,0,0,0,1,0,0,3,0,2,2,0,0,0,0,0,0,0
2021,En agglomération,velo,41_50,1,8,1,1,1,0,0,0,0,0,0,0,0,0,0,1,0,1,1,0,0,0,0,0,0,0
2021,En agglomération,velo,41_50,1,9,6,7,1,1,4,0,0,0,0,0,5,4,1,6,0,1,1,0,0,0,0,0,0,0
2021,En agglomération,velo,41_50,1,surface_non_renseignee,1,1,0,0,1,0,0,0,0,0,1,0,0,0,0,0,0,0,0,0,0,0,0,0
2021,En agglomération,velo,41_50,2,1,1,1,0,1,0,0,0,0,0,0,1,0,0,0,0,0,0,0,0,0,0,0,0,0
2021,En agglomération,velo,41_50,3,1,16,16,2,10,4,0,0,0,8,0,5,8,1,0,0,6,8,0,0,0,0,0,1,0
2021,En agglomération,velo,41_50,3,2,4,4,0,0,4,0,0,0,2,0,1,2,0,4,0,1,3,0,0,0,0,0,0,0
2021,En agglomération,velo,41_50,3,9,2,3,0,1,1,0,0,0,1,0,0,2,0,2,0,1,2,0,0,0,0,1,0,0
2021,En agglomération,velo,41_50,4,1,74,81,1,22,37,14,0,0,11,4,35,43,0,0,0,16,10,0,0,0,4,1,0,0
2021,En agglomération,velo,41_50,4,2,11,11,2,3,6,0,0,0,5,3,2,5,0,11,1,7,9,0,0,0,3,0,0,1
2021,En agglomération,velo,41_50,4,3,1,1,0,0,1,0,0,0,0,0,1,1,0,1,0,0,0,0,0,0,0,0,0,0
2021,En agglomération,velo,41_50,4,9,1,1,0,1,0,0,0,0,0,0,1,1,0,1,0,0,0,0,0,0,0,0,0,0
2021,En agglomération,velo,41_50,5,1,457,489,2,54,362,38,1,0,42,12,335,278,14,0,1,31,44,0,0,0,12,5,0,1
2021,En agglomération,velo,41_50,5,2,78,84,0,6,67,5,0,0,4,1,55,42,2,78,0,12,23,0,0,0,1,0,0,0
2021,En agglomération,velo,41_50,5,3,1,1,0,0,1,0,0,0,1,0,0,0,0,1,0,1,1,0,0,0,0,0,0,0
2021,En agglomération,velo,41_50,5,5,1,1,0,0,0,1,0,0,0,0,0,0,0,1,0,0,1,0,0,0,0,0,0,0
2021,En agglomération,velo,41_50,5,7,2,2,0,1,0,1,0,0,0,0,0,0,0,2,0,1,2,0,0,0,0,0,0,0
2021,En agglomération,velo,41_50,5,9,1,1,0,1,0,0,0,0,0,0,0,0,0,1,0,1,1,0,0,0,0,0,0,0
2021,En agglomération,velo,41_50,6,1,77,82,0,11,64,2,0,0,6,1,58,38,1,0,0,4,6,0,0,0,1,1,0,0
2021,En agglomération,velo,41_50,6,2,15,15,0,3,11,1,0,0,0,0,11,8,0,15,0,1,4,0,0,0,0,0,0,0
2021,En agglomération,velo,41_50,6,6,1,1,0,0,1,0,0,0,0,0,1,1,0,1,0,0,0,0,0,0,0,0,0,0
2021,En agglomération,velo,41_50,8,1,27,28,5,4,16,2,0,0,1,0,17,15,0,0,0,4,1,0,0,0,0,0,0,0
2021,En agglomération,velo,41_50,8,2,4,4,1,1,2,0,0,0,0,0,4,2,0,4,0,0,0,0,0,0,0,0,0,0
2021,En agglomération,velo,51_70,1,1,24,25,3,9,12,0,0,0,0,0,18,7,0,0,0,0,0,0,0,0,0,0,0,0
2021,En agglomération,velo,51_70,1,2,1,1,0,1,0,0,0,0,0,0,1,1,0,1,0,0,0,0,0,0,0,0,0,0
2021,En agglomération,velo,51_70,5,1,5,5,1,1,3,0,0,0,0,0,5,2,0,0,0,0,0,0,0,0,0,0,0,0
2021,En agglomération,velo,71_80,1,1,16,16,1,11,4,0,0,0,1,0,10,4,0,0,0,2,1,0,0,0,0,0,0,0
2021,En agglomération,velo,71_80,5,1,1,1,0,0,1,0,0,0,0,0,1,1,0,0,0,0,0,0,0,0,0,0,0,0
2021,En agglomération,velo,91_110,1,1,1,1,0,1,0,0,0,0,0,0,1,0,0,0,0,0,0,0,0,0,0,0,0,0
2021,En agglomération,velo,<=20,1,1,21,24,0,1,18,2,0,0,2,0,14,13,0,0,0,2,1,0,0,0,0,0,0,0
2021,En agglomération,velo,<=20,1,2,9,9,0,2,6,1,0,0,0,0,6,4,0,9,0,0,3,0,0,0,0,0,0,0
2021,En agglomération,velo,<=20,1,6,1,1,0,1,0,0,0,0,1,0,0,1,0,1,0,0,1,0,0,0,0,0,0,0
2021,En agglomération,velo,<=20,1,7,1,1,0,1,0,0,0,0,0,0,1,0,0,1,0,0,0,0,0,0,0,0,0,0
2021,En agglomération,velo,<=20,4,1,6,6,0,0,3,3,0,0,1,0,2,4,0,0,0,1,1,0,0,0,0,0,1,0
2021,En agglomération,velo,<=20,5,1,19,21,0,2,12,5,0,0,3,1,10,14,0,0,0,0,2,0,0,0,1,1,0,0
2021,En agglomération,velo,<=20,5,2,1,1,0,1,0,0,0,0,0,0,0,0,0,1,0,1,1,0,0,0,0,0,0,0
2021,En agglomération,velo,<=20,6,1,6,6,0,0,3,3,0,0,1,0,2,3,0,0,0,0,1,0,0,0,0,1,0,0
2021,En agglomération,velo,<=20,6,2,1,1,0,0,1,0,0,0,0,0,0,1,0,1,0,0,1,0,0,0,0,0,0,0
2021,En agglomération,velo,<=20,8,1,6,7,0,0,4,2,0,0,1,0,3,2,0,0,0,1,0,0,0,0,0,0,0,0
2021,En agglomération,velo,>130,1,1,2,2,0,0,2,0,0,0,0,0,2,0,0,0,0,0,0,0,0,0,0,0,0,0
2021,En agglomération,velo,>130,1,2,1,1,0,1,0,0,0,0,0,0,0,0,0,1,0,1,1,0,0,0,0,0,0,0
2021,En agglomération,velo,>130,6,1,1,1,1,0,0,0,0,0,0,0,0,1,0,0,0,0,0,0,0,0,0,0,0,0
2021,En agglomération,velo,vma_non_renseignee_ou_invalide,1,1,35,37,3,20,11,1,0,0,0,0,26,18,0,0,0,6,0,0,0,0,0,0,0,0
2021,En agglomération,velo,vma_non_renseignee_ou_invalide,1,2,3,3,1,1,1,0,0,0,1,0,1,1,0,3,0,0,2,0,0,0,0,0,0,0
2021,En agglomération,velo,vma_non_renseignee_ou_invalide,1,6,1,1,1,0,0,0,0,0,1,0,0,1,0,1,0,0,1,0,0,0,0,0,0,0
2021,En agglomération,velo,vma_non_renseignee_ou_invalide,1,8,1,1,0,0,1,0,0,0,0,0,0,0,0,1,0,1,1,0,0,0,0,0,0,0
2021,En agglomération,velo,vma_non_renseignee_ou_invalide,3,1,1,1,0,0,0,1,0,0,0,0,1,1,0,0,0,0,0,0,0,0,0,0,0,0
2021,En agglomération,velo,vma_non_renseignee_ou_invalide,3,6,1,1,1,0,0,0,0,0,1,0,0,1,0,1,0,0,1,0,0,0,0,0,0,0
2021,En agglomération,velo,vma_non_renseignee_ou_invalide,4,1,2,2,0,1,1,0,0,0,1,0,1,2,0,0,0,0,1,0,0,0,0,0,0,0
2021,En agglomération,velo,vma_non_renseignee_ou_invalide,4,2,1,1,0,0,0,1,0,0,0,0,0,0,0,1,0,0,1,0,0,0,0,0,0,0
2021,En agglomération,velo,vma_non_renseignee_ou_invalide,5,1,8,10,1,3,3,1,0,0,1,1,3,3,0,0,0,2,1,0,0,0,1,0,0,0
2021,En agglomération,velo,vma_non_renseignee_ou_invalide,5,2,1,1,1,0,0,0,0,0,0,0,0,0,0,1,0,1,1,0,0,0,0,0,0,0
2021,En agglomération,velo,vma_non_renseignee_ou_invalide,6,1,1,1,1,0,0,0,0,0,1,0,0,1,0,0,0,1,1,0,0,0,0,0,0,0
2021,En agglomération,velo,vma_non_renseignee_ou_invalide,8,1,4,4,0,2,2,0,0,0,1,0,3,3,0,0,0,1,1,0,0,0,0,0,0,0
2021,En agglomération,velo,vma_non_renseignee_ou_invalide,situation_non_renseignee,1,1,1,0,0,1,0,0,0,0,0,0,0,0,0,0,0,0,0,0,0,0,0,0,0
2021,Hors agglomération,edpm,21_30,5,1,1,1,1,0,0,0,0,0,0,0,0,0,0,0,0,1,0,0,0,0,0,0,0,0
2021,Hors agglomération,edpm,21_30,6,1,1,1,0,0,0,1,0,0,0,0,0,0,0,0,0,0,0,0,0,0,0,0,0,0
2021,Hors agglomération,edpm,21_30,8,1,1,1,0,0,1,0,0,0,0,0,0,0,0,0,0,1,0,0,0,0,0,0,0,0
2021,Hors agglomération,edpm,41_50,1,1,8,8,0,4,4,0,0,0,1,0,8,6,0,0,0,0,0,0,0,0,0,0,0,0
2021,Hors agglomération,edpm,41_50,1,2,2,2,0,0,2,0,0,0,0,0,2,1,0,2,0,0,0,0,0,0,0,0,0,0
2021,Hors agglomération,edpm,41_50,5,1,1,1,0,0,0,1,0,0,0,0,1,1,0,0,0,0,0,0,0,0,0,0,0,0
2021,Hors agglomération,edpm,51_70,1,1,3,3,0,1,2,0,0,0,0,0,3,1,0,0,0,0,0,0,0,0,0,0,0,0
2021,Hors agglomération,edpm,51_70,1,2,1,1,0,0,1,0,0,0,0,0,0,0,0,1,0,1,1,0,0,0,0,0,0,0
2021,Hors agglomération,edpm,51_70,5,1,1,1,0,0,0,1,0,0,0,0,0,1,0,0,0,0,0,0,0,0,0,0,0,0
2021,Hors agglomération,edpm,71_80,1,1,5,5,1,3,1,0,0,0,0,0,4,4,0,0,0,1,0,0,0,0,0,0,0,0
2021,Hors agglomération,edpm,71_80,1,2,2,2,1,1,0,0,0,0,0,0,0,0,0,2,0,1,2,0,0,0,0,0,0,0
2021,Hors agglomération,edpm,71_80,1,5,2,2,0,2,0,0,0,0,0,0,1,0,0,2,0,0,1,0,0,0,0,0,0,0
2021,Hors agglomération,edpm,71_80,3,1,1,1,0,0,1,0,0,0,0,0,1,0,0,0,0,1,0,0,0,0,0,0,0,0
2021,Hors agglomération,edpm,81_90,1,1,3,3,0,1,1,1,0,0,0,0,3,0,0,0,0,0,0,0,0,0,0,0,0,0
2021,Hors agglomération,edpm,<=20,5,1,1,1,0,0,1,0,0,0,0,0,1,1,0,0,0,0,0,0,0,0,0,0,0,0
2021,Hors agglomération,edpm,vma_non_renseignee_ou_invalide,1,1,1,1,0,0,1,0,0,0,0,0,1,0,0,0,0,0,0,0,0,0,0,0,0,0
2021,Hors agglomération,edpm,vma_non_renseignee_ou_invalide,1,2,1,1,0,0,1,0,0,0,0,0,1,0,0,1,0,0,0,0,0,0,0,0,0,0
2021,Hors agglomération,edpm,vma_non_renseignee_ou_invalide,5,1,1,1,0,1,0,0,0,0,0,0,0,0,0,0,0,1,0,0,0,0,0,0,0,0
2021,Hors agglomération,velo,21_30,1,1,15,15,3,5,7,0,0,0,0,0,11,7,0,0,0,2,0,0,0,0,0,0,0,0
2021,Hors agglomération,velo,21_30,1,2,2,2,0,1,1,0,0,0,1,0,0,2,0,2,0,1,2,0,0,0,0,0,0,0
2021,Hors agglomération,velo,21_30,3,1,1,1,1,0,0,0,0,0,1,0,0,0,0,0,0,0,1,0,0,0,0,0,0,0
2021,Hors agglomération,velo,21_30,5,1,5,6,0,3,2,0,0,0,0,0,2,0,0,0,0,3,0,0,0,0,0,0,0,0
2021,Hors agglomération,velo,21_30,5,9,1,1,0,0,1,0,0,0,0,0,0,1,0,1,0,0,1,0,0,0,0,0,0,0
2021,Hors agglomération,velo,21_30,8,1,1,2,0,0,1,0,0,0,0,0,1,1,0,0,0,0,0,0,0,0,0,0,0,0
2021,Hors agglomération,velo,21_30,8,2,1,1,0,0,1,0,0,0,0,0,0,0,0,1,0,1,1,0,0,0,0,0,0,0
2021,Hors agglomération,velo,31_40,1,1,1,1,0,0,1,0,0,0,0,0,1,0,0,0,0,0,0,0,0,0,0,0,0,0
2021,Hors agglomération,velo,41_50,1,1,126,136,6,53,65,2,0,0,11,2,97,63,2,0,0,12,9,0,0,0,3,3,0,0
2021,Hors agglomération,velo,41_50,1,2,16,16,0,4,12,0,0,0,0,0,14,8,0,16,0,2,2,0,0,0,0,0,0,0
2021,Hors agglomération,velo,41_50,1,8,1,1,0,1,0,0,0,0,0,0,0,0,0,1,0,1,1,0,0,0,0,0,0,0
2021,Hors agglomération,velo,41_50,1,9,1,1,0,0,1,0,0,0,0,0,1,0,0,1,0,0,0,0,0,0,0,0,0,0
2021,Hors agglomération,velo,41_50,3,1,6,6,2,4,0,0,0,0,3,0,0,2,0,0,0,3,3,0,0,0,0,0,0,0
2021,Hors agglomération,velo,41_50,5,1,13,19,0,6,7,0,0,0,2,1,12,9,0,0,0,0,1,0,0,0,1,0,0,0
2021,Hors agglomération,velo,41_50,8,1,3,3,0,0,3,0,0,0,0,0,2,2,0,0,0,1,0,0,0,0,0,0,0,0
2021,Hors agglomération,velo,51_70,1,1,110,121,10,51,49,0,0,0,2,0,83,36,2,0,1,13,4,0,0,0,0,0,0,1
2021,Hors agglomération,velo,51_70,1,2,10,10,3,2,5,0,0,0,1,0,9,4,0,10,0,0,1,0,0,0,0,0,0,0
2021,Hors agglomération,velo,51_70,1,8,1,1,0,0,1,0,0,0,0,0,1,1,0,1,0,0,0,0,0,0,0,0,0,0
2021,Hors agglomération,velo,51_70,3,1,4,4,0,2,2,0,0,0,0,0,2,1,0,0,0,1,0,0,0,0,0,0,0,0
2021,Hors agglomération,velo,51_70,3,9,1,1,0,1,0,0,0,0,1,0,0,0,0,1,0,0,1,0,0,0,0,0,0,0
2021,Hors agglomération,velo,51_70,5,1,9,10,2,5,2,0,0,0,2,1,6,6,0,0,0,1,2,0,0,0,1,0,0,0
2021,Hors agglomération,velo,51_70,5,2,1,1,0,0,1,0,0,0,0,0,0,0,0,1,0,1,1,0,0,0,0,0,0,0
2021,Hors agglomération,velo,51_70,6,1,1,1,0,0,1,0,0,0,0,0,1,0,0,0,0,0,0,0,0,0,0,0,0,0
2021,Hors agglomération,velo,51_70,8,1,3,3,1,0,2,0,0,0,0,0,1,1,1,0,0,0,1,0,0,0,0,0,0,0
2021,Hors agglomération,velo,51_70,8,2,1,1,0,0,1,0,0,0,0,0,1,0,0,1,0,0,0,0,0,0,0,0,0,0
2021,Hors agglomération,velo,71_80,1,1,451,511,67,256,126,2,0,0,13,1,311,189,5,0,1,62,14,0,0,0,1,2,0,1
2021,Hors agglomération,velo,71_80,1,2,29,50,5,18,6,0,0,0,1,0,20,11,0,29,0,5,9,0,0,0,0,1,0,0
2021,Hors agglomération,velo,71_80,1,7,1,1,0,0,1,0,0,0,0,0,1,0,0,1,0,0,0,0,0,0,0,0,0,0
2021,Hors agglomération,velo,71_80,1,9,6,7,0,4,2,0,0,0,0,0,1,2,0,6,0,5,5,0,0,0,0,0,0,0
2021,Hors agglomération,velo,71_80,3,1,32,33,9,14,9,0,0,0,10,0,8,15,0,0,2,16,10,0,0,0,0,0,0,2
2021,Hors agglomération,velo,71_80,3,2,3,3,1,2,0,0,0,0,0,0,1,1,0,3,0,2,2,0,0,0,0,0,0,0
2021,Hors agglomération,velo,71_80,3,6,1,1,1,0,0,0,0,0,1,0,0,0,0,1,1,1,1,0,0,0,0,0,0,1
2021,Hors agglomération,velo,71_80,5,1,5,5,0,3,2,0,0,0,2,0,2,1,0,0,0,1,2,0,0,0,0,1,0,0
2021,Hors agglomération,velo,71_80,8,1,2,2,2,0,0,0,0,0,0,0,0,0,0,0,0,2,0,0,0,0,0,0,0,0
2021,Hors agglomération,velo,71_80,8,2,1,1,1,0,0,0,0,0,0,0,0,0,0,1,0,1,1,0,0,0,0,0,0,0
2021,Hors agglomération,velo,81_90,1,1,55,62,11,30,14,0,0,0,1,0,39,15,0,0,0,4,1,0,0,0,0,0,0,0
2021,Hors agglomération,velo,81_90,1,2,10,10,0,5,5,0,0,0,0,0,6,4,0,10,0,2,4,0,0,0,0,0,0,0
2021,Hors agglomération,velo,81_90,1,8,1,1,0,0,1,0,0,0,0,0,0,0,0,1,0,1,1,0,0,0,0,0,0,0
2021,Hors agglomération,velo,81_90,1,9,1,1,0,1,0,0,0,0,1,0,0,1,0,1,1,1,1,0,0,0,0,0,0,1
2021,Hors agglomération,velo,81_90,2,1,1,1,0,1,0,0,0,0,1,0,0,1,1,0,0,0,1,0,0,0,0,0,0,0
2021,Hors agglomération,velo,81_90,3,1,5,5,1,2,2,0,0,0,2,0,2,2,0,0,0,1,2,0,0,0,0,0,0,0
2021,Hors agglomération,velo,81_90,5,1,4,5,0,3,1,0,0,0,1,0,1,3,0,0,0,1,1,0,0,0,0,0,0,0
2021,Hors agglomération,velo,81_90,6,1,1,1,0,0,1,0,0,0,0,0,1,1,0,0,0,0,0,0,0,0,0,0,0,0
2021,Hors agglomération,velo,91_110,8,1,1,1,0,1,0,0,0,0,0,0,1,0,0,0,0,0,0,0,0,0,0,0,0,0
2021,Hors agglomération,velo,<=20,1,1,3,3,0,1,2,0,0,0,0,0,1,1,0,0,0,1,0,0,0,0,0,0,0,0
2021,Hors agglomération,velo,<=20,5,1,3,4,0,1,2,0,0,0,0,0,0,2,0,0,0,1,0,0,0,0,0,0,0,0
2021,Hors agglomération,velo,vma_non_renseignee_ou_invalide,1,1,24,24,4,17,3,0,0,0,1,0,14,9,0,0,0,5,0,0,0,0,0,0,0,0
2021,Hors agglomération,velo,vma_non_renseignee_ou_invalide,2,1,1,1,1,0,0,0,0,0,0,0,0,0,0,0,0,1,0,0,0,0,0,0,0,0
2021,Hors agglomération,velo,vma_non_renseignee_ou_invalide,3,1,2,2,1,1,0,0,0,0,0,0,1,0,0,0,0,1,0,0,0,0,0,0,0,0
2021,Hors agglomération,velo,vma_non_renseignee_ou_invalide,5,1,2,2,1,1,0,0,0,0,0,0,0,0,0,0,0,2,0,0,0,0,0,0,0,0
2021,Hors agglomération,velo,vma_non_renseignee_ou_invalide,5,2,1,1,0,1,0,0,0,0,0,0,0,0,0,1,0,1,1,0,0,0,0,0,0,0
2021,Hors agglomération,velo,vma_non_renseignee_ou_invalide,5,9,1,2,1,0,0,0,0,0,1,0,0,1,0,1,0,0,1,0,0,0,0,2,0,0
2021,Hors agglomération,velo,vma_non_renseignee_ou_invalide,6,1,2,2,1,1,0,0,0,0,0,0,0,0,0,0,0,1,0,0,0,0,0,0,0,0
2021,Hors agglomération,velo,vma_non_renseignee_ou_invalide,8,2,1,1,1,0,0,0,0,0,0,0,0,1,0,1,0,1,1,0,0,0,0,0,0,0
2021,Hors agglomération,velo,vma_non_renseignee_ou_invalide,8,9,1,1,0,1,0,0,0,0,1,0,0,1,0,1,0,0,1,0,0,0,0,0,0,0
2022,En agglomération,edpm,21_30,1,1,473,473,8,58,368,38,1,0,35,9,341,275,11,0,1,62,34,0,0,0,9,2,1,1
2022,En agglomération,edpm,21_30,1,2,74,75,1,10,55,8,0,0,4,0,51,41,0,74,1,14,23,0,0,0,0,0,0,1
2022,En agglomération,edpm,21_30,1,3,2,2,0,0,2,0,0,0,0,0,0,1,0,2,0,2,2,0,0,0,0,0,0,0
2022,En agglomération,edpm,21_30,1,9,2,2,0,0,2,0,0,0,1,0,0,1,0,2,0,1,2,0,0,0,0,0,0,0
2022,En agglomération,edpm,21_30,4,1,26,26,1,0,10,15,0,0,5,0,8,19,0,0,0,1,4,0,0,0,0,0,0,0
2022,En agglomération,edpm,21_30,4,2,4,4,0,1,1,2,0,0,1,0,0,3,0,4,0,1,4,0,0,0,0,0,0,0
2022,En agglomération,edpm,21_30,5,1,178,183,0,13,122,43,0,0,10,4,114,111,4,0,0,20,10,0,0,0,4,2,1,0
2022,En agglomération,edpm,21_30,5,2,26,26,0,0,17,9,0,0,0,0,13,15,0,26,0,5,13,0,0,0,0,0,0,0
2022,En agglomération,edpm,21_30,5,3,1,1,0,0,0,1,0,0,0,0,1,1,0,1,0,0,0,0,0,0,0,0,0,0
2022,En agglomération,edpm,21_30,6,1,30,30,1,1,27,1,0,0,4,3,19,21,1,0,0,3,4,0,0,0,3,1,0,0
2022,En agglomération,edpm,21_30,6,2,3,3,0,0,2,1,0,0,0,0,2,2,0,3,0,0,1,0,0,0,0,0,0,0
2022,En agglomération,edpm,21_30,6,3,1,1,0,0,1,0,0,0,0,0,1,0,0,1,0,0,0,0,0,0,0,0,0,0
2022,En agglomération,edpm,21_30,6,9,2,3,0,1,1,0,0,0,1,0,1,1,0,2,0,0,1,0,0,0,0,1,0,0
2022,En agglomération,edpm,21_30,8,1,9,9,0,2,6,1,0,0,0,0,7,4,0,0,0,1,0,0,0,0,0,0,0,0
2022,En agglomération,edpm,31_40,1,1,2,2,0,1,1,0,0,0,0,0,2,1,0,0,0,0,0,0,0,0,0,0,0,0
2022,En agglomération,edpm,31_40,4,1,1,2,0,1,0,0,0,0,0,0,0,1,1,0,0,0,1,0,0,0,0,0,0,0
2022,En agglomération,edpm,31_40,6,1,1,1,0,0,1,0,0,0,0,0,0,0,0,0,0,0,0,0,0,0,0,0,0,0
2022,En agglomération,edpm,41_50,1,1,747,748,8,133,581,25,0,0,47,10,614,417,3,0,2,61,38,0,0,0,10,2,1,2
2022,En agglomération,edpm,41_50,1,2,113,113,3,28,79,3,0,0,6,1,96,64,1,113,1,11,17,0,0,0,1,0,0,1
2022,En agglomération,edpm,41_50,1,7,1,1,0,0,1,0,0,0,0,0,0,0,0,1,0,0,1,0,0,0,0,0,0,0
2022,En agglomération,edpm,41_50,1,9,1,1,0,0,1,0,0,0,0,0,1,0,0,1,0,0,0,0,0,0,0,0,0,0
2022,En agglomération,edpm,41_50,3,1,4,4,0,2,2,0,0,0,2,0,2,3,0,0,0,0,2,0,0,0,0,1,0,0
2022,En agglomération,edpm,41_50,3,9,2,2,0,0,2,0,0,0,1,0,1,2,0,2,0,0,1,0,0,0,0,0,0,0
2022,En agglomération,edpm,41_50,4,1,49,51,0,6,33,10,0,0,7,2,25,34,0,0,0,8,7,0,0,0,2,0,1,0
2022,En agglomération,edpm,41_50,4,2,6,6,0,0,5,1,0,0,0,0,4,4,0,6,0,1,2,0,0,0,0,0,0,0
2022,En agglomération,edpm,41_50,4,9,1,1,0,0,1,0,0,0,0,0,0,0,0,1,0,1,1,0,0,0,0,0,0,0
2022,En agglomération,edpm,41_50,5,1,94,94,0,10,71,13,0,0,9,1,63,64,1,0,1,8,9,0,0,0,1,2,1,1
2022,En agglomération,edpm,41_50,5,2,18,18,0,4,14,0,0,0,4,0,11,9,0,18,0,1,7,0,0,0,0,0,0,0
2022,En agglomération,edpm,41_50,6,1,18,18,0,1,17,0,0,0,0,0,16,9,0,0,0,1,0,0,0,0,0,0,0,0
2022,En agglomération,edpm,41_50,6,2,5,5,0,0,5,0,0,0,0,0,4,1,0,5,0,1,1,0,0,0,0,0,0,0
2022,En agglomération,edpm,41_50,8,1,16,16,0,1,15,0,0,0,1,0,13,7,1,0,0,2,1,0,0,0,0,0,0,0
2022,En agglomération,edpm,41_50,8,2,2,2,0,0,1,1,0,0,0,0,1,2,0,2,0,0,1,0,0,0,0,0,0,0
2022,En agglomération,edpm,41_50,8,9,1,1,1,0,0,0,0,0,0,0,0,0,0,1,0,1,1,0,0,0,0,0,0,0
2022,En agglomération,edpm,51_70,1,1,9,9,0,4,5,0,0,0,0,0,8,3,0,0,0,0,0,0,0,0,0,0,0,0
2022,En agglomération,edpm,51_70,1,2,1,1,0,0,1,0,0,0,0,0,1,1,0,1,0,0,0,0,0,0,0,0,0,0
2022,En agglomération,edpm,51_70,3,1,1,1,0,0,1,0,0,0,0,0,1,1,0,0,0,0,0,0,0,0,0,0,0,0
2022,En agglomération,edpm,51_70,5,1,1,1,0,1,0,0,0,0,1,1,0,1,0,0,0,0,1,0,0,0,1,0,0,0
2022,En agglomération,edpm,51_70,6,1,1,1,0,0,1,0,0,0,0,0,0,0,0,0,0,0,0,0,0,0,0,0,0,0
2022,En agglomération,edpm,51_70,8,2,1,1,0,0,1,0,0,0,0,0,1,0,0,1,0,0,0,0,0,0,0,0,0,0
2022,En agglomération,edpm,71_80,1,1,1,1,0,0,1,0,0,0,0,0,1,0,0,0,0,0,0,0,0,0,0,0,0,0
2022,En agglomération,edpm,<=20,1,1,13,13,1,3,8,1,0,0,2,0,6,11,0,0,1,1,2,0,0,0,0,0,0,1
2022,En agglomération,edpm,<=20,4,1,17,17,0,0,5,12,0,0,2,0,3,14,0,0,0,1,2,0,0,0,0,0,0,0
2022,En agglomération,edpm,<=20,4,2,2,2,1,0,0,1,0,0,0,0,2,1,0,2,0,1,0,0,0,0,0,0,0,0
2022,En agglomération,edpm,<=20,5,1,10,10,0,1,6,3,0,0,2,0,4,4,1,0,0,0,3,0,0,0,0,0,0,0
2022,En agglomération,edpm,<=20,5,2,1,1,0,1,0,0,0,0,0,0,1,1,0,1,0,0,0,0,0,0,0,0,0,0
2022,En agglomération,edpm,<=20,6,1,5,5,0,1,2,2,0,0,2,0,2,4,0,0,0,1,2,0,0,0,0,0,0,0
2022,En agglomération,edpm,<=20,8,9,1,1,0,0,0,1,0,0,0,0,0,0,0,1,0,0,1,0,0,0,0,0,0,0
2022,En agglomération,edpm,vma_non_renseignee_ou_invalide,1,1,14,14,0,4,9,1,0,0,0,0,12,2,0,0,0,1,0,0,0,0,0,0,0,0
2022,En agglomération,edpm,vma_non_renseignee_ou_invalide,4,1,1,1,0,0,0,1,0,0,0,0,0,0,0,0,0,0,0,0,0,0,0,0,0,0
2022,En agglomération,edpm,vma_non_renseignee_ou_invalide,5,1,4,4,0,1,1,2,0,0,0,0,2,2,0,0,0,2,0,0,0,0,0,0,0,0
2022,En agglomération,edpm,vma_non_renseignee_ou_invalide,5,2,1,1,0,1,0,0,0,0,0,0,1,1,0,1,0,0,0,0,0,0,0,0,0,0
2022,En agglomération,edpm,vma_non_renseignee_ou_invalide,8,1,1,1,0,0,1,0,0,0,0,0,1,0,0,0,0,0,0,0,0,0,0,0,0,0
2022,En agglomération,velo,21_30,1,1,1061,1083,10,137,811,102,1,0,83,13,828,600,15,0,0,64,65,0,0,0,13,8,1,0
2022,En agglomération,velo,21_30,1,2,145,146,0,11,117,17,0,0,10,1,111,78,1,145,0,16,34,0,0,0,1,2,0,0
2022,En agglomération,velo,21_30,1,7,2,2,0,1,1,0,0,0,0,0,1,1,1,2,0,1,1,0,0,0,0,0,0,0
2022,En agglomération,velo,21_30,1,9,6,6,0,0,6,0,0,0,0,0,5,2,1,6,0,2,1,0,0,0,0,0,0,0
2022,En agglomération,velo,21_30,3,1,5,5,0,0,5,0,0,0,1,0,2,3,0,0,0,2,1,0,0,0,0,0,0,0
2022,En agglomération,velo,21_30,4,1,40,40,1,4,22,13,0,0,10,5,16,30,0,0,0,3,7,0,0,0,5,1,0,0
2022,En agglomération,velo,21_30,4,2,4,4,1,0,2,1,0,0,0,0,3,3,0,4,0,0,1,0,0,0,0,0,0,0
2022,En agglomération,velo,21_30,5,1,488,552,1,22,384,80,1,0,49,23,317,311,19,0,0,48,52,0,0,0,23,7,0,0
2022,En agglomération,velo,21_30,5,2,66,72,0,0,57,9,0,0,3,2,43,39,2,66,0,10,23,0,0,0,2,0,0,0
2022,En agglomération,velo,21_30,5,3,3,3,0,0,2,1,0,0,0,0,2,3,0,3,0,0,1,0,0,0,0,0,0,0
2022,En agglomération,velo,21_30,6,1,78,79,1,6,48,23,0,0,7,2,43,47,1,0,0,8,7,0,0,0,2,2,0,0
2022,En agglomération,velo,21_30,6,2,12,12,0,1,11,0,0,0,1,1,9,8,0,12,0,1,3,0,0,0,1,0,0,0
2022,En agglomération,velo,21_30,8,1,7,7,0,1,6,0,0,0,1,0,4,4,1,0,0,0,1,0,0,0,0,0,0,0
2022,En agglomération,velo,21_30,8,2,2,2,0,0,2,0,0,0,0,0,2,1,0,2,0,0,0,0,0,0,0,0,0,0
2022,En agglomération,velo,31_40,1,1,7,8,0,4,3,0,0,0,0,0,7,5,0,0,0,0,0,0,0,0,0,0,0,0
2022,En agglomération,velo,31_40,1,2,1,1,0,0,1,0,0,0,0,0,1,0,0,1,0,0,0,0,0,0,0,0,0,0
2022,En agglomération,velo,31_40,8,1,1,1,0,1,0,0,0,0,0,0,1,1,0,0,0,0,0,0,0,0,0,0,0,0
2022,En agglomération,velo,41_50,1,1,1955,1990,60,506,1332,55,2,0,128,19,1626,985,25,0,4,108,96,0,0,0,19,7,9,4
2022,En agglomération,velo,41_50,1,2,240,240,9,54,177,0,0,0,11,0,209,124,1,240,2,14,31,0,0,0,0,0,0,2
2022,En agglomération,velo,41_50,1,3,5,5,0,1,4,0,0,0,0,0,2,2,0,5,0,3,3,0,0,0,0,0,0,0
2022,En agglomération,velo,41_50,1,4,1,1,0,1,0,0,0,0,0,0,1,1,0,1,0,0,0,0,0,0,0,0,0,0
2022,En agglomération,velo,41_50,1,7,5,5,0,1,4,0,0,0,0,0,2,0,0,5,0,2,3,0,0,0,0,0,0,0
2022,En agglomération,velo,41_50,1,9,5,5,0,3,2,0,0,0,0,0,1,2,1,5,0,4,4,0,0,0,0,0,0,0
2022,En agglomération,velo,41_50,2,1,1,1,0,0,1,0,0,0,0,0,1,1,0,0,0,0,0,0,0,0,0,0,0,0
2022,En agglomération,velo,41_50,3,1,15,16,1,6,7,1,0,0,8,1,5,7,0,0,0,2,8,0,0,0,1,0,2,0
2022,En agglomération,velo,41_50,3,2,2,2,0,1,1,0,0,0,0,0,2,0,0,2,0,0,0,0,0,0,0,0,0,0
2022,En agglomération,velo,41_50,3,surface_non_renseignee,1,1,1,0,0,0,0,0,0,0,0,0,0,0,0,1,0,0,0,0,0,0,0,0
2022,En agglomération,velo,41_50,4,1,64,65,5,21,30,8,0,0,19,4,26,41,1,0,0,14,19,0,0,0,4,0,0,0
2022,En agglomération,velo,41_50,4,2,5,5,1,1,3,0,0,0,1,0,0,0,0,5,0,3,5,0,0,0,0,0,0,0
2022,En agglomération,velo,41_50,5,1,276,288,6,48,212,10,0,0,37,5,211,157,4,0,0,16,31,0,0,0,5,5,0,0
2022,En agglomération,velo,41_50,5,2,38,40,1,6,28,3,0,0,12,2,22,25,1,38,0,2,16,0,0,0,2,2,0,0
2022,En agglomération,velo,41_50,5,9,2,2,0,1,1,0,0,0,0,0,1,1,0,2,0,1,1,0,0,0,0,0,0,0
2022,En agglomération,velo,41_50,6,1,43,45,0,7,36,0,0,0,1,0,31,22,1,0,0,0,1,0,0,0,0,0,0,0
2022,En agglomération,velo,41_50,6,2,2,2,0,0,2,0,0,0,0,0,1,0,0,2,0,0,1,0,0,0,0,0,0,0
2022,En agglomération,velo,41_50,6,9,2,2,0,1,1,0,0,0,0,0,0,2,0,2,0,0,2,0,0,0,0,0,0,0
2022,En agglomération,velo,41_50,8,1,50,51,2,12,36,0,0,0,4,1,37,19,2,0,0,6,4,0,0,0,1,1,1,0
2022,En agglomération,velo,41_50,8,2,7,7,0,1,6,0,0,0,0,0,7,4,0,7,0,0,0,0,0,0,0,0,0,0
2022,En agglomération,velo,41_50,8,9,1,1,0,0,0,1,0,0,0,0,0,0,0,1,0,0,1,0,0,0,0,0,0,0
2022,En agglomération,velo,51_70,1,1,28,29,3,11,11,3,0,0,0,0,21,15,0,0,0,2,0,0,0,0,0,0,0,0
2022,En agglomération,velo,51_70,1,2,4,4,2,1,1,0,0,0,0,0,4,2,0,4,0,0,0,0,0,0,0,0,0,0
2022,En agglomération,velo,51_70,3,1,1,1,0,1,0,0,0,0,0,0,1,1,0,0,0,0,0,0,0,0,0,0,0,0
2022,En agglomération,velo,51_70,5,1,3,4,1,1,1,0,0,0,0,0,3,3,0,0,0,0,0,0,0,0,0,0,0,0
2022,En agglomération,velo,51_70,6,1,1,1,0,1,0,0,0,0,0,0,0,0,0,0,0,0,0,0,0,0,0,0,0,0
2022,En agglomération,velo,51_70,8,1,1,1,1,0,0,0,0,0,0,0,1,0,0,0,0,0,0,0,0,0,0,0,0,0
2022,En agglomération,velo,71_80,1,1,11,12,0,7,4,0,0,0,0,0,8,2,0,0,0,1,0,0,0,0,0,0,0,0
2022,En agglomération,velo,71_80,1,2,2,2,0,0,2,0,0,0,0,0,2,0,0,2,0,0,0,0,0,0,0,0,0,0
2022,En agglomération,velo,81_90,1,1,3,3,1,1,1,0,0,0,0,0,2,1,0,0,0,0,0,0,0,0,0,0,0,0
2022,En agglomération,velo,81_90,3,1,1,1,0,0,1,0,0,0,0,0,1,1,0,0,0,0,0,0,0,0,0,0,0,0
2022,En agglomération,velo,91_110,8,1,1,1,0,0,1,0,0,0,0,0,0,0,0,0,0,0,0,0,0,0,0,0,0,0
2022,En agglomération,velo,<=20,1,1,17,18,0,2,15,0,0,0,0,0,16,11,0,0,0,0,0,0,0,0,0,0,0,0
2022,En agglomération,velo,<=20,1,2,4,4,0,2,2,0,0,0,0,0,3,2,1,4,0,1,1,0,0,0,0,0,0,0
2022,En agglomération,velo,<=20,1,6,1,1,0,0,1,0,0,0,0,0,0,0,0,1,0,1,1,0,0,0,0,0,0,0
2022,En agglomération,velo,<=20,1,9,1,1,0,0,0,1,0,0,0,0,0,1,0,1,0,0,1,0,0,0,0,0,0,0
2022,En agglomération,velo,<=20,4,1,6,7,0,1,3,1,1,0,2,0,2,6,0,0,0,0,1,0,0,0,0,0,1,0
2022,En agglomération,velo,<=20,4,2,2,2,0,0,1,1,0,0,0,0,0,2,0,2,0,1,2,0,0,0,0,0,0,0
2022,En agglomération,velo,<=20,5,1,10,12,0,2,6,2,0,0,2,1,6,5,2,0,0,0,3,0,0,0,1,0,0,0
2022,En agglomération,velo,<=20,6,1,8,9,0,2,4,2,0,0,1,1,4,5,0,0,0,0,1,0,0,0,1,0,0,0
2022,En agglomération,velo,<=20,6,2,1,1,1,0,0,0,0,0,1,0,0,1,0,1,0,0,1,0,0,0,0,0,0,0
2022,En agglomération,velo,<=20,8,1,3,3,0,2,0,1,0,0,0,0,1,1,0,0,0,0,0,0,0,0,0,0,0,0
2022,En agglomération,velo,<=20,8,2,1,1,0,0,1,0,0,0,0,0,0,1,0,1,0,0,1,0,0,0,0,0,0,0
2022,En agglomération,velo,vma_non_renseignee_ou_invalide,1,1,30,31,2,16,11,1,0,0,0,0,22,18,0,0,0,2,0,0,0,0,0,0,0,0
2022,En agglomération,velo,vma_non_renseignee_ou_invalide,1,2,1,1,0,1,0,0,0,0,1,0,0,0,0,1,0,1,1,0,0,0,0,1,0,0
2022,En agglomération,velo,vma_non_renseignee_ou_invalide,1,8,1,1,0,1,0,0,0,0,0,0,0,0,0,1,0,1,1,0,0,0,0,0,0,0
2022,En agglomération,velo,vma_non_renseignee_ou_invalide,4,1,1,1,0,0,0,1,0,0,0,0,0,0,0,0,0,0,0,0,0,0,0,0,0,0
2022,En agglomération,velo,vma_non_renseignee_ou_invalide,5,1,7,7,3,0,3,1,0,0,0,0,2,4,1,0,0,2,1,0,0,0,0,0,0,0
2022,En agglomération,velo,vma_non_renseignee_ou_invalide,8,1,1,1,0,1,0,0,0,0,1,0,0,0,0,0,0,0,1,0,0,0,0,0,0,0
2022,En agglomération,velo,vma_non_renseignee_ou_invalide,8,9,1,1,1,0,0,0,0,0,0,0,0,0,0,1,0,1,1,0,0,0,0,0,0,0
2022,Hors agglomération,edpm,21_30,1,1,2,2,0,1,1,0,0,0,1,0,0,1,0,0,0,1,1,0,0,0,0,1,0,0
2022,Hors agglomération,edpm,21_30,1,2,1,1,0,0,1,0,0,0,0,0,0,0,0,1,0,1,1,0,0,0,0,0,0,0
2022,Hors agglomération,edpm,21_30,4,1,1,1,0,1,0,0,0,0,1,0,0,1,0,0,0,0,1,0,0,0,0,0,0,0
2022,Hors agglomération,edpm,21_30,5,1,3,3,0,0,3,0,0,0,0,0,0,1,0,0,0,1,0,0,0,0,0,0,0,0
2022,Hors agglomération,edpm,41_50,1,1,20,20,2,6,12,0,0,0,1,0,14,11,0,0,0,3,1,0,0,0,0,0,0,0
2022,Hors agglomération,edpm,41_50,1,2,7,7,0,0,7,0,0,0,1,1,5,1,0,7,0,1,2,0,0,0,1,0,0,0
2022,Hors agglomération,edpm,41_50,3,2,1,1,1,0,0,0,0,0,1,0,0,1,0,1,0,0,1,0,0,0,0,0,0,0
2022,Hors agglomération,edpm,41_50,4,1,1,1,0,0,1,0,0,0,0,0,1,1,0,0,0,0,0,0,0,0,0,0,0,0
2022,Hors agglomération,edpm,41_50,5,1,1,1,0,1,0,0,0,0,0,0,1,1,0,0,0,0,0,0,0,0,0,0,0,0
2022,Hors agglomération,edpm,51_70,1,1,5,5,2,1,2,0,0,0,0,0,4,1,0,0,0,1,0,0,0,0,0,0,0,0
2022,Hors agglomération,edpm,51_70,1,2,3,3,1,2,0,0,0,0,0,0,2,1,0,3,0,0,1,0,0,0,0,0,0,0
2022,Hors agglomération,edpm,51_70,3,1,1,1,1,0,0,0,0,0,0,0,1,1,0,0,0,0,0,0,0,0,0,0,0,0
2022,Hors agglomération,edpm,51_70,5,1,1,1,1,0,0,0,0,0,0,0,0,0,0,0,0,1,0,0,0,0,0,0,0,0
2022,Hors agglomération,edpm,71_80,1,1,18,18,0,10,8,0,0,0,2,0,8,2,0,0,1,3,2,0,0,0,0,0,0,1
2022,Hors agglomération,edpm,71_80,1,2,3,3,0,2,1,0,0,0,0,0,2,2,0,3,0,0,1,0,0,0,0,0,0,0
2022,Hors agglomération,edpm,71_80,3,1,1,1,0,1,0,0,0,0,1,0,0,0,0,0,0,1,1,0,0,0,0,0,0,0
2022,Hors agglomération,edpm,81_90,1,1,1,1,0,1,0,0,0,0,0,0,0,0,0,0,0,1,0,0,0,0,0,0,0,0
2022,Hors agglomération,edpm,81_90,8,9,1,1,1,0,0,0,0,0,0,0,1,0,0,1,0,0,0,0,0,0,0,0,0,0
2022,Hors agglomération,edpm,91_110,3,1,1,1,0,1,0,0,0,0,0,0,0,0,0,0,0,0,0,0,0,0,0,0,0,0
2022,Hors agglomération,edpm,<=20,5,1,1,1,0,1,0,0,0,0,0,0,0,1,0,0,0,0,0,0,0,0,0,0,0,0
2022,Hors agglomération,edpm,vma_non_renseignee_ou_invalide,1,1,2,2,0,1,1,0,0,0,0,0,2,1,0,0,0,0,0,0,0,0,0,0,0,0
2022,Hors agglomération,edpm,vma_non_renseignee_ou_invalide,1,2,1,1,0,1,0,0,0,0,0,0,1,1,0,1,0,0,0,0,0,0,0,0,0,0
2022,Hors agglomération,edpm,vma_non_renseignee_ou_invalide,3,1,1,1,0,1,0,0,0,0,1,0,0,0,0,0,1,1,1,0,0,0,0,0,0,1
2022,Hors agglomération,edpm,vma_non_renseignee_ou_invalide,5,1,1,1,0,1,0,0,0,0,0,0,0,0,0,0,0,1,0,0,0,0,0,0,0,0
2022,Hors agglomération,velo,21_30,1,1,26,26,3,14,9,0,0,0,5,1,18,11,0,0,0,6,4,0,0,0,1,1,0,0
2022,Hors agglomération,velo,21_30,1,2,1,1,0,0,1,0,0,0,0,0,1,0,0,1,0,0,0,0,0,0,0,0,0,0
2022,Hors agglomération,velo,21_30,5,1,4,4,0,0,4,0,0,0,0,0,3,2,0,0,0,1,0,0,0,0,0,0,0,0
2022,Hors agglomération,velo,21_30,6,1,1,1,0,1,0,0,0,0,0,0,1,1,0,0,0,0,0,0,0,0,0,0,0,0
2022,Hors agglomération,velo,21_30,8,1,1,1,0,0,0,1,0,0,0,0,0,0,0,0,0,1,0,0,0,0,0,0,0,0
2022,Hors agglomération,velo,21_30,8,2,1,1,0,0,1,0,0,0,0,0,0,0,0,1,0,0,1,0,0,0,0,0,0,0
2022,Hors agglomération,velo,31_40,1,1,1,1,0,1,0,0,0,0,0,0,0,0,0,0,0,1,0,0,0,0,0,0,0,0
2022,Hors agglomération,velo,31_40,5,1,2,5,1,0,1,0,0,0,0,0,1,1,0,0,0,0,0,0,0,0,0,0,0,0
2022,Hors agglomération,velo,41_50,1,1,115,118,5,48,62,0,0,0,7,0,95,65,1,0,1,13,5,0,0,0,0,1,0,1
2022,Hors agglomération,velo,41_50,1,2,12,12,1,3,8,0,0,0,0,0,11,3,0,12,0,1,1,0,0,0,0,0,0,0
2022,Hors agglomération,velo,41_50,1,9,1,1,0,0,1,0,0,0,0,0,0,0,0,1,0,1,1,0,0,0,0,0,0,0
2022,Hors agglomération,velo,41_50,3,1,2,2,1,1,0,0,0,0,1,0,0,1,0,0,0,2,1,0,0,0,0,0,0,0
2022,Hors agglomération,velo,41_50,5,1,8,10,0,3,5,0,0,0,0,0,6,3,0,0,0,1,0,0,0,0,0,0,0,0
2022,Hors agglomération,velo,41_50,5,2,1,1,0,1,0,0,0,0,1,0,0,0,0,1,0,0,1,0,0,0,0,0,0,0
2022,Hors agglomération,velo,41_50,6,1,1,1,0,0,1,0,0,0,1,1,0,1,0,0,0,1,1,0,0,0,1,0,0,0
2022,Hors agglomération,velo,41_50,8,1,3,4,0,3,0,0,0,0,1,0,2,1,0,0,0,0,1,0,0,0,0,0,0,0
2022,Hors agglomération,velo,51_70,1,1,99,105,17,47,35,0,0,0,4,0,84,42,0,0,0,5,3,0,0,0,0,0,0,0
2022,Hors agglomération,velo,51_70,1,2,7,7,1,4,2,0,0,0,0,0,6,1,0,7,0,0,1,0,0,0,0,0,0,0
2022,Hors agglomération,velo,51_70,1,9,2,2,0,2,0,0,0,0,0,0,1,1,0,2,0,1,1,0,0,0,0,0,0,0
2022,Hors agglomération,velo,51_70,3,1,6,7,1,5,0,0,0,0,1,0,3,3,0,0,0,2,1,0,0,0,0,0,0,0
2022,Hors agglomération,velo,51_70,3,2,1,2,0,0,1,0,0,0,0,0,1,1,0,1,0,0,0,0,0,0,0,0,0,0
2022,Hors agglomération,velo,51_70,5,1,10,10,0,5,5,0,0,0,1,0,8,7,0,0,0,1,1,0,0,0,0,0,0,0
2022,Hors agglomération,velo,51_70,8,2,1,1,0,0,1,0,0,0,0,0,0,0,0,1,0,0,1,0,0,0,0,0,0,0
2022,Hors agglomération,velo,71_80,1,1,438,467,64,256,116,2,0,0,17,0,315,163,6,0,0,46,15,0,0,0,0,3,2,0
2022,Hors agglomération,velo,71_80,1,2,28,28,9,14,5,0,0,0,1,0,19,5,0,28,1,4,9,0,0,0,0,0,0,1
2022,Hors agglomération,velo,71_80,1,6,2,2,1,0,1,0,0,0,1,0,0,2,0,2,0,0,2,0,0,0,0,0,0,0
2022,Hors agglomération,velo,71_80,1,9,11,12,1,7,3,0,0,0,1,0,3,5,1,11,0,6,8,0,0,0,0,0,0,0
2022,Hors agglomération,velo,71_80,3,1,26,33,8,16,2,0,0,0,8,1,3,7,1,0,0,18,7,0,0,0,1,0,1,0
2022,Hors agglomération,velo,71_80,3,2,1,1,0,0,1,0,0,0,0,0,1,1,0,1,0,0,0,0,0,0,0,0,0,0
2022,Hors agglomération,velo,71_80,3,9,1,1,1,0,0,0,0,0,1,0,0,0,0,1,0,0,1,0,0,0,0,0,0,0
2022,Hors agglomération,velo,71_80,4,1,1,2,0,1,0,0,0,0,1,0,1,0,0,0,0,0,0,0,0,0,0,0,0,0
2022,Hors agglomération,velo,71_80,5,1,9,11,1,2,6,0,0,0,3,0,3,5,0,0,1,1,3,0,0,0,0,1,0,1
2022,Hors agglomération,velo,71_80,6,9,1,1,0,0,1,0,0,0,0,0,0,1,0,1,0,1,1,0,0,0,0,0,0,0
2022,Hors agglomération,velo,71_80,8,1,4,4,3,1,0,0,0,0,0,0,1,0,0,0,0,3,0,0,0,0,0,0,0,0
2022,Hors agglomération,velo,71_80,8,2,1,1,0,0,1,0,0,0,0,0,0,0,0,1,0,1,1,0,0,0,0,0,0,0
2022,Hors agglomération,velo,81_90,1,1,85,87,14,40,30,1,0,0,1,0,54,27,1,0,0,12,1,0,0,0,0,0,0,0
2022,Hors agglomération,velo,81_90,1,2,5,5,0,5,0,0,0,0,0,0,2,2,0,5,0,1,3,0,0,0,0,0,0,0
2022,Hors agglomération,velo,81_90,1,9,2,2,0,2,0,0,0,0,0,0,2,2,0,2,0,0,0,0,0,0,0,0,0,0
2022,Hors agglomération,velo,81_90,2,1,1,1,0,1,0,0,0,0,1,0,0,1,0,0,0,0,1,0,0,0,0,0,0,0
2022,Hors agglomération,velo,81_90,3,1,4,5,1,3,0,0,0,0,0,0,2,2,0,0,0,1,0,0,0,0,0,0,0,0
2022,Hors agglomération,velo,81_90,5,2,1,1,0,0,1,0,0,0,0,0,1,0,0,1,0,0,0,0,0,0,0,0,0,0
2022,Hors agglomération,velo,91_110,1,1,2,3,0,2,0,0,0,0,1,0,1,0,0,0,0,0,0,0,0,0,0,1,0,0
2022,Hors agglomération,velo,91_110,1,2,1,1,1,0,0,0,0,0,0,0,0,1,0,1,0,0,1,0,0,0,0,0,0,0
2022,Hors agglomération,velo,<=20,3,1,1,1,0,0,1,0,0,0,0,0,0,0,0,0,0,1,0,0,0,0,0,0,0,0
2022,Hors agglomération,velo,<=20,5,1,2,2,0,1,0,1,0,0,1,0,0,2,0,0,0,0,1,0,0,0,0,0,1,0
2022,Hors agglomération,velo,<=20,6,1,1,1,0,0,1,0,0,0,0,0,1,0,0,0,0,0,0,0,0,0,0,0,0,0
2022,Hors agglomération,velo,<=20,8,9,1,1,1,0,0,0,0,0,1,0,0,0,0,1,0,1,1,0,0,0,0,0,0,0
2022,Hors agglomération,velo,vma_non_renseignee_ou_invalide,1,1,35,36,4,19,12,0,0,0,3,2,21,13,0,0,1,8,1,0,0,0,2,0,0,1
2022,Hors agglomération,velo,vma_non_renseignee_ou_invalide,2,1,1,1,0,1,0,0,0,0,0,0,1,0,0,0,0,0,0,0,0,0,0,0,0,0
2022,Hors agglomération,velo,vma_non_renseignee_ou_invalide,3,1,1,1,1,0,0,0,0,0,0,0,0,0,0,0,0,1,0,0,0,0,0,0,0,0
2022,Hors agglomération,velo,vma_non_renseignee_ou_invalide,5,1,2,2,0,2,0,0,0,0,0,0,1,1,0,0,0,1,0,0,0,0,0,0,0,0
2022,Hors agglomération,velo,vma_non_renseignee_ou_invalide,6,1,2,2,1,1,0,0,0,0,0,0,0,0,0,0,0,1,0,0,0,0,0,0,0,0
2022,Hors agglomération,velo,vma_non_renseignee_ou_invalide,6,9,1,1,0,1,0,0,0,0,0,0,0,0,0,1,0,1,1,0,0,0,0,0,0,0
2022,Hors agglomération,velo,vma_non_renseignee_ou_invalide,8,1,1,1,1,0,0,0,0,0,0,0,0,0,0,0,0,1,0,0,0,0,0,0,0,0
2022,Hors agglomération,velo,vma_non_renseignee_ou_invalide,8,9,2,2,0,2,0,0,0,0,1,0,1,1,0,2,0,1,1,0,0,0,0,0,0,0
2023,En agglomération,edpm,21_30,1,1,475,481,2,66,343,63,1,0,44,13,325,290,12,0,1,51,44,0,0,0,13,5,2,1
2023,En agglomération,edpm,21_30,1,2,94,94,0,5,77,12,0,0,10,1,66,46,1,94,1,13,28,0,0,0,1,2,0,1
2023,En agglomération,edpm,21_30,3,1,3,3,0,1,2,0,0,0,1,1,1,1,0,0,0,2,1,0,0,0,1,0,0,0
2023,En agglomération,edpm,21_30,4,1,52,53,0,3,25,24,0,0,11,4,12,42,0,0,0,3,10,0,0,0,4,1,2,0
2023,En agglomération,edpm,21_30,4,2,2,2,0,0,2,0,0,0,0,0,2,2,0,2,0,0,0,0,0,0,0,0,0,0
2023,En agglomération,edpm,21_30,5,1,120,123,1,9,75,35,0,0,13,3,62,79,4,0,0,18,12,0,0,0,3,1,0,0
2023,En agglomération,edpm,21_30,5,2,20,21,0,2,12,6,0,0,1,0,11,14,0,20,0,2,9,0,0,0,0,0,0,0
2023,En agglomération,edpm,21_30,5,3,1,1,0,0,1,0,0,0,0,0,1,1,1,1,0,0,0,0,0,0,0,0,0,0
2023,En agglomération,edpm,21_30,5,surface_multiple,1,1,0,0,1,0,0,0,0,0,0,1,0,0,0,1,0,0,1,0,0,0,0,0
2023,En agglomération,edpm,21_30,6,1,13,13,0,2,7,4,0,0,1,0,8,10,0,0,0,1,1,0,0,0,0,0,0,0
2023,En agglomération,edpm,21_30,6,2,4,4,0,1,3,0,0,0,1,0,2,0,1,4,0,2,2,0,0,0,0,1,0,0
2023,En agglomération,edpm,21_30,8,1,7,7,0,1,5,1,0,0,0,0,5,4,0,0,0,1,0,0,0,0,0,0,0,0
2023,En agglomération,edpm,21_30,situation_multiple,1,25,25,0,2,20,3,0,0,2,1,18,15,1,0,0,2,2,0,0,25,1,0,1,0
2023,En agglomération,edpm,21_30,situation_multiple,2,2,2,0,0,1,1,0,0,0,0,1,1,0,2,0,0,1,0,0,2,0,0,0,0
2023,En agglomération,edpm,31_40,1,1,1,1,0,1,0,0,0,0,0,0,1,1,0,0,0,0,0,0,0,0,0,0,0,0
2023,En agglomération,edpm,31_40,1,2,1,1,0,1,0,0,0,0,0,0,1,0,0,1,0,0,0,0,0,0,0,0,0,0
2023,En agglomération,edpm,31_40,5,1,1,1,0,0,0,1,0,0,0,0,1,0,0,0,0,0,0,0,0,0,0,0,0,0
2023,En agglomération,edpm,31_40,6,1,1,1,0,0,1,0,0,0,0,0,0,1,0,0,0,0,0,0,0,0,0,0,0,0
2023,En agglomération,edpm,41_50,1,1,839,843,19,169,604,46,0,1,42,5,672,471,6,0,2,70,37,0,0,0,5,7,0,2
2023,En agglomération,edpm,41_50,1,2,193,193,2,33,153,5,0,0,11,3,161,105,2,193,0,15,32,0,0,0,3,0,1,0
2023,En agglomération,edpm,41_50,1,3,1,1,0,1,0,0,0,0,0,0,1,1,0,1,0,0,0,0,0,0,0,0,0,0
2023,En agglomération,edpm,41_50,1,9,2,2,0,1,1,0,0,0,1,0,0,1,1,2,0,1,2,0,0,0,0,1,0,0
2023,En agglomération,edpm,41_50,1,surface_multiple,3,3,0,0,3,0,0,0,1,1,2,2,0,0,0,0,1,0,3,0,1,0,0,0
2023,En agglomération,edpm,41_50,2,1,1,1,0,1,0,0,0,0,1,0,0,1,0,0,0,0,1,0,0,0,0,1,0,0
2023,En agglomération,edpm,41_50,3,1,4,4,0,0,4,0,0,0,2,1,1,4,1,0,0,0,2,0,0,0,1,0,0,0
2023,En agglomération,edpm,41_50,4,1,49,49,0,10,31,8,0,0,14,6,20,38,0,0,0,11,13,0,0,0,6,0,1,0
2023,En agglomération,edpm,41_50,4,2,5,5,0,1,2,2,0,0,0,0,3,3,0,5,0,0,2,0,0,0,0,0,0,0
2023,En agglomération,edpm,41_50,4,9,1,1,0,0,1,0,0,0,1,0,0,1,1,1,0,0,1,0,0,0,0,0,0,0
2023,En agglomération,edpm,41_50,5,1,95,98,2,16,64,13,0,0,14,1,65,69,2,0,0,9,10,0,0,0,1,0,0,0
2023,En agglomération,edpm,41_50,5,2,16,17,1,5,10,0,0,0,1,0,14,11,0,16,0,0,2,0,0,0,0,0,0,0
2023,En agglomération,edpm,41_50,5,9,1,1,0,0,1,0,0,0,1,0,0,0,0,1,1,1,1,0,0,0,0,0,0,1
2023,En agglomération,edpm,41_50,6,1,20,20,1,4,11,4,0,0,0,0,7,10,1,0,0,3,1,0,0,0,0,0,0,0
2023,En agglomération,edpm,41_50,6,2,4,4,0,1,3,0,0,0,0,0,2,1,0,4,0,0,2,0,0,0,0,0,0,0
2023,En agglomération,edpm,41_50,6,9,1,1,0,0,1,0,0,0,1,0,1,1,0,1,0,0,0,0,0,0,0,0,0,0
2023,En agglomération,edpm,41_50,8,1,13,13,0,4,9,0,0,0,1,0,10,5,0,0,0,0,1,0,0,0,0,0,0,0
2023,En agglomération,edpm,41_50,8,2,1,1,0,0,1,0,0,0,0,0,0,1,0,1,0,1,1,0,0,0,0,0,0,0
2023,En agglomération,edpm,41_50,situation_multiple,1,38,38,2,5,27,3,1,0,2,2,31,19,0,0,0,1,2,0,0,38,2,0,0,0
2023,En agglomération,edpm,41_50,situation_multiple,2,7,7,0,2,5,0,0,0,0,0,7,4,0,7,0,0,0,0,0,7,0,0,0,0
2023,En agglomération,edpm,51_70,1,1,4,4,1,1,2,0,0,0,0,0,3,1,0,0,0,1,0,0,0,0,0,0,0,0
2023,En agglomération,edpm,51_70,1,2,3,3,1,0,2,0,0,0,0,0,3,1,0,3,0,0,0,0,0,0,0,0,0,0
2023,En agglomération,edpm,51_70,5,1,2,2,0,1,1,0,0,0,1,0,0,1,0,0,0,1,1,0,0,0,0,1,0,0
2023,En agglomération,edpm,51_70,6,1,1,1,0,0,1,0,0,0,0,0,1,1,0,0,0,0,0,0,0,0,0,0,0,0
2023,En agglomération,edpm,71_80,1,1,1,1,0,1,0,0,0,0,0,0,0,0,0,0,0,1,0,0,0,0,0,0,0,0
2023,En agglomération,edpm,91_110,1,2,1,1,0,1,0,0,0,0,0,0,1,1,0,1,0,0,0,0,0,0,0,0,0,0
2023,En agglomération,edpm,<=20,1,1,7,7,0,0,5,2,0,0,1,0,4,4,0,0,0,1,1,0,0,0,0,1,0,0
2023,En agglomération,edpm,<=20,1,2,1,1,0,0,1,0,0,0,0,0,1,1,0,1,0,0,0,0,0,0,0,0,0,0
2023,En agglomération,edpm,<=20,3,9,1,1,0,0,1,0,0,0,1,0,0,1,0,1,0,0,1,0,0,0,0,0,0,0
2023,En agglomération,edpm,<=20,4,1,1,1,0,0,0,1,0,0,0,0,0,1,0,0,0,0,0,0,0,0,0,0,0,0
2023,En agglomération,edpm,<=20,4,2,2,2,0,1,1,0,0,0,1,1,1,1,0,2,0,0,1,0,0,0,1,0,0,0
2023,En agglomération,edpm,<=20,5,1,4,4,0,1,0,3,0,0,1,1,0,4,0,0,0,0,1,0,0,0,1,0,0,0
2023,En agglomération,edpm,<=20,6,1,1,1,0,0,1,0,0,0,0,0,0,0,0,0,0,1,0,0,0,0,0,0,0,0
2023,En agglomération,edpm,<=20,8,1,1,1,0,0,1,0,0,0,0,0,1,1,0,0,0,0,0,0,0,0,0,0,0,0
2023,En agglomération,edpm,<=20,8,2,1,1,0,0,0,0,1,0,0,0,0,1,0,1,0,0,1,0,0,0,0,0,0,0
2023,En agglomération,edpm,<=20,situation_multiple,1,1,1,0,0,1,0,0,0,0,0,1,0,0,0,0,0,0,0,0,1,0,0,0,0
2023,En agglomération,edpm,vma_multiple,1,1,60,60,0,11,46,3,0,0,0,0,53,39,0,0,0,1,0,60,0,0,0,0,0,0
2023,En agglomération,edpm,vma_multiple,1,2,17,17,0,4,13,0,0,0,0,0,17,12,1,17,0,1,0,17,0,0,0,0,0,0
2023,En agglomération,edpm,vma_multiple,1,surface_multiple,1,1,0,0,1,0,0,0,0,0,1,1,0,0,0,0,0,1,1,0,0,0,0,0
2023,En agglomération,edpm,vma_multiple,4,1,1,1,0,0,1,0,0,0,1,0,1,1,0,0,0,0,0,1,0,0,0,1,0,0
2023,En agglomération,edpm,vma_multiple,5,1,12,12,0,0,11,1,0,0,0,0,11,9,0,0,0,0,0,12,0,0,0,0,0,0
2023,En agglomération,edpm,vma_multiple,6,1,1,1,0,0,0,1,0,0,0,0,0,0,0,0,0,0,0,1,0,0,0,0,0,0
2023,En agglomération,edpm,vma_multiple,situation_multiple,1,12,13,1,1,10,0,0,0,0,0,11,6,0,0,0,0,0,12,0,12,0,0,0,0
2023,En agglomération,edpm,vma_multiple,situation_multiple,2,4,5,0,1,3,0,0,0,0,0,4,2,0,4,0,0,0,4,0,4,0,0,0,0
2023,En agglomération,edpm,vma_non_renseignee_ou_invalide,1,1,10,10,0,2,6,2,0,0,0,0,6,8,1,0,0,1,1,0,0,0,0,0,0,0
2023,En agglomération,edpm,vma_non_renseignee_ou_invalide,1,2,2,2,0,1,1,0,0,0,0,0,2,1,0,2,0,0,0,0,0,0,0,0,0,0
2023,En agglomération,edpm,vma_non_renseignee_ou_invalide,4,1,7,7,0,0,5,2,0,0,2,0,3,5,0,0,0,1,2,0,0,0,0,0,1,0
2023,En agglomération,edpm,vma_non_renseignee_ou_invalide,4,2,3,3,0,0,2,1,0,0,0,0,0,1,0,3,0,2,3,0,0,0,0,0,0,0
2023,En agglomération,edpm,vma_non_renseignee_ou_invalide,5,1,7,7,0,2,3,2,0,0,0,0,2,4,0,0,0,1,0,0,0,0,0,0,0,0
2023,En agglomération,edpm,vma_non_renseignee_ou_invalide,6,1,2,2,0,0,0,2,0,0,0,0,0,2,0,0,0,0,0,0,0,0,0,0,0,0
2023,En agglomération,edpm,vma_non_renseignee_ou_invalide,6,2,1,1,0,0,0,1,0,0,0,0,0,1,0,1,0,0,1,0,0,0,0,0,0,0
2023,En agglomération,edpm,vma_non_renseignee_ou_invalide,8,1,1,1,0,0,0,1,0,0,0,0,0,0,0,0,0,0,0,0,0,0,0,0,0,0
2023,En agglomération,velo,21_30,1,1,1065,1098,9,125,827,104,0,0,103,22,791,607,25,0,0,64,89,0,0,0,22,9,0,0
2023,En agglomération,velo,21_30,1,2,233,237,0,18,196,19,0,0,26,5,180,133,4,233,2,16,53,0,0,0,5,0,1,2
2023,En agglomération,velo,21_30,1,3,1,1,0,0,0,1,0,0,0,0,1,1,0,1,0,0,0,0,0,0,0,0,0,0
2023,En agglomération,velo,21_30,1,6,1,1,0,1,0,0,0,0,0,0,0,0,0,1,0,1,1,0,0,0,0,0,0,0
2023,En agglomération,velo,21_30,1,7,2,2,0,0,2,0,0,0,0,0,0,0,0,2,0,2,2,0,0,0,0,0,0,0
2023,En agglomération,velo,21_30,1,9,1,1,0,0,1,0,0,0,0,0,1,0,0,1,0,1,0,0,0,0,0,0,0,0
2023,En agglomération,velo,21_30,1,surface_multiple,3,3,0,1,2,0,0,0,2,1,1,3,0,0,0,1,2,0,3,0,1,1,0,0
2023,En agglomération,velo,21_30,3,1,4,4,0,1,2,1,0,0,2,0,2,3,0,0,0,0,1,0,0,0,0,0,0,0
2023,En agglomération,velo,21_30,3,2,1,1,0,0,1,0,0,0,1,0,0,1,0,1,0,1,1,0,0,0,0,0,0,0
2023,En agglomération,velo,21_30,4,1,27,27,0,2,20,5,0,0,8,2,9,16,3,0,1,9,7,0,0,0,2,0,0,1
2023,En agglomération,velo,21_30,4,2,4,4,0,0,3,1,0,0,1,0,1,2,0,4,0,1,3,0,0,0,0,0,0,0
2023,En agglomération,velo,21_30,5,1,362,432,3,25,279,54,1,0,42,14,229,244,11,0,0,28,38,0,0,0,15,3,1,0
2023,En agglomération,velo,21_30,5,2,88,95,2,3,67,16,0,0,11,1,49,60,8,88,0,12,39,0,0,0,1,4,0,0
2023,En agglomération,velo,21_30,5,3,1,1,0,1,0,0,0,0,0,0,1,1,0,1,0,0,0,0,0,0,0,0,0,0
2023,En agglomération,velo,21_30,5,6,1,1,0,0,1,0,0,0,0,0,0,0,0,1,0,1,1,0,0,0,0,0,0,0
2023,En agglomération,velo,21_30,5,surface_multiple,1,1,0,0,1,0,0,0,0,0,1,1,0,0,0,0,0,0,1,0,0,0,0,0
2023,En agglomération,velo,21_30,6,1,48,51,2,1,36,9,0,0,2,1,28,21,0,0,0,4,2,0,0,0,1,1,0,0
2023,En agglomération,velo,21_30,6,2,7,7,0,1,6,0,0,0,0,0,3,3,1,7,0,1,4,0,0,0,0,0,0,0
2023,En agglomération,velo,21_30,6,3,1,1,0,0,1,0,0,0,0,0,1,1,0,1,0,0,0,0,0,0,0,0,0,0
2023,En agglomération,velo,21_30,6,surface_multiple,1,1,0,1,0,0,0,0,0,0,1,0,0,0,0,0,0,0,1,0,0,0,0,0
2023,En agglomération,velo,21_30,8,1,5,5,0,1,3,1,0,0,0,0,3,1,0,0,0,1,0,0,0,0,0,0,0,0
2023,En agglomération,velo,21_30,8,2,2,2,0,0,1,1,0,0,0,0,2,0,0,2,0,0,0,0,0,0,0,0,0,0
2023,En agglomération,velo,21_30,situation_multiple,1,67,74,1,3,49,14,0,0,7,0,43,45,4,0,1,5,8,0,0,67,0,0,0,1
2023,En agglomération,velo,21_30,situation_multiple,2,13,13,0,2,10,1,0,0,4,1,9,5,0,13,0,0,4,0,0,13,1,1,0,0
2023,En agglomération,velo,21_30,situation_multiple,surface_multiple,1,1,0,0,1,0,0,0,1,0,0,0,0,0,0,0,1,0,1,1,0,1,0,0
2023,En agglomération,velo,31_40,1,1,4,4,0,2,2,0,0,0,0,0,2,1,0,0,0,0,0,0,0,0,0,0,0,0
2023,En agglomération,velo,31_40,1,2,1,1,0,0,1,0,0,0,0,0,1,0,0,1,0,0,0,0,0,0,0,0,0,0
2023,En agglomération,velo,31_40,5,1,1,1,0,0,1,0,0,0,0,0,1,0,0,0,0,0,0,0,0,0,0,0,0,0
2023,En agglomération,velo,31_40,5,2,1,1,0,1,0,0,0,0,0,0,1,0,0,1,0,0,0,0,0,0,0,0,0,0
2023,En agglomération,velo,41_50,1,1,1638,1663,52,422,1122,40,2,0,113,13,1342,817,16,0,1,89,86,0,0,0,13,13,1,1
2023,En agglomération,velo,41_50,1,2,269,274,5,57,202,5,0,0,18,4,222,127,5,269,2,22,47,0,0,0,4,3,0,2
2023,En agglomération,velo,41_50,1,3,1,1,0,0,1,0,0,0,0,0,1,1,0,1,0,0,0,0,0,0,0,0,0,0
2023,En agglomération,velo,41_50,1,7,5,5,0,1,4,0,0,0,0,0,1,0,0,5,0,4,4,0,0,0,0,0,0,0
2023,En agglomération,velo,41_50,1,8,1,1,0,0,1,0,0,0,0,0,0,1,0,1,0,1,1,0,0,0,0,0,0,0
2023,En agglomération,velo,41_50,1,9,5,5,0,2,3,0,0,0,0,0,3,2,0,5,0,2,2,0,0,0,0,0,0,0
2023,En agglomération,velo,41_50,1,surface_multiple,7,7,0,1,6,0,0,0,0,0,7,3,0,0,0,0,0,0,7,0,0,0,0,0
2023,En agglomération,velo,41_50,2,1,1,1,0,0,1,0,0,0,0,0,1,0,0,0,0,0,0,0,0,0,0,0,0,0
2023,En agglomération,velo,41_50,2,2,1,1,0,1,0,0,0,0,0,0,1,1,0,1,0,0,0,0,0,0,0,0,0,0
2023,En agglomération,velo,41_50,3,1,18,18,4,7,6,1,0,0,5,2,6,10,0,0,0,6,5,0,0,0,2,0,1,0
2023,En agglomération,velo,41_50,3,2,1,1,1,0,0,0,0,0,1,0,0,1,0,1,0,0,1,0,0,0,0,0,0,0
2023,En agglomération,velo,41_50,4,1,61,64,2,9,40,10,0,0,21,10,22,34,5,0,0,13,20,0,0,0,10,1,4,0
2023,En agglomération,velo,41_50,4,2,5,5,0,2,1,2,0,0,1,0,3,4,0,5,0,0,2,0,0,0,0,0,0,0
2023,En agglomération,velo,41_50,4,9,1,1,1,0,0,0,0,0,1,0,0,0,0,1,0,0,1,0,0,0,0,0,0,0
2023,En agglomération,velo,41_50,5,1,221,241,2,44,160,15,0,0,28,2,158,124,4,0,2,13,26,0,0,0,2,0,0,2
2023,En agglomération,velo,41_50,5,2,54,55,1,11,37,5,0,0,4,0,39,32,0,54,0,3,15,0,0,0,0,1,0,0
2023,En agglomération,velo,41_50,5,8,1,1,0,0,1,0,0,0,0,0,0,0,0,1,0,1,1,0,0,0,0,0,0,0
2023,En agglomération,velo,41_50,6,1,19,19,1,6,11,1,0,0,2,0,12,11,0,0,0,0,2,0,0,0,0,0,0,0
2023,En agglomération,velo,41_50,6,2,6,6,0,0,6,0,0,0,0,0,5,3,1,6,0,0,1,0,0,0,0,0,0,0
2023,En agglomération,velo,41_50,6,9,1,1,0,0,1,0,0,0,0,0,0,0,0,1,0,1,1,0,0,0,0,0,0,0
2023,En agglomération,velo,41_50,8,1,24,25,2,9,13,0,0,0,5,0,12,9,1,0,1,4,5,0,0,0,0,1,0,1
2023,En agglomération,velo,41_50,8,2,3,3,0,0,3,0,0,0,2,0,1,1,0,3,0,0,2,0,0,0,0,1,0,0
2023,En agglomération,velo,41_50,situation_multiple,1,75,78,1,20,49,4,1,0,5,2,62,29,2,0,0,4,4,0,0,75,2,2,0,0
2023,En agglomération,velo,41_50,situation_multiple,2,14,15,0,4,10,0,0,0,2,1,12,5,0,14,0,1,2,0,0,14,1,0,0,0
2023,En agglomération,velo,41_50,situation_multiple,surface_multiple,1,1,0,0,1,0,0,0,0,0,1,0,0,0,0,0,0,0,1,1,0,0,0,0
2023,En agglomération,velo,51_70,1,1,8,9,2,3,3,0,0,0,0,0,5,3,0,0,0,0,0,0,0,0,0,0,0,0
2023,En agglomération,velo,51_70,1,2,3,3,1,0,2,0,0,0,0,0,3,0,0,3,0,0,0,0,0,0,0,0,0,0
2023,En agglomération,velo,51_70,4,1,1,1,0,1,0,0,0,0,1,1,0,0,1,0,0,1,1,0,0,0,1,0,0,0
2023,En agglomération,velo,51_70,5,1,5,5,0,4,1,0,0,0,2,0,3,2,0,0,0,1,2,0,0,0,0,0,0,0
2023,En agglomération,velo,51_70,8,1,1,1,0,1,0,0,0,0,0,0,1,1,0,0,0,0,0,0,0,0,0,0,0,0
2023,En agglomération,velo,71_80,1,1,6,6,1,4,1,0,0,0,0,0,4,2,0,0,0,0,0,0,0,0,0,0,0,0
2023,En agglomération,velo,71_80,3,1,3,3,1,2,0,0,0,0,1,0,1,1,0,0,0,1,1,0,0,0,0,0,0,0
2023,En agglomération,velo,71_80,5,1,1,1,0,1,0,0,0,0,0,0,1,0,0,0,0,0,0,0,0,0,0,0,0,0
2023,En agglomération,velo,81_90,1,1,2,2,0,1,1,0,0,0,0,0,2,1,0,0,0,0,0,0,0,0,0,0,0,0
2023,En agglomération,velo,<=20,1,1,15,15,1,6,6,2,0,0,3,0,10,11,0,0,0,0,3,0,0,0,0,0,0,0
2023,En agglomération,velo,<=20,1,2,3,3,0,0,3,0,0,0,1,0,2,3,0,3,0,0,1,0,0,0,0,1,0,0
2023,En agglomération,velo,<=20,4,1,1,1,1,0,0,0,0,0,1,1,0,0,0,0,0,1,1,0,0,0,1,0,0,0
2023,En agglomération,velo,<=20,5,1,7,8,1,1,4,1,0,0,3,0,4,5,0,0,0,0,2,0,0,0,0,2,0,0
2023,En agglomération,velo,<=20,5,2,2,2,0,0,0,2,0,0,0,0,0,2,0,2,0,0,2,0,0,0,0,0,0,0
2023,En agglomération,velo,<=20,6,1,1,1,0,0,1,0,0,0,1,1,0,1,0,0,0,0,1,0,0,0,1,0,0,0
2023,En agglomération,velo,<=20,situation_multiple,1,4,5,0,0,3,1,0,0,0,0,3,4,0,0,0,0,0,0,0,4,0,0,0,0
2023,En agglomération,velo,vma_multiple,1,1,101,103,2,19,77,3,0,0,2,1,96,53,1,0,0,2,0,101,0,0,1,0,0,0
2023,En agglomération,velo,vma_multiple,1,2,19,19,0,4,13,2,0,0,0,0,15,10,0,19,0,2,4,19,0,0,0,0,0,0
2023,En agglomération,velo,vma_multiple,1,7,1,1,0,0,1,0,0,0,0,0,1,0,0,1,0,0,0,1,0,0,0,0,0,0
2023,En agglomération,velo,vma_multiple,1,surface_multiple,2,2,0,0,2,0,0,0,0,0,2,1,0,0,0,0,0,2,2,0,0,0,0,0
2023,En agglomération,velo,vma_multiple,4,1,2,2,0,1,1,0,0,0,0,0,2,2,0,0,0,0,0,2,0,0,0,0,0,0
2023,En agglomération,velo,vma_multiple,5,1,19,21,0,3,16,0,0,0,2,1,15,10,2,0,0,4,3,19,0,0,1,0,0,0
2023,En agglomération,velo,vma_multiple,5,2,3,3,0,2,1,0,0,0,0,0,3,2,0,3,0,0,0,3,0,0,0,0,0,0
2023,En agglomération,velo,vma_multiple,6,1,1,1,0,0,1,0,0,0,0,0,0,0,0,0,0,0,0,1,0,0,0,0,0,0
2023,En agglomération,velo,vma_multiple,6,surface_multiple,1,1,0,1,0,0,0,0,0,0,0,0,0,0,0,0,0,1,1,0,0,0,0,0
2023,En agglomération,velo,vma_multiple,8,2,1,1,0,1,0,0,0,0,0,0,1,1,0,1,0,0,0,1,0,0,0,0,0,0
2023,En agglomération,velo,vma_multiple,situation_multiple,1,24,25,0,2,19,3,0,0,4,1,18,14,1,0,0,2,1,24,0,24,1,1,0,0
2023,En agglomération,velo,vma_multiple,situation_multiple,2,4,4,0,1,3,0,0,0,0,0,4,1,0,4,0,1,0,4,0,4,0,0,0,0
2023,En agglomération,velo,vma_non_renseignee_ou_invalide,1,1,33,33,2,10,19,2,0,0,1,0,23,18,1,0,0,3,2,0,0,0,0,0,0,0
2023,En agglomération,velo,vma_non_renseignee_ou_invalide,1,2,5,5,1,1,3,0,0,0,0,0,3,2,0,5,0,2,2,0,0,0,0,0,0,0
2023,En agglomération,velo,vma_non_renseignee_ou_invalide,1,9,1,1,0,1,0,0,0,0,0,0,0,0,0,1,0,1,1,0,0,0,0,0,0,0
2023,En agglomération,velo,vma_non_renseignee_ou_invalide,1,surface_non_renseignee,2,2,1,1,0,0,0,0,0,0,0,0,0,0,0,2,0,0,0,0,0,0,0,0
2023,En agglomération,velo,vma_non_renseignee_ou_invalide,3,1,2,2,0,2,0,0,0,0,1,1,1,2,0,0,0,0,1,0,0,0,1,0,0,0
2023,En agglomération,velo,vma_non_renseignee_ou_invalide,4,1,5,5,0,0,5,0,0,0,0,0,4,4,0,0,0,0,0,0,0,0,0,0,0,0
2023,En agglomération,velo,vma_non_renseignee_ou_invalide,4,surface_non_renseignee,1,1,1,0,0,0,0,0,0,0,0,0,0,0,0,1,0,0,0,0,0,0,0,0
2023,En agglomération,velo,vma_non_renseignee_ou_invalide,5,1,16,18,0,3,9,4,0,0,1,0,8,9,1,0,0,2,2,0,0,0,0,0,1,0
2023,En agglomération,velo,vma_non_renseignee_ou_invalide,5,2,1,1,0,1,0,0,0,0,0,0,0,0,1,1,0,1,1,0,0,0,0,0,0,0
2023,En agglomération,velo,vma_non_renseignee_ou_invalide,6,1,5,5,0,1,1,3,0,0,0,0,1,3,0,0,0,0,0,0,0,0,0,0,0,0
2023,En agglomération,velo,vma_non_renseignee_ou_invalide,6,2,1,1,0,0,0,1,0,0,0,0,0,1,0,1,0,0,1,0,0,0,0,0,0,0
2023,En agglomération,velo,vma_non_renseignee_ou_invalide,6,9,1,1,0,1,0,0,0,0,0,0,1,0,0,1,0,0,0,0,0,0,0,0,0,0
2023,En agglomération,velo,vma_non_renseignee_ou_invalide,8,1,3,3,0,0,1,2,0,0,0,0,1,1,0,0,0,0,0,0,0,0,0,0,0,0
2023,En agglomération,velo,vma_non_renseignee_ou_invalide,situation_non_renseignee,1,1,1,0,0,1,0,0,0,0,0,0,0,0,0,0,1,0,0,0,0,0,0,0,0
2023,Hors agglomération,edpm,21_30,1,1,3,3,0,0,3,0,0,0,0,0,3,2,0,0,0,0,0,0,0,0,0,0,0,0
2023,Hors agglomération,edpm,41_50,1,1,19,19,1,4,13,1,0,0,0,0,16,8,0,0,0,1,0,0,0,0,0,0,0,0
2023,Hors agglomération,edpm,41_50,1,2,4,4,0,1,3,0,0,0,0,0,4,1,0,4,0,0,0,0,0,0,0,0,0,0
2023,Hors agglomération,edpm,41_50,4,1,1,1,0,0,1,0,0,0,0,0,0,0,0,0,0,1,0,0,0,0,0,0,0,0
2023,Hors agglomération,edpm,41_50,5,1,3,3,0,1,2,0,0,0,1,1,2,2,0,0,0,0,1,0,0,0,1,0,0,0
2023,Hors agglomération,edpm,51_70,1,1,5,5,0,3,1,1,0,0,0,0,3,0,0,0,0,1,0,0,0,0,0,0,0,0
2023,Hors agglomération,edpm,51_70,1,2,2,2,1,0,1,0,0,0,0,0,2,0,0,2,0,0,0,0,0,0,0,0,0,0
2023,Hors agglomération,edpm,51_70,5,1,1,1,0,1,0,0,0,0,0,0,1,1,0,0,0,0,0,0,0,0,0,0,0,0
2023,Hors agglomération,edpm,51_70,situation_multiple,1,1,1,0,1,0,0,0,0,0,0,1,1,0,0,0,0,0,0,0,1,0,0,0,0
2023,Hors agglomération,edpm,71_80,1,1,13,14,2,7,3,0,0,1,0,0,11,4,0,0,0,1,0,0,0,0,0,0,0,0
2023,Hors agglomération,edpm,71_80,1,2,2,2,1,1,0,0,0,0,0,0,1,0,0,2,0,0,1,0,0,0,0,0,0,0
2023,Hors agglomération,edpm,71_80,1,3,1,1,0,1,0,0,0,0,0,0,1,0,0,1,0,0,0,0,0,0,0,0,0,0
2023,Hors agglomération,edpm,71_80,3,1,4,4,1,3,0,0,0,0,1,0,0,1,0,0,0,3,1,0,0,0,0,0,0,0
2023,Hors agglomération,edpm,71_80,3,2,2,2,2,0,0,0,0,0,1,0,1,0,0,2,0,0,1,0,0,0,0,0,0,0
2023,Hors agglomération,edpm,71_80,3,9,1,1,1,0,0,0,0,0,1,0,0,0,0,1,0,0,1,0,0,0,0,0,0,0
2023,Hors agglomération,edpm,71_80,situation_multiple,1,1,1,0,0,1,0,0,0,0,0,1,1,0,0,0,0,0,0,0,1,0,0,0,0
2023,Hors agglomération,edpm,81_90,1,1,4,4,2,1,1,0,0,0,0,0,3,0,0,0,0,1,0,0,0,0,0,0,0,0
2023,Hors agglomération,edpm,81_90,2,2,1,1,0,1,0,0,0,0,0,0,0,0,0,1,0,0,1,0,0,0,0,0,0,0
2023,Hors agglomération,edpm,81_90,3,2,1,1,0,1,0,0,0,0,0,0,1,0,0,1,0,0,0,0,0,0,0,0,0,0
2023,Hors agglomération,edpm,91_110,1,1,2,2,1,0,1,0,0,0,0,0,1,0,0,0,0,0,0,0,0,0,0,0,0,0
2023,Hors agglomération,edpm,91_110,2,1,1,1,0,0,1,0,0,0,0,0,0,0,0,0,0,1,0,0,0,0,0,0,0,0
2023,Hors agglomération,edpm,vma_multiple,1,1,5,5,0,2,3,0,0,0,0,0,5,2,0,0,0,0,0,5,0,0,0,0,0,0
2023,Hors agglomération,edpm,vma_multiple,1,2,1,1,0,0,1,0,0,0,0,0,1,1,0,1,0,0,0,1,0,0,0,0,0,0
2023,Hors agglomération,edpm,vma_non_renseignee_ou_invalide,1,1,2,2,0,2,0,0,0,0,0,0,1,1,0,0,0,1,0,0,0,0,0,0,0,0
2023,Hors agglomération,edpm,vma_non_renseignee_ou_invalide,1,2,1,1,0,1,0,0,0,0,0,0,1,1,0,1,0,0,0,0,0,0,0,0,0,0
2023,Hors agglomération,edpm,vma_non_renseignee_ou_invalide,5,1,1,1,0,1,0,0,0,0,0,0,0,1,0,0,0,0,0,0,0,0,0,0,0,0
2023,Hors agglomération,edpm,vma_non_renseignee_ou_invalide,8,1,1,1,0,0,1,0,0,0,0,0,1,1,0,0,0,0,0,0,0,0,0,0,0,0
2023,Hors agglomération,velo,21_30,1,1,19,19,1,8,10,0,0,0,0,0,15,7,0,0,0,2,0,0,0,0,0,0,0,0
2023,Hors agglomération,velo,21_30,1,9,1,1,0,1,0,0,0,0,0,0,1,1,0,1,0,0,0,0,0,0,0,0,0,0
2023,Hors agglomération,velo,21_30,3,1,1,1,0,1,0,0,0,0,1,0,0,1,0,0,0,0,1,0,0,0,0,0,0,0
2023,Hors agglomération,velo,21_30,5,1,1,2,0,1,0,0,0,0,0,0,1,0,0,0,0,0,0,0,0,0,0,0,0,0
2023,Hors agglomération,velo,21_30,6,1,1,1,0,1,0,0,0,0,1,0,0,1,0,0,0,0,1,0,0,0,0,1,0,0
2023,Hors agglomération,velo,21_30,8,9,1,1,0,0,1,0,0,0,1,0,0,1,0,1,0,1,1,0,0,0,0,1,0,0
2023,Hors agglomération,velo,41_50,1,1,93,101,6,39,47,1,0,0,5,0,72,40,1,0,0,11,5,0,0,0,0,2,0,0
2023,Hors agglomération,velo,41_50,1,2,13,14,1,6,5,1,0,0,1,0,11,7,0,13,0,1,2,0,0,0,0,0,0,0
2023,Hors agglomération,velo,41_50,3,1,4,4,3,0,1,0,0,0,1,0,1,0,0,0,0,2,1,0,0,0,0,0,0,0
2023,Hors agglomération,velo,41_50,3,2,2,2,1,1,0,0,0,0,0,0,0,0,0,2,0,2,2,0,0,0,0,0,0,0
2023,Hors agglomération,velo,41_50,4,1,4,4,1,1,2,0,0,0,1,0,2,2,0,0,0,1,1,0,0,0,0,0,0,0
2023,Hors agglomération,velo,41_50,5,1,5,7,0,2,3,0,0,0,0,0,3,2,0,0,0,2,0,0,0,0,0,0,0,0
2023,Hors agglomération,velo,41_50,5,2,1,2,0,1,0,0,0,0,0,0,1,1,0,1,0,0,0,0,0,0,0,0,0,0
2023,Hors agglomération,velo,41_50,6,1,1,1,0,0,1,0,0,0,0,0,1,0,0,0,0,0,0,0,0,0,0,0,0,0
2023,Hors agglomération,velo,41_50,8,1,1,1,0,0,1,0,0,0,0,0,1,1,0,0,0,0,0,0,0,0,0,0,0,0
2023,Hors agglomération,velo,41_50,situation_multiple,1,3,3,0,2,1,0,0,0,0,0,3,2,0,0,0,0,0,0,0,3,0,0,0,0
2023,Hors agglomération,velo,41_50,situation_multiple,2,1,1,0,0,1,0,0,0,1,0,1,0,0,1,0,0,0,0,0,1,0,0,0,0
2023,Hors agglomération,velo,51_70,1,1,81,83,6,50,24,1,0,0,7,0,59,26,1,0,0,6,5,0,0,0,0,1,1,0
2023,Hors agglomération,velo,51_70,1,2,10,10,1,5,4,0,0,0,1,0,8,3,0,10,0,1,2,0,0,0,0,0,0,0
2023,Hors agglomération,velo,51_70,2,1,1,1,0,1,0,0,0,0,1,0,0,1,0,0,0,0,1,0,0,0,0,0,0,0
2023,Hors agglomération,velo,51_70,3,1,2,2,0,0,2,0,0,0,0,0,2,1,0,0,0,0,0,0,0,0,0,0,0,0
2023,Hors agglomération,velo,51_70,3,2,1,1,1,0,0,0,0,0,1,0,0,0,0,1,0,0,1,0,0,0,0,0,0,0
2023,Hors agglomération,velo,51_70,4,1,1,2,0,0,1,0,0,0,0,0,1,0,0,0,0,0,0,0,0,0,0,0,0,0
2023,Hors agglomération,velo,51_70,5,1,6,7,0,6,0,0,0,0,2,0,3,4,0,0,0,1,2,0,0,0,0,0,0,0
2023,Hors agglomération,velo,71_80,1,1,370,398,49,227,92,2,0,0,14,2,241,142,4,0,1,49,12,0,0,0,2,0,1,1
2023,Hors agglomération,velo,71_80,1,2,38,44,8,20,10,0,0,0,5,0,29,11,0,38,0,2,9,0,0,0,0,0,0,0
2023,Hors agglomération,velo,71_80,1,3,1,1,0,0,1,0,0,0,0,0,1,0,0,1,0,0,0,0,0,0,0,0,0,0
2023,Hors agglomération,velo,71_80,1,6,1,1,0,0,1,0,0,0,1,0,1,0,0,1,0,0,0,0,0,0,0,1,0,0
2023,Hors agglomération,velo,71_80,1,8,1,1,0,1,0,0,0,0,0,0,0,0,0,1,0,1,1,0,0,0,0,0,0,0
2023,Hors agglomération,velo,71_80,1,9,3,3,0,3,0,0,0,0,0,0,0,0,0,3,0,3,3,0,0,0,0,0,0,0
2023,Hors agglomération,velo,71_80,1,surface_multiple,2,2,0,2,0,0,0,0,0,0,2,0,0,0,0,0,0,0,2,0,0,0,0,0
2023,Hors agglomération,velo,71_80,3,1,21,23,7,11,3,0,0,0,13,0,3,7,0,0,1,9,11,0,0,0,0,0,1,1
2023,Hors agglomération,velo,71_80,3,2,6,6,1,4,1,0,0,0,1,0,1,3,0,6,0,5,5,0,0,0,0,0,0,0
2023,Hors agglomération,velo,71_80,3,9,1,1,0,0,1,0,0,0,1,0,0,1,0,1,0,0,1,0,0,0,0,0,0,0
2023,Hors agglomération,velo,71_80,5,1,10,11,4,3,2,1,0,0,0,0,5,3,0,0,0,1,0,0,0,0,0,0,0,0
2023,Hors agglomération,velo,71_80,5,2,3,4,0,3,0,0,0,0,0,0,1,2,0,3,0,0,2,0,0,0,0,0,0,0
2023,Hors agglomération,velo,71_80,8,1,11,11,5,5,1,0,0,0,6,0,2,6,0,0,0,7,6,0,0,0,0,1,0,0
2023,Hors agglomération,velo,71_80,8,2,1,1,0,1,0,0,0,0,1,0,1,0,0,1,1,0,0,0,0,0,0,0,0,1
2023,Hors agglomération,velo,71_80,situation_multiple,1,9,9,2,5,2,0,0,0,1,0,7,5,1,0,0,1,1,0,0,9,0,0,0,0
2023,Hors agglomération,velo,81_90,1,1,64,68,10,24,29,1,0,0,1,0,45,21,0,0,0,7,1,0,0,0,0,0,0,0
2023,Hors agglomération,velo,81_90,1,2,9,9,0,6,3,0,0,0,0,0,4,3,1,9,0,3,5,0,0,0,0,0,0,0
2023,Hors agglomération,velo,81_90,2,1,2,2,1,0,1,0,0,0,1,0,1,1,0,0,0,0,1,0,0,0,0,0,0,0
2023,Hors agglomération,velo,81_90,3,1,11,12,3,4,4,0,0,0,5,0,2,4,0,0,1,5,5,0,0,0,0,0,0,1
2023,Hors agglomération,velo,81_90,5,1,2,2,0,1,1,0,0,0,0,0,2,2,0,0,0,0,0,0,0,0,0,0,0,0
2023,Hors agglomération,velo,81_90,5,2,1,1,0,0,1,0,0,0,0,0,0,0,0,1,0,0,1,0,0,0,0,0,0,0
2023,Hors agglomération,velo,91_110,1,1,2,2,0,0,2,0,0,0,0,0,2,1,0,0,0,0,0,0,0,0,0,0,0,0
2023,Hors agglomération,velo,91_110,3,1,1,1,0,1,0,0,0,0,1,0,0,1,0,0,0,0,1,0,0,0,0,0,0,0
2023,Hors agglomération,velo,91_110,5,1,1,1,0,1,0,0,0,0,0,0,0,0,0,0,0,0,0,0,0,0,0,0,0,0
2023,Hors agglomération,velo,<=20,3,1,1,1,1,0,0,0,0,0,0,0,0,0,1,0,0,0,1,0,0,0,0,0,0,0
2023,Hors agglomération,velo,vma_multiple,1,1,36,37,2,20,14,0,0,0,2,0,30,16,1,0,0,2,2,36,0,0,0,1,0,0
2023,Hors agglomération,velo,vma_multiple,1,2,3,4,1,1,1,0,0,0,0,0,3,1,0,3,0,0,0,3,0,0,0,0,0,0
2023,Hors agglomération,velo,vma_multiple,1,surface_multiple,3,3,0,2,1,0,0,0,0,0,3,2,0,0,0,0,0,3,3,0,0,0,0,0
2023,Hors agglomération,velo,vma_multiple,5,surface_multiple,1,1,0,0,1,0,0,0,0,0,1,0,0,0,0,0,0,1,1,0,0,0,0,0
2023,Hors agglomération,velo,vma_multiple,8,1,1,1,1,0,0,0,0,0,0,0,1,0,0,0,0,0,0,1,0,0,0,0,0,0
2023,Hors agglomération,velo,vma_multiple,situation_multiple,1,5,5,0,4,1,0,0,0,0,0,3,2,0,0,0,1,0,5,0,5,0,0,0,0
2023,Hors agglomération,velo,vma_multiple,situation_multiple,2,1,1,0,0,1,0,0,0,0,0,1,1,0,1,0,0,0,1,0,1,0,0,0,0
2023,Hors agglomération,velo,vma_non_renseignee_ou_invalide,1,1,33,36,12,16,5,0,0,0,4,0,12,12,1,0,0,13,3,0,0,0,0,0,1,0
2023,Hors agglomération,velo,vma_non_renseignee_ou_invalide,1,2,1,1,0,1,0,0,0,0,0,0,1,1,0,1,0,0,0,0,0,0,0,0,0,0
2023,Hors agglomération,velo,vma_non_renseignee_ou_invalide,1,9,1,1,1,0,0,0,0,0,0,0,0,0,0,1,0,1,1,0,0,0,0,0,0,0
2023,Hors agglomération,velo,vma_non_renseignee_ou_invalide,3,1,4,4,2,2,0,0,0,0,2,0,0,1,0,0,1,3,2,0,0,0,0,0,0,1
2023,Hors agglomération,velo,vma_non_renseignee_ou_invalide,4,1,1,1,0,1,0,0,0,0,1,0,0,1,0,0,0,0,1,0,0,0,0,0,0,0
2023,Hors agglomération,velo,vma_non_renseignee_ou_invalide,5,1,3,5,1,2,0,0,0,0,1,0,2,2,0,0,0,1,0,0,0,0,0,1,0,0
2023,Hors agglomération,velo,vma_non_renseignee_ou_invalide,8,1,1,1,0,1,0,0,0,0,0,0,1,1,0,0,0,0,0,0,0,0,0,0,0,0
2024,En agglomération,edpm,21_30,1,1,478,483,2,66,364,46,0,0,56,11,345,299,10,0,3,43,46,0,0,0,11,8,0,3
2024,En agglomération,edpm,21_30,1,2,116,116,2,11,92,11,0,0,14,2,85,74,3,116,1,11,31,0,0,0,2,2,1,1
2024,En agglomération,edpm,21_30,1,3,1,1,0,0,1,0,0,0,0,0,1,0,0,1,0,0,0,0,0,0,0,0,0,0
2024,En agglomération,edpm,21_30,1,5,2,2,0,0,1,1,0,0,1,0,1,2,0,2,0,0,1,0,0,0,0,0,0,0
2024,En agglomération,edpm,21_30,1,9,2,2,0,1,1,0,0,0,0,0,0,0,0,2,0,2,2,0,0,0,0,0,0,0
2024,En agglomération,edpm,21_30,1,surface_multiple,1,1,0,0,1,0,0,0,0,0,1,0,0,0,0,0,0,0,1,0,0,0,0,0
2024,En agglomération,edpm,21_30,3,1,2,2,0,1,1,0,0,0,1,0,1,1,0,0,0,1,1,0,0,0,0,0,0,0
2024,En agglomération,edpm,21_30,4,1,52,54,0,9,19,24,0,0,11,4,15,40,1,0,0,7,11,0,0,0,4,1,0,0
2024,En agglomération,edpm,21_30,4,2,6,6,0,0,3,3,0,0,1,0,1,5,0,6,0,1,5,0,0,0,0,0,0,0
2024,En agglomération,edpm,21_30,5,1,113,114,0,12,79,22,0,0,14,2,63,80,3,0,0,13,14,0,0,0,2,2,2,0
2024,En agglomération,edpm,21_30,5,2,22,25,0,2,14,6,0,0,1,0,14,17,0,22,0,2,8,0,0,0,0,0,0,0
2024,En agglomération,edpm,21_30,5,4,1,1,0,1,0,0,0,0,1,0,0,1,0,1,0,0,1,0,0,0,0,0,0,0
2024,En agglomération,edpm,21_30,6,1,16,17,0,3,9,4,0,0,1,0,6,10,0,0,0,3,1,0,0,0,0,0,0,0
2024,En agglomération,edpm,21_30,6,2,6,6,0,0,4,2,0,0,0,0,3,3,0,6,0,1,3,0,0,0,0,0,0,0
2024,En agglomération,edpm,21_30,6,9,1,1,0,0,1,0,0,0,0,0,1,0,0,1,0,0,0,0,0,0,0,0,0,0
2024,En agglomération,edpm,21_30,8,1,11,11,0,0,9,2,0,0,1,0,5,7,0,0,0,0,1,0,0,0,0,0,0,0
2024,En agglomération,edpm,21_30,8,2,3,3,0,2,1,0,0,0,0,0,2,1,0,3,0,1,1,0,0,0,0,0,0,0
2024,En agglomération,edpm,21_30,situation_multiple,1,34,35,0,5,23,6,0,0,6,1,26,24,0,0,0,0,5,0,0,34,1,1,1,0
2024,En agglomération,edpm,21_30,situation_multiple,2,3,3,0,0,1,2,0,0,0,0,1,2,0,3,0,0,2,0,0,3,0,0,0,0
2024,En agglomération,edpm,21_30,situation_multiple,surface_multiple,1,1,0,0,1,0,0,0,0,0,0,0,0,0,0,1,0,0,1,1,0,0,0,0
2024,En agglomération,edpm,31_40,1,1,1,1,0,0,1,0,0,0,0,0,1,0,0,0,0,0,0,0,0,0,0,0,0,0
2024,En agglomération,edpm,31_40,5,1,2,2,0,1,1,0,0,0,1,0,1,2,0,0,0,0,1,0,0,0,0,0,0,0
2024,En agglomération,edpm,31_40,8,1,1,1,0,0,1,0,0,0,0,0,1,1,0,0,0,0,0,0,0,0,0,0,0,0
2024,En agglomération,edpm,41_50,1,1,1018,1020,9,209,750,50,0,0,69,22,809,588,11,0,1,89,60,0,0,0,22,9,1,1
2024,En agglomération,edpm,41_50,1,2,224,224,1,47,166,10,0,0,11,3,175,123,0,224,0,25,49,0,0,0,3,1,0,0
2024,En agglomération,edpm,41_50,1,3,2,2,0,2,0,0,0,0,0,0,1,0,0,2,0,1,1,0,0,0,0,0,0,0
2024,En agglomération,edpm,41_50,1,4,1,1,1,0,0,0,0,0,0,0,0,1,0,1,0,1,1,0,0,0,0,0,0,0
2024,En agglomération,edpm,41_50,1,5,1,1,0,0,0,1,0,0,0,0,0,0,0,1,0,0,1,0,0,0,0,0,0,0
2024,En agglomération,edpm,41_50,1,7,1,1,0,1,0,0,0,0,0,0,0,0,0,1,0,1,1,0,0,0,0,0,0,0
2024,En agglomération,edpm,41_50,1,9,2,2,0,0,2,0,0,0,0,0,0,0,0,2,0,2,2,0,0,0,0,0,0,0
2024,En agglomération,edpm,41_50,1,surface_multiple,5,5,1,2,2,0,0,0,0,0,5,4,0,0,0,0,0,0,5,0,0,0,0,0
2024,En agglomération,edpm,41_50,3,1,5,5,1,1,2,1,0,0,1,0,1,1,0,0,0,3,1,0,0,0,0,0,0,0
2024,En agglomération,edpm,41_50,3,2,1,1,0,1,0,0,0,0,1,0,0,1,0,1,1,1,1,0,0,0,0,0,0,1
2024,En agglomération,edpm,41_50,4,1,61,61,1,10,39,11,0,0,17,9,24,46,0,0,1,14,16,0,0,0,9,0,1,1
2024,En agglomération,edpm,41_50,4,2,14,14,0,1,10,3,0,0,2,0,9,11,0,14,0,2,5,0,0,0,0,0,1,0
2024,En agglomération,edpm,41_50,5,1,109,112,4,19,71,15,0,0,12,5,73,70,0,0,0,15,11,0,0,0,5,1,1,0
2024,En agglomération,edpm,41_50,5,2,20,20,0,4,12,4,0,0,2,1,14,13,0,20,0,2,6,0,0,0,1,0,0,0
2024,En agglomération,edpm,41_50,5,surface_multiple,1,1,0,1,0,0,0,0,0,0,0,0,0,0,0,1,0,0,1,0,0,0,0,0
2024,En agglomération,edpm,41_50,6,1,25,25,0,4,15,6,0,0,6,2,12,16,1,0,0,1,5,0,0,0,2,0,0,0
2024,En agglomération,edpm,41_50,6,2,3,3,0,0,2,1,0,0,0,0,2,0,0,3,0,0,1,0,0,0,0,0,0,0
2024,En agglomération,edpm,41_50,8,1,34,34,0,5,27,2,0,0,1,0,27,18,1,0,0,1,2,0,0,0,0,0,0,0
2024,En agglomération,edpm,41_50,8,2,8,9,0,3,4,1,0,0,0,0,7,5,0,8,0,1,1,0,0,0,0,0,0,0
2024,En agglomération,edpm,41_50,8,9,1,1,0,0,0,1,0,0,0,0,0,1,0,1,0,0,1,0,0,0,0,0,0,0
2024,En agglomération,edpm,41_50,situation_multiple,1,41,41,0,12,28,1,0,0,3,0,35,24,0,0,0,2,3,0,0,41,0,1,0,0
2024,En agglomération,edpm,41_50,situation_multiple,2,8,8,0,1,7,0,0,0,0,0,8,3,0,8,0,0,0,0,0,8,0,0,0,0
2024,En agglomération,edpm,51_70,1,1,12,13,0,3,9,0,0,0,0,0,8,7,0,0,0,3,0,0,0,0,0,0,0,0
2024,En agglomération,edpm,51_70,1,2,1,1,0,1,0,0,0,0,0,0,1,1,0,1,0,0,0,0,0,0,0,0,0,0
2024,En agglomération,edpm,51_70,5,1,1,1,0,0,1,0,0,0,0,0,1,1,1,0,0,0,0,0,0,0,0,0,0,0
2024,En agglomération,edpm,71_80,1,1,2,2,0,1,1,0,0,0,0,0,0,0,0,0,0,1,0,0,0,0,0,0,0,0
2024,En agglomération,edpm,<=20,1,1,19,20,0,1,12,6,0,0,1,0,10,9,0,0,0,2,0,0,0,0,0,0,0,0
2024,En agglomération,edpm,<=20,1,2,1,1,0,0,0,1,0,0,0,0,0,1,0,1,0,0,1,0,0,0,0,0,0,0
2024,En agglomération,edpm,<=20,4,1,23,23,0,3,10,10,0,0,5,2,9,15,1,0,0,4,6,0,0,0,2,0,1,0
2024,En agglomération,edpm,<=20,4,2,3,3,0,1,0,2,0,0,1,1,0,0,0,3,0,0,3,0,0,0,1,0,0,0
2024,En agglomération,edpm,<=20,5,1,10,10,0,3,4,3,0,0,1,0,4,7,0,0,0,2,1,0,0,0,0,0,0,0
2024,En agglomération,edpm,<=20,5,2,1,1,0,0,0,1,0,0,0,0,1,1,0,1,0,0,0,0,0,0,0,0,0,0
2024,En agglomération,edpm,<=20,6,1,4,4,0,0,1,3,0,0,0,0,0,3,0,0,0,0,0,0,0,0,0,0,0,0
2024,En agglomération,edpm,<=20,6,2,1,1,0,0,1,0,0,0,0,0,0,0,0,1,0,1,1,0,0,0,0,0,0,0
2024,En agglomération,edpm,<=20,8,1,4,4,0,1,2,1,0,0,2,0,1,2,0,0,0,1,2,0,0,0,0,1,1,0
2024,En agglomération,edpm,<=20,8,2,6,7,0,1,5,0,0,0,0,0,2,2,0,6,0,2,4,0,0,0,0,0,0,0
2024,En agglomération,edpm,<=20,8,9,1,1,0,0,0,1,0,0,0,0,0,1,0,1,0,0,1,0,0,0,0,0,0,0
2024,En agglomération,edpm,<=20,situation_multiple,1,1,1,0,0,1,0,0,0,0,0,1,1,0,0,0,0,0,0,0,1,0,0,0,0
2024,En agglomération,edpm,<=20,situation_multiple,surface_multiple,1,1,0,1,0,0,0,0,1,0,1,1,0,0,0,0,0,0,1,1,0,1,0,0
2024,En agglomération,edpm,>130,1,1,3,3,0,0,2,1,0,0,1,1,2,3,0,0,0,0,1,0,0,0,1,0,0,0
2024,En agglomération,edpm,vma_multiple,1,1,86,86,3,11,70,2,0,0,1,0,80,63,0,0,0,4,0,86,0,0,0,0,0,0
2024,En agglomération,edpm,vma_multiple,1,2,18,18,0,3,15,0,0,0,3,0,17,9,0,18,0,1,1,18,0,0,0,0,0,0
2024,En agglomération,edpm,vma_multiple,4,1,3,4,0,1,2,0,0,0,1,1,2,2,1,0,0,1,1,3,0,0,1,0,0,0
2024,En agglomération,edpm,vma_multiple,4,2,1,1,0,0,1,0,0,0,1,0,0,1,0,1,0,1,1,1,0,0,0,0,0,0
2024,En agglomération,edpm,vma_multiple,5,1,7,8,0,1,5,1,0,0,1,0,6,5,0,0,0,1,1,7,0,0,0,0,0,0
2024,En agglomération,edpm,vma_multiple,5,2,4,4,0,0,2,2,0,0,0,0,4,2,0,4,0,0,0,4,0,0,0,0,0,0
2024,En agglomération,edpm,vma_multiple,6,1,1,1,0,0,1,0,0,0,0,0,0,1,0,0,0,0,0,1,0,0,0,0,0,0
2024,En agglomération,edpm,vma_multiple,8,9,1,1,0,0,1,0,0,0,0,0,1,0,0,1,0,0,0,1,0,0,0,0,0,0
2024,En agglomération,edpm,vma_multiple,situation_multiple,1,19,19,1,4,13,1,0,0,1,0,16,13,0,0,0,2,1,19,0,19,0,0,0,0
2024,En agglomération,edpm,vma_multiple,situation_multiple,2,6,6,0,0,5,1,0,0,0,0,5,3,0,6,0,0,1,6,0,6,0,0,0,0
2024,En agglomération,edpm,vma_non_renseignee_ou_invalide,1,1,10,10,3,4,3,0,0,0,0,0,7,7,0,0,0,3,0,0,0,0,0,0,0,0
2024,En agglomération,edpm,vma_non_renseignee_ou_invalide,4,1,3,3,2,0,1,0,0,0,0,0,1,1,0,0,0,2,0,0,0,0,0,0,0,0
2024,En agglomération,edpm,vma_non_renseignee_ou_invalide,5,1,6,6,0,1,2,3,0,0,0,0,3,3,0,0,0,2,0,0,0,0,0,0,0,0
2024,En agglomération,edpm,vma_non_renseignee_ou_invalide,5,9,1,1,0,0,1,0,0,0,1,0,0,1,0,1,0,0,1,0,0,0,0,1,0,0
2024,En agglomération,edpm,vma_non_renseignee_ou_invalide,6,1,1,1,0,1,0,0,0,0,1,0,0,1,0,0,0,0,1,0,0,0,0,0,0,0
2024,En agglomération,edpm,vma_non_renseignee_ou_invalide,8,1,1,1,0,0,1,0,0,0,0,0,1,1,0,0,0,0,0,0,0,0,0,0,0,0
2024,En agglomération,velo,21_30,1,1,1028,1079,11,125,804,88,0,0,126,13,750,592,28,0,5,73,101,0,0,0,13,10,4,5
2024,En agglomération,velo,21_30,1,2,250,259,0,27,198,25,0,0,15,2,191,133,8,250,0,25,59,0,0,0,2,1,0,0
2024,En agglomération,velo,21_30,1,5,1,1,0,0,1,0,0,0,0,0,0,1,0,1,0,1,1,0,0,0,0,0,0,0
2024,En agglomération,velo,21_30,1,7,1,1,0,0,1,0,0,0,0,0,1,0,0,1,0,0,0,0,0,0,0,0,0,0
2024,En agglomération,velo,21_30,1,8,1,1,0,0,1,0,0,0,0,0,1,0,0,1,0,0,0,0,0,0,0,0,0,0
2024,En agglomération,velo,21_30,1,9,2,2,0,1,1,0,0,0,0,0,1,0,0,2,0,1,1,0,0,0,0,0,0,0
2024,En agglomération,velo,21_30,1,surface_multiple,3,3,0,0,3,0,0,0,0,0,3,2,0,0,0,0,0,0,3,0,0,0,0,0
2024,En agglomération,velo,21_30,3,1,5,5,0,1,3,1,0,0,3,2,0,1,2,0,0,1,3,0,0,0,2,0,0,0
2024,En agglomération,velo,21_30,3,2,1,1,0,0,0,1,0,0,0,0,0,1,0,1,0,0,1,0,0,0,0,0,0,0
2024,En agglomération,velo,21_30,4,1,29,31,0,4,19,6,0,0,9,4,12,21,0,0,0,4,9,0,0,0,4,0,0,0
2024,En agglomération,velo,21_30,4,2,6,6,0,0,2,4,0,0,1,0,0,4,0,6,0,1,6,0,0,0,0,0,0,0
2024,En agglomération,velo,21_30,4,3,1,1,0,0,1,0,0,0,1,1,0,1,0,1,0,1,1,0,0,0,1,0,0,0
2024,En agglomération,velo,21_30,5,1,319,384,4,21,241,53,0,0,48,12,191,223,11,0,0,34,48,0,0,0,12,7,1,0
2024,En agglomération,velo,21_30,5,2,75,80,0,5,58,12,0,0,13,3,36,54,3,75,1,16,39,0,0,0,3,4,0,1
2024,En agglomération,velo,21_30,5,6,1,1,0,0,1,0,0,0,1,1,0,0,0,1,0,1,1,0,0,0,1,0,0,0
2024,En agglomération,velo,21_30,5,9,1,1,0,0,0,1,0,0,0,0,0,1,1,1,0,0,1,0,0,0,0,0,0,0
2024,En agglomération,velo,21_30,5,surface_multiple,2,2,0,0,1,1,0,0,1,1,0,1,0,0,0,1,1,0,2,0,1,0,0,0
2024,En agglomération,velo,21_30,6,1,41,43,1,10,27,3,0,0,7,0,18,24,0,0,0,4,7,0,0,0,0,0,1,0
2024,En agglomération,velo,21_30,6,2,10,10,0,2,7,1,0,0,4,1,2,6,0,10,0,3,8,0,0,0,1,1,0,0
2024,En agglomération,velo,21_30,8,1,16,16,0,3,8,5,0,0,4,0,6,11,0,0,1,3,4,0,0,0,0,1,0,1
2024,En agglomération,velo,21_30,8,2,5,5,0,0,4,1,0,0,0,0,2,4,0,5,0,1,3,0,0,0,0,0,0,0
2024,En agglomération,velo,21_30,situation_multiple,1,83,89,0,3,68,12,0,0,11,4,56,61,1,0,0,10,9,0,0,83,4,2,0,0
2024,En agglomération,velo,21_30,situation_multiple,2,33,37,1,2,26,4,0,0,4,0,21,26,1,33,1,5,12,0,0,33,0,1,1,1
2024,En agglomération,velo,21_30,situation_multiple,surface_multiple,2,2,0,0,2,0,0,0,0,0,1,0,0,0,0,1,0,0,2,2,0,0,0,0
2024,En agglomération,velo,31_40,1,1,8,8,0,5,2,1,0,0,0,0,5,2,0,0,0,2,0,0,0,0,0,0,0,0
2024,En agglomération,velo,31_40,8,1,1,1,0,0,0,1,0,0,0,0,0,1,0,0,0,0,0,0,0,0,0,0,0,0
2024,En agglomération,velo,41_50,1,1,1578,1621,56,407,1067,48,0,0,113,27,1248,786,16,0,2,106,92,0,0,0,28,9,0,2
2024,En agglomération,velo,41_50,1,2,277,279,5,59,209,4,0,0,21,5,221,127,1,277,0,18,56,0,0,0,5,2,0,0
2024,En agglomération,velo,41_50,1,3,2,2,0,0,2,0,0,0,0,0,2,1,0,2,0,0,0,0,0,0,0,0,0,0
2024,En agglomération,velo,41_50,1,4,1,1,0,0,1,0,0,0,0,0,0,1,0,1,0,1,1,0,0,0,0,0,0,0
2024,En agglomération,velo,41_50,1,5,1,2,0,0,1,0,0,0,0,0,1,1,0,1,0,0,0,0,0,0,0,0,0,0
2024,En agglomération,velo,41_50,1,7,3,3,0,0,3,0,0,0,0,0,1,1,0,3,0,1,2,0,0,0,0,0,0,0
2024,En agglomération,velo,41_50,1,9,4,4,0,2,2,0,0,0,2,0,1,2,0,4,0,1,3,0,0,0,0,2,0,0
2024,En agglomération,velo,41_50,1,surface_multiple,7,7,0,2,5,0,0,0,0,0,5,4,0,0,0,1,0,0,7,0,0,0,0,0
2024,En agglomération,velo,41_50,2,1,1,2,0,1,0,0,0,0,0,0,1,1,0,0,0,0,0,0,0,0,0,0,0,0
2024,En agglomération,velo,41_50,3,1,20,20,4,8,8,0,0,0,6,0,5,12,1,0,1,9,7,0,0,0,0,0,0,1
2024,En agglomération,velo,41_50,4,1,47,47,2,15,23,7,0,0,15,4,20,27,0,0,0,9,15,0,0,0,4,1,0,0
2024,En agglomération,velo,41_50,4,2,6,6,0,0,3,3,0,0,0,0,5,4,0,6,0,0,1,0,0,0,0,0,0,0
2024,En agglomération,velo,41_50,5,1,188,198,5,29,143,11,0,0,20,4,129,99,5,0,0,16,21,0,0,0,4,0,1,0
2024,En agglomération,velo,41_50,5,2,33,34,0,5,24,4,0,0,7,3,20,22,2,33,0,3,13,0,0,0,3,1,1,0
2024,En agglomération,velo,41_50,5,surface_multiple,1,1,0,0,1,0,0,0,0,0,1,1,0,0,0,0,0,0,1,0,0,0,0,0
2024,En agglomération,velo,41_50,6,1,20,21,0,4,14,2,0,0,3,0,11,12,1,0,0,1,1,0,0,0,0,1,0,0
2024,En agglomération,velo,41_50,6,2,5,5,1,1,3,0,0,0,3,0,3,3,0,5,0,1,2,0,0,0,0,0,0,0
2024,En agglomération,velo,41_50,6,9,1,1,0,1,0,0,0,0,0,0,0,1,0,1,0,0,1,0,0,0,0,0,0,0
2024,En agglomération,velo,41_50,8,1,27,27,2,8,17,0,0,0,2,0,21,11,0,0,1,3,2,0,0,0,0,0,0,1
2024,En agglomération,velo,41_50,8,2,8,8,0,1,6,1,0,0,0,0,3,3,0,8,0,2,5,0,0,0,0,0,0,0
2024,En agglomération,velo,41_50,situation_multiple,1,85,87,5,18,61,1,0,0,2,0,78,46,2,0,0,4,2,0,0,85,0,2,0,0
2024,En agglomération,velo,41_50,situation_multiple,2,14,14,1,3,10,0,0,0,2,0,10,6,0,14,1,2,4,0,0,14,0,0,0,1
2024,En agglomération,velo,41_50,situation_multiple,surface_multiple,2,2,0,1,1,0,0,0,0,0,2,1,0,0,0,0,0,0,2,2,0,0,0,0
2024,En agglomération,velo,51_70,1,1,21,21,4,9,8,0,0,0,1,0,17,11,0,0,0,0,1,0,0,0,0,0,1,0
2024,En agglomération,velo,51_70,1,2,1,1,0,1,0,0,0,0,0,0,0,1,0,1,0,0,1,0,0,0,0,0,0,0
2024,En agglomération,velo,51_70,1,9,1,1,0,1,0,0,0,0,0,0,1,0,0,1,0,0,0,0,0,0,0,0,0,0
2024,En agglomération,velo,71_80,1,1,14,14,0,5,9,0,0,0,2,1,10,3,0,0,0,1,1,0,0,0,1,0,0,0
2024,En agglomération,velo,71_80,1,2,3,3,0,2,1,0,0,0,0,0,1,0,0,3,0,1,2,0,0,0,0,0,0,0
2024,En agglomération,velo,71_80,3,1,1,1,0,1,0,0,0,0,1,0,0,1,0,0,0,0,1,0,0,0,0,0,0,0
2024,En agglomération,velo,71_80,situation_multiple,1,1,1,0,1,0,0,0,0,0,0,1,0,0,0,0,0,0,0,0,1,0,0,0,0
2024,En agglomération,velo,81_90,1,1,1,1,0,0,1,0,0,0,0,0,1,0,0,0,0,0,0,0,0,0,0,0,0,0
2024,En agglomération,velo,81_90,3,1,1,1,1,0,0,0,0,0,0,0,0,0,0,0,0,1,0,0,0,0,0,0,0,0
2024,En agglomération,velo,81_90,5,1,1,1,0,1,0,0,0,0,0,0,1,0,0,0,0,0,0,0,0,0,0,0,0,0
2024,En agglomération,velo,<=20,1,1,14,14,2,2,10,0,0,0,0,0,9,8,1,0,0,2,1,0,0,0,0,0,0,0
2024,En agglomération,velo,<=20,1,2,4,4,0,1,3,0,0,0,0,0,4,2,0,4,0,0,0,0,0,0,0,0,0,0
2024,En agglomération,velo,<=20,3,2,1,1,0,0,1,0,0,0,0,0,1,0,0,1,0,0,0,0,0,0,0,0,0,0
2024,En agglomération,velo,<=20,4,1,8,10,0,0,4,4,0,0,0,0,3,7,0,0,0,1,0,0,0,0,0,0,0,0
2024,En agglomération,velo,<=20,5,1,13,13,0,0,10,3,0,0,1,0,4,8,0,0,0,2,1,0,0,0,0,0,0,0
2024,En agglomération,velo,<=20,5,2,2,2,0,0,2,0,0,0,1,1,1,2,0,2,0,0,1,0,0,0,1,0,0,0
2024,En agglomération,velo,<=20,5,9,1,1,0,0,1,0,0,0,0,0,0,0,0,1,0,1,1,0,0,0,0,0,0,0
2024,En agglomération,velo,<=20,6,1,3,3,0,1,2,0,0,0,0,0,0,0,0,0,0,3,0,0,0,0,0,0,0,0
2024,En agglomération,velo,<=20,6,9,1,1,0,0,0,1,0,0,0,0,0,1,0,1,0,0,1,0,0,0,0,0,0,0
2024,En agglomération,velo,<=20,8,1,9,11,0,0,9,0,0,0,0,0,4,7,0,0,0,0,0,0,0,0,0,0,0,0
2024,En agglomération,velo,<=20,situation_multiple,1,2,2,0,1,1,0,0,0,0,0,1,0,0,0,0,0,0,0,0,2,0,0,0,0
2024,En agglomération,velo,<=20,situation_multiple,2,1,1,0,0,1,0,0,0,0,0,1,1,0,1,0,0,0,0,0,1,0,0,0,0
2024,En agglomération,velo,>130,1,1,1,1,0,1,0,0,0,0,0,0,1,0,0,0,0,0,0,0,0,0,0,0,0,0
2024,En agglomération,velo,vma_multiple,1,1,137,138,1,22,110,4,0,0,1,0,129,71,2,0,0,2,1,137,0,0,0,0,0,0
2024,En agglomération,velo,vma_multiple,1,2,22,22,0,4,18,0,0,0,1,0,22,15,0,22,0,0,0,22,0,0,0,0,0,0
2024,En agglomération,velo,vma_multiple,1,3,1,1,0,0,1,0,0,0,0,0,1,1,0,1,0,0,0,1,0,0,0,0,0,0
2024,En agglomération,velo,vma_multiple,1,surface_multiple,1,1,0,0,1,0,0,0,0,0,1,0,0,0,0,0,0,1,1,0,0,0,0,0
2024,En agglomération,velo,vma_multiple,4,1,2,2,0,0,1,1,0,0,0,0,1,1,0,0,0,0,0,2,0,0,0,0,0,0
2024,En agglomération,velo,vma_multiple,5,1,23,24,1,4,17,1,0,0,1,0,19,15,1,0,0,2,2,23,0,0,0,0,0,0
2024,En agglomération,velo,vma_multiple,5,2,5,5,0,2,3,0,0,0,1,1,4,2,0,5,0,1,1,5,0,0,1,0,0,0
2024,En agglomération,velo,vma_multiple,situation_multiple,1,23,24,1,4,18,0,0,0,2,1,20,12,0,0,0,2,1,23,0,23,1,0,0,0
2024,En agglomération,velo,vma_multiple,situation_multiple,2,6,9,0,2,3,1,0,0,0,0,5,1,0,6,0,0,1,6,0,6,0,0,0,0
2024,En agglomération,velo,vma_non_renseignee_ou_invalide,1,1,19,19,2,10,7,0,0,0,1,0,13,7,0,0,0,2,1,0,0,0,0,0,0,0
2024,En agglomération,velo,vma_non_renseignee_ou_invalide,1,2,1,1,0,0,1,0,0,0,1,0,0,1,0,1,0,0,1,0,0,0,0,1,0,0
2024,En agglomération,velo,vma_non_renseignee_ou_invalide,4,1,1,1,0,0,0,1,0,0,0,0,0,1,0,0,0,0,0,0,0,0,0,0,0,0
2024,En agglomération,velo,vma_non_renseignee_ou_invalide,5,1,4,4,0,3,1,0,0,0,0,0,3,3,0,0,0,0,0,0,0,0,0,0,0,0
2024,En agglomération,velo,vma_non_renseignee_ou_invalide,5,9,1,1,0,0,1,0,0,0,0,0,0,0,0,1,0,1,1,0,0,0,0,0,0,0
2024,En agglomération,velo,vma_non_renseignee_ou_invalide,6,1,2,2,0,2,0,0,0,0,0,0,0,1,0,0,0,0,0,0,0,0,0,0,0,0
2024,En agglomération,velo,vma_non_renseignee_ou_invalide,8,1,2,2,0,2,0,0,0,0,0,0,2,0,1,0,0,0,0,0,0,0,0,0,0,0
2024,Hors agglomération,edpm,21_30,1,1,4,4,1,0,2,1,0,0,0,0,3,4,0,0,0,0,0,0,0,0,0,0,0,0
2024,Hors agglomération,edpm,21_30,1,2,1,1,0,0,1,0,0,0,0,0,1,1,0,1,0,0,0,0,0,0,0,0,0,0
2024,Hors agglomération,edpm,21_30,6,1,1,1,0,0,1,0,0,0,0,0,1,0,0,0,0,0,0,0,0,0,0,0,0,0
2024,Hors agglomération,edpm,41_50,1,1,29,30,0,10,18,1,0,0,5,1,18,9,2,0,0,7,6,0,0,0,1,4,0,0
2024,Hors agglomération,edpm,41_50,1,2,4,4,0,3,1,0,0,0,0,0,2,0,0,4,0,0,2,0,0,0,0,0,0,0
2024,Hors agglomération,edpm,41_50,1,9,1,1,1,0,0,0,0,0,0,0,0,1,0,1,0,1,1,0,0,0,0,0,0,0
2024,Hors agglomération,edpm,41_50,3,1,1,1,0,1,0,0,0,0,1,0,0,1,0,0,0,1,1,0,0,0,0,0,0,0
2024,Hors agglomération,edpm,41_50,4,2,1,1,0,0,1,0,0,0,0,0,0,0,0,1,0,1,1,0,0,0,0,0,0,0
2024,Hors agglomération,edpm,41_50,5,1,2,2,0,0,2,0,0,0,0,0,2,1,0,0,0,0,0,0,0,0,0,0,0,0
2024,Hors agglomération,edpm,41_50,6,1,2,2,0,0,2,0,0,0,0,0,0,0,0,0,0,2,0,0,0,0,0,0,0,0
2024,Hors agglomération,edpm,41_50,6,2,1,1,0,0,0,1,0,0,0,0,0,1,0,1,0,0,1,0,0,0,0,0,0,0
2024,Hors agglomération,edpm,41_50,8,1,1,1,0,0,1,0,0,0,0,0,0,0,0,0,0,1,0,0,0,0,0,0,0,0
2024,Hors agglomération,edpm,51_70,1,1,13,13,2,6,5,0,0,0,0,0,11,4,0,0,0,1,0,0,0,0,0,0,0,0
2024,Hors agglomération,edpm,51_70,1,2,3,3,3,0,0,0,0,0,0,0,3,0,0,3,0,0,0,0,0,0,0,0,0,0
2024,Hors agglomération,edpm,51_70,3,2,1,1,0,0,1,0,0,0,1,0,0,1,0,1,0,0,1,0,0,0,0,0,0,0
2024,Hors agglomération,edpm,51_70,5,2,1,1,0,1,0,0,0,0,1,0,0,1,0,1,0,0,1,0,0,0,0,0,0,0
2024,Hors agglomération,edpm,51_70,8,1,1,1,0,1,0,0,0,0,0,0,0,1,0,0,0,0,0,0,0,0,0,0,0,0
2024,Hors agglomération,edpm,71_80,1,1,25,25,2,12,10,1,0,0,1,0,15,11,1,0,0,5,1,0,0,0,0,0,0,0
2024,Hors agglomération,edpm,71_80,1,2,2,2,0,1,1,0,0,0,0,0,2,1,0,2,0,0,0,0,0,0,0,0,0,0
2024,Hors agglomération,edpm,71_80,1,9,1,1,0,1,0,0,0,0,0,0,0,0,0,1,0,1,1,0,0,0,0,0,0,0
2024,Hors agglomération,edpm,71_80,3,1,3,3,0,3,0,0,0,0,1,0,1,2,0,0,0,1,1,0,0,0,0,0,0,0
2024,Hors agglomération,edpm,71_80,5,1,1,1,0,1,0,0,0,0,0,0,1,0,0,0,0,0,0,0,0,0,0,0,0,0
2024,Hors agglomération,edpm,71_80,situation_multiple,1,1,1,0,1,0,0,0,0,0,0,1,0,0,0,0,0,0,0,0,1,0,0,0,0
2024,Hors agglomération,edpm,71_80,situation_multiple,2,1,1,0,1,0,0,0,0,0,0,0,0,0,1,0,0,1,0,0,1,0,0,0,0
2024,Hors agglomération,edpm,81_90,1,1,5,5,3,2,0,0,0,0,0,0,3,0,0,0,0,0,0,0,0,0,0,0,0,0
2024,Hors agglomération,edpm,81_90,5,1,1,1,0,0,1,0,0,0,0,0,0,0,0,0,0,1,0,0,0,0,0,0,0,0
2024,Hors agglomération,edpm,91_110,1,1,1,1,0,0,0,1,0,0,0,0,1,1,0,0,0,0,0,0,0,0,0,0,0,0
2024,Hors agglomération,edpm,<=20,1,1,1,1,0,1,0,0,0,0,0,0,1,1,0,0,0,0,0,0,0,0,0,0,0,0
2024,Hors agglomération,edpm,<=20,6,2,1,1,0,0,1,0,0,0,0,0,1,1,0,1,0,0,0,0,0,0,0,0,0,0
2024,Hors agglomération,edpm,>130,1,1,1,1,0,0,1,0,0,0,1,0,1,0,0,0,0,0,0,0,0,0,0,0,0,0
2024,Hors agglomération,edpm,vma_multiple,1,1,2,2,0,2,0,0,0,0,0,0,2,0,0,0,0,0,0,2,0,0,0,0,0,0
2024,Hors agglomération,edpm,vma_non_renseignee_ou_invalide,1,1,4,4,2,1,1,0,0,0,0,0,4,3,0,0,0,0,0,0,0,0,0,0,0,0
2024,Hors agglomération,edpm,vma_non_renseignee_ou_invalide,5,1,2,2,1,1,0,0,0,0,0,0,0,0,0,0,0,2,0,0,0,0,0,0,0,0
2024,Hors agglomération,edpm,vma_non_renseignee_ou_invalide,6,1,1,1,0,0,0,1,0,0,0,0,1,1,0,0,0,0,0,0,0,0,0,0,0,0
2024,Hors agglomération,velo,21_30,1,1,21,21,0,9,11,1,0,0,1,0,17,13,0,0,0,0,0,0,0,0,0,0,0,0
2024,Hors agglomération,velo,21_30,1,2,3,3,0,0,3,0,0,0,0,0,1,1,0,3,0,2,2,0,0,0,0,0,0,0
2024,Hors agglomération,velo,21_30,3,1,1,1,1,0,0,0,0,0,0,0,0,0,0,0,0,1,0,0,0,0,0,0,0,0
2024,Hors agglomération,velo,21_30,5,1,5,7,0,2,2,1,0,0,0,0,3,4,0,0,0,1,0,0,0,0,0,0,0,0
2024,Hors agglomération,velo,21_30,5,9,1,1,0,1,0,0,0,0,0,0,0,0,0,1,0,1,1,0,0,0,0,0,0,0
2024,Hors agglomération,velo,21_30,6,2,1,1,0,0,1,0,0,0,0,0,1,1,0,1,0,0,0,0,0,0,0,0,0,0
2024,Hors agglomération,velo,21_30,8,1,1,1,0,0,1,0,0,0,0,0,1,0,0,0,0,0,0,0,0,0,0,0,0,0
2024,Hors agglomération,velo,21_30,8,2,1,1,0,0,1,0,0,0,1,0,0,1,0,1,0,0,1,0,0,0,0,0,0,0
2024,Hors agglomération,velo,41_50,1,1,98,104,6,37,54,1,0,0,6,0,70,43,0,0,1,12,5,0,0,0,0,1,0,1
2024,Hors agglomération,velo,41_50,1,2,14,14,0,2,12,0,0,0,0,0,14,4,0,14,0,0,0,0,0,0,0,0,0,0
2024,Hors agglomération,velo,41_50,1,3,1,1,0,1,0,0,0,0,0,0,1,1,0,1,0,0,0,0,0,0,0,0,0,0
2024,Hors agglomération,velo,41_50,1,9,6,6,0,5,1,0,0,0,0,0,0,3,0,6,0,6,6,0,0,0,0,0,0,0
2024,Hors agglomération,velo,41_50,1,surface_multiple,1,1,0,1,0,0,0,0,0,0,1,1,0,0,0,0,0,0,1,0,0,0,0,0
2024,Hors agglomération,velo,41_50,3,1,4,5,0,2,2,0,0,0,1,0,1,2,0,0,0,2,1,0,0,0,0,0,0,0
2024,Hors agglomération,velo,41_50,3,2,1,1,1,0,0,0,0,0,0,0,0,1,0,1,0,0,1,0,0,0,0,0,0,0
2024,Hors agglomération,velo,41_50,3,9,1,1,0,0,1,0,0,0,0,0,0,0,0,1,0,0,1,0,0,0,0,0,0,0
2024,Hors agglomération,velo,41_50,5,1,3,3,1,1,1,0,0,0,1,0,1,1,0,0,0,2,1,0,0,0,0,0,0,0
2024,Hors agglomération,velo,41_50,5,2,1,1,0,0,1,0,0,0,0,0,0,1,0,1,0,1,1,0,0,0,0,0,0,0
2024,Hors agglomération,velo,41_50,6,1,2,2,0,1,1,0,0,0,0,0,0,0,0,0,0,0,0,0,0,0,0,0,0,0
2024,Hors agglomération,velo,41_50,8,1,1,1,0,0,1,0,0,0,0,0,1,0,0,0,0,0,0,0,0,0,0,0,0,0
2024,Hors agglomération,velo,41_50,8,9,1,1,0,0,1,0,0,0,0,0,0,0,1,1,0,1,1,0,0,0,0,0,0,0
2024,Hors agglomération,velo,51_70,1,1,79,83,10,43,25,1,0,0,3,0,59,33,1,0,0,6,2,0,0,0,0,0,0,0
2024,Hors agglomération,velo,51_70,1,2,13,14,0,5,8,0,0,0,0,0,10,4,0,13,0,3,3,0,0,0,0,0,0,0
2024,Hors agglomération,velo,51_70,3,1,11,11,1,5,5,0,0,0,7,0,2,8,0,0,0,3,7,0,0,0,0,0,0,0
2024,Hors agglomération,velo,51_70,3,2,1,1,0,0,1,0,0,0,1,0,0,0,0,1,0,0,1,0,0,0,0,0,0,0
2024,Hors agglomération,velo,51_70,4,1,1,1,1,0,0,0,0,0,0,0,0,0,0,0,0,1,0,0,0,0,0,0,0,0
2024,Hors agglomération,velo,51_70,5,1,6,6,0,2,4,0,0,0,1,0,2,0,0,0,0,1,1,0,0,0,0,0,0,0
2024,Hors agglomération,velo,51_70,8,1,2,2,2,0,0,0,0,0,2,0,0,1,0,0,0,0,2,0,0,0,0,0,0,0
2024,Hors agglomération,velo,51_70,situation_multiple,1,2,2,0,2,0,0,0,0,0,0,2,2,0,0,0,0,0,0,0,2,0,0,0,0
2024,Hors agglomération,velo,51_70,situation_multiple,2,2,2,0,2,0,0,0,0,0,0,1,0,0,2,0,0,1,0,0,2,0,0,0,0
2024,Hors agglomération,velo,71_80,1,1,350,396,53,210,87,0,0,0,18,0,235,139,2,0,2,58,15,0,0,0,0,3,1,4
2024,Hors agglomération,velo,71_80,1,2,31,33,4,21,6,0,0,0,2,0,18,8,0,31,0,3,13,0,0,0,0,0,0,0
2024,Hors agglomération,velo,71_80,1,7,3,4,1,2,0,0,0,0,0,0,1,1,0,3,0,2,2,0,0,0,0,0,0,0
2024,Hors agglomération,velo,71_80,1,9,5,6,0,3,2,0,0,0,1,0,2,2,0,5,0,1,3,0,0,0,0,0,0,0
2024,Hors agglomération,velo,71_80,1,surface_multiple,1,1,0,1,0,0,0,0,0,0,1,0,0,0,0,0,0,0,1,0,0,0,0,0
2024,Hors agglomération,velo,71_80,2,1,1,1,0,0,1,0,0,0,0,0,1,0,0,0,0,0,0,0,0,0,0,0,0,0
2024,Hors agglomération,velo,71_80,3,1,30,32,10,15,5,0,0,0,11,0,6,10,3,0,1,15,11,0,0,0,0,1,1,1
2024,Hors agglomération,velo,71_80,3,2,3,3,1,2,0,0,0,0,1,1,0,1,0,3,0,3,3,0,0,0,1,0,0,0
2024,Hors agglomération,velo,71_80,4,1,1,1,0,0,1,0,0,0,0,0,0,0,0,0,0,1,0,0,0,0,0,0,0,0
2024,Hors agglomération,velo,71_80,5,1,7,10,0,6,1,0,0,0,0,0,5,6,0,0,0,1,0,0,0,0,0,0,0,0
2024,Hors agglomération,velo,71_80,6,1,1,1,0,0,1,0,0,0,0,0,1,1,0,0,0,0,0,0,0,0,0,0,0,0
2024,Hors agglomération,velo,71_80,8,1,3,3,2,1,0,0,0,0,2,0,0,2,0,0,0,1,2,0,0,0,0,0,0,0
2024,Hors agglomération,velo,71_80,situation_multiple,1,5,6,1,2,2,0,0,0,2,0,3,2,1,0,0,2,2,0,0,5,0,0,1,0
2024,Hors agglomération,velo,71_80,situation_multiple,2,3,4,0,2,1,0,0,0,1,0,2,0,0,3,0,1,1,0,0,3,0,0,0,0
2024,Hors agglomération,velo,81_90,1,1,84,95,9,52,22,1,0,0,3,0,58,21,0,0,0,13,1,0,0,0,0,0,0,0
2024,Hors agglomération,velo,81_90,1,2,5,5,1,2,2,0,0,0,0,0,3,0,0,5,0,2,2,0,0,0,0,0,0,0
2024,Hors agglomération,velo,81_90,1,7,1,1,0,1,0,0,0,0,0,0,0,0,0,1,0,1,1,0,0,0,0,0,0,0
2024,Hors agglomération,velo,81_90,1,surface_multiple,2,2,0,1,1,0,0,0,0,0,2,0,0,0,0,0,0,0,2,0,0,0,0,0
2024,Hors agglomération,velo,81_90,3,1,5,5,1,2,2,0,0,0,3,0,1,2,0,0,0,2,2,0,0,0,0,0,0,0
2024,Hors agglomération,velo,81_90,3,2,2,2,0,2,0,0,0,0,0,0,0,0,0,2,0,1,2,0,0,0,0,0,0,0
2024,Hors agglomération,velo,81_90,5,1,1,2,0,1,0,0,0,0,0,0,1,0,0,0,0,0,0,0,0,0,0,0,0,0
2024,Hors agglomération,velo,81_90,8,1,2,2,0,2,0,0,0,0,0,0,0,0,0,0,0,2,0,0,0,0,0,0,0,0
2024,Hors agglomération,velo,81_90,situation_multiple,1,2,2,0,2,0,0,0,0,0,0,1,1,0,0,0,0,0,0,0,2,0,0,0,0
2024,Hors agglomération,velo,81_90,situation_multiple,surface_multiple,1,1,0,1,0,0,0,0,0,0,1,1,0,0,0,0,0,0,1,1,0,0,0,0
2024,Hors agglomération,velo,91_110,1,1,5,5,0,4,1,0,0,0,1,0,3,2,0,0,0,0,1,0,0,0,0,0,0,0
2024,Hors agglomération,velo,<=20,6,1,2,2,1,0,1,0,0,0,0,0,0,1,0,0,0,1,0,0,0,0,0,0,0,0
2024,Hors agglomération,velo,<=20,8,1,1,1,1,0,0,0,0,0,0,0,0,0,0,0,0,1,0,0,0,0,0,0,0,0
2024,Hors agglomération,velo,<=20,8,9,1,1,0,0,1,0,0,0,0,0,0,0,0,1,0,1,1,0,0,0,0,0,0,0
2024,Hors agglomération,velo,vma_multiple,1,1,28,30,3,12,13,0,0,0,0,0,22,12,0,0,0,1,0,28,0,0,0,0,0,0
2024,Hors agglomération,velo,vma_multiple,1,2,1,1,0,1,0,0,0,0,0,0,1,1,0,1,0,0,0,1,0,0,0,0,0,0
2024,Hors agglomération,velo,vma_multiple,situation_multiple,1,2,2,0,1,1,0,0,0,1,0,2,1,0,0,1,0,0,2,0,2,0,0,0,1
2024,Hors agglomération,velo,vma_non_renseignee_ou_invalide,1,1,24,25,6,10,8,0,0,0,1,0,15,7,0,0,0,6,1,0,0,0,0,0,0,0
2024,Hors agglomération,velo,vma_non_renseignee_ou_invalide,1,4,1,1,1,0,0,0,0,0,0,0,1,1,0,1,0,0,0,0,0,0,0,0,0,0
2024,Hors agglomération,velo,vma_non_renseignee_ou_invalide,3,1,2,2,2,0,0,0,0,0,0,0,0,0,0,0,0,2,0,0,0,0,0,0,0,0
2024,Hors agglomération,velo,vma_non_renseignee_ou_invalide,3,2,1,1,0,0,1,0,0,0,1,0,0,1,0,1,0,0,1,0,0,0,0,0,0,0
2024,Hors agglomération,velo,vma_non_renseignee_ou_invalide,5,1,3,4,0,1,2,0,0,0,0,0,0,2,0,0,0,1,0,0,0,0,0,0,0,0
2024,Hors agglomération,velo,vma_non_renseignee_ou_invalide,6,1,2,3,1,0,1,0,0,0,0,0,1,2,0,0,0,1,0,0,0,0,0,0,0,0
2024,Hors agglomération,velo,vma_non_renseignee_ou_invalide,8,1,3,3,0,3,0,0,0,0,0,0,1,0,0,0,0,2,0,0,0,0,0,0,0,0
2024,Hors agglomération,velo,vma_non_renseignee_ou_invalide,situation_multiple,1,2,2,1,1,0,0,0,0,0,0,1,1,0,0,0,1,0,0,0,2,0,0,0,0
